timestamp,image_path,pred_lon,pred_lat,pred_alt,gt_lon,gt_lat,gt_alt,pred_east_m,pred_north_m,pixel_dx,pixel_dy,rotation_deg,affine_scale,match_confidence,num_matches,num_inliers,matcher_backend,yaw_deg,method,flight_phase,is_keyframe_reset,horizontal_error,altitude_error
1734763664200,F:\agent\UAV\data\IR-image\1734763664200.jpg,116.168975,38.8121207,483.54,116.168975,38.8121207,483.54,0.0,0.0,0.0,0.0,0.0,1.0,1.0,0,0,loftr,-99.59241923349008,scheme_b_initial,NA,False,0.0,0.0
1734763664400,F:\agent\UAV\data\IR-image\1734763664400.jpg,116.16902969427314,38.81212295366838,483.54,116.1690312,38.8121209,484.06,4.744243834242217,0.2508783638597224,-2.9133817857872373,13.012986489435548,-0.6073009361202809,1.0005297462306333,0.9414990859232175,1641,1545,loftr,-99.59241923349008,scheme_b_pairwise,NA,False,0.26299734385377316,0.5199999999999818
1734763664600,F:\agent\UAV\data\IR-image\1734763664600.jpg,116.16906879245875,38.81212565516984,483.54,116.1690873,38.8121209,484.58,8.135665190888496,0.5516095058829734,-2.418595493173086,9.245551129983937,-0.31847348791896113,1.0014010816557852,0.85028427037271,1583,1346,loftr,-99.59241923349008,scheme_b_pairwise,NA,False,1.688488929519672,1.0399999999999636
1734763664800,F:\agent\UAV\data\IR-image\1734763664800.jpg,116.1691331354783,38.81214522632637,483.54,116.1691435,38.8121208,485.11,13.716852330505827,2.730270651629558,-8.640245547427924,14.427650475230962,-0.4159563463277993,1.0026249611555382,0.9314391599752934,1619,1508,loftr,-99.59241923349008,scheme_b_pairwise,NA,False,2.860694472349386,1.5699999999999932
1734763665000,F:\agent\UAV\data\IR-image\1734763665000.jpg,116.16918221465048,38.81215125920573,483.54,116.1691998,38.8121208,485.62,17.97403588207918,3.401850781567185,-3.849915851112087,11.468205516428611,-0.19274759457024082,1.0012307739101258,0.9929701230228472,1707,1695,loftr,-99.59241923349008,scheme_b_pairwise,NA,False,3.713856347163687,2.079999999999984
1734763665200,F:\agent\UAV\data\IR-image\1734763665200.jpg,116.1692439140419,38.81215869860108,483.54,116.169256,38.8121206,486.12,23.325911692042986,4.230004272446578,-4.795277974377768,14.424678451508612,0.06256586100542712,1.0002595844511881,0.9247478665632273,1289,1192,loftr,-99.59241923349008,scheme_b_pairwise,NA,False,4.363881493012216,2.579999999999984
1734763665400,F:\agent\UAV\data\IR-image\1734763665400.jpg,116.16928440570413,38.81219074898478,483.54,116.1693123,38.8121203,486.59,26.838204805621928,7.7978529857698575,-11.517317080563032,8.051939229516165,0.3087555338159212,1.0006611257408144,0.9389027431421446,1604,1506,loftr,-99.59241923349008,scheme_b_pairwise,NA,False,8.197940517024614,3.0499999999999545
1734763665600,F:\agent\UAV\data\IR-image\1734763665600.jpg,116.16929994609488,38.81225457664866,483.54,116.1693685,38.81212,487.15,28.18619608067554,14.903148528820724,-20.295358634923332,0.40736101857095264,-0.023350114030295,1.0023934899178935,0.9908883826879271,1756,1740,loftr,-99.59241923349008,scheme_b_pairwise,NA,False,16.09999786668255,3.609999999999957
1734763665800,F:\agent\UAV\data\IR-image\1734763665800.jpg,116.16935650670322,38.81226252829231,483.54,116.1694246,38.8121198,487.76,33.09232796624041,15.788325499475707,-4.744608684091986,13.16435059509024,-0.0982930953272068,1.000843997911207,0.9662921348314607,1513,1462,loftr,-99.59241923349008,scheme_b_pairwise,NA,False,16.93183142529281,4.21999999999997
1734763666000,F:\agent\UAV\data\IR-image\1734763666000.jpg,116.16938081466267,38.81223227959082,483.54,116.1694808,38.8121197,488.33,35.20082818319061,12.421040050124681,8.333197419457122,7.410549547171968,-0.15142658827001976,1.001147418150378,0.981764705882353,1700,1669,loftr,-99.59241923349008,scheme_b_pairwise,NA,False,15.22357093695103,4.789999999999964
1734763666200,F:\agent\UAV\data\IR-image\1734763666200.jpg,116.1694020363916,38.812184459815924,483.54,116.169537,38.8121196,488.97,37.041625232500465,7.0977427084073215,13.871936284733863,7.584537647445359,-0.3681520505431661,1.0010844541742059,0.940745672436751,1502,1413,loftr,-99.59241923349008,scheme_b_pairwise,NA,False,13.738929965890076,5.430000000000007
1734763666400,F:\agent\UAV\data\IR-image\1734763666400.jpg,116.1694563226047,38.812140677428644,483.54,116.1695933,38.8121197,489.59,41.75047347264768,2.2238873568964683,11.286561401936694,15.31203462921809,-0.12170700788561073,1.0022930837050796,0.9147727272727273,1584,1449,loftr,-99.59241923349008,scheme_b_pairwise,NA,False,12.095293004067157,6.0499999999999545
1734763666600,F:\agent\UAV\data\IR-image\1734763666600.jpg,116.16950617063883,38.812195770899564,483.54,116.1696498,38.8121196,490.14,46.07434899021415,8.356892539260754,-18.996335809335847,9.09829242697964,-0.1950821759740116,1.0021331869327796,0.9964932787843367,1711,1705,loftr,-99.59241923349008,scheme_b_pairwise,NA,False,15.053430837869472,6.599999999999966
1734763666800,F:\agent\UAV\data\IR-image\1734763666800.jpg,116.16954017705638,38.81218440373764,483.54,116.1697062,38.8121196,490.75,49.02410455954617,7.091500074080067,2.122443445886404,8.755710507938261,0.05786669197557303,1.0015605346332037,0.9433333333333334,1800,1698,loftr,-99.59241923349008,scheme_b_pairwise,NA,False,16.08876564286751,7.2099999999999795
1734763667000,F:\agent\UAV\data\IR-image\1734763667000.jpg,116.16957780619263,38.812145537713036,483.54,116.1697627,38.8121195,491.42,52.28809889481552,2.764934215102733,10.447671102436402,11.05722208965318,-0.10691159971494286,1.000630635897039,0.9977439368302312,1773,1769,loftr,-99.59241923349008,scheme_b_pairwise,NA,False,16.27942799635731,7.8799999999999955
1734763667200,F:\agent\UAV\data\IR-image\1734763667200.jpg,116.16962915951446,38.81215376398372,483.54,116.1698192,38.8121194,492.09,56.74254478980015,3.680682668068698,-4.617950641131699,11.899949762251708,-0.3548239611895941,1.0006300136885933,0.9897156684815487,1653,1636,loftr,-99.59241923349008,scheme_b_pairwise,NA,False,16.903381889621997,8.549999999999955
1734763667400,F:\agent\UAV\data\IR-image\1734763667400.jpg,116.16966588162089,38.81217208736048,483.54,116.1698757,38.8121193,492.77,59.92786231880609,5.72044096812936,-7.135184566055557,7.8617297136537445,-0.16221706394784757,1.000353957348882,0.9185132237312366,1399,1285,loftr,-99.59241923349008,scheme_b_pairwise,NA,False,19.103558781103512,9.229999999999961
1734763667600,F:\agent\UAV\data\IR-image\1734763667600.jpg,116.16971334061965,38.812158368019915,483.54,116.1699323,38.8121191,493.49,64.04451017556782,4.1932039768306915,2.3013385298889375,12.107714809085792,0.10747482526372967,1.0012050341357421,1.0,1793,1793,loftr,-99.59241923349008,scheme_b_pairwise,NA,False,19.4674648728037,9.949999999999989
1734763667800,F:\agent\UAV\data\IR-image\1734763667800.jpg,116.16975183316863,38.81217617502389,483.54,116.1699891,38.8121188,494.14,67.38339791837811,6.175479659592694,-7.047923667875466,8.31364241696258,0.23893855227873867,1.0011482210481086,0.9884125144843569,1726,1706,loftr,-99.59241923349008,scheme_b_pairwise,NA,False,21.524889638808773,10.599999999999966
1734763668000,F:\agent\UAV\data\IR-image\1734763668000.jpg,116.16980856209301,38.812189589506225,483.54,116.1700459,38.8121185,494.74,72.30412972945489,7.66877983314132,-6.434500037031285,12.920318186108773,0.4545049442405868,1.001385017064732,0.956442831215971,1653,1581,loftr,-99.59241923349008,scheme_b_pairwise,NA,False,22.03083841192281,11.199999999999989
1734763668200,F:\agent\UAV\data\IR-image\1734763668200.jpg,116.16984446102218,38.812198810871465,483.54,116.1701029,38.8121181,495.3,75.4180439220695,8.69530221113586,-4.297520597005075,8.138035902870115,0.6469830862516975,1.0010839770952078,0.9839846252402307,1561,1536,loftr,-99.59241923349008,scheme_b_pairwise,NA,False,24.12367361690999,11.759999999999991
1734763668400,F:\agent\UAV\data\IR-image\1734763668400.jpg,116.16987706870486,38.81218705262743,483.54,116.1701599,38.8121177,495.86,78.24647162896112,7.386374485460846,2.299682233643182,8.440282290263326,0.3921387169129259,1.0007854335911563,0.8344252531268612,1679,1401,loftr,-99.59241923349008,scheme_b_pairwise,NA,False,25.69032464984057,12.319999999999993
1734763668600,F:\agent\UAV\data\IR-image\1734763668600.jpg,116.16993918852035,38.81222923953765,483.54,116.170217,38.8121175,496.36,83.6348155030121,12.082621330919999,-15.51780215326005,12.71637144613203,0.2367354970128978,1.0024390285263562,0.9200779727095516,1539,1416,loftr,-99.59241923349008,scheme_b_pairwise,NA,False,27.08824205198419,12.819999999999993
1734763668800,F:\agent\UAV\data\IR-image\1734763668800.jpg,116.16996772602013,38.812223821344055,483.54,116.1702741,38.8121173,496.9,86.110190887727,11.479468020260889,0.5114913742568206,7.133048251764478,-0.02158743746839355,1.0003402736358709,0.9788571428571429,1750,1713,loftr,-99.59241923349008,scheme_b_pairwise,NA,False,29.06808219930953,13.359999999999957
1734763669000,F:\agent\UAV\data\IR-image\1734763669000.jpg,116.1700146809418,38.81220010293399,483.54,116.1703311,38.8121172,497.63,90.1831145211219,8.839134612160144,5.402433352062644,12.507334763220058,-0.367321867296677,1.0014127108245092,0.934375,1600,1495,loftr,-99.59241923349008,scheme_b_pairwise,NA,False,28.92406436283854,14.089999999999975
1734763669200,F:\agent\UAV\data\IR-image\1734763669200.jpg,116.1700609489931,38.8121698607248,483.54,116.170388,38.8121171,498.34,94.1964582312701,5.472571884424779,7.44023787070671,12.682121199445987,-0.39140592583125994,0.9995875748559975,0.9743283582089552,1675,1632,loftr,-99.59241923349008,scheme_b_pairwise,NA,False,28.937872054581796,14.799999999999955
1734763669400,F:\agent\UAV\data\IR-image\1734763669400.jpg,116.17011291590559,38.81214952798233,483.54,116.170445,38.812117,499.06,98.70412768188308,3.20913099250906,4.1559875650231675,13.534266789452033,-0.31160294280003464,0.9993004482877431,0.8572319201995012,1604,1375,loftr,-99.59241923349008,scheme_b_pairwise,NA,False,28.999470599553757,15.519999999999982
1734763669600,F:\agent\UAV\data\IR-image\1734763669600.jpg,116.17015223795931,38.81216241085587,483.54,116.170502,38.8121168,499.84,102.1149676155373,4.643252475392667,-5.564487902717417,8.769169891291313,0.04667493270435639,1.0011452407005141,0.9305289993626513,1569,1460,loftr,-99.59241923349008,scheme_b_pairwise,NA,False,30.72616796530989,16.299999999999955
1734763669800,F:\agent\UAV\data\IR-image\1734763669800.jpg,116.1702050504789,38.812182032133784,483.54,116.170559,38.8121166,500.62,106.69598599370522,6.827493132676495,-8.187875050056164,11.656939639808343,0.10837888824562893,1.0012578197889035,0.9966139954853274,1772,1766,loftr,-99.59241923349008,scheme_b_pairwise,NA,False,31.518774281784196,17.079999999999984
1734763670000,F:\agent\UAV\data\IR-image\1734763670000.jpg,116.17026187218723,38.81218978343277,483.54,116.1706161,38.8121164,501.34,111.6247659907029,7.690367736067716,-4.693477176146189,13.23746384595097,-0.12267369872110793,1.0005343661687247,0.9793415106520336,1549,1517,loftr,-99.59241923349008,scheme_b_pairwise,NA,False,31.757831473499273,17.799999999999955
1734763670200,F:\agent\UAV\data\IR-image\1734763670200.jpg,116.17030021779499,38.81220763426332,483.54,116.1706731,38.8121162,502.04,114.95090788375148,9.67752219306781,-7.055464667235924,8.276084602610752,-0.30698133317227905,1.000225722334369,0.9944987775061125,1636,1627,loftr,-99.59241923349008,scheme_b_pairwise,NA,False,33.86989908135309,18.5
1734763670400,F:\agent\UAV\data\IR-image\1734763670400.jpg,116.17034961997697,38.81221425035139,483.54,116.17073,38.8121161,502.79,119.23610967699658,10.414025116717212,-4.0427034582562555,11.515383183286076,-0.46358130660967595,1.0017683623522042,0.9887173396674585,1684,1665,loftr,-99.59241923349008,scheme_b_pairwise,NA,False,34.71760473836699,19.25
1734763670600,F:\agent\UAV\data\IR-image\1734763670600.jpg,116.17040518119511,38.81221446864856,483.54,116.170787,38.8121161,503.49,124.05555331278804,10.438325957743029,-2.3214715952979645,13.327089942290172,-0.23990074344353685,1.000579714182061,1.0,1796,1796,loftr,-99.59241923349008,scheme_b_pairwise,NA,False,34.84358066934972,19.94999999999999
1734763670800,F:\agent\UAV\data\IR-image\1734763670800.jpg,116.17044140355212,38.81219512709553,483.54,116.1708438,38.812116,504.18,127.19752200572188,8.2852242741979,4.489393158820803,9.702897527422408,-0.2734133058884662,1.000712134028478,0.9867924528301887,1590,1569,loftr,-99.59241923349008,scheme_b_pairwise,NA,False,35.95820559155887,20.639999999999986
1734763671000,F:\agent\UAV\data\IR-image\1734763671000.jpg,116.17049792939213,38.81220697609463,483.54,116.1709005,38.812116,504.96,132.1006380466349,9.604254854167515,-5.9439460898935295,12.95307592672981,-0.38003421998916753,1.0013824708177217,0.9949399114484504,1581,1573,loftr,-99.59241923349008,scheme_b_pairwise,NA,False,36.317568544372236,21.41999999999996
1734763671200,F:\agent\UAV\data\IR-image\1734763671200.jpg,116.17053600418555,38.81213729891602,483.54,116.170957,38.8121159,505.74,135.40328919411925,1.847791331193533,19.92229154224634,12.768488408587189,-0.43055363003896996,1.0004538439437327,0.9525277435265105,1622,1545,loftr,-99.59241923349008,scheme_b_pairwise,NA,False,36.55420282257598,22.19999999999999
1734763671400,F:\agent\UAV\data\IR-image\1734763671400.jpg,116.17058006549489,38.812152645493136,483.54,116.1710134,38.8121158,506.55,139.22521758246424,3.556172295429317,-6.515817665349687,9.778631915371307,0.02347347074001254,1.0059807844366548,0.6623853211009174,1635,1083,loftr,-99.59241923349008,scheme_b_pairwise,NA,False,37.76861906974108,23.00999999999999
1734763671600,F:\agent\UAV\data\IR-image\1734763671600.jpg,116.17063297473148,38.81220468543264,483.54,116.1710695,38.8121155,507.44,143.81462530395098,9.34925836117965,-18.179762426990465,9.992179988231328,0.06981495626794167,1.0000529207458495,0.8181818181818182,1584,1296,loftr,-99.59241923349008,scheme_b_pairwise,NA,False,39.10069768732653,23.899999999999977
1734763671800,F:\agent\UAV\data\IR-image\1734763671800.jpg,116.17067108925083,38.81222651295343,483.54,116.1711253,38.8121149,508.4,147.1207223245647,11.77909797538823,-8.271279517011976,8.013549005521725,0.13790165134027058,1.0006501406254185,0.9691860465116279,1720,1667,loftr,-99.59241923349008,scheme_b_pairwise,NA,False,41.26507623176226,24.859999999999957
1734763672000,F:\agent\UAV\data\IR-image\1734763672000.jpg,116.17073535614898,38.812290090719856,483.54,116.171181,38.8121143,509.4,152.69530660539948,18.856574934341424,-22.19528657088466,12.118035383116819,0.1363997195283361,1.0018078337370495,0.9684089603676048,1741,1686,loftr,-99.59241923349008,scheme_b_pairwise,NA,False,43.278082086217026,25.859999999999957
1734763672200,F:\agent\UAV\data\IR-image\1734763672200.jpg,116.17078176306514,38.812301197463576,483.54,116.1712364,38.8121138,510.4,156.72069561237174,20.0929776447371,-5.304719952922426,10.56249654095086,0.5130034365401945,0.9985304014724082,0.9073015873015873,1575,1429,loftr,-99.59241923349008,scheme_b_pairwise,NA,False,44.563361812749434,26.859999999999957
1734763672400,F:\agent\UAV\data\IR-image\1734763672400.jpg,116.17082203012225,38.81228856159447,483.54,116.1712917,38.8121132,511.41,160.21350622166494,18.68635269627402,2.2593181810332794,10.324747301337538,0.8556350182648885,1.000222827816821,0.9982445874780573,1709,1706,loftr,-99.59241923349008,scheme_b_pairwise,NA,False,45.12450851728476,27.870000000000005
1734763672600,F:\agent\UAV\data\IR-image\1734763672600.jpg,116.17087297314906,38.81229765521651,483.54,116.1713467,38.8121126,512.44,164.632362657691,19.69865470161194,-4.868529153354075,11.756289822738552,1.3733163919043687,1.0010242300895873,0.961939840392879,1629,1567,loftr,-99.59241923349008,scheme_b_pairwise,NA,False,45.914608169409526,28.900000000000034
1734763672800,F:\agent\UAV\data\IR-image\1734763672800.jpg,116.17089433853378,38.8122754624185,483.54,116.1714015,38.8121122,513.49,166.48562057514488,17.22815242742591,5.970615178652395,6.284676640388625,0.6174358609843124,1.0002134517017889,0.9886363636363636,1584,1566,loftr,-99.59241923349008,scheme_b_pairwise,NA,False,47.54468882919897,29.94999999999999
1734763673000,F:\agent\UAV\data\IR-image\1734763673000.jpg,116.17090262928112,38.81220421162232,483.54,116.171456,38.812112,514.57,167.20476948512615,9.29651379679066,21.61550295614512,5.700234957694704,0.06901309295358886,0.9980592897352238,0.9745989304812834,1496,1458,loftr,-99.59241923349008,scheme_b_pairwise,NA,False,49.030238184362545,31.03000000000003
1734763673200,F:\agent\UAV\data\IR-image\1734763673200.jpg,116.17096624194068,38.812243291913504,483.54,116.1715104,38.812112,515.65,172.72260436284043,13.64693181137455,-14.621241803119005,13.236510922625712,-0.6103436426950686,1.0021491551219903,0.9847133757961783,1570,1546,loftr,-99.59241923349008,scheme_b_pairwise,NA,False,49.356403298728395,32.10999999999996
1734763673400,F:\agent\UAV\data\IR-image\1734763673400.jpg,116.17104308796235,38.812175578396406,483.54,116.1715648,38.8121122,516.52,179.38831621084321,6.1090630876892895,17.744284619198368,21.973965549200443,-0.7681133596644493,0.9993633990651755,0.9454770755885997,1614,1526,loftr,-99.59241923349008,scheme_b_pairwise,NA,False,45.74916160037642,32.97999999999996
1734763673600,F:\agent\UAV\data\IR-image\1734763673600.jpg,116.1710742878186,38.8121638833179,483.54,116.1716193,38.8121123,517.23,182.09462744184185,4.807166948735678,2.337339354744074,8.099019665257458,0.20600931849586698,0.9994530809913329,0.9859234234234234,1776,1751,loftr,-99.59241923349008,scheme_b_pairwise,NA,False,47.56899295115861,33.69
1734763673800,F:\agent\UAV\data\IR-image\1734763673800.jpg,116.17110730362495,38.81221982307502,483.54,116.1716735,38.8121121,518.03,184.9584562626954,11.034380710614661,-18.574157771555917,5.0133529697384915,1.0215063516629395,1.0013580962943363,0.9118541033434651,1645,1500,loftr,-99.59241923349008,scheme_b_pairwise,NA,False,50.49856835800064,34.48999999999995
1734763674000,F:\agent\UAV\data\IR-image\1734763674000.jpg,116.17113857984945,38.81219660373295,483.54,116.1717273,38.8121119,518.86,187.67139176358066,8.44960355148548,5.88478614234657,8.71739978832801,0.5731221477792793,1.0007013180399094,0.9975093399750934,1606,1602,loftr,-99.59241923349008,scheme_b_pairwise,NA,False,51.87120340147443,35.31999999999999
1734763674200,F:\agent\UAV\data\IR-image\1734763674200.jpg,116.17116232588369,38.812166339007725,483.54,116.171781,38.8121119,519.62,189.7311499428374,5.080534339973664,8.360932509486418,7.276483749963063,-0.09971484628777633,1.0000867890294667,1.0,1738,1738,loftr,-99.59241923349008,scheme_b_pairwise,NA,False,53.944975751411626,36.079999999999984
1734763674400,F:\agent\UAV\data\IR-image\1734763674400.jpg,116.17121815279538,38.81218249623384,483.54,116.1718345,38.8121121,520.39,194.57364014176076,6.879156750912695,-7.242924022982095,12.560964565228744,-0.4558250079056165,1.0002867351767166,0.9946460440214159,1681,1672,loftr,-99.59241923349008,scheme_b_pairwise,NA,False,53.973288805692256,36.849999999999966
1734763674600,F:\agent\UAV\data\IR-image\1734763674600.jpg,116.17125311105893,38.81218673477794,483.54,116.1718877,38.8121125,521.17,197.605959922322,7.350991479672806,-2.7241837284340136,8.171658486068338,-0.8964262948184514,1.0021774492432105,0.9178743961352657,1656,1520,loftr,-99.59241923349008,scheme_b_pairwise,NA,False,55.5993472839616,37.62999999999994
1734763674800,F:\agent\UAV\data\IR-image\1734763674800.jpg,116.17132926656878,38.812202838831986,483.54,116.1719408,38.8121128,521.95,204.21177598589222,9.143694776828115,-8.051308850988221,17.44397382103915,-0.19959858042424675,1.0011751749655913,0.9146110056925996,1581,1446,loftr,-99.59241923349008,scheme_b_pairwise,NA,False,53.92315672936021,38.410000000000025
1734763675000,F:\agent\UAV\data\IR-image\1734763675000.jpg,116.171362985768,38.81219156172376,483.54,116.1719936,38.812113,522.7,207.13661790857245,7.888327088736522,2.1063514814045448,8.682069726235966,-0.07612167757150123,0.9994730895735171,0.9977839335180055,1805,1801,loftr,-99.59241923349008,scheme_b_pairwise,NA,False,55.33271867455007,39.160000000000025
1734763675200,F:\agent\UAV\data\IR-image\1734763675200.jpg,116.1714133020047,38.81218694647377,483.54,116.1720462,38.8121133,523.5,211.50110585239773,7.3745574604930715,-0.6194913811022502,12.319612724283502,-0.1703487089835915,1.0009197005435244,0.9994462901439646,1806,1805,loftr,-99.59241923349008,scheme_b_pairwise,NA,False,55.44476522816907,39.95999999999998
1734763675400,F:\agent\UAV\data\IR-image\1734763675400.jpg,116.17144090979497,38.81217417600221,483.54,116.1720986,38.8121136,524.27,213.89583717109696,5.952948565660412,2.8143968495577383,7.292674172898444,-0.05092306564063614,0.9993967032821505,0.9617117117117117,1776,1708,loftr,-99.59241923349008,scheme_b_pairwise,NA,False,57.38147528110614,40.72999999999996
1734763675600,F:\agent\UAV\data\IR-image\1734763675600.jpg,116.17147979768922,38.81213921612579,483.54,116.1721507,38.8121138,525.07,217.26901761371101,2.0612151227868307,9.193144093810986,11.156023542209823,0.3179648410981028,1.001652628138144,0.9870495495495496,1776,1753,loftr,-99.59241923349008,scheme_b_pairwise,NA,False,58.198185421661115,41.53000000000003
1734763675800,F:\agent\UAV\data\IR-image\1734763675800.jpg,116.17152091469764,38.81211977692553,483.54,116.1722028,38.812114,525.76,220.83555397123007,-0.1027566503851145,4.32089302328535,10.883029754634322,0.39219088705165184,0.9997645459399153,0.9741586538461539,1664,1621,loftr,-99.59241923349008,scheme_b_pairwise,NA,False,59.08463304977541,42.21999999999997
1734763676000,F:\agent\UAV\data\IR-image\1734763676000.jpg,116.17154367319542,38.81219176312378,483.54,116.1722547,38.8121143,526.43,222.8096521099139,7.910746938840285,-23.10179736164457,1.7153962610209987,0.18906415965688064,1.0010315516827477,0.9831176139561058,1777,1747,loftr,-99.59241923349008,scheme_b_pairwise,NA,False,62.20528060929464,42.88999999999993
1734763676200,F:\agent\UAV\data\IR-image\1734763676200.jpg,116.17159625614934,38.81216739050962,483.54,116.1723064,38.8121147,527.14,227.3707577008275,5.197587531040233,5.375649959493501,13.892506934369408,0.006156552226049196,1.0014957354287555,0.9606779661016949,1475,1417,loftr,-99.59241923349008,scheme_b_pairwise,NA,False,61.80786637822777,43.599999999999966
1734763676400,F:\agent\UAV\data\IR-image\1734763676400.jpg,116.17162723466645,38.81214143041053,483.54,116.172358,38.812115,527.73,230.05786972049646,2.3077092994157753,6.741272766396833,8.788635868123265,-0.0048867406818024475,1.0001475834789597,0.9942363112391931,1735,1725,loftr,-99.59241923349008,scheme_b_pairwise,NA,False,63.38445418645433,44.19
1734763676600,F:\agent\UAV\data\IR-image\1734763676600.jpg,116.17165411164103,38.81212989714702,483.54,116.1724095,38.8121154,528.34,232.38920924891937,1.0238264054586863,2.4628721520678596,7.052809816937042,-0.15306643481601814,1.0011332225910685,0.9880546075085325,1758,1737,loftr,-99.59241923349008,scheme_b_pairwise,NA,False,65.46956941448975,44.80000000000001
1734763676800,F:\agent\UAV\data\IR-image\1734763676800.jpg,116.17169733693007,38.8121098346216,483.54,116.1724608,38.8121158,528.97,236.13862027949756,-1.2095339233836242,4.427398521327632,11.421615284424547,-0.350205227180117,1.0000064883165591,0.9615153337342153,1663,1599,loftr,-99.59241923349008,scheme_b_pairwise,NA,False,66.15267917281652,45.43000000000001
1734763677000,F:\agent\UAV\data\IR-image\1734763677000.jpg,116.17173113941425,38.812110336289514,483.54,116.172512,38.8121162,529.57,239.0706864350056,-1.153688251536137,-1.5259862643128486,8.088765203185346,-0.01637215869962738,0.9999479044285055,0.9994462901439646,1806,1805,loftr,-99.59241923349008,scheme_b_pairwise,NA,False,67.65988192117717,46.03000000000003
1734763677200,F:\agent\UAV\data\IR-image\1734763677200.jpg,116.17176119108181,38.81209732237354,483.54,116.1725631,38.8121165,530.19,241.67740246597637,-2.60239737779997,2.790247998252255,7.892045967657282,0.10531426384938765,1.0012812123253811,0.9988795518207283,1785,1783,loftr,-99.59241923349008,scheme_b_pairwise,NA,False,69.5131706778391,46.650000000000034
1734763677400,F:\agent\UAV\data\IR-image\1734763677400.jpg,116.1718120866172,38.81210724008914,483.54,116.1726141,38.8121167,530.8,246.09213944080304,-1.4983572767274433,-5.120499819463305,11.70197967118321,0.017770673420624324,1.0013232484443557,0.9967105263157895,1520,1515,loftr,-99.59241923349008,scheme_b_pairwise,NA,False,69.49746158546807,47.259999999999934
1734763677600,F:\agent\UAV\data\IR-image\1734763677600.jpg,116.17184825788786,38.81210421323077,483.54,116.172665,38.812117,531.36,249.22967684569164,-1.8353071507858487,-0.5349777493542547,8.84115810520484,-0.174832230009245,1.0001488485398575,0.9883720930232558,1806,1785,loftr,-99.59241923349008,scheme_b_pairwise,NA,False,70.77993744524031,47.81999999999999
1734763677800,F:\agent\UAV\data\IR-image\1734763677800.jpg,116.1718956544444,38.812104324255365,483.54,116.1727158,38.8121174,531.92,253.34090839226445,-1.8229478930469873,-1.9571670671559787,11.372603536162273,-0.33942452329407957,1.0010613544715883,0.9832272990167727,1729,1700,loftr,-99.59241923349008,scheme_b_pairwise,NA,False,71.07541533262314,48.37999999999994
1734763678000,F:\agent\UAV\data\IR-image\1734763678000.jpg,116.17192975132002,38.8121080206481,483.54,116.1727664,38.8121176,532.42,256.2985103984997,-1.4114654537454914,-2.5222026635411225,7.993095824519912,0.15761517096366282,1.0002888189321177,0.9988901220865705,1802,1800,loftr,-99.59241923349008,scheme_b_pairwise,NA,False,72.49825945403107,48.87999999999994
1734763678200,F:\agent\UAV\data\IR-image\1734763678200.jpg,116.17195015022838,38.81210046050437,483.54,116.172817,38.8121177,532.93,258.0679350511561,-2.2530606540190448,1.5016081476146041,5.290762260188956,0.5339195517340354,1.0009291495738568,0.9970691676436108,1706,1701,loftr,-99.59241923349008,scheme_b_pairwise,NA,False,75.13163472168465,49.38999999999993
1734763678400,F:\agent\UAV\data\IR-image\1734763678400.jpg,116.1719736296155,38.81206003343463,483.54,116.1728674,38.8121178,533.5,260.10456395449745,-6.753402056441449,11.502698273715339,7.74160440212728,0.0821488693395123,1.0002545281005668,0.9994363021420518,1774,1773,loftr,-99.59241923349008,scheme_b_pairwise,NA,False,77.70564353465166,49.95999999999998
1734763678600,F:\agent\UAV\data\IR-image\1734763678600.jpg,116.17202533503843,38.81206353359517,483.54,116.1729176,38.8121179,534.06,264.58955150168543,-6.363764185426649,-3.176154442674431,12.230557479259119,-0.37762835750156715,1.0005971373388491,0.9674340258281864,1781,1723,loftr,-99.59241923349008,scheme_b_pairwise,NA,False,77.54526291226678,50.519999999999925
1734763678800,F:\agent\UAV\data\IR-image\1734763678800.jpg,116.17206176242281,38.81209025909009,483.54,116.1729678,38.812118,534.57,267.74930450452723,-3.3886820911685525,-9.71186114963848,7.353494087878516,-0.12459653515418759,1.0011737851532496,1.0,1772,1772,loftr,-99.59241923349008,scheme_b_pairwise,NA,False,78.56314265710985,51.03000000000003
1734763679000,F:\agent\UAV\data\IR-image\1734763679000.jpg,116.17211282161462,38.81211160241988,483.54,116.173018,38.812118,535.05,272.17823722504295,-1.0127426186824757,-8.647291643136441,11.146358218139653,0.05759936629753297,1.0013097149689252,0.9904171364148816,1774,1757,loftr,-99.59241923349008,scheme_b_pairwise,NA,False,78.43133317951319,51.509999999999934
1734763679200,F:\agent\UAV\data\IR-image\1734763679200.jpg,116.17214113504106,38.812146191120746,483.54,116.1730681,38.8121179,535.54,274.6341762323552,2.837671561113669,-11.805262566741817,4.996172281128395,0.2499788311770887,1.0008296475533314,0.987886129618413,1651,1631,loftr,-99.59241923349008,scheme_b_pairwise,NA,False,80.37734423830159,51.99999999999994
1734763679400,F:\agent\UAV\data\IR-image\1734763679400.jpg,116.17217541406036,38.81214991578886,483.54,116.1731181,38.8121179,536.09,277.60757758890105,3.252301615481534,-2.5383039972703045,8.035350398904711,0.20331583526926755,1.0012407243027,0.999438202247191,1780,1779,loftr,-99.59241923349008,scheme_b_pairwise,NA,False,81.75542851682286,52.55000000000001
1734763679600,F:\agent\UAV\data\IR-image\1734763679600.jpg,116.17222400277339,38.812166901037294,483.54,116.1731681,38.8121179,536.62,281.8222181535619,5.143099471130236,-7.20436554671852,10.78019299184757,0.14219705832100066,1.0009970754826152,0.9735138316656857,1699,1654,loftr,-99.59241923349008,scheme_b_pairwise,NA,False,81.98141822272459,53.079999999999984
1734763679800,F:\agent\UAV\data\IR-image\1734763679800.jpg,116.17225563928885,38.8121522893383,483.54,116.1732181,38.812118,537.14,284.566405703396,3.516525139620835,3.218213745378364,8.355710357045325,0.3787908080766798,1.0012101630463663,0.9018224573780129,1701,1534,loftr,-99.59241923349008,scheme_b_pairwise,NA,False,83.47836114183997,53.599999999999966
1734763680000,F:\agent\UAV\data\IR-image\1734763680000.jpg,116.17228551958617,38.81211543184202,483.54,116.1732681,38.8121181,537.65,287.15825688289516,-0.5864513466780141,10.143241486894226,9.092395547702779,0.21332378038416236,1.000656435572553,0.9825253664036077,1774,1743,loftr,-99.59241923349008,scheme_b_pairwise,NA,False,85.13502848413086,54.10999999999996
1734763680200,F:\agent\UAV\data\IR-image\1734763680200.jpg,116.17230969449479,38.81207469809886,483.54,116.1733181,38.8121183,538.17,289.2552161175867,-5.120931634757856,11.568963692207092,7.924544585005094,-0.09062131822063159,1.0004848704349616,1.0,1773,1773,loftr,-99.59241923349008,scheme_b_pairwise,NA,False,87.50653492998208,54.62999999999994
1734763680400,F:\agent\UAV\data\IR-image\1734763680400.jpg,116.17234215150361,38.812046870213905,483.54,116.1733681,38.8121185,538.7,292.0705742013997,-8.21873178812637,7.256739560469214,9.240826111445188,-0.2630021518079906,1.0007573380800203,0.9971280873061459,1741,1736,loftr,-99.59241923349008,scheme_b_pairwise,NA,False,89.24824976541998,55.160000000000025
1734763680600,F:\agent\UAV\data\IR-image\1734763680600.jpg,116.1723769070811,38.81203214038968,483.54,116.1734181,38.8121188,539.24,295.0853127618465,-9.858455820441842,3.128061504600794,9.110647100691665,-0.2177749990198917,1.001249632439488,0.8962264150943396,1696,1520,loftr,-99.59241923349008,scheme_b_pairwise,NA,False,90.72615744535494,55.69999999999999
1734763680800,F:\agent\UAV\data\IR-image\1734763680800.jpg,116.17240937049219,38.812032247277536,483.54,116.1734682,38.8121189,539.76,297.9012261848855,-9.846557065237523,-1.350028745199097,7.787852396798428,-0.12611281455231788,1.001047734730072,0.9983268265476855,1793,1790,loftr,-99.59241923349008,scheme_b_pairwise,NA,False,92.24567870184048,56.21999999999997
1734763681000,F:\agent\UAV\data\IR-image\1734763681000.jpg,116.17244830048425,38.81204046613373,483.54,116.1735183,38.812119,540.29,301.2780582398605,-8.931633993657286,-4.111630078061921,8.917895074818091,0.025730598439218103,1.0014967518825528,0.8884664131812421,1578,1402,loftr,-99.59241923349008,scheme_b_pairwise,NA,False,93.11925199220238,56.74999999999994
1734763681200,F:\agent\UAV\data\IR-image\1734763681200.jpg,116.17249338088328,38.81207690885738,483.54,116.1735684,38.8121191,540.79,305.18838363516807,-4.874829996757629,-13.056739442881394,8.924846102665299,0.14451513441270852,1.0021552791078545,0.8646958499147243,1759,1521,loftr,-99.59241923349008,scheme_b_pairwise,NA,False,93.26185166033262,57.24999999999994
1734763681400,F:\agent\UAV\data\IR-image\1734763681400.jpg,116.17253010465593,38.812089261839354,483.54,116.1736187,38.8121191,541.29,308.3738456949351,-3.4996960432769093,-5.295815202257927,8.172996865518087,0.24616235086697805,1.0034499012782325,0.8476702508960573,1674,1419,loftr,-99.59241923349008,scheme_b_pairwise,NA,False,94.3784031268443,57.74999999999994
1734763681600,F:\agent\UAV\data\IR-image\1734763681600.jpg,116.17256538594353,38.812102720566074,483.54,116.173669,38.8121192,541.79,311.43418495000105,-2.0014705849682923,-5.5779633002175615,7.769128698322788,0.05437963873669624,1.0005476133059235,0.9492163009404389,1595,1514,loftr,-99.59241923349008,scheme_b_pairwise,NA,False,95.63889158019559,58.24999999999994
1734763681800,F:\agent\UAV\data\IR-image\1734763681800.jpg,116.172596724948,38.812088657074085,483.54,116.1737194,38.8121192,542.27,314.1525660560045,-3.5670185130727745,3.0613855350333665,8.255743464787372,0.3166765214560669,1.000401996116483,0.9826968973747017,1676,1647,loftr,-99.59241923349008,scheme_b_pairwise,NA,False,97.33213286637645,58.72999999999996
1734763682000,F:\agent\UAV\data\IR-image\1734763682000.jpg,116.17262179054644,38.812060129037434,483.54,116.1737699,38.8121191,542.75,316.32678474651755,-6.74275955306564,7.772333853110013,7.502842474002534,0.25309536719879744,1.0010040926478454,0.990909090909091,1650,1635,loftr,-99.59241923349008,scheme_b_pairwise,NA,False,99.69250279686861,59.20999999999998
1734763682200,F:\agent\UAV\data\IR-image\1734763682200.jpg,116.17265560985898,38.812043767426715,483.54,116.1738205,38.8121191,543.22,319.26031061264376,-8.564134057900484,3.6687894423376406,8.970844114286876,0.11334838999667607,1.0003916110566573,0.9588719153936546,1702,1632,loftr,-99.59241923349008,scheme_b_pairwise,NA,False,101.27757799731177,59.68000000000001
1734763682400,F:\agent\UAV\data\IR-image\1734763682400.jpg,116.17269453636496,38.81203498586236,483.54,116.1738711,38.8121192,543.68,322.6368402819541,-9.54169780173296,1.1262222892737555,9.8022378682806,0.14373508194515422,1.0006728831311087,0.9972222222222222,1800,1795,loftr,-99.59241923349008,scheme_b_pairwise,NA,False,102.37119899719255,60.13999999999993
1734763682600,F:\agent\UAV\data\IR-image\1734763682600.jpg,116.17273493714788,38.81200694636647,483.54,116.1739219,38.8121193,544.13,326.14125042103956,-12.663054484461114,6.999642609066541,11.158888215714171,0.007873709917221696,1.0013809836544605,0.9948424068767908,1745,1736,loftr,-99.59241923349008,scheme_b_pairwise,NA,False,103.59910613374902,60.589999999999975
1734763682800,F:\agent\UAV\data\IR-image\1734763682800.jpg,116.17275599957577,38.812007009100384,483.54,116.1739727,38.8121194,544.58,327.9682295160347,-12.65607094528856,-0.8738674046333017,5.053143098485236,-0.34848503224548966,1.0007396284218,0.9982678983833718,1732,1729,loftr,-99.59241923349008,scheme_b_pairwise,NA,False,106.15782367872886,61.04000000000002
1734763683000,F:\agent\UAV\data\IR-image\1734763683000.jpg,116.17279908085901,38.811976030660766,483.54,116.1740237,38.8121195,545.04,331.70514931810936,-16.10459084387914,7.796358078491664,11.955415105101451,-0.6556726538515291,1.0008321770525799,0.948429164196799,1687,1600,loftr,-99.59241923349008,scheme_b_pairwise,NA,False,107.29834930581642,61.49999999999994
1734763683200,F:\agent\UAV\data\IR-image\1734763683200.jpg,116.1728375099984,38.811998891039835,483.54,116.1740748,38.8121197,545.51,335.03853684161953,-13.559773445743371,-8.602260631086551,8.035300156598794,-0.6409546478480679,1.0024187536304252,0.9652650822669104,1641,1584,loftr,-99.59241923349008,scheme_b_pairwise,NA,False,108.04197631994231,61.96999999999997
1734763683400,F:\agent\UAV\data\IR-image\1734763683400.jpg,116.17289485506701,38.81201253550211,483.54,116.174126,38.8121198,546.04,340.0127137083736,-12.04087190508877,-6.530353300838556,13.05625992168683,-0.5803697008199692,1.000235708270867,0.9943467336683417,1592,1583,loftr,-99.59241923349008,scheme_b_pairwise,NA,False,107.33590939738134,62.49999999999994
1734763683600,F:\agent\UAV\data\IR-image\1734763683600.jpg,116.17293696576908,38.81204667990497,483.54,116.1741774,38.8121196,546.58,343.6654441899547,-8.239916979530056,-12.228157045418925,8.331586860044126,-0.12377741558008266,1.0010326922429544,0.9994366197183099,1775,1774,loftr,-99.59241923349008,scheme_b_pairwise,NA,False,107.78142663832729,63.04000000000002
1734763683800,F:\agent\UAV\data\IR-image\1734763683800.jpg,116.17298056115095,38.81205355758813,483.54,116.1742289,38.8121193,547.13,347.4469574955495,-7.474293289442748,-3.8877070490815413,10.107737017938803,0.005834316233039499,1.0003102425239232,0.9471744471744472,1628,1542,loftr,-99.59241923349008,scheme_b_pairwise,NA,False,108.40763682271023,63.589999999999975
1734763684000,F:\agent\UAV\data\IR-image\1734763684000.jpg,116.17303180959995,38.81209520079597,483.54,116.1742805,38.812119,547.68,351.8923066020957,-2.838571392365859,-14.909220900864113,10.134816580122731,0.5200477578828285,1.0022563364933157,0.9691842900302114,1655,1604,loftr,-99.59241923349008,scheme_b_pairwise,NA,False,108.22366953146174,64.13999999999993
1734763684200,F:\agent\UAV\data\IR-image\1734763684200.jpg,116.17305397765438,38.81208640409942,483.54,116.1743323,38.8121185,548.19,353.8151890076635,-3.817819653217313,1.8108040953897557,5.779862123594626,0.5990457321001905,1.0005204105233643,0.99407231772377,1687,1677,loftr,-99.59241923349008,scheme_b_pairwise,NA,False,110.8162261255849,64.65000000000003
1734763684400,F:\agent\UAV\data\IR-image\1734763684400.jpg,116.17307495917309,38.81208030015749,483.54,116.1743843,38.8121181,548.72,355.6351499491201,-4.497310468595713,1.0293250131791751,5.35480654452482,0.27645766928956383,1.0013683262283701,0.9937810945273632,1608,1598,loftr,-99.59241923349008,scheme_b_pairwise,NA,False,113.52414315832787,65.18
1734763684600,F:\agent\UAV\data\IR-image\1734763684600.jpg,116.17312447118177,38.81209208849668,483.54,116.1744364,38.8121178,549.21,359.92987823459,-3.18503255041005,-5.6406937933423364,11.27243971184572,-0.054158704678676804,1.0004909345198987,0.9346733668341709,1592,1488,loftr,-99.59241923349008,scheme_b_pairwise,NA,False,113.70647964392889,65.67000000000002
1734763684800,F:\agent\UAV\data\IR-image\1734763684800.jpg,116.17315011416089,38.81209152041232,483.54,116.1744888,38.8121176,549.64,362.1541795844011,-3.248271700753159,-0.865357670514868,6.185631207866379,-0.15922783699858953,1.0008561760948553,0.998165137614679,1635,1632,loftr,-99.59241923349008,scheme_b_pairwise,NA,False,116.02510837751917,66.09999999999997
1734763685000,F:\agent\UAV\data\IR-image\1734763685000.jpg,116.17319226242185,38.81210421177737,483.54,116.1745412,38.8121174,550.12,365.8101679673456,-1.8354689440381138,-5.62014963916414,9.45762256921472,-0.5468754362243698,1.0014214621564597,0.9473365617433414,1652,1565,loftr,-99.59241923349008,scheme_b_pairwise,NA,False,116.88630171605327,66.57999999999998
1734763685200,F:\agent\UAV\data\IR-image\1734763685200.jpg,116.1732398091398,38.812102039570824,483.54,116.1745938,38.8121174,550.61,369.9344246869177,-2.0772789762292647,-1.2598117994763811,11.527535967366816,-0.40599408088737154,1.0011972145721197,1.0,1806,1806,loftr,-99.59241923349008,scheme_b_pairwise,NA,False,117.32737246651111,67.07
1734763685400,F:\agent\UAV\data\IR-image\1734763685400.jpg,116.17327520836257,38.81210973557048,483.54,116.1746466,38.8121174,551.09,373.00499377448153,-1.2205602944824314,-3.807292144703581,8.097495410148383,-0.21103980521230803,1.0016879726995696,0.9222570532915361,1595,1471,loftr,-99.59241923349008,scheme_b_pairwise,NA,False,118.82565927797364,67.55000000000001
1734763685600,F:\agent\UAV\data\IR-image\1734763685600.jpg,116.17331531971242,38.81209658048827,483.54,116.1746996,38.8121173,551.6,376.4842981568552,-2.6849840458944376,2.425601431818677,10.314401450600315,0.01929170236150637,1.000854415047285,0.9961089494163424,1799,1792,loftr,-99.59241923349008,scheme_b_pairwise,NA,False,119.96146172502166,68.06
1734763685800,F:\agent\UAV\data\IR-image\1734763685800.jpg,116.17335346673885,38.81206500414369,483.54,116.1747527,38.8121173,552.1,379.7932148776897,-6.200062724781598,8.18075984996608,10.801990986507292,0.07735577421981876,1.0009148119490423,0.9988694177501414,1769,1767,loftr,-99.59241923349008,scheme_b_pairwise,NA,False,121.37432492454337,68.56
1734763686000,F:\agent\UAV\data\IR-image\1734763686000.jpg,116.17339128111512,38.812044337570434,483.54,116.174806,38.8121173,552.57,383.0732771438697,-8.500665659787643,4.833031638109674,10.154081294037496,0.4336192319801971,1.0005794573137103,0.9428399518652226,1662,1567,loftr,-99.59241923349008,scheme_b_pairwise,NA,False,122.84489620527765,69.03000000000003
1734763686200,F:\agent\UAV\data\IR-image\1734763686200.jpg,116.17341939551812,38.8120316212371,483.54,116.1748594,38.8121172,553.04,385.5119526297546,-9.916247886315592,2.777163073337647,7.411476670569186,0.3572211447209905,1.0006079679095305,0.9965156794425087,1722,1716,loftr,-99.59241923349008,scheme_b_pairwise,NA,False,125.12991102906982,69.49999999999994
1734763686400,F:\agent\UAV\data\IR-image\1734763686400.jpg,116.17345627069201,38.81201491727664,483.54,116.174913,38.8121171,553.55,388.71054740713487,-11.775732764762797,3.6502833714033045,9.722283358685957,0.09284533615173271,1.0009969618171797,0.9790331974373908,1717,1681,loftr,-99.59241923349008,scheme_b_pairwise,NA,False,126.72705859018627,70.00999999999993
1734763686600,F:\agent\UAV\data\IR-image\1734763686600.jpg,116.17348925250212,38.812016146422906,483.54,116.1749667,38.8121171,554.05,391.57142735361634,-11.638904202358841,-1.7168210865192464,7.853869408285675,-0.10409196147381221,1.0008440739953268,0.9955506117908788,1798,1790,loftr,-99.59241923349008,scheme_b_pairwise,NA,False,128.50302120200197,70.50999999999993
1734763686800,F:\agent\UAV\data\IR-image\1734763686800.jpg,116.17353930881895,38.81204986163666,483.54,116.1750206,38.8121171,554.57,395.9133695509802,-7.8857266074370145,-12.418294361306778,10.261419728947033,-0.28957294266742634,1.0008589666712693,0.970517448856799,1662,1613,loftr,-99.59241923349008,scheme_b_pairwise,NA,False,128.56235803296983,71.03000000000003
1734763687000,F:\agent\UAV\data\IR-image\1734763687000.jpg,116.17358759083692,38.81205826194224,483.54,116.1750746,38.8121172,555.08,400.101407035446,-6.950604589913913,-4.546961410823087,11.153567109392839,-0.3839799029851576,1.0028627513184254,0.9413524835427888,1671,1573,loftr,-99.59241923349008,scheme_b_pairwise,NA,False,129.00676471043678,71.54000000000002
1734763687200,F:\agent\UAV\data\IR-image\1734763687200.jpg,116.17363335129937,38.81205920110542,483.54,116.1751288,38.8121173,555.56,404.0707219082691,-6.846056944656695,-2.1459315887314574,10.936710511875845,-0.1697035377755135,1.000896543760687,0.9810795770728993,1797,1763,loftr,-99.59241923349008,scheme_b_pairwise,NA,False,129.73237882811696,72.01999999999992
1734763687400,F:\agent\UAV\data\IR-image\1734763687400.jpg,116.17367670029184,38.812059887722214,483.54,116.1751831,38.8121174,556.02,407.8308631166733,-6.769622763037832,-1.9702862570081834,10.370943969650739,-0.08346138693103422,1.0006259018243862,0.9988913525498891,1804,1802,loftr,-99.59241923349008,scheme_b_pairwise,NA,False,130.6768384581102,72.47999999999996
1734763687600,F:\agent\UAV\data\IR-image\1734763687600.jpg,116.17369689989057,38.81204085848977,483.54,116.1752375,38.8121174,556.52,409.5829994238213,-8.887956918502598,5.043240680964004,5.840088164680708,0.2893002950457055,1.0015352890829106,0.9450889404485692,1293,1222,loftr,-99.59241923349008,scheme_b_pairwise,NA,False,133.75459584603325,72.97999999999996
1734763687800,F:\agent\UAV\data\IR-image\1734763687800.jpg,116.1737372104401,38.81202764493135,483.54,116.1752921,38.8121174,557.05,413.07958261289656,-10.35889024213553,2.4355356668849595,10.365267609907221,0.13885283050705519,1.0009769381691809,0.9972222222222222,1800,1795,loftr,-99.59241923349008,scheme_b_pairwise,NA,False,135.09081122027658,73.50999999999993
1734763688000,F:\agent\UAV\data\IR-image\1734763688000.jpg,116.17376720630766,38.811999884086916,483.54,116.1753468,38.8121175,557.62,415.68145848765533,-13.44922744471917,7.335937647726041,8.646494809743615,0.1572405283023059,1.0009170785882022,0.9936268829663963,1726,1715,loftr,-99.59241923349008,scheme_b_pairwise,NA,False,137.48557918808243,74.07999999999998
1734763688200,F:\agent\UAV\data\IR-image\1734763688200.jpg,116.17381123187374,38.81199939328137,483.54,116.1754015,38.8121175,558.24,419.5002864650162,-13.503863918225164,-1.634980424371122,10.594673619566379,0.3096478508164586,0.9997272763684553,0.9825155104342922,1773,1742,loftr,-99.59241923349008,scheme_b_pairwise,NA,False,138.41145560665603,74.69999999999999
1734763688400,F:\agent\UAV\data\IR-image\1734763688400.jpg,116.17385075341247,38.811973540229815,483.54,116.1754564,38.8121174,558.88,422.92842995584743,-16.381825617128975,6.361686841125106,10.833966029895919,0.14518630479950292,1.0008132846487663,0.9884858952216465,1737,1717,loftr,-99.59241923349008,scheme_b_pairwise,NA,False,140.0361284147275,75.33999999999997
1734763688600,F:\agent\UAV\data\IR-image\1734763688600.jpg,116.17389075781405,38.812005043206405,483.54,116.1755113,38.8121173,559.52,426.39845752334946,-12.87491426299071,-11.328895754586881,7.963466116331745,0.2122608047947981,1.0001204847794445,1.0,1765,1765,loftr,-99.59241923349008,scheme_b_pairwise,NA,False,140.96380883652512,75.97999999999996
1734763688800,F:\agent\UAV\data\IR-image\1734763688800.jpg,116.17392315422678,38.812025277655614,483.54,116.1755663,38.8121173,560.22,429.2085594317531,-10.62241537749097,-7.548471696083993,6.723764267972626,0.01703736244976289,1.0015961702646499,0.9901847575057737,1732,1715,loftr,-99.59241923349008,scheme_b_pairwise,NA,False,142.735745909171,76.68
1734763689000,F:\agent\UAV\data\IR-image\1734763689000.jpg,116.17398938735634,38.812003614216934,483.54,116.1756214,38.8121174,560.86,434.9536968761753,-13.033989371190406,3.987160410468505,17.02841216322463,-0.19863437591769742,1.0017191702215358,0.9726815240833933,1391,1353,loftr,-99.59241923349008,scheme_b_pairwise,NA,False,141.9688292697761,77.32
1734763689200,F:\agent\UAV\data\IR-image\1734763689200.jpg,116.17401990678577,38.81197624137055,483.54,116.1756766,38.8121174,561.41,437.60098710569974,-16.08113463021377,7.195156334445471,8.75198280031799,0.08670007986402826,0.9997521917532255,0.992485549132948,1730,1717,loftr,-99.59241923349008,scheme_b_pairwise,NA,False,144.39797953049035,77.86999999999995
1734763689400,F:\agent\UAV\data\IR-image\1734763689400.jpg,116.1740496418326,38.81196977370069,483.54,116.1757319,38.8121173,562.03,440.18023909095393,-16.801115639697933,0.7862411132298348,7.4751849085102435,0.2472278780398841,1.0005300684162959,0.995436394751854,1753,1745,loftr,-99.59241923349008,scheme_b_pairwise,NA,False,146.67760500932218,78.48999999999995
1734763689600,F:\agent\UAV\data\IR-image\1734763689600.jpg,116.17406708433755,38.81196817230631,483.54,116.1757872,38.8121173,562.66,441.69322192833914,-16.979382861606148,-0.2142944897712482,4.270764374227383,0.08274285588155292,1.0016199306322615,0.9865244244806288,1781,1757,loftr,-99.59241923349008,scheme_b_pairwise,NA,False,149.95718451279922,79.11999999999995
1734763689800,F:\agent\UAV\data\IR-image\1734763689800.jpg,116.17413078187676,38.812000941059324,483.54,116.1758426,38.8121173,563.26,447.21841936407054,-13.331565275837773,-12.680144655335425,13.585517622391535,-0.032619730721475594,1.0005827479237104,1.0,1767,1767,loftr,-99.59241923349008,scheme_b_pairwise,NA,False,148.8818417374037,79.71999999999997
1734763690000,F:\agent\UAV\data\IR-image\1734763690000.jpg,116.1741506920027,38.81196287139284,483.54,116.175898,38.8121173,563.85,448.9454464696442,-17.569480549092365,10.921209951455012,6.761994407410839,0.025061437466593752,1.0002921298286382,1.0,1766,1766,loftr,-99.59241923349008,scheme_b_pairwise,NA,False,152.36431797053984,80.31
1734763690200,F:\agent\UAV\data\IR-image\1734763690200.jpg,116.17418904410466,38.81195408456368,483.54,116.1759534,38.8121173,564.49,452.27215167687353,-18.547630371318505,1.1511489152036916,9.66461611954088,-0.3268213090582188,1.0010437198976558,1.0,1804,1804,loftr,-99.59241923349008,scheme_b_pairwise,NA,False,153.9442297394714,80.94999999999999
1734763690400,F:\agent\UAV\data\IR-image\1734763690400.jpg,116.1742433816082,38.811948949862575,483.54,116.1760089,38.8121174,565.1,456.98544890904424,-19.119225298372264,-0.6226019426689504,13.312036019973789,-0.9433659323437679,1.0004398811331383,1.0,1745,1745,loftr,-99.59241923349008,scheme_b_pairwise,NA,False,154.11391741211892,81.56
1734763690600,F:\agent\UAV\data\IR-image\1734763690600.jpg,116.17428691627282,38.81195820497507,483.54,116.1760645,38.8121177,565.67,460.76169553056474,-18.088946175217764,-4.617713029478125,9.969372523221352,-0.8152713735424719,1.001584998794331,0.963071512309496,1706,1643,loftr,-99.59241923349008,scheme_b_pairwise,NA,False,155.03453387050203,82.12999999999994
1734763690800,F:\agent\UAV\data\IR-image\1734763690800.jpg,116.17433957038564,38.811959418450265,483.54,116.1761201,38.8121177,566.25,465.3289735253843,-17.953862116609898,-2.510132654313338,12.577370696441221,-0.24333883589719693,1.0010613322275512,1.0,1805,1805,loftr,-99.59241923349008,scheme_b_pairwise,NA,False,155.27275048848873,82.70999999999998
1734763691000,F:\agent\UAV\data\IR-image\1734763691000.jpg,116.17438569171769,38.812004241174414,483.54,116.1761758,38.8121175,566.77,469.3295906397212,-12.96419646453688,-15.680791586266139,8.73840979005297,0.3669073431348715,1.0007353950465574,0.9994015559545183,1671,1670,loftr,-99.59241923349008,scheme_b_pairwise,NA,False,155.6123760722446,83.22999999999996
1734763691200,F:\agent\UAV\data\IR-image\1734763691200.jpg,116.17441751773849,38.812019092238344,483.54,116.1762315,38.8121172,567.3,472.0902161003058,-11.310976027934682,-5.866746463769289,6.867134237906498,0.6376939226552332,1.0013641491951908,1.0,1648,1648,loftr,-99.59241923349008,scheme_b_pairwise,NA,False,157.54858520272023,83.75999999999993
1734763691400,F:\agent\UAV\data\IR-image\1734763691400.jpg,116.17445586879052,38.81203903274814,483.54,116.1762871,38.8121169,567.85,475.41683023589934,-9.091198477365747,-7.699501143296175,8.168585958287565,0.40810989378541856,1.000865961453649,1.0,1754,1754,loftr,-99.59241923349008,scheme_b_pairwise,NA,False,158.90101028995932,84.31
1734763691600,F:\agent\UAV\data\IR-image\1734763691600.jpg,116.17448868874133,38.812064638989504,483.54,116.1763428,38.8121167,568.39,478.2636703229467,-6.240711688493803,-9.220667054070645,6.5457430621680714,0.16679053232940766,1.0011773628081782,1.0,1739,1739,loftr,-99.59241923349008,scheme_b_pairwise,NA,False,160.7515922625316,84.84999999999997
1734763691800,F:\agent\UAV\data\IR-image\1734763691800.jpg,116.17451486946003,38.81195963718079,483.54,116.1763985,38.8121167,568.92,480.53461581882794,-17.929513034170657,31.288126965670813,11.752391285312285,-0.2640208882568908,1.0011137632469524,0.9994148624926857,1709,1708,loftr,-99.59241923349008,scheme_b_pairwise,NA,False,164.1368943187716,85.37999999999994
1734763692000,F:\agent\UAV\data\IR-image\1734763692000.jpg,116.17454803741232,38.811945929084544,483.54,116.1764542,38.8121167,569.42,483.4116419531059,-19.45549830893469,2.8776869774478655,8.676310062794585,0.046518263373689514,1.000670584554252,0.9977851605758582,1806,1802,loftr,-99.59241923349008,scheme_b_pairwise,NA,False,166.2454235861588,85.87999999999994
1734763692200,F:\agent\UAV\data\IR-image\1734763692200.jpg,116.17459226730932,38.81196386393065,483.54,116.17651,38.8121167,569.93,487.24819382773245,-17.458991240457237,-7.320085175385316,9.684338111489353,-0.1067767954454199,1.0011108428515982,1.0,1776,1776,loftr,-99.59241923349008,scheme_b_pairwise,NA,False,167.0266799245855,86.38999999999993
1734763692400,F:\agent\UAV\data\IR-image\1734763692400.jpg,116.17464533656751,38.811984453018695,483.54,116.1765658,38.8121166,570.43,491.85148200618016,-15.167013958677998,-8.496466933445447,11.668182257044009,-0.05302514581432349,1.0007279531375808,1.0,1776,1776,loftr,-99.59241923349008,scheme_b_pairwise,NA,False,167.04396637036922,86.88999999999993
1734763692600,F:\agent\UAV\data\IR-image\1734763692600.jpg,116.17468070333501,38.811987681343176,483.54,116.1766216,38.8121166,570.97,494.91923588690344,-14.807636877509053,-2.4295158343703065,8.32232732912712,0.15080268462090518,1.0012055776034,1.0,1806,1806,loftr,-99.59241923349008,scheme_b_pairwise,NA,False,168.77671770700297,87.43
1734763692800,F:\agent\UAV\data\IR-image\1734763692800.jpg,116.17472459020986,38.81198781558476,483.54,116.1766773,38.8121164,571.53,498.7260336279793,-14.79269310523678,-1.8219261353053753,10.528833308704122,0.2762352411210704,1.0007590555935704,1.0,1806,1806,loftr,-99.59241923349008,scheme_b_pairwise,NA,False,169.7934428515207,87.98999999999995
1734763693000,F:\agent\UAV\data\IR-image\1734763693000.jpg,116.17476081981853,38.811979082131046,483.54,116.1767331,38.8121162,572.09,501.8686313380743,-15.764901171781439,1.2208175738196587,9.152294784550918,0.15731222184277577,1.0013130985162924,0.9950166112956811,1806,1797,loftr,-99.59241923349008,scheme_b_pairwise,NA,False,171.56486668884565,88.55000000000001
1734763693200,F:\agent\UAV\data\IR-image\1734763693200.jpg,116.1747868141716,38.811966038701414,483.54,116.1767887,38.812116,572.66,504.1234112660771,-17.21689575876782,2.963953294423561,6.919552349425203,0.13900224240989814,1.0011532746746183,0.996060776589758,1777,1770,loftr,-99.59241923349008,scheme_b_pairwise,NA,False,174.25089254255388,89.11999999999995
1734763693400,F:\agent\UAV\data\IR-image\1734763693400.jpg,116.17482451781171,38.811963772072815,483.54,116.1768444,38.8121158,573.23,507.39386815130877,-17.469216854059763,-0.8313701463864618,9.169446859602772,-0.14044069416464464,1.0011117882799203,1.0,1806,1806,loftr,-99.59241923349008,scheme_b_pairwise,NA,False,175.82502304495375,89.69
1734763693600,F:\agent\UAV\data\IR-image\1734763693600.jpg,116.17485533439186,38.81199274142238,483.54,116.1769001,38.8121158,573.77,510.06693357546203,-14.244348860704289,-10.175536969636198,5.8896877182269805,-0.16281627065460505,1.0016570590959812,1.0,1671,1671,loftr,-99.59241923349008,scheme_b_pairwise,NA,False,177.69407945856088,90.22999999999996
1734763693800,F:\agent\UAV\data\IR-image\1734763693800.jpg,116.17489238894423,38.81199934291538,483.54,116.1769557,38.8121157,574.31,513.2810878460491,-13.50947066014961,-3.5372418971690536,8.551875538256581,-0.21008253373692687,1.0014857139438427,1.0,1804,1804,loftr,-99.59241923349008,scheme_b_pairwise,NA,False,179.2408622867606,90.76999999999992
1734763694000,F:\agent\UAV\data\IR-image\1734763694000.jpg,116.17493745022524,38.81202515519342,483.54,116.1770114,38.8121157,574.84,517.1897549213331,-10.636047868935368,-9.780797683215667,9.47376364072801,-0.084822336714544,1.0007871863619406,1.0,1776,1776,loftr,-99.59241923349008,scheme_b_pairwise,NA,False,179.97686183129056,91.30000000000001
1734763694200,F:\agent\UAV\data\IR-image\1734763694200.jpg,116.17497356908059,38.81200996920748,483.54,116.1770672,38.8121157,575.37,520.3227457622485,-12.326551823389973,3.2132911798820487,9.461677613672407,-0.10883976966884815,1.0013932984249556,1.0,1806,1806,loftr,-99.59241923349008,scheme_b_pairwise,NA,False,181.78088294620653,91.82999999999998
1734763694400,F:\agent\UAV\data\IR-image\1734763694400.jpg,116.17503306044009,38.8120211338141,483.54,116.1771229,38.8121157,575.89,525.4830943564981,-11.083707814729408,-5.853405851989862,13.700636517532132,-0.07519393424330735,1.000891301343009,0.991875,1600,1587,loftr,-99.59241923349008,scheme_b_pairwise,NA,False,181.3768542794403,92.34999999999997
1734763694600,F:\agent\UAV\data\IR-image\1734763694600.jpg,116.17505568802234,38.811998432278486,483.54,116.1771785,38.8121158,576.43,527.4458367315337,-13.610842758913648,6.076144123571908,6.614178555160322,-0.15042903178627168,1.0007074424800442,0.9981981981981982,1665,1662,loftr,-99.59241923349008,scheme_b_pairwise,NA,False,184.39110078393512,92.88999999999993
1734763694800,F:\agent\UAV\data\IR-image\1734763694800.jpg,116.17510639097257,38.811985296996276,483.54,116.1772341,38.8121158,577.01,531.8438686510947,-15.073062374461877,1.9897814446076154,12.856072107978491,-0.01078244092299269,1.0012957310997952,0.9994462901439646,1806,1805,loftr,-99.59241923349008,scheme_b_pairwise,NA,False,184.92323401794795,93.46999999999997
1734763695000,F:\agent\UAV\data\IR-image\1734763695000.jpg,116.17513463651815,38.81196264287495,483.54,116.1772897,38.8121159,577.59,534.2939195934988,-17.59491916036033,5.833605518590389,7.960401562383026,0.12779363285716067,1.0002644804400855,0.9869960988296489,1538,1518,loftr,-99.59241923349008,scheme_b_pairwise,NA,False,187.49915362164612,94.05000000000001
1734763695200,F:\agent\UAV\data\IR-image\1734763695200.jpg,116.17516247660426,38.81192732043097,483.54,116.1773453,38.8121159,578.2,536.7088005173664,-21.52701362474022,9.753077522314584,8.522679379414058,0.16663533529500102,1.0022708864151557,0.9994369369369369,1776,1775,loftr,-99.59241923349008,scheme_b_pairwise,NA,False,190.28728790864108,94.66000000000003
1734763695400,F:\agent\UAV\data\IR-image\1734763695400.jpg,116.17520261968127,38.81191793228534,483.54,116.1774008,38.812116,578.81,540.190856950526,-22.572101995962342,1.2637473326056465,10.125880869685943,0.002102544271741397,1.0003665849173806,1.0,1806,1806,loftr,-99.59241923349008,scheme_b_pairwise,NA,False,191.72816433728661,95.26999999999992
1734763695600,F:\agent\UAV\data\IR-image\1734763695600.jpg,116.17522868716132,38.811920863740795,483.54,116.1774563,38.8121161,579.41,542.4519799971265,-22.245772374800517,-1.9607642087127601,6.10532578225525,-0.2771661646823128,1.001312000283816,0.99364896073903,1732,1721,loftr,-99.59241923349008,scheme_b_pairwise,NA,False,194.22620613406832,95.86999999999995
1734763695800,F:\agent\UAV\data\IR-image\1734763695800.jpg,116.17526484644576,38.811913084463,483.54,116.1775117,38.8121163,580.0,545.5884777036875,-23.111761578773717,0.9296958106932607,9.085730075292247,-0.15742565046415774,1.0009162085964178,1.0,1806,1806,loftr,-99.59241923349008,scheme_b_pairwise,NA,False,195.98326640045548,96.45999999999998
1734763696000,F:\agent\UAV\data\IR-image\1734763696000.jpg,116.17529731177869,38.81191573553691,483.54,116.1775672,38.8121164,580.57,548.4045578306336,-22.816644031338743,-2.1339526884855786,7.655842824654769,0.041412371396151046,1.0007378977097907,1.0,1806,1806,loftr,-99.59241923349008,scheme_b_pairwise,NA,False,197.9337220925517,97.03000000000003
1734763696200,F:\agent\UAV\data\IR-image\1734763696200.jpg,116.17533205303131,38.81191644323484,483.54,116.1776227,38.8121165,581.15,551.4180538345272,-22.737863097317952,-1.6275501534165073,8.30340563055671,0.17091464348943625,1.0008202667435213,1.0,1806,1806,loftr,-99.59241923349008,scheme_b_pairwise,NA,False,199.71344057950697,97.60999999999996
1734763696400,F:\agent\UAV\data\IR-image\1734763696400.jpg,116.17536280125181,38.81191506270151,483.54,116.1776782,38.8121165,581.74,554.085189662554,-22.891544068025777,-0.8221763780508695,7.4535376630071255,-0.13160891875277644,1.000504407985849,0.993322203672788,1797,1785,loftr,-99.59241923349008,scheme_b_pairwise,NA,False,201.86180584483202,98.19999999999999
1734763696600,F:\agent\UAV\data\IR-image\1734763696600.jpg,116.17539747068138,38.81190885729967,483.54,116.1777337,38.8121165,582.35,557.0924556533279,-23.582329400856445,0.5052416296013575,8.646115240786628,-0.4311051327776591,1.001037009315397,1.0,1805,1805,loftr,-99.59241923349008,scheme_b_pairwise,NA,False,203.7326546060661,98.81
1734763696800,F:\agent\UAV\data\IR-image\1734763696800.jpg,116.17544298174107,38.8119229407109,483.54,116.1777892,38.8121165,582.96,561.0401370465493,-22.014564062585105,-6.18546397900576,10.192440866430957,-0.380986641867595,1.0007135579247282,1.0,1715,1715,loftr,-99.59241923349008,scheme_b_pairwise,NA,False,204.4217572309799,99.42000000000002
1734763697000,F:\agent\UAV\data\IR-image\1734763697000.jpg,116.17547794070349,38.81191743502311,483.54,116.1778448,38.8121165,583.56,564.0725174463633,-22.62745722706968,0.2779177598500837,8.679189949213537,-0.2793767254341835,1.0008002350088212,1.0,1806,1806,loftr,-99.59241923349008,scheme_b_pairwise,NA,False,206.2651311139864,100.01999999999992
1734763697200,F:\agent\UAV\data\IR-image\1734763697200.jpg,116.17551007321015,38.81190543361845,483.54,116.1779005,38.8121164,584.16,566.8597278410932,-23.96345359445957,2.3938770500121223,8.338868767523252,-0.12009401697802745,1.0003671466683226,0.9922480620155039,1806,1792,loftr,-99.59241923349008,scheme_b_pairwise,NA,False,208.44023792067193,100.61999999999995
1734763697400,F:\agent\UAV\data\IR-image\1734763697400.jpg,116.17554829110045,38.81191579738942,483.54,116.1779562,38.8121162,584.77,570.1747913764034,-22.809758610424396,-4.743572138304842,8.635260769058107,0.2665411380342843,1.0011882516564574,0.9993694829760403,1586,1585,loftr,-99.59241923349008,scheme_b_pairwise,NA,False,209.81738572660902,101.22999999999996
1734763697600,F:\agent\UAV\data\IR-image\1734763697600.jpg,116.17559441231266,38.81195832844259,483.54,116.1780119,38.8121158,585.36,574.175398096783,-18.075201770677353,-14.974738891656443,8.857703988612457,0.2783519122924669,1.0007987340095432,0.9993626513702996,1569,1568,loftr,-99.59241923349008,scheme_b_pairwise,NA,False,210.19119149553123,101.82
1734763697800,F:\agent\UAV\data\IR-image\1734763697800.jpg,116.17562035470162,38.81198109822654,483.54,116.1780678,38.8121156,585.94,576.4256705984525,-15.540469421788933,-8.067739608413603,5.042351268924904,0.09129389872721937,1.0013503389664566,0.9993698802772527,1587,1586,loftr,-99.59241923349008,scheme_b_pairwise,NA,False,212.5829443415132,102.40000000000003
1734763698000,F:\agent\UAV\data\IR-image\1734763698000.jpg,116.17565661001342,38.81194885462137,483.54,116.1781236,38.8121156,586.53,579.5704978280028,-19.129827548888038,8.46308834913981,10.382594319066982,0.02564727732164224,1.0008933950029602,1.0,1776,1776,loftr,-99.59241923349008,scheme_b_pairwise,NA,False,214.55232199542718,102.98999999999995
1734763698200,F:\agent\UAV\data\IR-image\1734763698200.jpg,116.17568489099261,38.8119318506909,483.54,116.1781797,38.8121155,587.11,582.0236223235875,-21.02270508973571,4.091383545146414,7.674713301127326,0.2055413824681438,1.0003836902342766,0.9912177985948478,1708,1693,loftr,-99.59241923349008,scheme_b_pairwise,NA,False,217.12249309189156,103.57
1734763698400,F:\agent\UAV\data\IR-image\1734763698400.jpg,116.17571027052446,38.811887646564976,483.54,116.1782358,38.8121154,587.69,584.2250719554207,-25.943508387349727,12.589290733534995,8.394432020146667,0.19869479650978808,1.0007968625590384,0.9988590986879635,1753,1751,loftr,-99.59241923349008,scheme_b_pairwise,NA,False,220.28245899724516,104.15000000000003
1734763698600,F:\agent\UAV\data\IR-image\1734763698600.jpg,116.17574362030909,38.81187920029073,483.54,116.1782921,38.8121153,588.27,587.1178704343292,-26.883747635781496,1.249179080264014,8.44598903840614,-0.06875725716077671,1.0008737263213652,0.8947951273532669,1806,1616,loftr,-99.59241923349008,scheme_b_pairwise,NA,False,222.36556150864303,104.72999999999996
1734763698800,F:\agent\UAV\data\IR-image\1734763698800.jpg,116.17578534798784,38.81187849501157,483.54,116.1783485,38.8121151,588.86,590.7373770345432,-26.962259312387296,-1.4756732926596214,10.05419222607793,0.44148076856962293,1.0010807555150072,1.0,1806,1806,loftr,-99.59241923349008,scheme_b_pairwise,NA,False,223.634592964208,105.32
1734763699000,F:\agent\UAV\data\IR-image\1734763699000.jpg,116.17582789349632,38.81189193704321,483.54,116.178405,38.8121148,589.48,594.4278231214074,-25.465892350011913,-5.867541805489793,9.513903096122192,0.6407887212995901,1.0006920870066451,0.9988165680473373,1690,1688,loftr,-99.59241923349008,scheme_b_pairwise,NA,False,224.6616135202268,105.94
1734763699200,F:\agent\UAV\data\IR-image\1734763699200.jpg,116.1758668153559,38.81189597661308,483.54,116.1784617,38.8121144,590.12,597.8039497571338,-25.016207431980604,-2.823691179103605,9.133550252645136,0.48199091536172556,1.0010640012780747,0.9955506117908788,1798,1790,loftr,-99.59241923349008,scheme_b_pairwise,NA,False,226.13908831060317,106.57999999999998
1734763699400,F:\agent\UAV\data\IR-image\1734763699400.jpg,116.17590357026714,38.81190425681912,483.54,116.1785184,38.8121142,590.75,600.9921128141181,-24.09445489580453,-4.04228470560173,8.3925339634892,0.17575188494340252,1.000716722626406,0.9982394366197183,1704,1701,loftr,-99.59241923349008,scheme_b_pairwise,NA,False,227.75869525051712,107.20999999999998
1734763699600,F:\agent\UAV\data\IR-image\1734763699600.jpg,116.17593917255435,38.811920221114235,483.54,116.1785753,38.812114,591.38,604.0802959436434,-22.31730956332769,-6.362934954379853,7.715730153997924,-0.16762275749648972,1.0009179372108434,0.9959862385321101,1744,1737,loftr,-99.59241923349008,scheme_b_pairwise,NA,False,229.4185605394972,107.83999999999997
1734763699800,F:\agent\UAV\data\IR-image\1734763699800.jpg,116.17597181060324,38.811913025897724,483.54,116.1786322,38.8121139,592.04,606.9113576496406,-23.118281065906103,0.892613289648466,8.20998403890053,-0.31667991936863094,1.0005965822713159,1.0,1805,1805,loftr,-99.59241923349008,scheme_b_pairwise,NA,False,231.58627680972103,108.49999999999994
1734763700000,F:\agent\UAV\data\IR-image\1734763700000.jpg,116.17601380847135,38.81189826756741,483.54,116.1786892,38.8121138,592.71,610.5543007848568,-24.76117839665194,2.8430116410195865,10.85077172450002,-0.166651291397388,1.0012942551550874,0.9650582362728786,1803,1740,loftr,-99.59241923349008,scheme_b_pairwise,NA,False,233.04209783731446,109.17000000000002
1734763700200,F:\agent\UAV\data\IR-image\1734763700200.jpg,116.17606110566626,38.81189836720929,483.54,116.1787463,38.8121137,593.34,614.6569135900297,-24.75008626218778,-1.94962885863589,11.3493426902196,-0.054418690448869884,1.0007032573352952,0.9961240310077519,1806,1799,loftr,-99.59241923349008,scheme_b_pairwise,NA,False,233.88469078816257,109.80000000000001
1734763700400,F:\agent\UAV\data\IR-image\1734763700400.jpg,116.17609614506007,38.811896040365305,483.54,116.1788036,38.8121135,593.97,617.6962707017982,-25.009110534134095,-0.7047250756420453,8.532982560832522,-0.01540495278866667,1.0001429578949657,0.9988925802879292,1806,1804,loftr,-99.59241923349008,scheme_b_pairwise,NA,False,235.82752196676682,110.43
1734763700600,F:\agent\UAV\data\IR-image\1734763700600.jpg,116.17611670764795,38.81185923190831,483.54,116.1788608,38.8121133,594.66,619.4798931030939,-29.106627967391773,10.506168588411413,6.852960686117854,0.013034993496915656,1.0017140160933102,0.9588882455124493,1727,1656,loftr,-99.59241923349008,scheme_b_pairwise,NA,False,239.43160565546452,111.11999999999995
1734763700800,F:\agent\UAV\data\IR-image\1734763700800.jpg,116.17619007383968,38.81193082443054,483.54,116.1789181,38.812113,595.35,625.8437605204599,-21.13694839237361,-25.03375115127176,13.885169110610946,0.18249010000710947,1.0050630531187685,0.8808250572956455,1309,1153,loftr,-99.59241923349008,scheme_b_pairwise,NA,False,237.2333394058427,111.81
1734763701000,F:\agent\UAV\data\IR-image\1734763701000.jpg,116.17621358398155,38.81195775059385,483.54,116.1789755,38.8121128,595.96,627.8830571280084,-18.139527892593012,-9.249610568761113,4.2420324044367135,0.4604528178736231,0.9991431858354212,0.9390615478366849,1641,1541,loftr,-99.59241923349008,scheme_b_pairwise,NA,False,239.92345802450262,112.42000000000002
1734763701200,F:\agent\UAV\data\IR-image\1734763701200.jpg,116.17624791107637,38.81194595843703,483.54,116.1790329,38.8121126,596.6,630.8606286099331,-19.452230790239412,2.2403709720882716,8.854823453769995,-0.006433213247867488,1.0009674335437506,1.0,1804,1804,loftr,-99.59241923349008,scheme_b_pairwise,NA,False,242.01275722462603,113.06
1734763701400,F:\agent\UAV\data\IR-image\1734763701400.jpg,116.1762762707494,38.811926554535155,483.54,116.1790903,38.8121126,597.28,633.3205790984379,-21.612273146936612,4.827605237599414,7.818567114748419,-0.040823226564287475,1.0006759591193861,0.997411003236246,1545,1541,loftr,-99.59241923349008,scheme_b_pairwise,NA,False,244.6946091789096,113.73999999999995
1734763701600,F:\agent\UAV\data\IR-image\1734763701600.jpg,116.17632005916808,38.81191530778368,483.54,116.1791477,38.8121127,598.01,637.1188366388138,-22.86426152127334,1.6884729394490705,11.0977839025972,0.11115145290909094,1.000676345288446,0.9994456762749445,1804,1803,loftr,-99.59241923349008,scheme_b_pairwise,NA,False,245.97915891518727,114.46999999999997
1734763701800,F:\agent\UAV\data\IR-image\1734763701800.jpg,116.17635089963746,38.811878713595284,483.54,116.1792051,38.8121126,598.79,639.7939742407806,-26.93792657330357,10.023162304757989,9.30919194272252,0.06609353589526779,1.000802231064721,0.9977477477477478,1776,1772,loftr,-99.59241923349008,scheme_b_pairwise,NA,False,248.66295983814803,115.24999999999994
1734763702000,F:\agent\UAV\data\IR-image\1734763702000.jpg,116.17639555822592,38.81187200822732,483.54,116.1792625,38.8121126,599.61,643.6677113038098,-27.684368134788954,0.25400006170877987,11.070222364044696,-0.14387918112238351,1.0010492088684178,0.9889258028792912,1806,1786,loftr,-99.59241923349008,scheme_b_pairwise,NA,False,249.839648488006,116.07
1734763702200,F:\agent\UAV\data\IR-image\1734763702200.jpg,116.17643764384715,38.81184864080456,483.54,116.1793199,38.8121126,600.4,647.3182662442143,-30.285629635992997,5.491852645202016,11.320097546903355,0.3302305317713552,1.0006867802515396,0.908235294117647,1700,1544,loftr,-99.59241923349008,scheme_b_pairwise,NA,False,251.44903864232646,116.85999999999996
1734763702400,F:\agent\UAV\data\IR-image\1734763702400.jpg,116.17649822377129,38.81188072726769,483.54,116.1793776,38.8121126,601.04,652.5730381810688,-26.713764560808936,-12.343448807293385,12.872604348114407,0.09727015013625512,1.001124913143447,0.9977477477477478,1776,1772,loftr,-99.59241923349008,scheme_b_pairwise,NA,False,250.80931686526026,117.49999999999994
1734763702600,F:\agent\UAV\data\IR-image\1734763702600.jpg,116.17651403160865,38.81185636571083,483.54,116.1794354,38.8121127,601.61,653.9442280815217,-29.42569307035942,6.864274058806984,5.06341195087515,-0.12780906245024917,1.0002583090683703,0.9891788669637174,1571,1554,loftr,-99.59241923349008,scheme_b_pairwise,NA,False,254.7187378382546,118.07
1734763702800,F:\agent\UAV\data\IR-image\1734763702800.jpg,116.17655408901012,38.811813949233745,483.54,116.179493,38.8121129,602.28,657.4188529198186,-34.14749529939254,11.44302176907587,11.825035573175569,0.003424104424984889,1.0012886829794372,0.9977464788732394,1775,1771,loftr,-99.59241923349008,scheme_b_pairwise,NA,False,256.79960905949144,118.73999999999995
1734763703000,F:\agent\UAV\data\IR-image\1734763703000.jpg,116.17657542192948,38.8118010787759,483.54,116.1795505,38.8121127,602.97,659.269294754768,-35.5802346669527,3.0997844088112743,5.791486165993263,0.888605925737056,1.000769081427648,0.9929577464788732,1704,1692,loftr,-99.59241923349008,scheme_b_pairwise,NA,False,260.0911934558188,119.43
1734763703200,F:\agent\UAV\data\IR-image\1734763703200.jpg,116.17661745014506,38.81180455102132,483.54,116.1796079,38.8121123,603.69,662.9148702638481,-35.1937043070012,-2.7749327680670035,9.908825636008373,0.560392490363342,1.0014666807116284,0.9382990550305725,1799,1688,loftr,-99.59241923349008,scheme_b_pairwise,NA,False,261.35452313333246,120.15000000000003
1734763703400,F:\agent\UAV\data\IR-image\1734763703400.jpg,116.1766555583378,38.811838148608366,483.54,116.1796651,38.8121122,604.39,666.2204185061361,-31.453620916774,-11.897298110713905,7.399185139191104,0.47443803831850884,1.0002608624074931,0.9970896391152503,1718,1713,loftr,-99.59241923349008,scheme_b_pairwise,NA,False,262.5332387176749,120.84999999999997
1734763703600,F:\agent\UAV\data\IR-image\1734763703600.jpg,116.17669083547315,38.81184711393873,483.54,116.1797222,38.812112,605.12,669.2803975921543,-30.455600340149616,-4.193410779311705,8.002094516269949,0.22773574137524333,1.0014170401153772,0.9827175208581644,1678,1649,loftr,-99.59241923349008,scheme_b_pairwise,NA,False,264.29583682354655,121.57999999999998
1734763703800,F:\agent\UAV\data\IR-image\1734763703800.jpg,116.17673503126413,38.81185157659741,483.54,116.179779,38.8121118,605.85,673.1139910717282,-29.958817176477574,-3.1680145044100527,10.377621629679425,0.09541604369451304,1.0000324184697156,0.9339460080413555,1741,1626,loftr,-99.59241923349008,scheme_b_pairwise,NA,False,265.3240900431921,122.31
1734763704000,F:\agent\UAV\data\IR-image\1734763704000.jpg,116.17677542170514,38.811894183807595,483.54,116.1798355,38.8121116,606.59,676.6175041403242,-25.215782538576015,-14.765694927139407,7.477965325536331,0.20315364665767496,1.001217789648316,0.9728395061728395,1620,1576,loftr,-99.59241923349008,scheme_b_pairwise,NA,False,266.2371715011364,123.05000000000001
1734763704200,F:\agent\UAV\data\IR-image\1734763704200.jpg,116.17680024652802,38.811859038862195,483.54,116.1798915,38.8121112,607.4,678.7708376822787,-29.128117860277257,9.82072594704033,7.789569926950151,0.1533612011698875,0.9995892158799469,0.9994327850255247,1763,1762,loftr,-99.59241923349008,scheme_b_pairwise,NA,False,269.3021336444766,123.85999999999996
1734763704400,F:\agent\UAV\data\IR-image\1734763704400.jpg,116.17683500919526,38.8118827736394,483.54,116.1799472,38.8121108,608.21,681.7861912146183,-26.48596246227455,-8.722901406779215,7.109570202745658,-0.11716223882195008,1.001165820547123,0.9861989649223691,1739,1715,loftr,-99.59241923349008,scheme_b_pairwise,NA,False,270.8419859572029,124.67000000000002
1734763704600,F:\agent\UAV\data\IR-image\1734763704600.jpg,116.17689290309214,38.81189865516058,483.54,116.1800025,38.8121105,609.02,686.8079740738666,-24.718031523681255,-7.241842462274178,13.071536468238946,-0.00795510081990616,1.0007505246938437,0.9909706546275395,1772,1756,loftr,-99.59241923349008,scheme_b_pairwise,NA,False,270.4555469079591,125.47999999999996
1734763704800,F:\agent\UAV\data\IR-image\1734763704800.jpg,116.17694364616528,38.8118976086938,483.54,116.1800576,38.8121101,609.75,691.2094863002031,-24.834524206496003,-1.736326079991727,12.236262609811604,0.3142770394553893,0.9998845976717985,1.0,1806,1806,loftr,-99.59241923349008,scheme_b_pairwise,NA,False,270.83788009011676,126.20999999999998
1734763705000,F:\agent\UAV\data\IR-image\1734763705000.jpg,116.1769721407717,38.81189833893269,483.54,116.1801124,38.8121096,610.47,693.68114106467,-24.75323401269722,-1.3810575082980563,6.802613706681939,0.24785657968036842,1.0008228548311275,0.9425287356321839,1740,1640,loftr,-99.59241923349008,scheme_b_pairwise,NA,False,273.09666431044974,126.93
1734763705200,F:\agent\UAV\data\IR-image\1734763705200.jpg,116.1769919114825,38.811904962780396,483.54,116.1801668,38.8121092,611.23,695.3960751412569,-24.01586728682293,-2.842893553983629,4.40141872831822,0.3325655333022301,1.0010264694633504,0.9976717112922002,1718,1714,loftr,-99.59241923349008,scheme_b_pairwise,NA,False,276.020713495351,127.69
1734763705400,F:\agent\UAV\data\IR-image\1734763705400.jpg,116.17703266863867,38.81190595774135,483.54,116.180221,38.8121089,611.97,698.9313975031481,-23.905108232617543,-1.9601296125794647,9.732672780611665,0.20193373303627857,1.0012059871548358,1.0,1806,1806,loftr,-99.59241923349008,scheme_b_pairwise,NA,False,277.16976009299685,128.43
1734763705600,F:\agent\UAV\data\IR-image\1734763705600.jpg,116.17707934896875,38.81191353149923,483.54,116.1802749,38.8121086,612.66,702.9805027471871,-23.06199750560156,-4.227324553025369,10.812090284362853,0.06357213513469444,1.001927510578115,0.9919802590993214,1621,1608,loftr,-99.59241923349008,scheme_b_pairwise,NA,False,277.72346357985015,129.11999999999995
1734763705800,F:\agent\UAV\data\IR-image\1734763705800.jpg,116.17710593405918,38.811896431828046,483.54,116.1803286,38.8121084,613.35,705.2865239103327,-24.965532902308812,4.1896857622563175,7.272570148183263,-0.02323796952721725,1.0001720578924451,0.9794776119402985,1608,1575,loftr,-99.59241923349008,scheme_b_pairwise,NA,False,280.21752500825056,129.81
1734763706000,F:\agent\UAV\data\IR-image\1734763706000.jpg,116.17710599121276,38.81189641788416,483.54,116.1803819,38.8121083,614.08,705.291481476744,-24.967085135980085,0.0019771943227056,0.014446761413182685,-0.00046880475383401547,1.0000169468614235,1.0,1848,1848,loftr,-99.59241923349008,scheme_b_pairwise,NA,False,284.8138204669675,130.54000000000002
1734763706200,F:\agent\UAV\data\IR-image\1734763706200.jpg,116.17710604954287,38.81189640451571,483.54,116.180435,38.812108,614.75,705.2965410975809,-24.9685733113417,0.001752170079669213,0.014699248490899208,-0.00045411917857476403,1.0000157436245434,1.0,1848,1848,loftr,-99.59241923349008,scheme_b_pairwise,NA,False,289.3914665755751,131.20999999999998
1734763706400,F:\agent\UAV\data\IR-image\1734763706400.jpg,116.17710610787299,38.811896391147265,483.54,116.180488,38.8121077,615.34,705.3016007184177,-24.970061486703315,0.001752170079669213,0.014699248490899208,-0.00045411917857476403,1.0000157436245434,1.0,1848,1848,loftr,-99.59241923349008,scheme_b_pairwise,NA,False,293.96104411964217,131.8
1734763706600,F:\agent\UAV\data\IR-image\1734763706600.jpg,116.1771061662031,38.811896377778815,483.54,116.1805407,38.8121075,615.98,705.3066603392546,-24.97154966206493,0.001752170079669213,0.014699248490899208,-0.00045411917857476403,1.0000157436245434,1.0,1848,1848,loftr,-99.59241923349008,scheme_b_pairwise,NA,False,298.5061231216995,132.44
1734763706800,F:\agent\UAV\data\IR-image\1734763706800.jpg,116.1771062245332,38.81189636441037,483.54,116.1805932,38.8121074,616.62,705.3117199600914,-24.973037837426546,0.001752170079669213,0.014699248490899208,-0.00045411917857476403,1.0000157436245434,1.0,1848,1848,loftr,-99.59241923349008,scheme_b_pairwise,NA,False,303.0352682769946,133.07999999999998
1734763707000,F:\agent\UAV\data\IR-image\1734763707000.jpg,116.17710628286332,38.81189635104193,483.54,116.1806455,38.8121073,617.18,705.3167795809283,-24.97452601278816,0.001752170079669213,0.014699248490899208,-0.00045411917857476403,1.0000157436245434,1.0,1848,1848,loftr,-99.59241923349008,scheme_b_pairwise,NA,False,307.5475663604611,133.63999999999993
1734763707200,F:\agent\UAV\data\IR-image\1734763707200.jpg,116.17710634119344,38.81189633767348,483.54,116.1806975,38.8121071,617.74,705.3218392017651,-24.976014188149776,0.001752170079669213,0.014699248490899208,-0.00045411917857476403,1.0000157436245434,1.0,1848,1848,loftr,-99.59241923349008,scheme_b_pairwise,NA,False,312.03351909726376,134.2
1734763707400,F:\agent\UAV\data\IR-image\1734763707400.jpg,116.17710639952355,38.81189632430504,483.54,116.1807493,38.812107,618.32,705.326898822602,-24.97750236351139,0.001752170079669213,0.014699248490899208,-0.00045411917857476403,1.0000157436245434,1.0,1848,1848,loftr,-99.59241923349008,scheme_b_pairwise,NA,False,316.50342558532634,134.78000000000003
1734763707600,F:\agent\UAV\data\IR-image\1734763707600.jpg,116.17710645785367,38.81189631093659,483.54,116.180801,38.8121069,618.87,705.3319584434388,-24.978990538873006,0.001752170079669213,0.014699248490899208,-0.00045411917857476403,1.0000157436245434,1.0,1848,1848,loftr,-99.59241923349008,scheme_b_pairwise,NA,False,320.96505915433397,135.32999999999998
1734763707800,F:\agent\UAV\data\IR-image\1734763707800.jpg,116.17710651618378,38.81189629756815,483.54,116.1808524,38.8121067,619.42,705.3370180642756,-24.98047871423462,0.001752170079669213,0.014699248490899208,-0.00045411917857476403,1.0000157436245434,1.0,1848,1848,loftr,-99.59241923349008,scheme_b_pairwise,NA,False,325.40031934439753,135.87999999999994
1734763708000,F:\agent\UAV\data\IR-image\1734763708000.jpg,116.1771065745139,38.8118962841997,483.54,116.1809036,38.8121066,620.01,705.3420776851125,-24.981966889596237,0.001752170079669213,0.014699248490899208,-0.00045411917857476403,1.0000157436245434,1.0,1848,1848,loftr,-99.59241923349008,scheme_b_pairwise,NA,False,329.81943878635013,136.46999999999997
1734763708200,F:\agent\UAV\data\IR-image\1734763708200.jpg,116.17748302357516,38.811894748649095,483.54,116.1809546,38.8121065,620.6,737.9957000024525,-25.152904382755654,-14.800104156870816,90.45322987917808,1.9413978729002141,1.0079203805592714,0.760806916426513,1388,1056,loftr,-99.59241923349008,scheme_b_pairwise,NA,False,301.71126454572624,137.06
1734763708400,F:\agent\UAV\data\IR-image\1734763708400.jpg,116.17751860231452,38.81188734595898,483.54,116.1810054,38.8121065,621.15,741.081840563665,-25.976971846318463,0.8372255041834364,8.926751718749642,0.2802773084730593,1.0007349304409046,0.999439461883408,1784,1783,loftr,-99.59241923349008,scheme_b_pairwise,NA,False,303.0911764397013,137.60999999999996
1734763708600,F:\agent\UAV\data\IR-image\1734763708600.jpg,116.17757397269358,38.81194268287939,483.54,116.1810561,38.8121066,621.66,745.8847305998378,-19.81686586668226,-19.295392087474625,10.411353360845283,-0.03307568561858489,1.000147106259883,0.8808022922636103,1745,1537,loftr,-99.59241923349008,scheme_b_pairwise,NA,False,302.2552314734907,138.11999999999995
1734763708800,F:\agent\UAV\data\IR-image\1734763708800.jpg,116.17756277501918,38.811918971810954,483.54,116.1811066,38.8121069,622.18,744.9134315095881,-22.456382004895868,7.7595239423378075,-1.453610018833018,0.25301857502101893,1.0022980292785242,0.8789772727272728,1760,1547,loftr,-99.59241923349008,scheme_b_pairwise,NA,False,307.76120105052183,138.63999999999993
1734763709000,F:\agent\UAV\data\IR-image\1734763709000.jpg,116.17758817946545,38.81188722059385,483.54,116.181157,38.8121072,622.78,747.1170422463891,-25.990927492190764,8.751625607462472,7.752013800540624,0.2565675452047628,1.0016212860550953,0.9558739255014327,1745,1668,loftr,-99.59241923349008,scheme_b_pairwise,NA,False,310.18270202241206,139.23999999999995
1734763709200,F:\agent\UAV\data\IR-image\1734763709200.jpg,116.17762929974394,38.811860006356966,483.54,116.1812075,38.8121075,623.34,750.6838622548802,-29.020416343039983,6.716194876944314,11.288646222273314,0.8730332399750127,0.9990758885976322,0.946242774566474,1730,1637,loftr,-99.59241923349008,scheme_b_pairwise,NA,False,311.2485119410895,139.8
1734763709400,F:\agent\UAV\data\IR-image\1734763709400.jpg,116.1776487243904,38.811807797107285,483.54,116.1812579,38.8121078,623.93,752.3687783137682,-34.83235001702531,15.297213609381913,7.381667746804112,0.8289167302314542,1.0008148957747556,0.9790382244143033,1622,1588,loftr,-99.59241923349008,scheme_b_pairwise,NA,False,314.48767836507426,140.38999999999993
1734763709600,F:\agent\UAV\data\IR-image\1734763709600.jpg,116.17767292249295,38.811751355596954,483.54,116.1813082,38.8121082,624.56,754.4677494176582,-41.11541894759643,16.40747612303295,8.747986377395591,0.8367124091149983,1.0001204907384722,0.9842995169082126,1656,1630,loftr,-99.59241923349008,scheme_b_pairwise,NA,False,317.4646100500082,141.01999999999992
1734763709800,F:\agent\UAV\data\IR-image\1734763709800.jpg,116.17769553477191,38.81174070961465,483.54,116.1813585,38.8121086,625.16,756.429164368067,-42.300529697772376,2.362533162266459,5.982794911250551,0.34359374941961845,0.9958273431842753,0.5354796320630749,1522,815,loftr,-99.59241923349008,scheme_b_pairwise,NA,False,319.99963333924995,141.61999999999995
1734763710000,F:\agent\UAV\data\IR-image\1734763710000.jpg,116.17770410930318,38.811698097702354,483.54,116.1814088,38.8121091,625.8,757.1729290221208,-47.04408777399011,12.780549079322668,4.277189908513833,-0.5012123428639451,1.0004312010703338,0.9622991347342398,1618,1557,loftr,-99.59241923349008,scheme_b_pairwise,NA,False,324.22656841494165,142.25999999999993
1734763710200,F:\agent\UAV\data\IR-image\1734763710200.jpg,116.17776032311285,38.81172259848731,483.54,116.1814591,38.8121099,626.47,762.0489791935012,-44.31666039273077,-9.82921340276215,12.219412987472936,-1.18635681687986,1.0016094156492024,0.9436532507739938,1615,1524,loftr,-99.59241923349008,scheme_b_pairwise,NA,False,323.3577078628176,142.93
1734763710400,F:\agent\UAV\data\IR-image\1734763710400.jpg,116.1778110638959,38.81166844226603,483.54,116.1815096,38.8121108,627.03,766.4502927749633,-50.34533094539054,14.626511558541324,15.001037119870318,-1.2348919217614243,1.0002333724640686,0.9858809085328423,1629,1606,loftr,-99.59241923349008,scheme_b_pairwise,NA,False,324.20933050515845,143.48999999999995
1734763710600,F:\agent\UAV\data\IR-image\1734763710600.jpg,116.17783551320129,38.81166874797585,483.54,116.1815603,38.8121115,627.57,768.571053499484,-50.31129932846811,-1.0861381268928199,5.853571841816461,-0.8866409819949768,1.0010789306955532,0.9780033840947546,1773,1734,loftr,-99.59241923349008,scheme_b_pairwise,NA,False,326.46425768144894,144.03000000000003
1734763710800,F:\agent\UAV\data\IR-image\1734763710800.jpg,116.17787040305394,38.8116794822325,483.54,116.181611,38.8121118,628.17,771.5974392402213,-49.1163618781121,-4.722691885592042,7.817015790506332,-0.6300908041535764,0.9983628605327047,0.790626902008521,1643,1299,loftr,-99.59241923349008,scheme_b_pairwise,NA,False,327.6462509663955,144.62999999999994
1734763711000,F:\agent\UAV\data\IR-image\1734763711000.jpg,116.17790814798876,38.811709583325374,483.54,116.1816619,38.812112,628.75,774.871478074547,-45.76550821923337,-10.805314647614125,7.494034455716985,-0.39323763233496595,0.9999185531738924,0.9594672843080486,1727,1657,loftr,-99.59241923349008,scheme_b_pairwise,NA,False,328.3040322561345,145.20999999999998
1734763711200,F:\agent\UAV\data\IR-image\1734763711200.jpg,116.17795502741146,38.811773003785135,483.54,116.1817128,38.812112,629.36,778.9378528410298,-38.70554263907249,-21.44138120503186,7.952054051482776,0.0485802069309199,0.9995692825067238,0.9970997679814385,1724,1719,loftr,-99.59241923349008,scheme_b_pairwise,NA,False,327.76330587303016,145.82
1734763711400,F:\agent\UAV\data\IR-image\1734763711400.jpg,116.17797853852997,38.811825830096886,483.54,116.1817639,38.8121117,630.02,780.9772341628889,-32.82491761476745,-17.22930518008161,2.893695207703388,0.016221766054699268,1.0025490218480515,0.8224061107574793,1571,1292,loftr,-99.59241923349008,scheme_b_pairwise,NA,False,329.51561962033594,146.47999999999996
1734763711600,F:\agent\UAV\data\IR-image\1734763711600.jpg,116.17802514839073,38.81184380920176,483.54,116.181815,38.8121115,630.69,785.0202268170518,-30.8234836597797,-7.430280284861567,10.253386169863177,0.08818095930238176,1.001335095798475,0.9181765049678551,1711,1571,loftr,-99.59241923349008,scheme_b_pairwise,NA,False,329.7141773917137,147.15000000000003
1734763711800,F:\agent\UAV\data\IR-image\1734763711800.jpg,116.17806389356801,38.811836803344775,483.54,116.1818661,38.8121115,631.36,788.3810278266631,-31.60337565977067,0.5864960649377622,9.66624897633443,-0.036976977475855016,1.0016524196528012,0.9871220604703248,1786,1763,loftr,-99.59241923349008,scheme_b_pairwise,NA,False,330.8513185383252,147.82
1734763712000,F:\agent\UAV\data\IR-image\1734763712000.jpg,116.17810155401739,38.8118399429273,483.54,116.1819173,38.8121114,632.01,791.6477382988633,-31.253877333474662,-2.495233740479705,8.877586989925874,0.2610699750909224,1.0010592149769382,0.9988751406074241,1778,1776,loftr,-99.59241923349008,scheme_b_pairwise,NA,False,331.98649357833773,148.46999999999997
1734763712200,F:\agent\UAV\data\IR-image\1734763712200.jpg,116.17812936744662,38.811839712907485,483.54,116.1819686,38.8121111,632.64,794.0603069743455,-31.279483139004522,-1.0575719521854126,6.689083886942399,0.48214085754100716,1.0020302377277701,0.9852670349907919,1629,1605,loftr,-99.59241923349008,scheme_b_pairwise,NA,False,334.0123842574058,149.09999999999997
1734763712400,F:\agent\UAV\data\IR-image\1734763712400.jpg,116.17815719032215,38.811842106139025,483.54,116.1820199,38.8121108,633.3,796.4736950346804,-31.013068603572695,-1.8661606421619013,6.554763916656668,0.19571107402426063,1.0018817654916488,0.9953379953379954,1716,1708,loftr,-99.59241923349008,scheme_b_pairwise,NA,False,336.0115012694835,149.75999999999993
1734763712600,F:\agent\UAV\data\IR-image\1734763712600.jpg,116.17818805577465,38.8118386471288,483.54,116.1820713,38.8121107,633.96,799.150999701388,-31.39812562175936,-0.18656846051430875,7.589903640590364,0.046152604258581864,0.9984209985664606,0.9492753623188406,1656,1572,loftr,-99.59241923349008,scheme_b_pairwise,NA,False,337.8169361193855,150.42000000000002
1734763712800,F:\agent\UAV\data\IR-image\1734763712800.jpg,116.17821429707865,38.81182639786819,483.54,116.1821229,38.8121104,634.57,801.4272004365415,-32.761713313272814,2.7092561296885833,6.9374864282748945,0.3542010574846459,0.9995909459795616,0.956860395446375,1669,1597,loftr,-99.59241923349008,scheme_b_pairwise,NA,False,340.1261656688037,151.03000000000003
1734763713000,F:\agent\UAV\data\IR-image\1734763713000.jpg,116.17824701268346,38.811831458416066,483.54,116.1821746,38.8121101,635.13,804.2649894302315,-32.19837312363817,-2.8864487700192853,7.590468279042739,0.47177709722274186,1.0013461742205603,0.9463414634146341,1640,1552,loftr,-99.59241923349008,scheme_b_pairwise,NA,False,341.7094047656513,151.58999999999997
1734763713200,F:\agent\UAV\data\IR-image\1734763713200.jpg,116.17827013917586,38.81183444204387,483.54,116.1822264,38.81211,635.69,806.2710078437315,-31.86623567665892,-1.8575171346807906,5.396573000491003,0.046601867844161975,0.9999751009280877,0.9915671117357695,1423,1411,loftr,-99.59241923349008,scheme_b_pairwise,NA,False,344.15292773012544,152.15000000000003
1734763713400,F:\agent\UAV\data\IR-image\1734763713400.jpg,116.17831242173897,38.81182909878507,483.54,116.1822782,38.81211,636.26,809.938645747862,-32.461047246417344,-0.06925676174103046,10.42889287305701,-0.29374788774168736,1.0014152245387455,0.988359201773836,1804,1783,loftr,-99.59241923349008,scheme_b_pairwise,NA,False,345.02758177478785,152.71999999999997
1734763713600,F:\agent\UAV\data\IR-image\1734763713600.jpg,116.178336515293,38.81181624605981,483.54,116.1823301,38.8121101,636.83,812.0285481932145,-33.891812621965656,2.98231734603894,6.453302200280689,-0.39265620354264447,1.0010885060670058,0.9674247080516287,1627,1574,loftr,-99.59241923349008,scheme_b_pairwise,NA,False,347.5594957339791,153.29000000000002
1734763713800,F:\agent\UAV\data\IR-image\1734763713800.jpg,116.17837443151781,38.81183376018375,483.54,116.182382,38.8121101,637.44,815.3174449175398,-31.94214034504394,-6.934306892592929,8.19053528113551,-0.3890177655544728,1.0018491086905252,0.9549382716049383,1620,1547,loftr,-99.59241923349008,scheme_b_pairwise,NA,False,348.5886524839365,153.90000000000003
1734763714000,F:\agent\UAV\data\IR-image\1734763714000.jpg,116.17840130437364,38.8118070880247,483.54,116.1824341,38.8121102,638.07,817.6484271812078,-34.911285090794124,7.127227324858268,7.840074645253765,-0.7365208977346611,1.000268628054325,0.8684043229497775,1573,1366,loftr,-99.59241923349008,scheme_b_pairwise,NA,False,351.0393519176615,154.53000000000003
1734763714200,F:\agent\UAV\data\IR-image\1734763714200.jpg,116.17842725390207,38.8118052670489,483.54,116.1824862,38.8121104,638.74,819.8993189691394,-35.11399611601671,-0.49178780347722295,6.324459492814242,-0.7095549847807407,0.9985075678672485,0.9168674698795181,1660,1522,loftr,-99.59241923349008,scheme_b_pairwise,NA,False,353.31624605923105,155.2
1734763714400,F:\agent\UAV\data\IR-image\1734763714400.jpg,116.17846635995534,38.81182621317299,483.54,116.1825385,38.8121105,639.41,823.2914227763692,-32.782273582350086,-8.0399556095756,8.297476971959554,-0.33656223334139174,1.001478480785879,0.9786497403346798,1733,1696,loftr,-99.59241923349008,scheme_b_pairwise,NA,False,354.23973492925114,155.86999999999995
1734763714600,F:\agent\UAV\data\IR-image\1734763714600.jpg,116.17851215300225,38.81184766212645,483.54,116.1825911,38.8121105,640.08,827.2635640627101,-30.39457608353428,-8.466176851431214,9.876627071462622,0.12386798360758317,1.0005111362369439,0.9949152542372881,1770,1761,loftr,-99.59241923349008,scheme_b_pairwise,NA,False,354.62259152801767,156.54000000000002
1734763714800,F:\agent\UAV\data\IR-image\1734763714800.jpg,116.17853950387607,38.8118474939539,483.54,116.1826438,38.8121104,640.77,829.6360101531901,-30.413297051861246,-1.0578599805443787,6.57481898515465,0.3843279872277938,1.0007998612809805,0.9775421085464754,1603,1567,loftr,-99.59241923349008,scheme_b_pairwise,NA,False,356.8121364466655,157.22999999999996
1734763715000,F:\agent\UAV\data\IR-image\1734763715000.jpg,116.17857635896718,38.81186327963037,483.54,116.1826966,38.8121105,641.52,832.8328629263333,-28.65603554677996,-6.358732241318592,8.025788293165135,0.010953513954803935,1.0012677850804947,0.95,1640,1558,loftr,-99.59241923349008,scheme_b_pairwise,NA,False,358.050868520773,157.97999999999996
1734763715200,F:\agent\UAV\data\IR-image\1734763715200.jpg,116.17861582320401,38.81188778029476,483.54,116.1827495,38.8121106,642.29,836.2560359854639,-25.928621587747426,-9.149616801214165,8.1983871130779,0.009624589125130012,1.0017005821243685,0.9982954545454545,1760,1757,loftr,-99.59241923349008,scheme_b_pairwise,NA,False,359.0140644382738,158.74999999999994
1734763715400,F:\agent\UAV\data\IR-image\1734763715400.jpg,116.17865490752277,38.8118495825846,483.54,116.1828026,38.8121107,643.07,839.6462545161509,-30.18079068251877,10.182728786978885,11.371766602668856,0.20317919795586528,0.9999856072312555,0.9983069977426636,1772,1769,loftr,-99.59241923349008,scheme_b_pairwise,NA,False,360.5435825493364,159.53000000000003
1734763715600,F:\agent\UAV\data\IR-image\1734763715600.jpg,116.17867573369696,38.81184596509301,483.54,116.1828557,38.8121108,643.83,841.4527406959255,-30.583489845700143,0.269569613351166,5.18804857725263,0.17923933356965624,1.0005362919103051,0.9823113207547169,1696,1666,loftr,-99.59241923349008,scheme_b_pairwise,NA,False,363.3641787790956,160.29000000000002
1734763715800,F:\agent\UAV\data\IR-image\1734763715800.jpg,116.17871076482292,38.81182023653076,483.54,116.1829091,38.8121109,644.62,844.4913806451419,-33.44759339618,6.505516454669419,9.749480847492634,0.21076370696548866,0.9998268999746246,0.9830111306385472,1707,1678,loftr,-99.59241923349008,scheme_b_pairwise,NA,False,365.1935498556128,161.07999999999998
1734763716000,F:\agent\UAV\data\IR-image\1734763716000.jpg,116.17873846951638,38.81179019749477,483.54,116.1829626,38.812111,645.39,846.8945174544535,-36.791538882416404,8.130789506636006,8.215078924588397,0.16345173696662144,0.9998562361357588,0.9971623155505108,1762,1757,loftr,-99.59241923349008,scheme_b_pairwise,NA,False,367.72987174985457,161.84999999999997
1734763716200,F:\agent\UAV\data\IR-image\1734763716200.jpg,116.17877351047295,38.81179318352639,483.54,116.1830162,38.8121111,646.18,849.9340101236297,-36.45913384259293,-2.3416483761585596,8.256726368240152,-0.021623698088036682,1.0001361610207768,0.9994453688297282,1803,1802,loftr,-99.59241923349008,scheme_b_pairwise,NA,False,369.299486006094,162.63999999999993
1734763716400,F:\agent\UAV\data\IR-image\1734763716400.jpg,116.17881369695546,38.811798249686284,483.54,116.18307,38.8121114,647.01,853.4198315979074,-35.89516892314054,-3.1912843637946366,9.383692824488946,-0.11874385141970185,1.000317795628381,0.9532710280373832,1712,1632,loftr,-99.59241923349008,scheme_b_pairwise,NA,False,370.4234080392131,163.46999999999997
1734763716600,F:\agent\UAV\data\IR-image\1734763716600.jpg,116.17883121856863,38.811788498418046,483.54,116.1831239,38.8121116,647.88,854.9396763732947,-36.980680103119596,2.293415212538605,4.71410419729682,0.3539794924042296,1.0009578940753396,0.8036465638148668,1426,1146,loftr,-99.59241923349008,scheme_b_pairwise,NA,False,373.6663297830496,164.33999999999997
1734763716800,F:\agent\UAV\data\IR-image\1734763716800.jpg,116.17888091225184,38.81177640328338,483.54,116.1831779,38.8121117,648.78,859.2501633164532,-38.32711049420526,1.7102669731478386,12.55962113948965,0.2045279428458906,1.0008291808731835,0.9977839335180055,1805,1801,loftr,-99.59241923349008,scheme_b_pairwise,NA,False,374.1704363051906,165.23999999999995
1734763717000,F:\agent\UAV\data\IR-image\1734763717000.jpg,116.17890582031784,38.81177401086849,483.54,116.1832321,38.8121118,649.68,861.4107174603555,-38.593434120169285,-0.27347745208237484,6.104191705327935,0.24470838491504593,0.9999009312370858,0.9928741092636579,1684,1672,loftr,-99.59241923349008,scheme_b_pairwise,NA,False,376.7233985813039,166.13999999999993
1734763717200,F:\agent\UAV\data\IR-image\1734763717200.jpg,116.17893210798998,38.81177692582592,483.54,116.1832865,38.8121119,650.58,863.6909402209598,-38.26894105887469,-1.9646148612502543,6.159045821667576,0.15651941993777152,1.0003379743661474,0.9994008388256441,1669,1668,loftr,-99.59241923349008,scheme_b_pairwise,NA,False,379.1162161590146,167.04000000000002
1734763717400,F:\agent\UAV\data\IR-image\1734763717400.jpg,116.17895384930921,38.81176930493272,483.54,116.1833412,38.8121121,651.48,865.5768071286144,-39.11729888995674,1.4658606787856456,5.616194918574081,-0.03265785044879444,1.0001268884930188,0.974950560316414,1517,1479,loftr,-99.59241923349008,scheme_b_pairwise,NA,False,382.04398128725063,167.94
1734763717600,F:\agent\UAV\data\IR-image\1734763717600.jpg,116.17897783834445,38.811747780058255,483.54,116.183396,38.8121123,652.35,867.657643494639,-41.51344791526152,5.658386507172452,6.879752988152973,-0.5237189729602604,1.0002526837486505,0.980794701986755,1510,1481,loftr,-99.59241923349008,scheme_b_pairwise,NA,False,384.9472554803255,168.81
1734763717800,F:\agent\UAV\data\IR-image\1734763717800.jpg,116.17903035650559,38.81174507450343,483.54,116.1834511,38.8121126,653.22,872.2131288845536,-41.814630278435494,-1.2971910570538512,12.748789549203025,-0.6211282862180477,0.9998977607090777,0.9994288977727013,1751,1750,loftr,-99.59241923349008,scheme_b_pairwise,NA,False,385.20503281413824,169.68
1734763718000,F:\agent\UAV\data\IR-image\1734763718000.jpg,116.17906879747059,38.811745130426274,483.54,116.1835065,38.8121128,654.04,875.547542173296,-41.80840494758801,-1.5768465957716558,9.225523926321102,-0.3516637540147453,1.0001909029956204,0.9994462901439646,1806,1805,loftr,-99.59241923349008,scheme_b_pairwise,NA,False,386.667863647072,170.49999999999994
1734763718200,F:\agent\UAV\data\IR-image\1734763718200.jpg,116.17911133705749,38.811739490918676,483.54,116.183562,38.8121129,654.85,879.2374746155108,-42.43619493338848,0.011587520358830261,10.506021109097105,-0.2567715204013906,1.0006654685584204,0.9988901220865705,1802,1800,loftr,-99.59241923349008,scheme_b_pairwise,NA,False,387.8523482654054,171.31
1734763718400,F:\agent\UAV\data\IR-image\1734763718400.jpg,116.17915607217539,38.81178991039666,483.54,116.1836179,38.8121129,655.64,883.117849929439,-36.823498643817935,-17.348871255692814,8.11421212216976,0.00648843100917799,1.0003174138470774,0.9632972322503008,1662,1601,loftr,-99.59241923349008,scheme_b_pairwise,NA,False,388.2553514400236,172.09999999999997
1734763718600,F:\agent\UAV\data\IR-image\1734763718600.jpg,116.17919797802722,38.81185348500704,483.54,116.183674,38.8121129,656.43,886.7528114672828,-29.746373015868734,-21.287087471443158,6.75003378334435,0.09893466371659589,1.0014039116192217,0.9570737605804112,1654,1583,loftr,-99.59241923349008,scheme_b_pairwise,NA,False,388.8916042447405,172.88999999999993
1734763718800,F:\agent\UAV\data\IR-image\1734763718800.jpg,116.17923063178847,38.81185607142068,483.54,116.1837303,38.8121128,657.22,889.5852360804305,-29.45845345002678,-2.1216761751088598,7.704445118940839,0.40722953832401426,0.9995700389438044,0.9952885747938751,1698,1690,loftr,-99.59241923349008,scheme_b_pairwise,NA,False,390.9128595863941,173.68
1734763719000,F:\agent\UAV\data\IR-image\1734763719000.jpg,116.17923940124258,38.811825511146694,483.54,116.1837868,38.8121127,658.03,890.3459085646558,-32.86042315054583,9.059615062086209,3.696478623390078,0.08009829315322678,1.0014095739640358,0.9718066743383199,1738,1689,loftr,-99.59241923349008,scheme_b_pairwise,NA,False,395.29677702018256,174.48999999999995
1734763719200,F:\agent\UAV\data\IR-image\1734763719200.jpg,116.17927072989723,38.81179528219413,483.54,116.1838433,38.8121128,658.9,893.0633919158795,-36.22551014921611,8.042271033893996,9.094963710364937,-0.29115970165415533,0.9995488946469634,0.9994347088750707,1769,1768,loftr,-99.59241923349008,scheme_b_pairwise,NA,False,397.75587304484264,175.35999999999996
1734763719400,F:\agent\UAV\data\IR-image\1734763719400.jpg,116.17930467906066,38.81178262207551,483.54,116.1839,38.812113,659.77,896.0081811980692,-37.63483455431417,2.5231172817101424,8.809287448156965,-0.2908931493646795,1.001231574485476,0.9954519613416714,1759,1751,loftr,-99.59241923349008,scheme_b_pairwise,NA,False,399.84823321219653,176.22999999999996
1734763719600,F:\agent\UAV\data\IR-image\1734763719600.jpg,116.17934147098818,38.8117814666191,483.54,116.183957,38.812113,660.58,899.1995550878872,-37.763459961807214,-1.1367247678142576,8.892717439125079,-0.21396262594883217,0.9996513827648358,1.0,1805,1805,loftr,-99.59241923349008,scheme_b_pairwise,NA,False,401.60354513978797,177.04000000000002
1734763719800,F:\agent\UAV\data\IR-image\1734763719800.jpg,116.17937773048651,38.8117616422077,483.54,116.1840141,38.812113,661.35,902.3447454624068,-39.970313439345674,4.636651564858823,9.736955483589043,0.48178998376246335,0.9988598780194747,0.7981762917933131,1645,1313,loftr,-99.59241923349008,scheme_b_pairwise,NA,False,403.60913258154,177.81
1734763720000,F:\agent\UAV\data\IR-image\1734763720000.jpg,116.17940938085809,38.81179485244796,483.54,116.1840716,38.8121128,662.08,905.09013490854,-36.27334949344228,-11.515954174004037,5.86903900017785,0.4782033449139518,1.0000888651749869,0.9876160990712074,1615,1595,loftr,-99.59241923349008,scheme_b_pairwise,NA,False,405.49751507631373,178.54000000000002
1734763720200,F:\agent\UAV\data\IR-image\1734763720200.jpg,116.17944086784438,38.811812624728745,483.54,116.1841293,38.8121125,662.81,907.8213521270144,-34.29493919597308,-6.752997769118906,6.633640759055197,0.39949477574133346,1.003099311472606,0.9270833333333334,1440,1335,loftr,-99.59241923349008,scheme_b_pairwise,NA,False,407.5907470981075,179.26999999999992
1734763720400,F:\agent\UAV\data\IR-image\1734763720400.jpg,116.17947605058184,38.81183155788345,483.54,116.1841872,38.8121123,663.43,910.8731430318109,-32.187300414461056,-7.260598007491467,7.460426900683956,0.1886287298276377,1.0032628524703813,0.8418777022853613,1619,1363,loftr,-99.59241923349008,scheme_b_pairwise,NA,False,409.384717184137,179.88999999999993
1734763720600,F:\agent\UAV\data\IR-image\1734763720600.jpg,116.17948895729613,38.811835020513286,483.54,116.1842455,38.8121122,663.99,911.9926861982644,-31.801840460995507,-1.590460053023321,2.9181932024204684,0.16003799485108472,1.0005959993339033,1.0,1807,1807,loftr,-99.59241923349008,scheme_b_pairwise,NA,False,413.27668793134325,180.45
1734763720800,F:\agent\UAV\data\IR-image\1734763720800.jpg,116.17950571106721,38.81182508502625,483.54,116.1843039,38.812112,664.61,913.4459274711504,-32.90785887780058,2.381324435785757,4.539362000433755,-0.11824146091987062,1.0018018659007237,0.9682024659312135,1541,1492,loftr,-99.59241923349008,scheme_b_pairwise,NA,False,416.95658436790455,181.07
1734763721000,F:\agent\UAV\data\IR-image\1734763721000.jpg,116.1795600254831,38.81182940699501,483.54,116.1843624,38.8121121,665.25,918.1572220530344,-32.42673731593843,-3.535199225468375,12.81410253527622,-0.582710399014416,1.0005570510494415,0.9704641350210971,1659,1610,loftr,-99.59241923349008,scheme_b_pairwise,NA,False,417.2825376191964,181.70999999999998
1734763721200,F:\agent\UAV\data\IR-image\1734763721200.jpg,116.17959025614138,38.81181709408089,483.54,116.1844211,38.8121123,665.85,920.7794639436353,-33.79741091556945,2.567012252038012,7.898516026849904,-0.832610056083236,1.0003853534530744,0.9824458747805734,1709,1679,loftr,-99.59241923349008,scheme_b_pairwise,NA,False,419.84879393414747,182.31
1734763721400,F:\agent\UAV\data\IR-image\1734763721400.jpg,116.17963863693306,38.81180264113887,483.54,116.1844799,38.8121125,666.5,924.9760691724092,-35.40631242165693,2.4899572708136475,12.367204791800134,-0.35901755992579015,1.0010443310055905,0.9826489300173511,1729,1699,loftr,-99.59241923349008,scheme_b_pairwise,NA,False,420.8790901272143,182.95999999999998
1734763721600,F:\agent\UAV\data\IR-image\1734763721600.jpg,116.17967102819843,38.81180475129188,483.54,116.1845388,38.8121124,667.17,927.7857245931086,-35.171410187660975,-1.9642936862234137,7.666226314760195,0.37532569890929207,0.9989862316380296,0.8508771929824561,1710,1455,loftr,-99.59241923349008,scheme_b_pairwise,NA,False,423.14830067598183,183.62999999999994
1734763721800,F:\agent\UAV\data\IR-image\1734763721800.jpg,116.17971333893396,38.811793211369356,483.54,116.1845979,38.8121121,667.86,931.4558062066742,-36.45603436362213,1.8387490836710754,10.758304705637954,0.5791774253473969,1.0011557185898596,0.8707520891364903,1795,1563,loftr,-99.59241923349008,scheme_b_pairwise,NA,False,424.7008024349781,184.32
1734763722000,F:\agent\UAV\data\IR-image\1734763722000.jpg,116.1797547144529,38.81181094367155,483.54,116.1846569,38.8121117,668.59,935.0447660622851,-34.482074482900536,-7.141875702662787,9.009640089003483,0.5549415475952413,1.0016500386876488,0.9412117576484703,1667,1569,loftr,-99.59241923349008,scheme_b_pairwise,NA,False,426.05949548006333,185.05
1734763722200,F:\agent\UAV\data\IR-image\1734763722200.jpg,116.17979451999896,38.81186302468462,483.54,116.1847158,38.8121113,669.37,938.4975446741153,-28.684416108306728,-17.660777270137885,6.844267950491712,0.28269864076198065,1.0002768542301075,0.9311663479923518,1569,1461,loftr,-99.59241923349008,scheme_b_pairwise,NA,False,427.29199487482754,185.82999999999998
1734763722400,F:\agent\UAV\data\IR-image\1734763722400.jpg,116.17985087411095,38.81191019344315,483.54,116.1847745,38.812111,670.12,943.3857648301705,-23.433589908690195,-16.81875018086538,11.07281661752279,0.28664822757563524,1.0001033723677768,0.9477791116446579,1666,1579,loftr,-99.59241923349008,scheme_b_pairwise,NA,False,427.18629724073946,186.57999999999998
1734763722600,F:\agent\UAV\data\IR-image\1734763722600.jpg,116.17986710563386,38.81190746504197,483.54,116.1848331,38.8121107,670.86,944.7937056992228,-23.737315528422844,0.18206010154813157,4.038727756067544,-0.07435320901409856,1.0004459476604348,0.9988344988344988,1716,1714,loftr,-99.59241923349008,scheme_b_pairwise,NA,False,430.86638113354724,187.32
1734763722800,F:\agent\UAV\data\IR-image\1734763722800.jpg,116.1798985236067,38.811871000430415,483.54,116.1848915,38.8121107,671.69,947.5189366118457,-27.79655608651699,9.95981025939318,9.441085073899558,-0.6832527625414322,1.0006629797630997,0.7532544378698225,1690,1273,loftr,-99.59241923349008,scheme_b_pairwise,NA,False,433.4315547661836,188.15000000000003
1734763723000,F:\agent\UAV\data\IR-image\1734763723000.jpg,116.17995283967072,38.81186817208813,483.54,116.1849498,38.8121108,672.48,952.2303741553726,-28.111407149147265,-1.3323051626392726,13.186801348332324,-0.39502923633741416,1.0008901331454756,0.9782608695652174,1702,1665,loftr,-99.59241923349008,scheme_b_pairwise,NA,False,433.7962236204767,188.94
1734763723200,F:\agent\UAV\data\IR-image\1734763723200.jpg,116.1799829825981,38.811850178241436,483.54,116.1850081,38.8121109,673.18,954.8450061673091,-30.114482163590807,4.320827330892428,8.173250063088176,-0.9061639076233468,1.000370518997061,0.9963702359346642,1653,1647,loftr,-99.59241923349008,scheme_b_pairwise,NA,False,436.36027309299726,189.63999999999993
1734763723400,F:\agent\UAV\data\IR-image\1734763723400.jpg,116.18000777438144,38.81183065187594,483.54,116.1850663,38.8121111,673.89,956.9954738203353,-32.28815717120859,5.010090949610117,6.968408333351704,-0.9559779764455864,1.0003921930542912,0.9917695473251029,1701,1687,loftr,-99.59241923349008,scheme_b_pairwise,NA,False,439.3988229910672,190.34999999999997
1734763723600,F:\agent\UAV\data\IR-image\1734763723600.jpg,116.18003812001311,38.81182602622147,483.54,116.1851244,38.8121112,674.65,959.6276886340773,-32.80308502625903,0.19395652806178987,7.525856383749613,-0.4974006776511733,1.0017458735850648,0.95937318630296,1723,1653,loftr,-99.59241923349008,scheme_b_pairwise,NA,False,441.8349566466624,191.10999999999996
1734763723800,F:\agent\UAV\data\IR-image\1734763723800.jpg,116.18008938772324,38.811881714455446,483.54,116.1851826,38.8121111,675.37,964.0747084729816,-26.603870819715794,-19.237176896164726,9.408142656836219,0.32274053314653933,1.002177705441505,0.8277945619335347,1655,1370,loftr,-99.59241923349008,scheme_b_pairwise,NA,False,442.03258060599904,191.82999999999998
1734763724000,F:\agent\UAV\data\IR-image\1734763724000.jpg,116.18011762563107,38.811899594834806,483.54,116.1852407,38.8121109,676.1,966.524096907941,-24.613426989940862,-6.654481388994782,5.848013336743975,0.617474749595769,1.0003665056173887,0.9815521628498728,1572,1543,loftr,-99.59241923349008,scheme_b_pairwise,NA,False,444.504806318009,192.56
1734763724200,F:\agent\UAV\data\IR-image\1734763724200.jpg,116.1801435393587,38.81187019349245,483.54,116.1852988,38.8121106,676.83,968.7718832934486,-27.88638442043769,8.006983161342134,7.75192230403519,0.8017409779292779,1.0011619625243766,0.9913739987677141,1623,1609,loftr,-99.59241923349008,scheme_b_pairwise,NA,False,447.4714217826658,193.29000000000002
1734763724400,F:\agent\UAV\data\IR-image\1734763724400.jpg,116.18017399320156,38.81189868535979,483.54,116.1853569,38.8121104,677.54,971.4134844705669,-24.714669747974604,-10.01371114358301,5.827467791636252,0.5801146736041586,1.000272624138938,0.9953569355774812,1723,1715,loftr,-99.59241923349008,scheme_b_pairwise,NA,False,449.68414593610083,193.99999999999994
1734763724600,F:\agent\UAV\data\IR-image\1734763724600.jpg,116.18020418081466,38.81186813663929,483.54,116.1854149,38.8121102,678.25,974.0319925712499,-28.115353314004363,8.18708335648148,8.837686148693251,0.44305857681764704,1.000727379896935,0.9953757225433526,1730,1722,loftr,-99.59241923349008,scheme_b_pairwise,NA,False,452.27901342544186,194.70999999999998
1734763724800,F:\agent\UAV\data\IR-image\1734763724800.jpg,116.18022961182803,38.811846851727765,483.54,116.1854729,38.8121101,678.97,976.2379077696792,-30.484789665168865,5.525952027342214,7.213431006997212,-0.11436239863476422,0.9985878582067116,0.7902597402597402,1540,1217,loftr,-99.59241923349008,scheme_b_pairwise,NA,False,455.24141374819345,195.43
1734763725000,F:\agent\UAV\data\IR-image\1734763725000.jpg,116.18026030781219,38.811858326858626,483.54,116.1855308,38.8121101,679.69,978.9005125597124,-29.207378098027004,-4.780797482057551,6.771627331865034,-0.5407891485671179,1.0004776010056367,0.9852658552210122,1561,1538,loftr,-99.59241923349008,scheme_b_pairwise,NA,False,457.5137373683129,196.15000000000003
1734763725200,F:\agent\UAV\data\IR-image\1734763725200.jpg,116.18030589790983,38.81189293631566,483.54,116.1855886,38.8121103,680.43,982.8550497935571,-25.354653340799146,-12.512602154977628,9.142663011086256,-0.9229482909630358,1.0017163225164383,0.985781990521327,1688,1664,loftr,-99.59241923349008,scheme_b_pairwise,NA,False,458.3518833513344,196.88999999999993
1734763725400,F:\agent\UAV\data\IR-image\1734763725400.jpg,116.18034153043716,38.8118434057331,483.54,116.1856463,38.8121105,681.16,985.9458559858356,-30.868397791155946,13.814352898994855,11.133184015634356,0.02608080872305123,1.0073159352434087,0.6509433962264151,1590,1035,loftr,-99.59241923349008,scheme_b_pairwise,NA,False,460.5848982380532,197.61999999999995
1734763725600,F:\agent\UAV\data\IR-image\1734763725600.jpg,116.18035557050284,38.81183730665208,483.54,116.1857039,38.8121106,681.88,987.1637073479143,-31.547347490800572,1.3094542888461547,3.688134478556208,0.22423856204913653,1.0003743757613432,0.9994484280198566,1813,1812,loftr,-99.59241923349008,scheme_b_pairwise,NA,False,464.39592998663613,198.33999999999997
1734763725800,F:\agent\UAV\data\IR-image\1734763725800.jpg,116.18036758751269,38.811824763670266,483.54,116.1857615,38.8121106,682.62,988.2060765330992,-32.9436322263884,3.3768540644577456,3.5379857368242824,0.2561884642835864,1.0017432609897732,0.8331202046035806,1564,1303,loftr,-99.59241923349008,scheme_b_pairwise,NA,False,468.4296355315707,199.07999999999998
1734763726000,F:\agent\UAV\data\IR-image\1734763726000.jpg,116.18039844851491,38.811815120667866,483.54,116.185819,38.8121106,683.37,990.8829951765385,-34.017091253343665,1.7188569285087851,7.910824024789179,-0.030534399923532986,1.0007907176846733,1.0,1797,1797,loftr,-99.59241923349008,scheme_b_pairwise,NA,False,470.80609671572586,199.82999999999998
1734763726200,F:\agent\UAV\data\IR-image\1734763726200.jpg,116.18042377139756,38.81175719193156,483.54,116.1858763,38.8121108,684.11,993.0795309925189,-40.465718178658165,16.820045770147374,9.095446833940912,-0.438795672075898,0.9996470619441453,0.9640024405125076,1639,1580,loftr,-99.59241923349008,scheme_b_pairwise,NA,False,474.06249227286054,200.57
1734763726400,F:\agent\UAV\data\IR-image\1734763726400.jpg,116.18046892854632,38.811788803025365,483.54,116.1859335,38.812111,684.87,996.9965137461747,-36.94677121658325,-11.571261874656841,9.194845045751833,-1.2569904608236016,1.0019522888555392,0.9471153846153846,1664,1576,loftr,-99.59241923349008,scheme_b_pairwise,NA,False,474.8259382004053,201.32999999999998
1734763726600,F:\agent\UAV\data\IR-image\1734763726600.jpg,116.18052411311436,38.81179408277203,483.54,116.1859907,38.8121113,685.6,1001.7832863217462,-36.359029817625725,-3.865587510312764,12.973128318816862,-0.15316922678206585,1.0009699596047519,0.8769132653061225,1568,1375,loftr,-99.59241923349008,scheme_b_pairwise,NA,False,474.9586037580965,202.06
1734763726800,F:\agent\UAV\data\IR-image\1734763726800.jpg,116.1805561070606,38.81182502044548,483.54,116.1860478,38.812111,686.26,1004.5584778265982,-32.91504800876801,-10.829731624347403,6.069848440090141,0.8502963897527931,1.0013886102794418,0.922077922077922,1617,1491,loftr,-99.59241923349008,scheme_b_pairwise,NA,False,476.8836057991177,202.71999999999997
1734763727000,F:\agent\UAV\data\IR-image\1734763727000.jpg,116.18059502385863,38.811841990542014,483.54,116.1861047,38.8121105,686.95,1007.9341654172921,-31.025936862894888,-6.807290849846652,8.459067113627498,1.3891666594840821,1.002311200747511,0.6849056603773584,1590,1089,loftr,-99.59241923349008,scheme_b_pairwise,NA,False,478.31304312597103,203.41000000000003
1734763727200,F:\agent\UAV\data\IR-image\1734763727200.jpg,116.1806346713981,38.81184815866685,483.54,116.1861615,38.8121101,687.63,1011.373238356582,-30.3393012065558,-3.5089262100266865,9.196932761352684,1.122166017499203,1.0001899454995111,0.9603715170278638,1615,1551,loftr,-99.59241923349008,scheme_b_pairwise,NA,False,479.75139775813625,204.08999999999997
1734763727400,F:\agent\UAV\data\IR-image\1734763727400.jpg,116.18062300168152,38.81182575882185,483.54,116.1862181,38.8121097,688.35,1010.3609937885474,-32.83285195210941,7.374696728944343,-1.6352050367083848,0.8046395807852174,1.0010819332083227,0.8908977556109726,1604,1429,loftr,-99.59241923349008,scheme_b_pairwise,NA,False,485.8087054661588,204.81
1734763727600,F:\agent\UAV\data\IR-image\1734763727600.jpg,116.18064145296599,38.81179455077909,483.54,116.1862745,38.8121094,689.1,1011.9614793150292,-36.306931272061014,8.866379315145139,6.054501879205702,0.0159882374295331,1.0014697765063343,0.9716790289952798,1483,1441,loftr,-99.59241923349008,scheme_b_pairwise,NA,False,489.32381782930827,205.56
1734763727800,F:\agent\UAV\data\IR-image\1734763727800.jpg,116.18067255049903,38.81178837987942,483.54,116.1863308,38.8121094,689.78,1014.6589149133459,-36.99387582324941,0.639529838927615,7.786821637207481,-0.2768464420444778,1.0000913018350779,0.8942598187311178,1655,1480,loftr,-99.59241923349008,scheme_b_pairwise,NA,False,491.55126314247207,206.23999999999995
1734763728000,F:\agent\UAV\data\IR-image\1734763728000.jpg,116.1807190498994,38.81179330600911,483.54,116.186387,38.8121094,690.44,1018.6923261073538,-36.44549906624024,-3.404268150118355,10.906511880464791,-0.4143922291330696,1.000338298064991,0.9795680093403386,1713,1678,loftr,-99.59241923349008,scheme_b_pairwise,NA,False,492.35012283116174,206.90000000000003
1734763728200,F:\agent\UAV\data\IR-image\1734763728200.jpg,116.18076938055131,38.811794198121675,483.54,116.1864432,38.8121093,691.08,1023.0580644446034,-36.34618909499964,-2.3168562011541667,12.03631542261246,-0.20270756885147403,1.0002474618076111,0.9988888888888889,1800,1798,loftr,-99.59241923349008,scheme_b_pairwise,NA,False,492.8495127635103,207.54000000000002
1734763728400,F:\agent\UAV\data\IR-image\1734763728400.jpg,116.18079760390255,38.811782915992936,483.54,116.1864993,38.8121091,691.69,1025.506190224393,-37.60211566631603,2.3308744271622004,7.362955310018094,-0.27684836985856115,1.0002236247041096,0.9429549343981746,1753,1653,loftr,-99.59241923349008,scheme_b_pairwise,NA,False,495.3475198366038,208.15000000000003
1734763728600,F:\agent\UAV\data\IR-image\1734763728600.jpg,116.18083699834638,38.811850976571485,483.54,116.1865552,38.8121089,692.3,1028.9233093582243,-30.02561206250111,-22.567290742878583,5.9135498681280865,-0.5065874951798729,1.0015273769053963,0.9561678146524734,1597,1527,loftr,-99.59241923349008,scheme_b_pairwise,NA,False,496.27712935224076,208.75999999999993
1734763728800,F:\agent\UAV\data\IR-image\1734763728800.jpg,116.18087057831464,38.81183040137707,483.54,116.1866111,38.8121088,692.9,1031.8360742286843,-32.3160427045718,4.976675790032573,9.132778595405455,-0.819355784046281,1.0004959071412856,0.9764350453172206,1655,1616,loftr,-99.59241923349008,scheme_b_pairwise,NA,False,498.34412462783166,209.35999999999996
1734763729000,F:\agent\UAV\data\IR-image\1734763729000.jpg,116.18090656626522,38.811809615569324,483.54,116.1866669,38.8121088,693.5,1034.9577102401722,-34.629918822756096,4.943868235412424,9.721823712511878,-0.5675785816585219,1.0016447290332269,0.9649018441403926,1681,1622,loftr,-99.59241923349008,scheme_b_pairwise,NA,False,500.2058899730825,209.95999999999998
1734763729200,F:\agent\UAV\data\IR-image\1734763729200.jpg,116.18094234446879,38.811819449172326,483.54,116.1867227,38.8121085,694.11,1038.0611525557795,-33.535242136622635,-4.481248731396647,8.077175519148568,0.08524966325522153,0.9989870407126507,0.9352331606217616,1544,1444,loftr,-99.59241923349008,scheme_b_pairwise,NA,False,501.863373239741,210.57
1734763729400,F:\agent\UAV\data\IR-image\1734763729400.jpg,116.18098095555985,38.811834573493826,483.54,116.1867783,38.8121082,694.78,1041.410322774086,-31.85160266774111,-6.226217375998544,8.481782739972061,0.08998878471123341,1.0019646113233698,0.8943979394719896,1553,1389,loftr,-99.59241923349008,scheme_b_pairwise,NA,False,503.22568508131934,211.23999999999995
1734763729600,F:\agent\UAV\data\IR-image\1734763729600.jpg,116.18103635597582,38.81186279686176,483.54,116.1868338,38.8121078,695.45,1046.215818246632,-28.709777349368974,-10.94311443594944,11.830315558980658,0.3095117106748556,1.0006534233828064,0.9971830985915493,1775,1770,loftr,-99.59241923349008,scheme_b_pairwise,NA,False,503.0517984902953,211.91000000000003
1734763729800,F:\agent\UAV\data\IR-image\1734763729800.jpg,116.18106096279797,38.811903580604465,483.54,116.1868892,38.8121075,696.05,1048.3502421552182,-24.169731111351865,-13.563528309281594,3.7837720585781085,0.7085297144482884,1.0009681683154654,0.8099630996309963,1626,1317,loftr,-99.59241923349008,scheme_b_pairwise,NA,False,505.49029001901636,212.50999999999993
1734763730000,F:\agent\UAV\data\IR-image\1734763730000.jpg,116.18107938163052,38.8118968342389,483.54,116.1869445,38.8121071,696.68,1049.947912766154,-24.920736525709053,1.3312239100250167,4.773038040324593,0.5015649233195898,1.0013859858189342,0.9994186046511628,1720,1719,loftr,-99.59241923349008,scheme_b_pairwise,NA,False,508.71459378827547,213.13999999999993
1734763730200,F:\agent\UAV\data\IR-image\1734763730200.jpg,116.18111929789599,38.81186641162427,483.54,116.1869998,38.8121068,697.29,1053.4102953057022,-28.307381986229185,7.7535225817956075,11.166655677803647,0.3720793537571923,1.0008972388384032,0.9965596330275229,1744,1738,loftr,-99.59241923349008,scheme_b_pairwise,NA,False,510.21071826971007,213.74999999999994
1734763730400,F:\agent\UAV\data\IR-image\1734763730400.jpg,116.18113710760846,38.81181948553559,483.54,116.187055,38.8121065,697.84,1054.9551301437557,-33.53119417861983,13.735029271851545,6.718890009051677,0.5428161570964093,1.0003585813556606,0.9671007539410555,1459,1411,loftr,-99.59241923349008,scheme_b_pairwise,NA,False,513.7421105478261,214.3
1734763730600,F:\agent\UAV\data\IR-image\1734763730600.jpg,116.18114728665098,38.81181125871347,483.54,116.1871102,38.8121062,698.37,1055.8380719392708,-34.44700401656579,2.1216449303618674,2.8720148087558073,0.4557750864207408,1.0014043749421837,0.9670022371364653,1788,1729,loftr,-99.59241923349008,scheme_b_pairwise,NA,False,517.6905510895862,214.82999999999998
1734763730800,F:\agent\UAV\data\IR-image\1734763730800.jpg,116.18119213839962,38.81181286896103,483.54,116.1871654,38.8121059,698.89,1059.7285639364738,-34.267751258269534,-2.315819894563276,10.683615546085207,0.13281655644640616,1.0007324060456164,0.9704735376044569,1795,1742,loftr,-99.59241923349008,scheme_b_pairwise,NA,False,518.5719726026784,215.34999999999997
1734763731000,F:\agent\UAV\data\IR-image\1734763731000.jpg,116.18121406750177,38.811831603364276,483.54,116.1872205,38.8121057,699.41,1061.6307193488815,-32.18223748870389,-6.661640914509974,4.2890051895299734,0.1903670813492984,1.001568995015125,0.9381912817176318,1537,1442,loftr,-99.59241923349008,scheme_b_pairwise,NA,False,521.3129891536419,215.86999999999995
1734763731200,F:\agent\UAV\data\IR-image\1734763731200.jpg,116.18125175771105,38.81184296304721,483.54,116.1872755,38.8121055,699.95,1064.90001122815,-30.91767758441276,-5.028996723668797,8.45672632655561,0.34040264123934383,1.0017913308199544,0.8777108433734939,1660,1457,loftr,-99.59241923349008,scheme_b_pairwise,NA,False,522.7368209988351,216.41000000000003
1734763731400,F:\agent\UAV\data\IR-image\1734763731400.jpg,116.18130205212097,38.8118524892453,483.54,116.1873306,38.8121053,700.47,1069.262605893088,-29.857221213813723,-4.975487292660773,11.578054414894325,0.5813508553535356,1.0012700117292734,0.8977932636469221,1722,1546,loftr,-99.59241923349008,scheme_b_pairwise,NA,False,523.0932777044225,216.93
1734763731600,F:\agent\UAV\data\IR-image\1734763731600.jpg,116.18133082633287,38.811843895361584,483.54,116.1873856,38.8121052,700.96,1071.7585139569821,-30.813892348855195,1.4802955148005026,7.355227361103459,0.5814652033532196,1.000731828348674,0.9976303317535545,1688,1684,loftr,-99.59241923349008,scheme_b_pairwise,NA,False,525.4137308499011,217.42000000000002
1734763731800,F:\agent\UAV\data\IR-image\1734763731800.jpg,116.18134405674299,38.811816219577885,483.54,116.1874405,38.812105,701.51,1072.9061348690059,-33.89476058969576,7.989934947593383,4.617220319775981,0.0680255506017072,1.0004341470322555,0.7798286090969018,1517,1183,loftr,-99.59241923349008,scheme_b_pairwise,NA,False,529.1953607657804,217.96999999999997
1734763732000,F:\agent\UAV\data\IR-image\1734763732000.jpg,116.181357693889,38.81180391319269,483.54,116.1874953,38.8121051,702.15,1074.089036518036,-35.26470739015779,3.2382285422893915,3.9146090301230174,-0.4433573104756724,1.0021909879662139,0.8739913097454997,1611,1408,loftr,-99.59241923349008,scheme_b_pairwise,NA,False,532.8403208685295,218.60999999999996
1734763732200,F:\agent\UAV\data\IR-image\1734763732200.jpg,116.18143126958994,38.811786949212014,483.54,116.18755,38.8121054,702.81,1080.4710770041056,-37.15313771874931,2.2413892372467217,18.546434827741678,-0.9801975028716916,0.9989940539185443,0.7784653465346535,1616,1258,loftr,-99.59241923349008,scheme_b_pairwise,NA,False,531.3326412794183,219.26999999999992
1734763732400,F:\agent\UAV\data\IR-image\1734763732400.jpg,116.18146822133289,38.81178266712193,483.54,116.1876047,38.8121057,703.36,1083.676313469256,-37.6298199869421,-0.17991474451383738,9.093881865757282,-0.11874028378240092,0.999452615893491,0.9879725085910653,1746,1725,loftr,-99.59241923349008,scheme_b_pairwise,NA,False,532.9011277538403,219.82
1734763732600,F:\agent\UAV\data\IR-image\1734763732600.jpg,116.18148234235832,38.81178238258142,483.54,116.1876594,38.8121057,703.97,1084.901187372586,-37.66149503642774,-0.4852497449971338,3.404818195268831,0.3077936557380805,1.0025115648869118,0.791740412979351,1695,1342,loftr,-99.59241923349008,scheme_b_pairwise,NA,False,536.4112302532915,220.43
1734763732800,F:\agent\UAV\data\IR-image\1734763732800.jpg,116.18151548187838,38.811784427398486,483.54,116.1877139,38.8121057,704.62,1087.7757472613946,-37.43386600098486,-1.9745221353710463,7.849260049475959,0.19943251694070718,1.0010015996085586,0.9988757729061271,1779,1777,loftr,-99.59241923349008,scheme_b_pairwise,NA,False,538.2426943825186,221.07999999999998
1734763733000,F:\agent\UAV\data\IR-image\1734763733000.jpg,116.18154031204051,38.81180066993442,483.54,116.1877685,38.8121058,705.25,1089.9295439360048,-35.62574690029343,-6.011615061799489,5.115202922098604,0.053983681422453286,0.9999691958809287,0.95,1220,1159,loftr,-99.59241923349008,scheme_b_pairwise,NA,False,540.7007491580368,221.70999999999998
1734763733200,F:\agent\UAV\data\IR-image\1734763733200.jpg,116.18156188986313,38.81179385638651,483.54,116.187823,38.8121057,705.91,1091.8012289608187,-36.384231054304955,1.2237565740165905,5.534907717623412,-0.1128781439333387,1.0012314486889424,0.9981873111782478,1655,1652,loftr,-99.59241923349008,scheme_b_pairwise,NA,False,543.5948018042792,222.36999999999995
1734763733400,F:\agent\UAV\data\IR-image\1734763733400.jpg,116.18158010714464,38.81178931278754,483.54,116.1878775,38.8121057,706.59,1093.3814168033512,-36.89002449158553,0.6607441734906843,4.609958252600677,0.20288626047160752,0.9999104783868477,0.9813411078717201,1715,1683,loftr,-99.59241923349008,scheme_b_pairwise,NA,False,546.7644093794204,223.05
1734763733600,F:\agent\UAV\data\IR-image\1734763733600.jpg,116.1815970817434,38.81178716710799,483.54,116.187932,38.8121055,707.27,1094.853812923118,-37.12888153898716,-0.027620254362375363,4.18677509064554,0.14462255398064824,1.0018216549312744,0.9823160296634341,1753,1722,loftr,-99.59241923349008,scheme_b_pairwise,NA,False,550.0229532277106,223.72999999999996
1734763733800,F:\agent\UAV\data\IR-image\1734763733800.jpg,116.18162857221519,38.81179545356518,483.54,116.1879866,38.8121053,707.94,1097.5853324776176,-36.206433124398195,-3.830623129384776,7.128386375951095,-0.07719726316658299,0.9996083502100168,0.9763880025526483,1567,1530,loftr,-99.59241923349008,scheme_b_pairwise,NA,False,551.9613825870675,224.40000000000003
1734763734000,F:\agent\UAV\data\IR-image\1734763734000.jpg,116.18165675830406,38.81180757389694,483.54,116.1880413,38.8121052,708.55,1100.0302260771264,-34.85719779281275,-4.877748536790932,6.1354880415021285,-0.10604453012822485,1.0010232189323223,0.8684615384615385,1300,1129,loftr,-99.59241923349008,scheme_b_pairwise,NA,False,554.1713380976794,225.00999999999993
1734763734200,F:\agent\UAV\data\IR-image\1734763734200.jpg,116.18169123281916,38.811841698917576,483.54,116.188096,38.8121051,709.12,1103.020584963842,-31.058400495454784,-11.91237206424131,6.499393881905405,-0.025830614057329882,1.0004130262699513,0.9971297359357061,1742,1737,loftr,-99.59241923349008,scheme_b_pairwise,NA,False,555.7069353745666,225.57999999999998
1734763734400,F:\agent\UAV\data\IR-image\1734763734400.jpg,116.18171407407688,38.81186036696632,483.54,116.1881509,38.8121051,709.67,1105.0018617935773,-28.980273308935537,-6.67820530182729,4.511439270591609,0.09066524174512536,1.0044569594439285,0.8526170798898072,1452,1238,loftr,-99.59241923349008,scheme_b_pairwise,NA,False,558.3757030871046,226.12999999999994
1734763734600,F:\agent\UAV\data\IR-image\1734763734600.jpg,116.18175710877235,38.81184037065271,483.54,116.1882058,38.8121052,710.18,1108.7347405202463,-31.206262940499617,4.414731842795163,11.372412394527316,-0.07538169328404289,1.0019472619753722,0.949501246882793,1604,1523,loftr,-99.59241923349008,scheme_b_pairwise,NA,False,559.515777073136,226.63999999999993
1734763734800,F:\agent\UAV\data\IR-image\1734763734800.jpg,116.18178394926551,38.811791616504614,483.54,116.1882609,38.8121053,710.59,1111.0629156092068,-36.633574706584916,13.931847057349955,8.982072742536275,0.15717818705209607,0.9996502369167553,0.9975874547647768,1658,1654,loftr,-99.59241923349008,scheme_b_pairwise,NA,False,562.2719405406501,227.05
1734763735000,F:\agent\UAV\data\IR-image\1734763735000.jpg,116.18180044999139,38.811763016933625,483.54,116.188316,38.8121054,710.99,1112.4942074520309,-39.8172789493776,8.141864939221193,5.450417498367756,0.45428545537316867,0.9997308850221329,0.9224952741020794,1587,1464,loftr,-99.59241923349008,scheme_b_pairwise,NA,False,565.8158097091932,227.45
1734763735200,F:\agent\UAV\data\IR-image\1734763735200.jpg,116.18183178599959,38.81175534426136,483.54,116.1883712,38.8121054,711.43,1115.212328658656,-40.67140082568786,1.0925401405142452,7.922266284368675,0.40187152262935544,1.0023304265957182,0.9592889908256881,1744,1673,loftr,-99.59241923349008,scheme_b_pairwise,NA,False,567.9366789098417,227.88999999999993
1734763735400,F:\agent\UAV\data\IR-image\1734763735400.jpg,116.18186779420063,38.811778311997024,483.54,116.1884265,38.8121053,711.86,1118.3357212183903,-38.11463249138014,-8.537114746776126,7.448521092039357,0.22150557859611764,0.9992259453700536,0.9994272623138603,1746,1745,loftr,-99.59241923349008,scheme_b_pairwise,NA,False,569.4346553436473,228.32
1734763735600,F:\agent\UAV\data\IR-image\1734763735600.jpg,116.18189307708732,38.811784143985655,483.54,116.1884819,38.8121054,712.3,1120.5287877400958,-37.46541551709505,-2.8225659145013537,5.765944960619095,0.060460395843865214,1.000567179813991,0.9907773386034255,1518,1504,loftr,-99.59241923349008,scheme_b_pairwise,NA,False,571.9986406062139,228.75999999999993
1734763735800,F:\agent\UAV\data\IR-image\1734763735800.jpg,116.1819281185457,38.811793134095,483.54,116.1885372,38.8121055,712.79,1123.5683239340165,-36.4646365451503,-4.191483180417947,7.944225878020291,-0.07868003313062036,1.001183880407866,0.9975445058317987,1629,1625,loftr,-99.59241923349008,scheme_b_pairwise,NA,False,573.6897712483656,229.24999999999994
1734763736000,F:\agent\UAV\data\IR-image\1734763736000.jpg,116.181959694611,38.81179550136458,483.54,116.1885926,38.8121057,713.29,1126.3072679689576,-36.2011120956705,-2.0104354125194845,7.457135504371706,-0.029516718772319463,1.000753963332842,1.0,1800,1800,loftr,-99.59241923349008,scheme_b_pairwise,NA,False,575.7357010383543,229.74999999999994
1734763736200,F:\agent\UAV\data\IR-image\1734763736200.jpg,116.18198394992599,38.8118002373013,483.54,116.1886481,38.8121058,713.82,1128.411201745263,-35.673907619873596,-2.443189589728263,5.576327486475861,-0.23072784712584024,1.0009666671544604,0.9408322496749024,1538,1447,loftr,-99.59241923349008,scheme_b_pairwise,NA,False,578.4074961313836,230.28000000000003
1734763736400,F:\agent\UAV\data\IR-image\1734763736400.jpg,116.18200521899307,38.81176565067858,483.54,116.1887036,38.8121061,714.39,1130.256104959217,-39.5240904604976,9.792973854855347,6.906876847853027,-0.2076143388486422,0.99941842322134,1.0,1738,1738,loftr,-99.59241923349008,scheme_b_pairwise,NA,False,581.6080524915329,230.84999999999997
1734763736600,F:\agent\UAV\data\IR-image\1734763736600.jpg,116.18203004257877,38.8117564361914,483.54,116.1887592,38.8121064,715.0,1132.4093311867289,-40.549847173378396,1.8317829234686087,6.439123092280681,-0.5152011106244456,1.0011856536613115,0.9959136018680678,1713,1706,loftr,-99.59241923349008,scheme_b_pairwise,NA,False,584.3385545856097,231.45999999999998
1734763736800,F:\agent\UAV\data\IR-image\1734763736800.jpg,116.18207080695956,38.81176515264464,483.54,116.1888149,38.8121067,715.61,1135.9452802207625,-39.579531598691005,-4.339360613959627,9.332363707134618,-0.3513563794563815,1.0014277192865124,0.8972307692307693,1625,1458,loftr,-99.59241923349008,scheme_b_pairwise,NA,False,585.5682910428766,232.07
1734763737000,F:\agent\UAV\data\IR-image\1734763737000.jpg,116.18210709507332,38.81175200085736,483.54,116.1888708,38.812107,716.2,1139.0929527297667,-41.043588558939234,2.5797016607767773,9.396394228417648,-0.39910617405668203,1.0001635291932123,1.0,1767,1767,loftr,-99.59241923349008,scheme_b_pairwise,NA,False,587.3626575842387,232.66000000000003
1734763737200,F:\agent\UAV\data\IR-image\1734763737200.jpg,116.18214715850371,38.81175326543239,483.54,116.1889268,38.8121072,716.74,1142.5681005238234,-40.90281606692287,-2.015050157010535,9.552093304748098,-0.229332436836238,1.0015450865757705,0.9234184239733629,1802,1664,loftr,-99.59241923349008,scheme_b_pairwise,NA,False,588.7324207508176,233.2
1734763737400,F:\agent\UAV\data\IR-image\1734763737400.jpg,116.18219478977196,38.81179304708752,483.54,116.188983,38.8121074,717.24,1146.699691231481,-36.47432221724136,-14.188934154799426,9.363375677181466,0.16500729235313863,0.9986002671337326,0.9537974683544304,1580,1507,loftr,-99.59241923349008,scheme_b_pairwise,NA,False,589.1955437418438,233.7
1734763737600,F:\agent\UAV\data\IR-image\1734763737600.jpg,116.18220138437891,38.81178896803597,483.54,116.1890394,38.8121075,717.71,1147.2717149846003,-36.92840223587546,0.9891725827248479,1.795540896516627,0.33231219336117274,1.0005729617963997,1.0,1847,1847,loftr,-99.59241923349008,scheme_b_pairwise,NA,False,593.5309031828909,234.17000000000002
1734763737800,F:\agent\UAV\data\IR-image\1734763737800.jpg,116.18223590899072,38.81180307294916,483.54,116.1890959,38.8121075,718.2,1150.2664193166393,-35.35824329937615,-5.746349183744371,7.553829545820122,0.33512151852900013,1.0041469277843451,0.7128446536650975,1487,1060,loftr,-99.59241923349008,scheme_b_pairwise,NA,False,595.3402605371294,234.66000000000003
1734763738000,F:\agent\UAV\data\IR-image\1734763738000.jpg,116.18226427935554,38.811794196857676,483.54,116.1891526,38.8121077,718.66,1152.727297223452,-36.346329803968636,1.583626542724005,7.272970730071393,0.04760593399370844,0.9993807804487121,0.9649122807017544,1767,1705,loftr,-99.59241923349008,scheme_b_pairwise,NA,False,597.8489326281149,235.11999999999995
1734763738200,F:\agent\UAV\data\IR-image\1734763738200.jpg,116.18228933724386,38.81178898476545,483.54,116.1892094,38.8121078,719.11,1154.9008471285135,-36.92653991033265,0.5891669016467631,6.286974472282395,0.1758790789299628,1.0018972681093095,0.8985163204747775,1685,1514,loftr,-99.59241923349008,scheme_b_pairwise,NA,False,600.6291340069793,235.57
1734763738400,F:\agent\UAV\data\IR-image\1734763738400.jpg,116.18230276312237,38.81175885954583,483.54,116.1892664,38.8121079,719.58,1156.065423191602,-40.280079358301066,8.736658568302857,4.791683460539048,0.2988280389160093,1.000314955124235,0.9787878787878788,1650,1615,loftr,-99.59241923349008,scheme_b_pairwise,NA,False,604.604597971269,236.04000000000002
1734763738600,F:\agent\UAV\data\IR-image\1734763738600.jpg,116.18233123780372,38.811782137231546,483.54,116.1893235,38.812108,720.11,1158.5353496348969,-37.6888073840725,-8.326960130772477,5.623827511924958,0.17948735302971652,1.0010871236553511,0.9059233449477352,1435,1300,loftr,-99.59241923349008,scheme_b_pairwise,NA,False,606.9202995183301,236.57
1734763738800,F:\agent\UAV\data\IR-image\1734763738800.jpg,116.18236345489518,38.811773312179575,483.54,116.1893807,38.8121082,720.63,1161.3298970117676,-38.67121217021459,1.4118332002130956,8.193788182984406,0.04206703134467342,1.0009293896451252,0.9988925802879292,1806,1804,loftr,-99.59241923349008,scheme_b_pairwise,NA,False,609.1416330132408,237.08999999999997
1734763739000,F:\agent\UAV\data\IR-image\1734763739000.jpg,116.18240285661598,38.8117648191614,483.54,116.1894381,38.8121084,721.1,1164.7476473575944,-39.616654953831926,1.0180429306186625,9.901297563162075,-0.001025459891232924,1.0004710392442704,0.9994462901439646,1806,1805,loftr,-99.59241923349008,scheme_b_pairwise,NA,False,610.7579052647627,237.56
1734763739200,F:\agent\UAV\data\IR-image\1734763739200.jpg,116.18242145809546,38.811757429591964,483.54,116.1894957,38.8121086,721.58,1166.3611609728518,-40.43926182306185,1.5219802283015724,4.850376085215657,0.12093263291019961,1.001547578871158,0.9656441717791411,1630,1574,loftr,-99.59241923349008,scheme_b_pairwise,NA,False,614.1834215406268,238.04000000000002
1734763739400,F:\agent\UAV\data\IR-image\1734763739400.jpg,116.18245699064582,38.81175064357849,483.54,116.1895535,38.8121088,722.06,1169.4432950468236,-41.19468084230802,0.6491057016028776,8.883554043733966,0.2405422922095352,1.0000676701201383,1.0,1806,1806,loftr,-99.59241923349008,scheme_b_pairwise,NA,False,616.1586217522741,238.51999999999992
1734763739600,F:\agent\UAV\data\IR-image\1734763739600.jpg,116.18247234796738,38.81174362860778,483.54,116.1896114,38.8121089,722.53,1170.7754066916789,-41.975587382498354,1.538190137077379,4.052053767529458,-0.007215146375047383,1.0014951317313148,1.0,1767,1767,loftr,-99.59241923349008,scheme_b_pairwise,NA,False,619.8883944057966,238.98999999999995
1734763739800,F:\agent\UAV\data\IR-image\1734763739800.jpg,116.18251020982065,38.81172816464889,483.54,116.1896696,38.812109,723.04,1174.0595871674043,-43.69703528542315,3.228216231627073,9.894588718196985,-0.11937411989697823,1.000671280140302,0.9959467284308049,1727,1720,loftr,-99.59241923349008,scheme_b_pairwise,NA,False,621.7623367959957,239.49999999999994
1734763740000,F:\agent\UAV\data\IR-image\1734763740000.jpg,116.18254899135583,38.81175271504993,483.54,116.1897278,38.8121092,723.56,1177.423541903131,-40.96408464244227,-9.13724191611351,8.031902772248543,-0.1791537156417503,1.0008823870596018,0.9915349887133182,1772,1757,loftr,-99.59241923349008,scheme_b_pairwise,NA,False,623.2627655644151,240.01999999999992
1734763740200,F:\agent\UAV\data\IR-image\1734763740200.jpg,116.18259646067162,38.81177213886336,483.54,116.1897863,38.8121093,724.06,1181.5410846709121,-38.80182573056533,-7.910254503720125,10.38449036468353,-0.1724139613262864,1.000736785654519,0.9813664596273292,1771,1738,loftr,-99.59241923349008,scheme_b_pairwise,NA,False,624.0837266366659,240.51999999999992
1734763740400,F:\agent\UAV\data\IR-image\1734763740400.jpg,116.18263170255105,38.811765902843106,483.54,116.1898449,38.8121094,724.57,1184.5980056170745,-39.496019505561705,0.49144965872363855,8.785136228547458,-0.2894256917059548,1.0004953969245307,0.9972253052164262,1802,1797,loftr,-99.59241923349008,scheme_b_pairwise,NA,False,626.1465337527335,241.03000000000003
1734763740600,F:\agent\UAV\data\IR-image\1734763740600.jpg,116.18265250914914,38.81176809663027,483.54,116.1899036,38.8121094,725.12,1186.4027937429269,-39.25180711865889,-1.520050576920255,4.88076671201776,-0.16427629136024555,1.0011917398837704,0.9944237918215614,1614,1605,loftr,-99.59241923349008,scheme_b_pairwise,NA,False,629.4089229551487,241.57999999999998
1734763740800,F:\agent\UAV\data\IR-image\1734763740800.jpg,116.18269623526491,38.811786408720515,483.54,116.1899625,38.8121093,725.69,1190.1956470571274,-37.21330523218422,-7.415872177862298,9.54375410039654,0.13629028513613928,1.000833022404839,0.9994266055045872,1744,1743,loftr,-99.59241923349008,scheme_b_pairwise,NA,False,630.6013027962562,242.15000000000003
1734763741000,F:\agent\UAV\data\IR-image\1734763741000.jpg,116.18272226079196,38.811775936845834,483.54,116.1900215,38.8121092,726.23,1192.4531310522314,-38.37903432183391,2.1704103763328817,6.79314022365827,0.019934194006845506,1.0005390517140083,0.9587392550143267,1745,1673,loftr,-99.59241923349008,scheme_b_pairwise,NA,False,633.5201917944761,242.69
1734763741200,F:\agent\UAV\data\IR-image\1734763741200.jpg,116.1827584688204,38.81178540092599,483.54,116.1900807,38.8121091,726.79,1195.5938568686868,-37.32549291905501,-4.3848400672936805,8.199602959743459,-0.280241162894065,1.001455835946787,0.9669260700389105,1542,1491,loftr,-99.59241923349008,scheme_b_pairwise,NA,False,635.4477410297369,243.24999999999994
1734763741400,F:\agent\UAV\data\IR-image\1734763741400.jpg,116.18280043496836,38.811798452172425,483.54,116.1901399,38.812109,727.36,1199.2340485617344,-35.87262816547645,-5.723637942650782,9.39516477019248,-0.1986612659491616,1.0003122633326567,0.9637865311308768,1574,1517,loftr,-99.59241923349008,scheme_b_pairwise,NA,False,636.8575368787334,243.82
1734763741600,F:\agent\UAV\data\IR-image\1734763741600.jpg,116.18283504873857,38.81181974041502,483.54,116.1901992,38.8121089,727.93,1202.236486595547,-33.50282100066583,-7.963100153020719,7.201211251124278,-0.10963100796537399,1.0009879758309805,1.0,1769,1769,loftr,-99.59241923349008,scheme_b_pairwise,NA,False,638.8691115521212,244.38999999999993
1734763741800,F:\agent\UAV\data\IR-image\1734763741800.jpg,116.18287042838256,38.81184326625103,483.54,116.1902585,38.8121087,728.49,1205.3053573979348,-30.883924935086704,-8.68355991241765,7.268565592556854,0.01812121024758712,1.000708374523805,1.0,1760,1760,loftr,-99.59241923349008,scheme_b_pairwise,NA,False,640.8120142993548,244.95
1734763742000,F:\agent\UAV\data\IR-image\1734763742000.jpg,116.1828974061315,38.811827888130956,483.54,116.1903179,38.8121085,729.06,1207.64543820966,-32.595817262389886,3.6433570374431383,7.277196886690831,-0.05470185736861271,1.0015102297621945,0.9914285714285714,1750,1735,loftr,-99.59241923349008,scheme_b_pairwise,NA,False,643.6979128022541,245.51999999999992
1734763742200,F:\agent\UAV\data\IR-image\1734763742200.jpg,116.18293005335894,38.811810846161215,483.54,116.1903773,38.8121083,729.62,1210.477296074696,-34.49292933340936,3.925956849620434,8.724889298742482,-0.08280874384954068,1.0014991266387974,0.9734459867229933,1657,1613,loftr,-99.59241923349008,scheme_b_pairwise,NA,False,646.1064046050502,246.07999999999998
1734763742400,F:\agent\UAV\data\IR-image\1734763742400.jpg,116.18297100132308,38.8118160074462,483.54,116.1904368,38.8121081,730.19,1214.029169336961,-33.918375089234644,-3.251486380473466,9.5615470182953,0.12105000919074786,1.0006895767040496,0.9738872403560831,1685,1641,loftr,-99.59241923349008,scheme_b_pairwise,NA,False,647.681533685904,246.65000000000003
1734763742600,F:\agent\UAV\data\IR-image\1734763742600.jpg,116.18300546783168,38.81183448605561,483.54,116.1904962,38.8121078,730.75,1217.01883373006,-31.86133628993749,-7.091497116797939,7.312150764344324,0.025680123508128313,0.9997361054992651,0.936726272352132,1454,1362,loftr,-99.59241923349008,scheme_b_pairwise,NA,False,649.738062646473,247.20999999999998
1734763742800,F:\agent\UAV\data\IR-image\1734763742800.jpg,116.18302444585188,38.81183479389451,483.54,116.1905556,38.8121075,731.32,1218.665008917685,-31.827067663255892,-0.8648144776794311,4.539981897379903,0.16852279699953154,1.0008906925720422,0.9460410557184751,1705,1613,loftr,-99.59241923349008,scheme_b_pairwise,NA,False,653.2334302945519,247.78000000000003
1734763743000,F:\agent\UAV\data\IR-image\1734763743000.jpg,116.18306271351935,38.81185973804528,483.54,116.1906151,38.8121072,731.89,1221.9843901802838,-29.050284799732964,-9.237704950344664,7.888037908057129,-0.17184599045393664,1.0014077561433052,0.997737556561086,1768,1764,loftr,-99.59241923349008,scheme_b_pairwise,NA,False,654.9470573212452,248.34999999999997
1734763743200,F:\agent\UAV\data\IR-image\1734763743200.jpg,116.18310214635208,38.81186318059364,483.54,116.1906745,38.812107,732.43,1225.404839212186,-28.66706031576746,-2.6604840937213226,9.287304203671738,0.13951754359367913,1.0005707006933586,0.9977740678909294,1797,1793,loftr,-99.59241923349008,scheme_b_pairwise,NA,False,656.6587062390198,248.88999999999993
1734763743400,F:\agent\UAV\data\IR-image\1734763743400.jpg,116.18314200742923,38.81190525885767,483.54,116.190734,38.8121066,732.99,1228.8624346539614,-23.982907964359683,-14.581253089396,7.378423362802664,0.4526035438501083,1.0003088528226463,0.9306930693069307,1414,1316,loftr,-99.59241923349008,scheme_b_pairwise,NA,False,658.1810702039064,249.45
1734763743600,F:\agent\UAV\data\IR-image\1734763743600.jpg,116.18316296703554,38.81191112946737,483.54,116.1907934,38.8121062,733.56,1230.680494887881,-23.329391692580362,-2.659061752576463,4.726053867239386,0.30938432785340486,1.0008299161572474,0.9799878714372346,1649,1616,loftr,-99.59241923349008,scheme_b_pairwise,NA,False,661.4865234867705,250.01999999999992
1734763743800,F:\agent\UAV\data\IR-image\1734763743800.jpg,116.18319006845678,38.81189593381976,483.54,116.1908528,38.812106,734.11,1233.0313031768032,-25.02097118389347,3.5821209394849234,7.2973856216824515,0.095164863354904,1.0003531186932222,0.9025016035920462,1559,1407,loftr,-99.59241923349008,scheme_b_pairwise,NA,False,664.3401102041627,250.57
1734763744000,F:\agent\UAV\data\IR-image\1734763744000.jpg,116.18321201985684,38.81186281113386,483.54,116.1909121,38.812106,734.63,1234.9353927339635,-28.708188579316598,9.314261699449958,6.994458570371137,-0.2501738298358914,1.0023211294947345,0.9636475662353666,1623,1564,loftr,-99.59241923349008,scheme_b_pairwise,NA,False,667.7133202509002,251.08999999999997
1734763744200,F:\agent\UAV\data\IR-image\1734763744200.jpg,116.18324384917956,38.8118114838628,483.54,116.1909714,38.8121059,735.12,1237.696304606798,-34.42194039327956,14.522202747149493,10.313707433209743,-0.1001445781845194,1.0002812685792493,0.9826366559485531,1555,1528,loftr,-99.59241923349008,scheme_b_pairwise,NA,False,670.3458169473636,251.57999999999998
1734763744400,F:\agent\UAV\data\IR-image\1734763744400.jpg,116.1832739127935,38.81178788917326,483.54,116.1910307,38.8121059,735.57,1240.30405687911,-37.04850123264962,6.049625809120357,8.445834735962308,-0.14248336452646218,1.0002102169346154,0.9856965174129353,1608,1585,loftr,-99.59241923349008,scheme_b_pairwise,NA,False,673.0088235371697,252.03000000000003
1734763744600,F:\agent\UAV\data\IR-image\1734763744600.jpg,116.18329786602489,38.8118137996793,483.54,116.1910899,38.8121057,736.03,1242.3817875789493,-34.16414370081938,-8.9546705666084,4.401287256507828,0.39103944416903835,1.0009852432827164,0.9935597189695551,1708,1697,loftr,-99.59241923349008,scheme_b_pairwise,NA,False,675.9127825558332,252.48999999999995
1734763744800,F:\agent\UAV\data\IR-image\1734763744800.jpg,116.18333082705232,38.81186649316166,483.54,116.1911492,38.8121054,736.52,1245.2408648124751,-28.298305244192235,-17.57178069828609,5.169229690282123,0.2864832766787319,1.0014359089541809,0.9935483870967742,1550,1540,loftr,-99.59241923349008,scheme_b_pairwise,NA,False,677.9355577403633,252.97999999999996
1734763745000,F:\agent\UAV\data\IR-image\1734763745000.jpg,116.1833625386894,38.81188917676355,483.54,116.1912083,38.8121052,737.02,1247.9915684983264,-25.77316668207086,-8.27525600092838,6.431848985657382,-0.057089928551154696,1.0013485686107342,0.9849246231155779,1592,1568,loftr,-99.59241923349008,scheme_b_pairwise,NA,False,680.2120610832113,253.47999999999996
1734763745200,F:\agent\UAV\data\IR-image\1734763745200.jpg,116.18341471026947,38.81188835548116,483.54,116.1912673,38.8121051,737.49,1252.5169910505833,-25.864591837560827,-1.8636608457400143,12.567476120789479,-0.013694892986596716,1.0009933716656052,0.9772601220188575,1803,1762,loftr,-99.59241923349008,scheme_b_pairwise,NA,False,680.806172614684,253.95
1734763745400,F:\agent\UAV\data\IR-image\1734763745400.jpg,116.18344856401414,38.81187662862789,483.54,116.1913263,38.812105,737.93,1255.4535035991926,-27.170025143125873,2.23945604460539,8.737787119729262,0.13922019286780557,1.0012307134046843,1.0,1794,1794,loftr,-99.59241923349008,scheme_b_pairwise,NA,False,683.0304827171813,254.38999999999993
1734763745600,F:\agent\UAV\data\IR-image\1734763745600.jpg,116.18347684007341,38.811862766641916,483.54,116.1913851,38.8121048,738.4,1257.9062013339885,-28.713141422112827,3.123571981161035,7.509937086482353,0.29081161620131896,1.0011722395774614,0.9873493975903614,1660,1639,loftr,-99.59241923349008,scheme_b_pairwise,NA,False,685.7313858336647,254.85999999999996
1734763745800,F:\agent\UAV\data\IR-image\1734763745800.jpg,116.18350566350513,38.81186113095472,483.54,116.1914439,38.8121046,738.87,1260.406378782233,-28.89522612124388,-0.6654732070253431,7.004743346163934,0.3700486162131349,1.0011631040910771,1.0,1746,1746,loftr,-99.59241923349008,scheme_b_pairwise,NA,False,688.3329503947075,255.32999999999998
1734763746000,F:\agent\UAV\data\IR-image\1734763746000.jpg,116.18353900048841,38.81185235197898,483.54,116.1915025,38.8121044,739.33,1263.2980668557486,-29.87250170047762,1.3522014640449243,8.460238979276141,0.2533967597978539,1.0013585820925552,0.9810690423162584,1796,1762,loftr,-99.59241923349008,scheme_b_pairwise,NA,False,690.5582518018384,255.79000000000002
1734763746200,F:\agent\UAV\data\IR-image\1734763746200.jpg,116.183573083435,38.81185072820601,483.54,116.191561,38.8121043,739.78,1266.2544606412825,-30.053260106838344,-0.8825316135265098,8.266762859342862,0.22173422388150807,1.001356096160461,1.0,1805,1805,loftr,-99.59241923349008,scheme_b_pairwise,NA,False,692.6789893876813,256.23999999999995
1734763746400,F:\agent\UAV\data\IR-image\1734763746400.jpg,116.18359895825895,38.811856169231575,483.54,116.1916193,38.8121042,740.24,1268.4988724786006,-29.447565140869802,-2.726128852503564,5.928406709903584,0.0015877141149193128,1.000939600248395,0.9792817679558011,1448,1418,loftr,-99.59241923349008,scheme_b_pairwise,NA,False,695.4613841008493,256.7
1734763746600,F:\agent\UAV\data\IR-image\1734763746600.jpg,116.18361631883974,38.81182885858081,483.54,116.1916775,38.8121041,740.7,1270.004749120798,-32.487786784644946,7.709871796656159,5.589729294283529,-0.40974756151459113,1.0005002030891004,0.9258809234507898,1646,1524,loftr,-99.59241923349008,scheme_b_pairwise,NA,False,699.123158187202,257.16
1734763746800,F:\agent\UAV\data\IR-image\1734763746800.jpg,116.18364514307824,38.811840204921126,483.54,116.1917355,38.8121041,741.18,1272.5049965488165,-31.22471218040619,-4.665178020765268,6.328987449425881,-0.5030680603249845,1.0010388048974288,0.8394403730846103,1501,1260,loftr,-99.59241923349008,scheme_b_pairwise,NA,False,701.5946917126099,257.63999999999993
1734763747000,F:\agent\UAV\data\IR-image\1734763747000.jpg,116.18368850414274,38.81186403577813,483.54,116.1917934,38.812104,741.69,1276.2661848988112,-28.571861178611208,-9.101354934173571,9.168765339272852,-0.06415187102792508,1.0011131842594536,0.9808342728297632,1774,1740,loftr,-99.59241923349008,scheme_b_pairwise,NA,False,702.7471197092101,258.15000000000003
1734763747200,F:\agent\UAV\data\IR-image\1734763747200.jpg,116.18373450684841,38.81187736556814,483.54,116.1918511,38.8121037,742.21,1280.2565122265241,-27.087988955531838,-5.97322547445043,10.34970883587323,0.3891232387420417,1.0017240842413575,0.9612546125461254,1626,1563,loftr,-99.59241923349008,scheme_b_pairwise,NA,False,703.7039931788827,258.67
1734763747400,F:\agent\UAV\data\IR-image\1734763747400.jpg,116.18377263609585,38.81188120885475,483.54,116.1919088,38.8121034,742.71,1283.5638867770647,-26.660154289192423,-2.7310600178656728,8.953489738394637,0.13998899339321733,1.0003808359437352,0.9700166574125486,1801,1747,loftr,-99.59241923349008,scheme_b_pairwise,NA,False,705.382293957016,259.17
1734763747600,F:\agent\UAV\data\IR-image\1734763747600.jpg,116.18380133050181,38.81189301605815,483.54,116.1919662,38.8121034,743.2,1286.0528723832697,-25.345776407027962,-4.801899186588173,6.273822580729643,-0.25977650397161905,0.9998200821922061,0.9746743849493488,1382,1347,loftr,-99.59241923349008,scheme_b_pairwise,NA,False,707.8232731860828,259.66
1734763747800,F:\agent\UAV\data\IR-image\1734763747800.jpg,116.18382935251762,38.81186930729495,483.54,116.1920235,38.8121035,743.7,1288.4835340986272,-27.98503592646264,6.167602313487976,7.961652481740657,-0.2727254088299635,1.0001522692298785,0.9683257918552036,1547,1498,loftr,-99.59241923349008,scheme_b_pairwise,NA,False,710.4508827577749,260.16
1734763748000,F:\agent\UAV\data\IR-image\1734763748000.jpg,116.18386135828106,38.81187706854777,483.54,116.1920807,38.8121035,744.2,1291.2597506404657,-27.121053262043848,-3.689717612170739,7.279437675888232,-0.19487417675322766,1.000401400518454,0.9781771501925546,1558,1524,loftr,-99.59241923349008,scheme_b_pairwise,NA,False,712.6012958052022,260.66
1734763748200,F:\agent\UAV\data\IR-image\1734763748200.jpg,116.18389863662595,38.81188104092517,483.54,116.1921377,38.8121035,744.75,1294.4933169319854,-26.67884821015144,-2.736309382802119,8.742493975980949,0.07448710275278145,1.000444429717506,0.9865921787709497,1790,1766,loftr,-99.59241923349008,scheme_b_pairwise,NA,False,714.2935409029964,261.21
1734763748400,F:\agent\UAV\data\IR-image\1734763748400.jpg,116.18392504375693,38.81187185130516,483.54,116.1921946,38.8121035,745.29,1296.7839016879996,-27.70183670937548,1.7598743209910026,6.81798644494512,0.09072221809483423,1.0008950935094705,0.9994369369369369,1776,1775,loftr,-99.59241923349008,scheme_b_pairwise,NA,False,716.9700150358536,261.74999999999994
1734763748600,F:\agent\UAV\data\IR-image\1734763748600.jpg,116.18394567392518,38.81186052971135,483.54,116.1922514,38.8121035,745.84,1298.5733860874827,-28.96215653228294,2.6511020490221995,5.54213187686446,-0.10370310936254391,1.0011326814116144,0.987741935483871,1550,1531,loftr,-99.59241923349008,scheme_b_pairwise,NA,False,720.148085861306,262.3
1734763748800,F:\agent\UAV\data\IR-image\1734763748800.jpg,116.18397603991627,38.81185272133613,483.54,116.192308,38.8121036,746.38,1301.2073669003744,-29.83138486179087,1.1737045645562034,7.696462262355794,-0.15340219940038508,1.0007991770336697,0.9994456762749445,1804,1803,loftr,-99.59241923349008,scheme_b_pairwise,NA,False,722.4529698578636,262.84
1734763749000,F:\agent\UAV\data\IR-image\1734763749000.jpg,116.18400958250604,38.81184940893971,483.54,116.1923646,38.8121037,746.89,1304.116889516583,-30.200120831592052,-0.34035528897078393,8.224964039579618,-0.03517556820605017,1.0010112643089335,1.0,1806,1806,loftr,-99.59241923349008,scheme_b_pairwise,NA,False,724.4639965790104,263.34999999999997
1734763749200,F:\agent\UAV\data\IR-image\1734763749200.jpg,116.18403390536315,38.81185320570549,483.54,116.1924211,38.8121038,747.4,1306.2266819745078,-29.77746486540872,-2.156577877937764,5.641443024773025,0.04919481681768305,1.0012527431860492,0.9871712636305324,1559,1539,loftr,-99.59241923349008,scheme_b_pairwise,NA,False,727.2339499518998,263.85999999999996
1734763749400,F:\agent\UAV\data\IR-image\1734763749400.jpg,116.18406113139902,38.81185896125787,483.54,116.1924775,38.8121038,747.9,1308.588299478162,-29.13675677381955,-2.8778534000299487,6.23641228621176,-0.015283579734342615,1.00127503506783,0.9857235561323816,1541,1519,loftr,-99.59241923349008,scheme_b_pairwise,NA,False,729.7356622024528,264.35999999999996
1734763749600,F:\agent\UAV\data\IR-image\1734763749600.jpg,116.1840769757985,38.81185128838249,483.54,116.1925338,38.8121039,748.39,1309.9626608189947,-29.990901260884574,1.7211243691612026,4.203241313450462,-0.028214860022850213,1.0008983595006362,0.9941690962099126,1715,1705,loftr,-99.59241923349008,scheme_b_pairwise,NA,False,733.2711065778275,264.84999999999997
1734763749800,F:\agent\UAV\data\IR-image\1734763749800.jpg,116.18410414251231,38.81184777310676,483.54,116.1925901,38.812104,748.88,1312.3191326588922,-30.382221755214864,-0.01916915506967598,6.704885426119915,-0.185371857544309,1.0017664183357127,1.0,1762,1762,loftr,-99.59241923349008,scheme_b_pairwise,NA,False,735.8089578868838,265.34
1734763750000,F:\agent\UAV\data\IR-image\1734763750000.jpg,116.18413456337038,38.811843239423546,483.54,116.1926463,38.8121041,749.34,1314.957872696177,-30.886911371399712,0.1625687633124926,7.539127046143449,-0.14793737366115192,1.000578019815064,1.0,1801,1801,loftr,-99.59241923349008,scheme_b_pairwise,NA,False,738.0609882378549,265.8
1734763750200,F:\agent\UAV\data\IR-image\1734763750200.jpg,116.18416693770358,38.811840978741195,483.54,116.1927025,38.8121042,749.79,1317.7660594021183,-31.138570530451247,-0.6169828448140606,7.889742565697986,-0.1093215679814352,1.0008954029652886,1.0,1806,1806,loftr,-99.59241923349008,scheme_b_pairwise,NA,False,740.1340937831932,266.24999999999994
1734763750400,F:\agent\UAV\data\IR-image\1734763750400.jpg,116.18420243386711,38.81184494159455,483.54,116.1927586,38.8121043,750.24,1320.845037242742,-30.6974256949244,-2.661068878001174,8.315145615849474,-0.02626260522378784,1.0008073739804615,0.9994407158836689,1788,1787,loftr,-99.59241923349008,scheme_b_pairwise,NA,False,741.9010571427457,266.7
1734763750600,F:\agent\UAV\data\IR-image\1734763750600.jpg,116.18423449132013,38.81184536663193,483.54,116.1928147,38.8121043,750.69,1323.6257373977126,-30.650110534046238,-1.4315779662075556,7.673829514208705,0.07920854759117568,0.9996411772703051,0.9983379501385041,1805,1802,loftr,-99.59241923349008,scheme_b_pairwise,NA,False,743.980796372314,267.15000000000003
1734763750800,F:\agent\UAV\data\IR-image\1734763750800.jpg,116.18426399556813,38.811860592755785,483.54,116.1928707,38.8121043,751.15,1326.184969628908,-28.955138425928705,-5.8881014292850296,6.2902228207784106,0.08113840829920758,1.0011320971416953,0.9588313413014609,1506,1444,loftr,-99.59241923349008,scheme_b_pairwise,NA,False,746.2112970350734,267.60999999999996
1734763751000,F:\agent\UAV\data\IR-image\1734763751000.jpg,116.18429466496826,38.811864872665666,483.54,116.1929268,38.8121043,751.61,1328.8452684887698,-28.47869885810771,-2.5629215502684133,7.139886884200962,-0.012043996623703363,1.0008989148743934,0.9872685185185185,1728,1706,loftr,-99.59241923349008,scheme_b_pairwise,NA,False,748.3961529010264,268.07
1734763751200,F:\agent\UAV\data\IR-image\1734763751200.jpg,116.18432015388659,38.81186866798212,483.54,116.1929828,38.8121044,752.05,1331.0562064301778,-28.056204230463077,-2.203440493831579,5.921452171353849,-0.08300240195274,1.0012342409756,0.9888544891640867,1615,1597,loftr,-99.59241923349008,scheme_b_pairwise,NA,False,751.0236127860462,268.50999999999993
1734763751400,F:\agent\UAV\data\IR-image\1734763751400.jpg,116.18435005796741,38.81186131969211,483.54,116.1930388,38.8121044,752.48,1333.6501206165465,-28.874215873836224,1.0506960283568105,7.5616167375085865,-0.07874729699413331,1.0006172964781364,0.9994462901439646,1806,1805,loftr,-99.59241923349008,scheme_b_pairwise,NA,False,753.3122074448804,268.94
1734763751600,F:\agent\UAV\data\IR-image\1734763751600.jpg,116.18436799090411,38.81184253234546,483.54,116.1930948,38.8121046,752.89,1335.2056440656088,-30.96562330384235,5.06067980048482,5.283341191405782,-0.3182493655932557,1.0003647291305366,0.9903057419835943,1341,1328,loftr,-99.59241923349008,scheme_b_pairwise,NA,False,756.6868395763211,269.34999999999997
1734763751800,F:\agent\UAV\data\IR-image\1734763751800.jpg,116.18440103804566,38.81183314447541,483.54,116.1931508,38.8121047,753.33,1338.0721909379995,-32.01068099738247,1.5515569356437595,8.422361308110283,-0.34801491832691894,1.001182888707101,0.9994450610432852,1802,1801,loftr,-99.59241923349008,scheme_b_pairwise,NA,False,758.7153997644344,269.79
1734763752000,F:\agent\UAV\data\IR-image\1734763752000.jpg,116.1844409262629,38.81183935081743,483.54,116.1932068,38.8121049,753.77,1341.532140541176,-31.31979100387714,-3.530465375710776,9.252721830503447,-0.1574260108804304,1.0006088574153116,0.9982768523836876,1741,1738,loftr,-99.59241923349008,scheme_b_pairwise,NA,False,760.0840122005051,270.22999999999996
1734763752200,F:\agent\UAV\data\IR-image\1734763752200.jpg,116.18447171176466,38.81184310630482,483.54,116.1932628,38.8121049,754.18,1344.2025101900597,-30.90173014728173,-2.406061088329068,7.1950648279456,0.07217475571821735,1.0003212590843904,0.9913644214162349,1737,1722,loftr,-99.59241923349008,scheme_b_pairwise,NA,False,762.2509704173148,270.63999999999993
1734763752400,F:\agent\UAV\data\IR-image\1734763752400.jpg,116.18450278895065,38.81184959111992,483.54,116.1933189,38.8121049,754.61,1346.8981808614815,-30.17984053000774,-3.2587820474028035,7.1229778767244625,0.14175368071831376,1.0006040661121496,0.9712538226299694,1635,1588,loftr,-99.59241923349008,scheme_b_pairwise,NA,False,764.3903146837486,271.07
1734763752600,F:\agent\UAV\data\IR-image\1734763752600.jpg,116.18453693696874,38.81185662363473,483.54,116.193375,38.8121049,755.05,1349.8602190236304,-29.396980981667216,-3.5521135315646006,7.83166792548468,0.04624370274040211,1.0008512781539405,0.985207100591716,1690,1665,loftr,-99.59241923349008,scheme_b_pairwise,NA,False,766.262403139676,271.50999999999993
1734763752800,F:\agent\UAV\data\IR-image\1734763752800.jpg,116.18457056671144,38.81184446410778,483.54,116.1934311,38.812105,755.5,1352.7773013857072,-30.750579522235515,2.381847939817078,8.706539973220174,-0.1350230898692191,1.0012835828560787,0.9972314507198228,1806,1801,loftr,-99.59241923349008,scheme_b_pairwise,NA,False,768.2583169153714,271.96
1734763753000,F:\agent\UAV\data\IR-image\1734763753000.jpg,116.184596809221,38.8118388342802,483.54,116.1934872,38.812105,755.94,1355.053606693326,-31.377291928326482,0.6698060941466792,6.593114510670489,-0.085560677871258,1.0001476566531577,1.0,1783,1783,loftr,-99.59241923349008,scheme_b_pairwise,NA,False,770.8672663436607,272.40000000000003
1734763753200,F:\agent\UAV\data\IR-image\1734763753200.jpg,116.18463034229337,38.81185398959704,483.54,116.1935434,38.812105,756.39,1357.962303759326,-29.690202057352447,-6.029742729514567,7.261100380734661,0.036119435400109395,1.0012887667906225,0.9935785172212492,1713,1702,loftr,-99.59241923349008,scheme_b_pairwise,NA,False,772.766991304064,272.84999999999997
1734763753400,F:\agent\UAV\data\IR-image\1734763753400.jpg,116.18464215560414,38.81183962814691,483.54,116.1935996,38.812105,756.85,1358.9870038518634,-31.28891868613053,3.945375891373999,3.5837683543318235,0.14936209441768622,1.000790892640113,0.9784400760938491,1577,1543,loftr,-99.59241923349008,scheme_b_pairwise,NA,False,776.6694443627754,273.31
1734763753600,F:\agent\UAV\data\IR-image\1734763753600.jpg,116.18465935115918,38.811853780679044,483.54,116.1936558,38.8121049,757.32,1360.4785659719028,-29.713458809039885,-5.057950117171117,3.391202564216883,0.13398884446715614,1.0025456912974524,0.8529603122966819,1537,1311,loftr,-99.59241923349008,scheme_b_pairwise,NA,False,779.988095291634,273.78000000000003
1734763753800,F:\agent\UAV\data\IR-image\1734763753800.jpg,116.18468220850372,38.81186386754408,483.54,116.1937121,38.8121049,757.77,1362.4612381908214,-28.59058899271643,-4.035055157120951,4.962107173554159,0.16760782528625195,1.0014117892357626,0.9740740740740741,1350,1315,loftr,-99.59241923349008,scheme_b_pairwise,NA,False,782.844591951996,274.22999999999996
1734763754000,F:\agent\UAV\data\IR-image\1734763754000.jpg,116.18470240238098,38.81186302333557,483.54,116.1937685,38.8121048,758.22,1364.2128782107131,-28.684566284799292,-0.5592061538771986,4.891854883527628,0.21664798775610483,1.0004956932791154,0.9711538461538461,1664,1616,loftr,-99.59241923349008,scheme_b_pairwise,NA,False,785.9826339166966,274.68
1734763754200,F:\agent\UAV\data\IR-image\1734763754200.jpg,116.18472644417214,38.81184835605677,483.54,116.193825,38.8121048,758.69,1366.2982906858551,-30.31732776052487,3.5434687388897714,6.535355970629496,0.11739636485059307,1.0008421730026824,0.9975728155339806,1648,1644,loftr,-99.59241923349008,scheme_b_pairwise,NA,False,788.850654223689,275.15000000000003
1734763754400,F:\agent\UAV\data\IR-image\1734763754400.jpg,116.18475159469928,38.81183352393753,483.54,116.1938815,38.8121047,759.15,1368.4798761874467,-31.968439274507773,3.5492715727575614,6.810110642003735,0.014880061261318418,1.0004019198227712,0.9983050847457627,1770,1767,loftr,-99.59241923349008,scheme_b_pairwise,NA,False,791.6259160890427,275.60999999999996
1734763754600,F:\agent\UAV\data\IR-image\1734763754600.jpg,116.18476852645693,38.81183516011803,483.54,116.1939382,38.8121047,759.62,1369.9485562205075,-31.78629966106327,-1.1910468051838734,3.97957603543432,-0.09297412844633171,1.0001694608258687,1.0,1843,1843,loftr,-99.59241923349008,scheme_b_pairwise,NA,False,795.0622172461777,276.08
1734763754800,F:\agent\UAV\data\IR-image\1734763754800.jpg,116.1848055297347,38.81183597092665,483.54,116.193995,38.8121047,760.06,1373.1582628741262,-31.69604044536607,-1.7510921516395115,8.84107612572791,-0.17087591391753562,1.0008934354589727,0.998330550918197,1797,1794,loftr,-99.59241923349008,scheme_b_pairwise,NA,False,796.7728768562606,276.5199999999999
1734763755000,F:\agent\UAV\data\IR-image\1734763755000.jpg,116.18483733891235,38.8118325235627,483.54,116.1940518,38.8121047,760.49,1375.917427339399,-32.07980100035537,-0.22844517512697848,7.815855206233039,-0.18732109238250086,1.0006134650172118,1.0,1804,1804,loftr,-99.59241923349008,scheme_b_pairwise,NA,False,798.9511104731125,276.95
1734763755200,F:\agent\UAV\data\IR-image\1734763755200.jpg,116.18487643346919,38.81183635645641,483.54,116.1941088,38.8121047,760.93,1379.3085339332056,-31.65312327244631,-2.767022326387689,9.185770530598916,-0.2888550104862172,1.0009221179901537,0.9994369369369369,1776,1775,loftr,-99.59241923349008,scheme_b_pairwise,NA,False,800.4853766292752,277.38999999999993
1734763755400,F:\agent\UAV\data\IR-image\1734763755400.jpg,116.18491539034478,38.81185705758634,483.54,116.1941658,38.8121048,761.38,1382.6876978982436,-29.34867348923578,-7.958422217961527,8.274420606203478,-0.07976736811613248,1.0007051196178625,0.9983108108108109,1776,1773,loftr,-99.59241923349008,scheme_b_pairwise,NA,False,801.965548430162,277.84
1734763755600,F:\agent\UAV\data\IR-image\1734763755600.jpg,116.18495688417032,38.81188431177889,483.54,116.1942229,38.8121047,761.85,1386.2869198034305,-26.31473677399676,-10.080303577412451,8.542254897497855,0.0898441431557391,1.0004519722229004,0.9983108108108109,1776,1773,loftr,-99.59241923349008,scheme_b_pairwise,NA,False,803.2182263927617,278.31
1734763755800,F:\agent\UAV\data\IR-image\1734763755800.jpg,116.18498926011253,38.81189006352841,483.54,116.1942801,38.8121046,762.35,1389.0952460756366,-25.674452017875524,-3.08562246643163,7.472936688439802,-0.006720644458093486,1.0009702117111174,0.9813813813813814,1665,1634,loftr,-99.59241923349008,scheme_b_pairwise,NA,False,805.348513775812,278.81
1734763756000,F:\agent\UAV\data\IR-image\1734763756000.jpg,116.18502657233091,38.81188249555794,483.54,116.1943373,38.8121046,762.84,1392.331750591591,-26.516918490409566,0.8178169526533452,9.351509953196967,-0.08785083112550719,1.00060088936321,0.9994462901439646,1806,1805,loftr,-99.59241923349008,scheme_b_pairwise,NA,False,807.0962701736341,279.3
1734763756200,F:\agent\UAV\data\IR-image\1734763756200.jpg,116.18505500818242,38.81187223039587,483.54,116.1943946,38.8121046,763.32,1394.7983088886767,-27.65963633185786,2.008932584885656,7.3610182446557815,-0.009556195997719591,1.0008742078383959,0.9633333333333334,1800,1734,loftr,-99.59241923349008,scheme_b_pairwise,NA,False,809.6316887180193,279.78000000000003
1734763756400,F:\agent\UAV\data\IR-image\1734763756400.jpg,116.18508065400745,38.81186023315328,483.54,116.194452,38.8121046,763.81,1397.0228570958468,-28.99516937698717,2.6557707586412107,6.781409032578324,-0.06975578434173868,1.0005741982533858,0.9847058823529412,1700,1674,loftr,-99.59241923349008,scheme_b_pairwise,NA,False,812.4251920895081,280.2699999999999
1734763756600,F:\agent\UAV\data\IR-image\1734763756600.jpg,116.18511081244667,38.81185329658033,483.54,116.1945094,38.8121046,764.31,1399.6388346217486,-29.767348677689235,0.9135291112227719,7.601242660043795,0.025417515718530535,1.0007452717681002,1.0,1802,1802,loftr,-99.59241923349008,scheme_b_pairwise,NA,False,814.8103194101049,280.7699999999999
1734763756800,F:\agent\UAV\data\IR-image\1734763756800.jpg,116.18513930393645,38.81185120741838,483.54,116.1945668,38.8121046,764.79,1402.1102190463544,-29.99991418636604,-0.5122933353054577,6.948666364999212,0.11185988764787266,1.0003514978880912,0.9966405375139977,1786,1780,loftr,-99.59241923349008,scheme_b_pairwise,NA,False,817.3215862368766,281.24999999999994
1734763757000,F:\agent\UAV\data\IR-image\1734763757000.jpg,116.18516689994229,38.81187369448108,483.54,116.1946243,38.8121046,765.29,1404.5039281692293,-27.496654366138713,-8.047725295112855,5.454052103801871,0.18528760277550985,1.0006164904117456,0.9924098671726755,1581,1569,loftr,-99.59241923349008,scheme_b_pairwise,NA,False,819.8288041968941,281.74999999999994
1734763757200,F:\agent\UAV\data\IR-image\1734763757200.jpg,116.18518670752353,38.81188524446302,483.54,116.1946819,38.8121045,765.8,1406.2220604294805,-26.210910376688847,-4.362097033636644,4.153775654241201,0.20617912478309938,1.0024499377457132,0.9510395707578806,1491,1418,loftr,-99.59241923349008,scheme_b_pairwise,NA,False,823.0622328144144,282.25999999999993
1734763757400,F:\agent\UAV\data\IR-image\1734763757400.jpg,116.18520891658773,38.81186786264252,483.54,116.1947395,38.8121046,766.3,1408.1485000710777,-28.145854634337486,4.454157029583939,6.236718387880728,0.18145846670243332,1.0010203984943644,0.9765258215962441,1491,1456,loftr,-99.59241923349008,scheme_b_pairwise,NA,False,826.1870549144475,282.75999999999993
1734763757600,F:\agent\UAV\data\IR-image\1734763757600.jpg,116.18523629042028,38.81186018088979,483.54,116.1947973,38.8121046,766.75,1410.5229376274683,-29.00098734929035,1.2560901656958663,6.971548518046461,0.12602670935259722,1.0007789125018511,1.0,1788,1788,loftr,-99.59241923349008,scheme_b_pairwise,NA,False,828.8495781471403,283.21
1734763757800,F:\agent\UAV\data\IR-image\1734763757800.jpg,116.1852608425435,38.81185605722169,483.54,116.1948551,38.8121046,767.2,1412.6526168890784,-29.46003408144309,0.27435079707458954,6.108884403910054,-0.009386824410544527,1.0005130497646566,0.9945388349514563,1648,1639,loftr,-99.59241923349008,scheme_b_pairwise,NA,False,831.7438962240882,283.66
1734763758000,F:\agent\UAV\data\IR-image\1734763758000.jpg,116.18528385119252,38.81185344899522,483.54,116.194913,38.8121048,767.66,1414.6484134322868,-29.750381852264905,-0.12992474395895215,5.659439861182477,-0.31627552579653306,1.0026797548179365,0.9965055329062318,1717,1711,loftr,-99.59241923349008,scheme_b_pairwise,NA,False,834.7757688624482,284.11999999999995
1734763758200,F:\agent\UAV\data\IR-image\1734763758200.jpg,116.18531223596237,38.81182868390946,483.54,116.194971,38.812105,768.14,1417.110540847595,-32.507231199310624,6.478330357825314,8.103738738365905,-0.6739363749090005,0.999716750304325,0.9987856709168185,1647,1645,loftr,-99.59241923349008,scheme_b_pairwise,NA,False,837.4377141320714,284.59999999999997
1734763758400,F:\agent\UAV\data\IR-image\1734763758400.jpg,116.18534609561975,38.81181696193268,483.54,116.195029,38.8121052,768.65,1420.0475662726444,-33.81212165412545,2.237713742842402,8.738952664483463,-0.3729674354726501,1.0007469866864154,1.0,1789,1789,loftr,-99.59241923349008,scheme_b_pairwise,NA,False,839.5775546829808,285.10999999999996
1734763758600,F:\agent\UAV\data\IR-image\1734763758600.jpg,116.18538293059378,38.81184040932662,483.54,116.195087,38.8121053,769.19,1423.2426740664027,-31.201957760353388,-8.718437739918102,7.6220277172606075,-0.3726290278926217,0.9992117784762643,0.9822451317296678,1746,1715,loftr,-99.59241923349008,scheme_b_pairwise,NA,False,841.3150140412783,285.65000000000003
1734763758800,F:\agent\UAV\data\IR-image\1734763758800.jpg,116.18541403281422,38.81186281446569,483.54,116.1951451,38.8121053,769.77,1425.9405162565065,-28.7078176792383,-8.164738451562016,6.300046741963342,-0.030498083579863174,0.9999913383973524,0.959731543624161,1639,1573,loftr,-99.59241923349008,scheme_b_pairwise,NA,False,843.5693406254409,286.22999999999996
1734763759000,F:\agent\UAV\data\IR-image\1734763759000.jpg,116.18545650320404,38.81188977942782,483.54,116.1952033,38.8121051,770.35,1429.624446464781,-25.7060780948986,-10.030814622164598,8.791756160833756,0.24795404356374434,1.0008337319292893,0.9983069977426636,1772,1769,loftr,-99.59241923349008,scheme_b_pairwise,NA,False,844.8403643002138,286.81
1734763759200,F:\agent\UAV\data\IR-image\1734763759200.jpg,116.18547983824065,38.811928526820495,483.54,116.1952616,38.812105,770.91,1431.6485542412327,-21.392718342720467,-12.884544512061439,3.5844862639871167,0.36933196520286676,1.001145799380251,0.9947121034077556,1702,1693,loftr,-99.59241923349008,scheme_b_pairwise,NA,False,847.7574407264906,287.36999999999995
1734763759400,F:\agent\UAV\data\IR-image\1734763759400.jpg,116.18551549589513,38.81193818104002,483.54,116.1953199,38.8121048,771.5,1434.7415399906504,-20.318010624729524,-4.421091047981804,8.057575728134623,0.6474379247849,1.0022130681413137,0.9374217772215269,1598,1498,loftr,-99.59241923349008,scheme_b_pairwise,NA,False,849.6940835026649,287.96
1734763759600,F:\agent\UAV\data\IR-image\1734763759600.jpg,116.18553480409005,38.81190755146332,483.54,116.1953783,38.8121047,772.08,1436.4163549106488,-23.72769510352733,8.653391605327727,6.230098807515446,0.3887613566692395,1.0001264131459218,0.9828431372549019,1632,1604,loftr,-99.59241923349008,scheme_b_pairwise,NA,False,853.1610105045621,288.54
1734763759800,F:\agent\UAV\data\IR-image\1734763759800.jpg,116.18556012873262,38.811872953291875,483.54,116.1954367,38.8121047,772.63,1438.6130433843257,-27.579163548629765,9.631990148790635,7.88109102800388,0.1861561560332605,1.0005549090563852,0.9983108108108109,1776,1773,loftr,-99.59241923349008,scheme_b_pairwise,NA,False,856.1332143610188,289.09
1734763760000,F:\agent\UAV\data\IR-image\1734763760000.jpg,116.18557208490807,38.81186322634749,483.54,116.1954951,38.8121047,773.18,1439.650135723876,-28.66196699752838,2.5117207424270873,3.3767556259472826,0.1761063134729254,1.0004250099363743,0.9821002386634845,1676,1646,loftr,-99.59241923349008,scheme_b_pairwise,NA,False,860.1886177652273,289.63999999999993
1734763760200,F:\agent\UAV\data\IR-image\1734763760200.jpg,116.18560479554932,38.8118615059104,483.54,116.1955535,38.8121047,773.74,1442.4874941743371,-28.85348605466795,-0.7970732433772127,7.9423497319951935,0.03849859791683989,0.9995512235283809,0.9546998867497168,1766,1686,loftr,-99.59241923349008,scheme_b_pairwise,NA,False,862.4193517340827,290.2
1734763760400,F:\agent\UAV\data\IR-image\1734763760400.jpg,116.18564270389699,38.81186836108473,483.54,116.195612,38.8121046,774.3,1445.7757076260204,-28.090368048370678,-3.6500393128192172,8.743635542634877,0.3553395824468249,1.0004506610156159,0.9626865671641791,1608,1548,loftr,-99.59241923349008,scheme_b_pairwise,NA,False,864.1787235358286,290.75999999999993
1734763760600,F:\agent\UAV\data\IR-image\1734763760600.jpg,116.18568027821193,38.8118832898335,483.54,116.1956706,38.8121045,774.85,1449.0349466983364,-26.428499734296434,-6.123898967466175,8.243069339823421,-0.008968378596620866,1.0010978088259865,0.6246105919003115,1284,802,loftr,-99.59241923349008,scheme_b_pairwise,NA,False,865.9504625844899,291.31
1734763760800,F:\agent\UAV\data\IR-image\1734763760800.jpg,116.18571248528016,38.81188140483528,483.54,116.1957292,38.8121045,775.36,1451.8286246480864,-26.63833773639208,-0.7259422695338458,7.83002647754347,0.18621933168936025,1.0001493610324539,0.9575070821529745,1765,1690,loftr,-99.59241923349008,scheme_b_pairwise,NA,False,868.2423052857662,291.82
1734763761000,F:\agent\UAV\data\IR-image\1734763761000.jpg,116.18573637676332,38.81187588549799,483.54,116.1957878,38.8121046,775.85,1453.900999233882,-27.25275036375609,0.7311500601585976,6.022955883181908,-0.09655817847655755,1.0001201260290347,0.847267939433838,1519,1287,loftr,-99.59241923349008,scheme_b_pairwise,NA,False,871.2664133437748,292.31
1734763761200,F:\agent\UAV\data\IR-image\1734763761200.jpg,116.18577508019719,38.811901750955265,483.54,116.1958463,38.8121047,776.37,1457.2581793739635,-24.37340765983334,-9.539232861160656,7.944680683879767,-0.04231883771524934,1.0009438816077494,0.9482657260435038,1701,1613,loftr,-99.59241923349008,scheme_b_pairwise,NA,False,872.9020118060249,292.83
1734763761400,F:\agent\UAV\data\IR-image\1734763761400.jpg,116.18581586226097,38.81188569189798,483.54,116.1959048,38.8121049,776.88,1460.7956622500358,-26.161101917566036,3.2930838526108346,10.626622710472702,-0.209980532471624,1.0009916798976934,0.9483248154457694,1761,1670,loftr,-99.59241923349008,scheme_b_pairwise,NA,False,874.4852743576969,293.34
1734763761600,F:\agent\UAV\data\IR-image\1734763761600.jpg,116.18584272579793,38.811859239717464,483.54,116.1959634,38.8121051,777.38,1463.1258361840137,-29.105758652193302,7.059831554654522,7.826383618691523,-0.10498805999323983,1.0000831249250646,0.956860395446375,1669,1597,loftr,-99.59241923349008,scheme_b_pairwise,NA,False,877.3214917487629,293.84
1734763761800,F:\agent\UAV\data\IR-image\1734763761800.jpg,116.1858777342055,38.811878760370824,483.54,116.1960218,38.8121052,777.93,1466.1625055152015,-26.93271952016869,-7.434529375642967,7.387985976908055,0.27807015846494604,1.0008171403665038,0.9496004917025199,1627,1545,loftr,-99.59241923349008,scheme_b_pairwise,NA,False,879.2826413846841,294.38999999999993
1734763762000,F:\agent\UAV\data\IR-image\1734763762000.jpg,116.18592768160349,38.81191351023533,483.54,116.1960802,38.8121051,778.49,1470.4949999666062,-23.06436460374237,-12.732644008682769,10.18139952147493,0.35055949327096647,1.0004648787118895,0.963789981894991,1657,1597,loftr,-99.59241923349008,scheme_b_pairwise,NA,False,879.9121451587572,294.95
1734763762200,F:\agent\UAV\data\IR-image\1734763762200.jpg,116.1859561627376,38.8119564730291,483.54,116.1961386,38.812105,779.04,1472.9654861277018,-18.281746400478426,-14.392066347441073,4.600410327814416,0.7657844374362824,1.0009380581812746,0.9521144278606966,1608,1531,loftr,-99.59241923349008,scheme_b_pairwise,NA,False,882.4008028334977,295.49999999999994
1734763762400,F:\agent\UAV\data\IR-image\1734763762400.jpg,116.1859673634969,38.81191891721307,483.54,116.1961968,38.812105,779.63,1473.937052805683,-22.462459841080488,11.116250443752392,4.644401192237012,0.07180575724826485,1.0030565601507957,0.8387301587301588,1575,1321,loftr,-99.59241923349008,scheme_b_pairwise,NA,False,886.560158139413,296.09
1734763762600,F:\agent\UAV\data\IR-image\1734763762600.jpg,116.18601134001496,38.811905244514065,483.54,116.1962549,38.8121054,780.17,1477.7516263020425,-23.984504694225116,2.428258922075372,11.26925498898379,-0.3106896521316228,1.000304016390034,0.9954776710005653,1769,1761,loftr,-99.59241923349008,scheme_b_pairwise,NA,False,887.8214712966868,296.62999999999994
1734763762800,F:\agent\UAV\data\IR-image\1734763762800.jpg,116.18604307018212,38.81192616888196,483.54,116.196313,38.8121059,780.7,1480.5039373084414,-21.655204060448455,-7.73400008187366,6.5278974415329,-0.24954635173368417,1.0006397134870075,0.8333333333333334,1380,1150,loftr,-99.59241923349008,scheme_b_pairwise,NA,False,890.0515168166575,297.16
1734763763000,F:\agent\UAV\data\IR-image\1734763763000.jpg,116.18608196863937,38.811909889941404,483.54,116.196371,38.8121063,781.23,1483.8780339987752,-23.46737572313621,3.4372495619435313,10.18587844602149,0.17322474840753163,1.0006302755819378,0.9850835322195705,1676,1651,loftr,-99.59241923349008,scheme_b_pairwise,NA,False,891.7497263284596,297.69
1734763763200,F:\agent\UAV\data\IR-image\1734763763200.jpg,116.18610611459938,38.81190864253085,483.54,116.196429,38.8121067,781.72,1485.9724821979833,-23.60623746527653,-0.5953253285858864,5.8616164357100615,0.6274033276829596,1.0005712360261283,0.9795918367346939,1715,1680,loftr,-99.59241923349008,scheme_b_pairwise,NA,False,894.6865926084205,298.18
1734763763400,F:\agent\UAV\data\IR-image\1734763763400.jpg,116.18609997718282,38.81184367322575,483.54,116.196487,38.812107,782.19,1485.4401156632057,-30.83862050907024,20.265595225524635,1.9094328720905764,0.2137734029897221,0.9992863936181913,0.965435041716329,1678,1620,loftr,-99.59241923349008,scheme_b_pairwise,NA,False,900.4492238986526,298.65000000000003
1734763763600,F:\agent\UAV\data\IR-image\1734763763600.jpg,116.18610926225686,38.81180901432518,483.54,116.1965449,38.8121075,782.65,1486.2455136095352,-34.696849321182896,10.30145370882741,4.033670055245693,0.3551790181753689,1.000629778462137,0.9718826405867971,1636,1590,loftr,-99.59241923349008,scheme_b_pairwise,NA,False,904.7943882223158,299.10999999999996
1734763763800,F:\agent\UAV\data\IR-image\1734763763800.jpg,116.18612977237328,38.811747766254214,483.54,116.1966029,38.812108,783.07,1488.024584575269,-41.51498458087171,18.037971955215028,8.11288837014996,0.07857571044457003,1.0003837708686514,0.9830405814657783,1651,1623,loftr,-99.59241923349008,scheme_b_pairwise,NA,False,908.3177513036835,299.53000000000003
1734763764000,F:\agent\UAV\data\IR-image\1734763764000.jpg,116.18614929598928,38.81174840608096,483.54,116.1966607,38.8121085,783.48,1489.7180853665554,-41.4437590681555,-0.989233388849641,4.653675871409746,-0.47990268589713525,1.0014582060101993,0.911886457717327,1691,1542,loftr,-99.59241923349008,scheme_b_pairwise,NA,False,911.6302669086537,299.94
1734763764200,F:\agent\UAV\data\IR-image\1734763764200.jpg,116.18619781604252,38.811770233079066,483.54,116.1967185,38.812109,783.95,1493.9267703027087,-39.013977638709804,-8.693289185180788,10.51160926001711,-0.6637104369759186,1.0019343902903233,0.9781582054309327,1694,1657,loftr,-99.59241923349008,scheme_b_pairwise,NA,False,912.3324095915732,300.41
1734763764400,F:\agent\UAV\data\IR-image\1734763764400.jpg,116.18624211631075,38.81177935404261,483.54,116.1967763,38.8121095,784.4,1497.7694262587816,-37.998631976236496,-4.607444553012442,10.160154139575184,-0.6071636792551744,0.9990554261731462,0.9339622641509434,1590,1485,loftr,-99.59241923349008,scheme_b_pairwise,NA,False,913.4619958126056,300.85999999999996
1734763764600,F:\agent\UAV\data\IR-image\1734763764600.jpg,116.18627982656464,38.81179529688999,483.54,116.196834,38.8121097,784.84,1501.0404568307142,-36.22387420621475,-6.441850949211698,8.22290170301153,-0.32008091029849944,0.9999508548767446,0.9632911392405064,1580,1522,loftr,-99.59241923349008,scheme_b_pairwise,NA,False,915.1239413122763,301.3
1734763764800,F:\agent\UAV\data\IR-image\1734763764800.jpg,116.18630763216136,38.81182529678455,483.54,116.1968917,38.8121098,785.33,1503.45234610593,-32.884285944419254,-10.37087982722403,5.1131891928079085,-0.38035778460281955,1.00092527774598,0.8697951090548579,1513,1316,loftr,-99.59241923349008,scheme_b_pairwise,NA,False,917.5913931042325,301.79
1734763765000,F:\agent\UAV\data\IR-image\1734763765000.jpg,116.18635244756949,38.81187732561931,483.54,116.1969494,38.8121098,785.84,1507.339685885741,-27.092436058630213,-17.84796036180751,8.049691057069083,0.04387113885048351,1.0006553471347692,0.9988452655889145,1732,1730,loftr,-99.59241923349008,scheme_b_pairwise,NA,False,918.5257491367671,302.3
1734763765200,F:\agent\UAV\data\IR-image\1734763765200.jpg,116.18638490143877,38.81189156335742,483.54,116.197007,38.8121097,786.33,1510.1547716415444,-25.507491052266978,-5.70325796929211,7.049795118131328,0.23927375777485402,0.999380410952681,0.7731029301277235,1331,1029,loftr,-99.59241923349008,scheme_b_pairwise,NA,False,920.6601748104237,302.79
1734763765400,F:\agent\UAV\data\IR-image\1734763765400.jpg,116.18641939873987,38.81191776021185,483.54,116.1970646,38.8121095,786.82,1513.1471070119196,-22.59125721754005,-9.47068385005872,6.917668658053003,0.02028055373715272,1.000438991542232,0.9643527204502814,1599,1542,loftr,-99.59241923349008,scheme_b_pairwise,NA,False,922.5885251850526,303.28000000000003
1734763765600,F:\agent\UAV\data\IR-image\1734763765600.jpg,116.18643756980983,38.8119253014323,483.54,116.1971221,38.8121095,787.32,1514.723286411182,-21.751768556605693,-3.060629471874222,3.9696306989412165,0.09000772182316834,1.0017298124863339,0.9546052631578947,1520,1451,loftr,-99.59241923349008,scheme_b_pairwise,NA,False,925.9762552292985,303.78000000000003
1734763765800,F:\agent\UAV\data\IR-image\1734763765800.jpg,116.18646662809365,38.81191613797884,483.54,116.1971795,38.8121095,787.82,1517.2438352002866,-22.771844195482394,1.6442506826242038,7.453080288320848,-0.11811205431995735,1.000447552150041,0.9982954545454545,1760,1757,loftr,-99.59241923349008,scheme_b_pairwise,NA,False,928.4543907326441,304.28000000000003
1734763766000,F:\agent\UAV\data\IR-image\1734763766000.jpg,116.18647058571442,38.811913899855,483.54,116.1972369,38.8121096,788.32,1517.5871237527642,-23.020992141718278,0.528982743859558,1.0666319513526332,-0.1101642509958929,1.0004977026822457,0.9891657638136512,1846,1826,loftr,-99.59241923349008,scheme_b_pairwise,NA,False,933.0896543207504,304.78000000000003
1734763766200,F:\agent\UAV\data\IR-image\1734763766200.jpg,116.1864706301926,38.811913918030626,483.54,116.1972943,38.8121096,788.81,1517.590981842094,-23.018968830634,-0.007404342673453357,0.009731408766015193,-0.0004542817939003729,1.0000803689745186,0.9978354978354979,1848,1844,loftr,-99.59241923349008,scheme_b_pairwise,NA,False,938.0577711794259,305.2699999999999
1734763766400,F:\agent\UAV\data\IR-image\1734763766400.jpg,116.1864706746708,38.81191393620626,483.54,116.1973516,38.8121096,789.32,1517.5948399314236,-23.016945519549726,-0.007404342673453357,0.009731408766015193,-0.0004542817939003729,1.0000803689745186,0.9978354978354979,1848,1844,loftr,-99.59241923349008,scheme_b_pairwise,NA,False,943.0172406110833,305.78000000000003
1734763766600,F:\agent\UAV\data\IR-image\1734763766600.jpg,116.18647071914899,38.811913954381886,483.54,116.1974088,38.8121095,789.82,1517.5986980207533,-23.01492220846545,-0.007404342673453357,0.009731408766015193,-0.0004542817939003729,1.0000803689745186,0.9978354978354979,1848,1844,loftr,-99.59241923349008,scheme_b_pairwise,NA,False,947.967807868028,306.28000000000003
1734763766800,F:\agent\UAV\data\IR-image\1734763766800.jpg,116.18647076362718,38.81191397255752,483.54,116.1974661,38.8121096,790.25,1517.602556110083,-23.012898897381174,-0.007404342673453357,0.009731408766015193,-0.0004542817939003729,1.0000803689745186,0.9978354978354979,1848,1844,loftr,-99.59241923349008,scheme_b_pairwise,NA,False,952.9275602716048,306.71
1734763767000,F:\agent\UAV\data\IR-image\1734763767000.jpg,116.18647080810538,38.811913990733146,483.54,116.1975234,38.8121096,790.65,1517.6064141994127,-23.010875586296898,-0.007404342673453357,0.009731408766015193,-0.0004542817939003729,1.0000803689745186,0.9978354978354979,1848,1844,loftr,-99.59241923349008,scheme_b_pairwise,NA,False,957.8870721658622,307.10999999999996
1734763767200,F:\agent\UAV\data\IR-image\1734763767200.jpg,116.18647085258357,38.81191400890878,483.54,116.1975807,38.8121094,791.04,1517.6102722887424,-23.00885227521262,-0.007404342673453357,0.009731408766015193,-0.0004542817939003729,1.0000803689745186,0.9978354978354979,1848,1844,loftr,-99.59241923349008,scheme_b_pairwise,NA,False,962.8460970631155,307.49999999999994
1734763767400,F:\agent\UAV\data\IR-image\1734763767400.jpg,116.18647089706177,38.811914027084406,483.54,116.1976379,38.8121093,791.42,1517.614130378072,-23.006828964128346,-0.007404342673453357,0.009731408766015193,-0.0004542817939003729,1.0000803689745186,0.9978354978354979,1848,1844,loftr,-99.59241923349008,scheme_b_pairwise,NA,False,967.7967277522044,307.87999999999994
1734763767600,F:\agent\UAV\data\IR-image\1734763767600.jpg,116.18647094153995,38.81191404526003,483.54,116.1976952,38.8121096,791.7,1517.6179884674018,-23.00480565304407,-0.007404342673453357,0.009731408766015193,-0.0004542817939003729,1.0000803689745186,0.9978354978354979,1848,1844,loftr,-99.59241923349008,scheme_b_pairwise,NA,False,972.7570271397881,308.16
1734763767800,F:\agent\UAV\data\IR-image\1734763767800.jpg,116.18647098601815,38.811914063435665,483.54,116.1977524,38.8121101,791.91,1517.6218465567315,-23.002782341959794,-0.007404342673453357,0.009731408766015193,-0.0004542817939003729,1.0000803689745186,0.9978354978354979,1848,1844,loftr,-99.59241923349008,scheme_b_pairwise,NA,False,977.7091649689938,308.36999999999995
1734763768000,F:\agent\UAV\data\IR-image\1734763768000.jpg,116.18647103049634,38.81191408161129,483.54,116.1978095,38.8121105,792.2,1517.6257046460612,-23.000759030875518,-0.007404342673453357,0.009731408766015193,-0.0004542817939003729,1.0000803689745186,0.9978354978354979,1848,1844,loftr,-99.59241923349008,scheme_b_pairwise,NA,False,982.6523972949308,308.66
1734763768200,F:\agent\UAV\data\IR-image\1734763768200.jpg,116.18652398608937,38.81186731399499,483.54,116.1978666,38.8121108,792.49,1522.2191333788064,-28.206930078163154,12.260275216371213,15.148030890993482,-1.691883919890194,1.0021908611292978,0.6091445427728613,1356,826,loftr,-99.59241923349008,scheme_b_pairwise,NA,False,983.1419237940386,308.95
1734763768400,F:\agent\UAV\data\IR-image\1734763768400.jpg,116.18653319993673,38.81190127954739,483.54,116.1979238,38.8121108,792.71,1523.0183530418471,-24.425884784809483,-10.838371558888582,0.4434255880277078,0.1321954476415685,0.9998299524356853,0.9608520437535981,1737,1669,loftr,-99.59241923349008,scheme_b_pairwise,NA,False,987.201477715798,309.17
1734763768600,F:\agent\UAV\data\IR-image\1734763768600.jpg,116.18651867768364,38.811954837606166,483.54,116.1979808,38.8121107,792.98,1521.7586761913249,-18.46380168156199,-15.911670950163227,-6.274991172699089,0.5285711466331561,1.006894209052736,0.5862595419847328,1310,768,loftr,-99.59241923349008,scheme_b_pairwise,NA,False,993.2743409296385,309.44
1734763768800,F:\agent\UAV\data\IR-image\1734763768800.jpg,116.18651596550288,38.81198848630212,483.54,116.1980378,38.8121107,793.23,1521.5234185288002,-14.71802884817798,-10.256890486075406,-2.403130957292575,0.13955327090029732,1.0006273344756527,0.9977949283351709,1814,1810,loftr,-99.59241923349008,scheme_b_pairwise,NA,False,998.3890809996508,309.69
1734763769000,F:\agent\UAV\data\IR-image\1734763769000.jpg,116.18652991100323,38.81202222458573,483.54,116.1980946,38.8121106,793.39,1522.7330671864893,-10.962283116574273,-10.96032306508829,1.591176300094105,0.1014023651441144,1.0003998181781415,0.9817073170731707,1804,1771,loftr,-99.59241923349008,scheme_b_pairwise,NA,False,1002.057619793769,309.84999999999997
1734763769200,F:\agent\UAV\data\IR-image\1734763769200.jpg,116.18653396559336,38.811988434854484,483.54,116.1981513,38.8121106,793.5,1523.0847669733123,-14.723755999144224,10.245878581714123,2.7327435848924324,0.040947585577935125,1.0008302485246021,0.941320293398533,1636,1540,loftr,-99.59241923349008,scheme_b_pairwise,NA,False,1006.6627328342374,309.96
1734763769400,F:\agent\UAV\data\IR-image\1734763769400.jpg,116.18654397579967,38.81198760715597,483.54,116.198208,38.8121107,793.57,1523.9530637225498,-14.815895397304432,-0.15112343654840288,2.44622433352572,-0.03429080096560794,1.000299667733447,0.953935860058309,1715,1636,loftr,-99.59241923349008,scheme_b_pairwise,NA,False,1010.7091482924714,310.03000000000003
1734763769600,F:\agent\UAV\data\IR-image\1734763769600.jpg,116.186559787882,38.812000378815576,483.54,116.1982645,38.8121107,793.6,1525.324621837321,-13.394154250407768,-4.576383020472747,3.130974810544103,-0.3225261070089987,1.0022783110900462,0.5447214076246334,1364,743,loftr,-99.59241923349008,scheme_b_pairwise,NA,False,1014.2159237138695,310.06
1734763769800,F:\agent\UAV\data\IR-image\1734763769800.jpg,116.18659600269415,38.81202363901453,483.54,116.1983209,38.8121108,793.62,1528.465936079813,-10.804828903217611,-8.63560321722241,7.482893742198996,0.06049986148492599,1.0015560940686405,0.9560509554140127,1570,1501,loftr,-99.59241923349008,scheme_b_pairwise,NA,False,1015.9367208947826,310.08
1734763770000,F:\agent\UAV\data\IR-image\1734763770000.jpg,116.18663342957755,38.81198398426633,483.54,116.1983772,38.8121109,793.64,1531.712386771049,-15.219195473011748,10.698877090388464,11.049735046491321,0.3187300215319838,1.0004498612189865,0.9834380354083381,1751,1722,loftr,-99.59241923349008,scheme_b_pairwise,NA,False,1017.623872888864,310.09999999999997
1734763770200,F:\agent\UAV\data\IR-image\1734763770200.jpg,116.18665631321078,38.811962973976414,483.54,116.1984334,38.812111,793.61,1533.697339301036,-17.55806094558869,5.544694689267828,6.587588176810186,0.8975599322713648,1.0027632027551245,0.6767241379310345,1392,942,loftr,-99.59241923349008,scheme_b_pairwise,NA,False,1020.5455658076241,310.07
1734763770400,F:\agent\UAV\data\IR-image\1734763770400.jpg,116.18667901588209,38.81195963286484,483.54,116.1984895,38.8121111,793.57,1535.666594987624,-17.929993486035084,0.10828609226183517,5.624144421594167,0.6184628226431901,0.9997037587284685,0.9632972322503008,1662,1601,loftr,-99.59241923349008,scheme_b_pairwise,NA,False,1023.4451141778961,310.03000000000003
1734763770600,F:\agent\UAV\data\IR-image\1734763770600.jpg,116.18670110729971,38.81191807890341,483.54,116.1985455,38.8121114,793.5,1537.5828298299,-22.555780472516002,11.906198090944486,7.467072816100597,-0.09621533607539247,1.0002597200431522,0.9954049396898335,1741,1733,loftr,-99.59241923349008,scheme_b_pairwise,NA,False,1026.46990326527,309.96
1734763770800,F:\agent\UAV\data\IR-image\1734763770800.jpg,116.18673473304338,38.811895980628094,483.54,116.1986014,38.8121118,793.41,1540.4995653113765,-25.015760480660244,5.444069198893885,9.223071730349034,-0.7372469812299233,0.9997400828322057,0.9234939759036145,1660,1533,loftr,-99.59241923349008,scheme_b_pairwise,NA,False,1028.4549002303725,309.86999999999995
1734763771000,F:\agent\UAV\data\IR-image\1734763771000.jpg,116.1867731484038,38.8118552458455,483.54,116.1986572,38.8121122,793.32,1543.831757630583,-29.55035647894705,10.991523908337058,11.34327183912427,-0.9673985991971437,1.000480474440061,0.9928443649373881,1677,1665,loftr,-99.59241923349008,scheme_b_pairwise,NA,False,1030.0777794083506,309.78000000000003
1734763771200,F:\agent\UAV\data\IR-image\1734763771200.jpg,116.18680909435211,38.81188292327537,483.54,116.1987129,38.8121125,793.25,1546.9497503175091,-26.469304986253178,-9.98561296075735,7.188351366940253,-0.15269504334633513,1.0010261235066107,0.9864066193853428,1692,1669,loftr,-99.59241923349008,scheme_b_pairwise,NA,False,1031.7086765895901,309.71
1734763771400,F:\agent\UAV\data\IR-image\1734763771400.jpg,116.18684438897878,38.81193043873632,483.54,116.1987686,38.8121123,793.19,1550.0112466193334,-21.179883873428654,-16.071146637233994,5.999061358084305,0.5833241060997403,1.0015142474723149,0.8289205702647657,1473,1221,loftr,-99.59241923349008,scheme_b_pairwise,NA,False,1033.3583519344188,309.65000000000003
1734763771600,F:\agent\UAV\data\IR-image\1734763771600.jpg,116.186876827343,38.81196499075133,483.54,116.1988241,38.812112,793.1,1552.8249874480287,-17.3335535623065,-11.961315849658035,5.988346944344585,0.7635334641619855,1.000311417243815,0.9771084337349397,1660,1622,loftr,-99.59241923349008,scheme_b_pairwise,NA,False,1035.2874305137789,309.56
1734763771800,F:\agent\UAV\data\IR-image\1734763771800.jpg,116.18690538620135,38.81200112089376,483.54,116.1988796,38.8121117,793.02,1555.302215499451,-13.31154610645943,-12.290127560062047,4.974832622174688,0.534493086592509,0.9998622167589881,0.9671931956257594,1646,1592,loftr,-99.59241923349008,scheme_b_pairwise,NA,False,1037.5652535108416,309.47999999999996
1734763772000,F:\agent\UAV\data\IR-image\1734763772000.jpg,116.18692128986082,38.81201057434877,483.54,116.198935,38.8121116,792.97,1556.68171711849,-12.259187495418837,-3.557782784209394,3.325732149595126,0.17632249733927574,1.0002715499682144,0.9692118226600985,1624,1574,loftr,-99.59241923349008,scheme_b_pairwise,NA,False,1040.9750563967732,309.43
1734763772200,F:\agent\UAV\data\IR-image\1734763772200.jpg,116.18695487054555,38.812015742205105,483.54,116.1989902,38.8121114,792.93,1559.594544135651,-11.683901727803324,-2.954607563729212,7.79255871883845,-0.06186028395904939,1.001226274997319,0.7723905723905724,1485,1147,loftr,-99.59241923349008,scheme_b_pairwise,NA,False,1042.841833696112,309.38999999999993
1734763772400,F:\agent\UAV\data\IR-image\1734763772400.jpg,116.18698179167508,38.81199803591709,483.54,116.1990453,38.8121114,792.89,1561.9297137151723,-13.654965709496931,4.362946478806691,7.3848276862703415,-0.1884975573408275,0.9997219023920159,0.7615606936416185,1384,1054,loftr,-99.59241923349008,scheme_b_pairwise,NA,False,1045.3052522254927,309.34999999999997
1734763772600,F:\agent\UAV\data\IR-image\1734763772600.jpg,116.18699926386147,38.811994035343886,483.54,116.1991003,38.8121114,792.88,1563.4452711546562,-14.100309518745613,0.5236715368246792,4.402810626453686,-0.6728659384339646,1.0013530479756365,0.9720767888307156,1719,1671,loftr,-99.59241923349008,scheme_b_pairwise,NA,False,1048.5620437423518,309.34
1734763772800,F:\agent\UAV\data\IR-image\1734763772800.jpg,116.1870334310516,38.811980051519804,483.54,116.1991552,38.8121116,792.88,1566.408972322671,-15.656988815586505,2.9220959715297,8.930551462310405,-0.6421426234692933,1.0006048596408144,0.9819059107358263,1658,1628,loftr,-99.59241923349008,scheme_b_pairwise,NA,False,1050.3791574827285,309.34
1734763773000,F:\agent\UAV\data\IR-image\1734763773000.jpg,116.18707158796573,38.811960174110844,483.54,116.1992101,38.8121117,792.86,1569.718746713391,-17.86974198115227,4.575998266549561,10.195223291703599,-0.26473566090239037,1.0011601169817406,0.9583333333333334,1536,1472,loftr,-99.59241923349008,scheme_b_pairwise,NA,False,1051.8630867144823,309.32
1734763773200,F:\agent\UAV\data\IR-image\1734763773200.jpg,116.18710873653751,38.811966005173424,483.54,116.1992649,38.8121117,792.84,1572.9410563362796,-17.220628094744185,-3.3036921942397157,8.614561420993994,-0.01674049987770704,1.0004518343721163,0.9814037192561488,1667,1636,loftr,-99.59241923349008,scheme_b_pairwise,NA,False,1053.3820650323967,309.3
1734763773400,F:\agent\UAV\data\IR-image\1734763773400.jpg,116.18714592822437,38.81199356000181,483.54,116.1993195,38.8121116,792.83,1576.1671058100023,-14.153224599041012,-9.998382090462655,7.493796635252465,0.13356083308125294,1.000965644891183,0.996551724137931,1740,1734,loftr,-99.59241923349008,scheme_b_pairwise,NA,False,1054.8472632907094,309.29
1734763773600,F:\agent\UAV\data\IR-image\1734763773600.jpg,116.18716982775945,38.81200523276882,483.54,116.1993741,38.8121115,792.79,1578.2401788297336,-12.853812174902655,-4.565943980828251,5.129728596240739,0.5148204888865547,0.9964284014597317,0.6526019690576652,1422,928,loftr,-99.59241923349008,scheme_b_pairwise,NA,False,1057.4915419423098,309.24999999999994
1734763773800,F:\agent\UAV\data\IR-image\1734763773800.jpg,116.18717840835754,38.81200699204547,483.54,116.1994286,38.8121114,792.74,1578.9844697253034,-12.65796949888693,-0.89015072271809,1.968322617100739,0.033869866863608974,1.0008083193331798,0.9994588744588745,1848,1847,loftr,-99.59241923349008,scheme_b_pairwise,NA,False,1061.4676360029225,309.2
1734763774000,F:\agent\UAV\data\IR-image\1734763774000.jpg,116.18722082983444,38.81202272755569,483.54,116.199483,38.8121115,792.69,1582.6641571727669,-10.906292500230567,-6.569114375539584,9.364710035052099,-0.04289296307094777,1.001449575139759,0.9286649214659686,1528,1419,loftr,-99.59241923349008,scheme_b_pairwise,NA,False,1062.4877468857126,309.15000000000003
1734763774200,F:\agent\UAV\data\IR-image\1734763774200.jpg,116.18724570004107,38.81199227805914,483.54,116.1995373,38.8121116,792.62,1584.8214273529532,-14.29593045668614,8.372249628140708,7.555981976371015,0.04495765528971306,1.0005449494004914,0.9530968129885748,1663,1585,loftr,-99.59241923349008,scheme_b_pairwise,NA,False,1065.0746757595448,309.08
1734763774400,F:\agent\UAV\data\IR-image\1734763774400.jpg,116.18727762753333,38.81198436760653,483.54,116.1995915,38.8121117,792.55,1587.5908545631223,-15.176522041673485,1.1418010651378836,8.07664329859881,-0.26550384623883166,1.0006044308501054,0.9025936599423631,1735,1566,loftr,-99.59241923349008,scheme_b_pairwise,NA,False,1067.0158091824812,309.00999999999993
1734763774600,F:\agent\UAV\data\IR-image\1734763774600.jpg,116.18731840323237,38.81199369564291,483.54,116.1996456,38.8121121,792.48,1591.127785353783,-14.138125030847032,-4.528244314708843,9.303236874430638,-0.862659950074247,0.998906722650919,0.737037037037037,1620,1194,loftr,-99.59241923349008,scheme_b_pairwise,NA,False,1068.1574062189627,308.94
1734763774800,F:\agent\UAV\data\IR-image\1734763774800.jpg,116.18737378725392,38.811953092629494,483.54,116.1996998,38.8121125,792.38,1595.9318587547525,-18.6580524852193,10.262478497912184,15.410039053504192,-0.16155004250952187,1.0008025270260574,0.6996415770609319,1395,976,loftr,-99.59241923349008,scheme_b_pairwise,NA,False,1068.1210597788242,308.84
1734763775000,F:\agent\UAV\data\IR-image\1734763775000.jpg,116.18743400316218,38.8119031543076,483.54,116.199754,38.8121127,792.28,1601.1550555383244,-24.21718647802453,12.94258379676063,17.056091018042935,0.04004910889397414,0.9991869727356177,0.7121451104100947,1268,903,loftr,-99.59241923349008,scheme_b_pairwise,NA,False,1067.7073777134847,308.73999999999995
1734763775200,F:\agent\UAV\data\IR-image\1734763775200.jpg,116.18745014401378,38.81187166650109,483.54,116.1998083,38.812113,792.22,1602.5551314751258,-27.72240909877034,9.046310875019401,5.514408245224445,0.10339823986564337,1.0021601024140563,0.6723348593852191,1529,1028,loftr,-99.59241923349008,scheme_b_pairwise,NA,False,1071.0958137897242,308.68
1734763775400,F:\agent\UAV\data\IR-image\1734763775400.jpg,116.18747104643029,38.81190610814432,483.54,116.1998625,38.8121132,792.2,1604.3682310000424,-23.88836537476223,-11.459277505560806,3.2246848594701873,0.21512823971871872,1.0021828603102674,0.9459623557984214,1647,1558,loftr,-99.59241923349008,scheme_b_pairwise,NA,False,1073.8912932540468,308.66
1734763775600,F:\agent\UAV\data\IR-image\1734763775600.jpg,116.18752733202075,38.811933138694265,483.54,116.1999167,38.8121131,792.15,1609.250507519554,-20.879324554579078,-10.611528614845952,12.104925170650688,0.5107016688145759,1.0012921040386176,0.8950879320800486,1649,1476,loftr,-99.59241923349008,scheme_b_pairwise,NA,False,1073.6499643605907,308.60999999999996
1734763775800,F:\agent\UAV\data\IR-image\1734763775800.jpg,116.18756544283895,38.81194230008327,483.54,116.199971,38.8121131,792.05,1612.5562834970067,-19.859478730821785,-4.3687825430905605,8.672161958447589,0.24777575116525757,1.001707251185348,0.9250165892501659,1507,1394,loftr,-99.59241923349008,scheme_b_pairwise,NA,False,1075.0338667472568,308.50999999999993
1734763776000,F:\agent\UAV\data\IR-image\1734763776000.jpg,116.18761079120338,38.812004159659864,483.54,116.2000252,38.8121132,791.98,1616.4898525175588,-12.973270663930165,-20.89836628581645,7.665768576884034,0.189936275344137,1.0001537080765561,0.9362524146812621,1553,1454,loftr,-99.59241923349008,scheme_b_pairwise,NA,False,1075.7008981076235,308.44
1734763776200,F:\agent\UAV\data\IR-image\1734763776200.jpg,116.18759408545536,38.811982812798846,483.54,116.2000795,38.8121133,792.0,1615.0407768187697,-15.349603233038291,7.254600314544348,-2.8990206246987213,-0.5085309847319669,0.9998228160009777,0.8261154855643045,1524,1259,loftr,-99.59241923349008,scheme_b_pairwise,NA,False,1081.8822397247202,308.46
1734763776400,F:\agent\UAV\data\IR-image\1734763776400.jpg,116.18763338168858,38.8119179802421,483.54,116.2001338,38.8121138,792.1,1618.4493770523197,-22.566763449738986,18.38014140539599,12.809466424469349,-0.7343226101799826,1.0017498869044275,0.8738796414852753,1562,1365,loftr,-99.59241923349008,scheme_b_pairwise,NA,False,1083.3042632996362,308.56
1734763776600,F:\agent\UAV\data\IR-image\1734763776600.jpg,116.18766231254848,38.81188156975483,483.54,116.200188,38.8121142,792.09,1620.9588729435857,-26.619978891963576,10.044041463532665,8.841191335895303,-0.39970516257999655,0.9994537553597941,0.9362912400455062,1758,1646,loftr,-99.59241923349008,scheme_b_pairwise,NA,False,1085.5833327305027,308.55
1734763776800,F:\agent\UAV\data\IR-image\1734763776800.jpg,116.18766611504331,38.81185436157365,483.54,116.2002424,38.8121143,792.12,1621.2887056959619,-29.648793621625245,8.22837688464665,2.329534794682104,0.19282534746611196,1.0010797446377984,0.9861954721148537,1811,1786,loftr,-99.59241923349008,scheme_b_pairwise,NA,False,1090.04255911341,308.58
1734763777000,F:\agent\UAV\data\IR-image\1734763777000.jpg,116.18770442425183,38.811854654913326,483.54,116.2002968,38.8121143,792.16,1624.6116902778695,-29.61613904839,-1.6446474763837386,9.181531603347139,0.1928178896881198,1.0005439330757622,0.9229368932038835,1648,1521,loftr,-99.59241923349008,scheme_b_pairwise,NA,False,1091.4353740463857,308.61999999999995
1734763777200,F:\agent\UAV\data\IR-image\1734763777200.jpg,116.18771532403673,38.81190496963789,483.54,116.2003512,38.8121145,792.18,1625.5571500911014,-24.015103910839358,-15.943838838009356,-0.003105610629461353,-1.0255413439464547,1.0015075811698115,0.6951058201058201,1512,1051,loftr,-99.59241923349008,scheme_b_pairwise,NA,False,1095.0699716429497,308.63999999999993
1734763777400,F:\agent\UAV\data\IR-image\1734763777400.jpg,116.18777224264647,38.811922271504,483.54,116.2004057,38.8121149,792.25,1630.4943354281288,-22.089060174484306,-7.639871719288237,12.763446816631927,-1.3836896209456173,1.0021072725184386,0.7727963525835866,1316,1017,loftr,-99.59241923349008,scheme_b_pairwise,NA,False,1094.821943692306,308.71
1734763777600,F:\agent\UAV\data\IR-image\1734763777600.jpg,116.18781750393521,38.81195166947558,483.54,116.2004603,38.8121152,792.27,1634.4203514017818,-18.816477978585105,-10.893639502008227,9.33507877388547,-0.232843919204429,1.0003663667859266,0.8876337693222355,1682,1493,loftr,-99.59241923349008,scheme_b_pairwise,NA,False,1095.572224909314,308.72999999999996
1734763777800,F:\agent\UAV\data\IR-image\1734763777800.jpg,116.1878282072171,38.81198072690514,483.54,116.200515,38.8121151,792.28,1635.3487663199905,-15.581804919983007,-9.386642126085349,1.0565474307800287,0.6729418877751885,1.0014346163750036,0.8254067584480601,1598,1319,loftr,-99.59241923349008,scheme_b_pairwise,NA,False,1099.334680267737,308.73999999999995
1734763778000,F:\agent\UAV\data\IR-image\1734763778000.jpg,116.18783653658942,38.81196526957175,483.54,116.2005697,38.8121149,792.37,1636.071265605626,-17.30251527247738,4.424359347611528,2.8044476786557198,1.1882553753299978,1.0010554344493938,0.8835820895522388,1675,1480,loftr,-99.59241923349008,scheme_b_pairwise,NA,False,1103.3764421674798,308.83
1734763778200,F:\agent\UAV\data\IR-image\1734763778200.jpg,116.18781798183187,38.81199615423641,483.54,116.2006245,38.8121147,792.6,1634.4618047050783,-13.864434402611577,-8.76255069518976,-6.0625047450539284,0.8133309565073172,0.9999730791422367,0.9590163934426229,1586,1521,loftr,-99.59241923349008,scheme_b_pairwise,NA,False,1109.684786548944,309.06
1734763778400,F:\agent\UAV\data\IR-image\1734763778400.jpg,116.18781955308516,38.812004094349064,483.54,116.2006794,38.8121146,792.9,1634.5980970131568,-12.980541062534952,-2.5100417891080724,-0.036219389780654865,0.3857439608329844,1.0011141526785816,0.9871866295264624,1795,1772,loftr,-99.59241923349008,scheme_b_pairwise,NA,False,1114.2947931352678,309.35999999999996
1734763778600,F:\agent\UAV\data\IR-image\1734763778600.jpg,116.18784935609595,38.811989102580185,483.54,116.2007343,38.8121145,793.14,1637.1832442706261,-14.649424773722789,3.4096991145756874,7.935334548907235,-0.022233092849077173,0.9997151691940992,0.9498452012383901,1615,1534,loftr,-99.59241923349008,scheme_b_pairwise,NA,False,1116.4887322456182,309.59999999999997
1734763778800,F:\agent\UAV\data\IR-image\1734763778800.jpg,116.1878587604648,38.81196165250154,483.54,116.2007892,38.8121146,793.31,1637.998989986101,-17.705167529111318,8.075625981871326,3.6869591946698392,-0.25887437198915253,1.0003027872706196,0.9092592592592592,1620,1473,loftr,-99.59241923349008,scheme_b_pairwise,NA,False,1120.4728705053976,309.7699999999999
1734763779000,F:\agent\UAV\data\IR-image\1734763779000.jpg,116.18787304113046,38.81196751435063,483.54,116.2008442,38.8121148,793.48,1639.2377112645456,-17.052626488593496,-2.385386369423486,3.1231118015575134,-0.15369528654013448,0.9998388204063516,0.9934138309549945,1822,1810,loftr,-99.59241923349008,scheme_b_pairwise,NA,False,1123.9911501142944,309.94
1734763779200,F:\agent\UAV\data\IR-image\1734763779200.jpg,116.18788082957788,38.81198621399614,483.54,116.2008994,38.8121148,793.66,1639.9132901058415,-14.970981949556272,-6.0772212152585325,0.8960998872842652,0.258999608943686,1.0010834347726336,0.9945321992709599,1646,1637,loftr,-99.59241923349008,scheme_b_pairwise,NA,False,1128.0702185825774,310.11999999999995
1734763779400,F:\agent\UAV\data\IR-image\1734763779400.jpg,116.18788795389295,38.81197807415203,483.54,116.2009546,38.8121148,793.82,1640.5312613467818,-15.877109396250118,2.2187832482526346,2.1341445024087307,0.41719076343757744,1.000247553646487,0.9983174425126192,1783,1780,loftr,-99.59241923349008,scheme_b_pairwise,NA,False,1132.2472059608554,310.28000000000003
1734763779600,F:\agent\UAV\data\IR-image\1734763779600.jpg,116.18789638336463,38.81197273732357,483.54,116.2010099,38.8121149,793.94,1641.2624433653189,-16.47120513990913,1.3022411997674226,2.3015227899491606,0.18622635115733277,1.000408702150144,0.9891126837234622,1837,1817,loftr,-99.59241923349008,scheme_b_pairwise,NA,False,1136.3161774589466,310.40000000000003
1734763779800,F:\agent\UAV\data\IR-image\1734763779800.jpg,116.18790466162125,38.81198061511329,483.54,116.2010652,38.812115,794.05,1641.9805088172807,-15.594249588292126,-2.762955381245149,1.5771608038654676,0.20979420013892883,1.0005768216870201,0.9756771697070205,1809,1765,loftr,-99.59241923349008,scheme_b_pairwise,NA,False,1140.3782074993017,310.50999999999993
1734763780000,F:\agent\UAV\data\IR-image\1734763780000.jpg,116.1879288333889,38.81197077981089,483.54,116.2011206,38.8121153,794.12,1644.077195601113,-16.68911545153246,2.0494971584968766,6.314967275572201,-0.049798749494474014,1.0006114936664479,0.9883578431372549,1632,1613,loftr,-99.59241923349008,scheme_b_pairwise,NA,False,1143.0990760079633,310.58
1734763780200,F:\agent\UAV\data\IR-image\1734763780200.jpg,116.18795524946293,38.81195859751341,483.54,116.201176,38.8121156,794.15,1646.3685560881152,-18.045248807540364,2.68153453156566,6.975956430294104,-0.20295387293646056,0.9999842360652438,0.9913344887348353,1731,1716,loftr,-99.59241923349008,scheme_b_pairwise,NA,False,1145.6305145428062,310.60999999999996
1734763780400,F:\agent\UAV\data\IR-image\1734763780400.jpg,116.18796640804253,38.81193465126202,483.54,116.2012315,38.812116,794.19,1647.3364640511263,-20.710945511858128,6.924949856547244,3.925650963854366,-0.20604130770213128,0.9996319477944945,0.9611111111111111,1620,1557,loftr,-99.59241923349008,scheme_b_pairwise,NA,False,1149.5164769070211,310.65000000000003
1734763780600,F:\agent\UAV\data\IR-image\1734763780600.jpg,116.18798368112074,38.8119274129648,483.54,116.2012871,38.8121163,794.19,1648.834750618632,-21.516712758676505,1.5292698788749703,4.523593328131312,-0.16548659606824873,1.001264439437972,0.9143037177063642,1587,1451,loftr,-99.59241923349008,scheme_b_pairwise,NA,False,1152.8517848929137,310.65000000000003
1734763780800,F:\agent\UAV\data\IR-image\1734763780800.jpg,116.18799680791365,38.81193777617632,483.54,116.2013428,38.8121166,794.16,1649.9733836553219,-20.363080052115507,-3.72541008730218,2.61172676371865,0.08404565794229563,1.000100571218642,0.9690660321237359,1681,1629,loftr,-99.59241923349008,scheme_b_pairwise,NA,False,1156.5200178470266,310.61999999999995
1734763781000,F:\agent\UAV\data\IR-image\1734763781000.jpg,116.18800702619083,38.81194471793935,483.54,116.2013985,38.8121168,794.15,1650.8597287112832,-19.590322992168737,-2.5532821150738414,2.091634300664623,0.1191986637077993,0.9999685124910781,0.9983731019522777,1844,1841,loftr,-99.59241923349008,scheme_b_pairwise,NA,False,1160.4474908020418,310.60999999999996
1734763781200,F:\agent\UAV\data\IR-image\1734763781200.jpg,116.18802741505992,38.81196516307016,483.54,116.2014544,38.8121171,794.16,1652.628282544542,-17.314371029428482,-7.126214191883832,3.830170568021913,0.1875410848483042,1.0006916771928631,0.6743153219837158,1351,911,loftr,-99.59241923349008,scheme_b_pairwise,NA,False,1163.4890449328836,310.61999999999995
1734763781400,F:\agent\UAV\data\IR-image\1734763781400.jpg,116.18805918366571,38.81195397170714,483.54,116.2015105,38.8121173,794.16,1655.383927761668,-18.56019356133818,2.159072967789882,8.20933057407592,0.045987007399456485,1.0007428233719253,0.9559819413092551,1772,1694,loftr,-99.59241923349008,scheme_b_pairwise,NA,False,1165.6161275580248,310.61999999999995
1734763781600,F:\agent\UAV\data\IR-image\1734763781600.jpg,116.18809814373336,38.811958155462726,483.54,116.2015666,38.8121175,794.12,1658.7633686088002,-18.094457889481653,-2.8696639598234697,9.135215299951028,0.022584902910538315,0.9997545186027521,0.9888758782201406,1708,1689,loftr,-99.59241923349008,scheme_b_pairwise,NA,False,1167.094173268947,310.58
1734763781800,F:\agent\UAV\data\IR-image\1734763781800.jpg,116.1881266491276,38.81195159388247,483.54,116.2016229,38.8121177,794.08,1661.2359591217134,-18.824893003357033,0.8650634037009581,7.184874722822713,0.0032970771264332595,1.0003640132795037,0.8419375398342893,1569,1321,loftr,-99.59241923349008,scheme_b_pairwise,NA,False,1169.5138141889445,310.54
1734763782000,F:\agent\UAV\data\IR-image\1734763782000.jpg,116.18813485514713,38.81193616443958,483.54,116.2016793,38.812118,794.06,1661.9477586449418,-20.542498586507236,4.420771120762595,2.773382447026222,-0.22156047780931953,1.0003690402800676,0.897029702970297,1515,1359,loftr,-99.59241923349008,scheme_b_pairwise,NA,False,1173.7179620022448,310.5199999999999
1734763782200,F:\agent\UAV\data\IR-image\1734763782200.jpg,116.18816827452206,38.811940258366086,483.54,116.2017358,38.8121183,794.03,1664.8465934654748,-20.086762687343956,-2.617192657659132,7.809750930461689,-0.055875667800824036,1.000875114695694,0.8980645161290323,1550,1392,loftr,-99.59241923349008,scheme_b_pairwise,NA,False,1175.7102460226397,310.48999999999995
1734763782400,F:\agent\UAV\data\IR-image\1734763782400.jpg,116.18821203056417,38.81194837335432,483.54,116.2017925,38.8121186,793.95,1668.6420426253387,-19.183402197384904,-4.275430372424466,10.081882232233852,0.17335058142717236,0.9980771218464228,0.7986254295532647,1455,1162,loftr,-99.59241923349008,scheme_b_pairwise,NA,False,1176.8172350026002,310.41
1734763782600,F:\agent\UAV\data\IR-image\1734763782600.jpg,116.18823394076288,38.811950859412235,483.54,116.2018493,38.812119,793.88,1670.542558332448,-18.906654230365408,-1.6548721629454803,5.130487640234833,-0.03925115342147505,1.0000498970892377,0.8057218895542249,1503,1211,loftr,-99.59241923349008,scheme_b_pairwise,NA,False,1179.8361113509754,310.34
1734763782800,F:\agent\UAV\data\IR-image\1734763782800.jpg,116.18824258946582,38.81193869982633,483.54,116.2019062,38.8121193,793.83,1671.2927567202266,-20.260259333662642,3.3953905625289735,2.709401193903375,-0.053960108530534616,0.9992846489298572,0.752400548696845,1458,1097,loftr,-99.59241923349008,scheme_b_pairwise,NA,False,1184.0390552923554,310.29
1734763783000,F:\agent\UAV\data\IR-image\1734763783000.jpg,116.18827562955552,38.811904127452976,483.54,116.2019632,38.8121197,793.79,1674.1586919066613,-24.10885593444697,9.311012755076888,9.731977753572494,-0.16886428681565963,1.0007908773174023,0.9763246899661782,1774,1732,loftr,-99.59241923349008,scheme_b_pairwise,NA,False,1186.1872343619193,310.24999999999994
1734763783200,F:\agent\UAV\data\IR-image\1734763783200.jpg,116.18832701117513,38.811889305400875,483.54,116.2020204,38.8121201,793.68,1678.61559238411,-25.758846774589102,2.4819286746262037,13.106825645063282,0.05106236835002518,0.9999222433308599,0.9833715596330275,1744,1715,loftr,-99.59241923349008,scheme_b_pairwise,NA,False,1186.7267755967823,310.13999999999993
1734763783400,F:\agent\UAV\data\IR-image\1734763783400.jpg,116.1883849983678,38.81191714123528,483.54,116.2020778,38.8121203,793.58,1683.6454678259188,-22.66016168916486,-10.92866811132376,12.47149533671086,0.4243198302940092,1.0003919351408408,0.9920859242509893,1769,1755,loftr,-99.59241923349008,scheme_b_pairwise,NA,False,1186.6131980814773,310.04
1734763783600,F:\agent\UAV\data\IR-image\1734763783600.jpg,116.18840074844402,38.8118827101727,483.54,116.2021353,38.8121204,793.51,1685.011647458925,-26.49302757514748,9.968961969478869,5.5738454475917365,0.528873988801467,1.0008034693232084,0.8158795345653662,1461,1192,loftr,-99.59241923349008,scheme_b_pairwise,NA,False,1190.3092756593703,309.96999999999997
1734763783800,F:\agent\UAV\data\IR-image\1734763783800.jpg,116.18843677527596,38.81188428275483,483.54,116.2021929,38.8121206,793.41,1688.1366560842853,-26.317967731914933,-1.946173140705696,8.566998876082494,0.03468070797174528,1.00139523267017,0.9304918032786885,1525,1419,loftr,-99.59241923349008,scheme_b_pairwise,NA,False,1192.1746113965141,309.86999999999995
1734763784000,F:\agent\UAV\data\IR-image\1734763784000.jpg,116.18847737717256,38.811854302632945,483.54,116.2022507,38.8121208,793.26,1691.6585110536867,-29.65535490045191,7.5893764019361925,11.308213840497501,-0.05663294327813934,1.000681728897417,0.9541595925297114,1767,1686,loftr,-99.59241923349008,scheme_b_pairwise,NA,False,1193.7432019488933,309.71999999999997
1734763784200,F:\agent\UAV\data\IR-image\1734763784200.jpg,116.1885052637939,38.81184407752043,483.54,116.2023086,38.8121211,793.15,1694.0774284964725,-30.793614425590093,2.018876825574182,7.227080490206276,-0.8289170224752553,1.0008529247061713,0.8958990536277602,1585,1420,loftr,-99.59241923349008,scheme_b_pairwise,NA,False,1196.3725250580198,309.60999999999996
1734763784400,F:\agent\UAV\data\IR-image\1734763784400.jpg,116.18853059882527,38.81186237040734,483.54,116.2023666,38.8121215,793.12,1696.2750181069339,-28.75725025500929,-6.663797314677083,5.1296478520361575,-0.9982904547714709,1.000084047065938,0.8015536723163842,1416,1135,loftr,-99.59241923349008,scheme_b_pairwise,NA,False,1199.1521976047977,309.58
1734763784600,F:\agent\UAV\data\IR-image\1734763784600.jpg,116.18856860162711,38.811867485277645,483.54,116.2024248,38.8121218,793.08,1699.5714246227865,-28.187862892679828,-3.117695959364596,8.856925279014376,-1.2009073526843626,1.0010805858029193,0.8920073215375229,1639,1462,loftr,-99.59241923349008,scheme_b_pairwise,NA,False,1200.8888860882157,309.54
1734763784800,F:\agent\UAV\data\IR-image\1734763784800.jpg,116.18861856788062,38.81188580918797,483.54,116.202483,38.812122,793.04,1703.905554624763,-26.1480451954315,-7.672687158665951,11.0411944378547,-0.7965958140083615,0.9997758955004983,0.9602272727272727,1584,1521,loftr,-99.59241923349008,scheme_b_pairwise,NA,False,1201.556197841722,309.49999999999994
1734763785000,F:\agent\UAV\data\IR-image\1734763785000.jpg,116.18865288442483,38.81193125176818,483.54,116.2025415,38.8121219,793.1,1706.882210934926,-21.08937716607953,-15.392824033076693,5.872186281469624,-0.1852037679578408,1.0013567336968208,0.5448449287510477,1193,650,loftr,-99.59241923349008,scheme_b_pairwise,NA,False,1203.550817035586,309.56
1734763785200,F:\agent\UAV\data\IR-image\1734763785200.jpg,116.18868073782694,38.81197117874037,483.54,116.2026002,38.8121216,793.19,1709.2982469051785,-16.644706621633258,-13.431282718793398,4.6077816039135655,0.4401190427208088,0.9993962168185885,0.8817934782608695,1472,1298,loftr,-99.59241923349008,scheme_b_pairwise,NA,False,1206.1524168395088,309.65000000000003
1734763785400,F:\agent\UAV\data\IR-image\1734763785400.jpg,116.18872262529155,38.81200492438139,483.54,116.2026589,38.8121211,793.25,1712.9316135126892,-12.888141863748068,-12.096244171620924,8.298757516298906,0.5531224193943842,0.9994738762913373,0.9346861128725428,1577,1474,loftr,-99.59241923349008,scheme_b_pairwise,NA,False,1207.5619592914825,309.71
1734763785600,F:\agent\UAV\data\IR-image\1734763785600.jpg,116.18874558271271,38.811997846940464,483.54,116.2027177,38.8121207,793.3,1714.9229664933875,-13.676002587712725,1.249087444238512,5.879845234933498,0.5663014535956237,0.9998839630754751,0.958186101295642,1698,1627,loftr,-99.59241923349008,scheme_b_pairwise,NA,False,1210.675535857629,309.75999999999993
1734763785800,F:\agent\UAV\data\IR-image\1734763785800.jpg,116.18874578730632,38.81199358917925,483.54,116.2027766,38.8121203,793.36,1714.9407131768512,-14.149976565412588,1.3034857946722695,0.2708098839603963,0.39911903384447467,1.0008045100256526,0.9090909090909091,1848,1680,loftr,-99.59241923349008,scheme_b_pairwise,NA,False,1215.7657466221044,309.82
1734763786000,F:\agent\UAV\data\IR-image\1734763786000.jpg,116.18876435205154,38.81199448115501,483.54,116.2028356,38.8121199,793.44,1716.5510404197396,-14.050681824232932,-1.028015677148801,4.410353006096329,0.37633418805312097,1.0009260613395137,0.8437132784958872,1702,1436,loftr,-99.59241923349008,scheme_b_pairwise,NA,False,1219.2673236471992,309.90000000000003
1734763786200,F:\agent\UAV\data\IR-image\1734763786200.jpg,116.18879158891285,38.81199770893785,483.54,116.2028946,38.8121197,793.5,1718.9135969343436,-13.691365038390689,-2.099504450543691,6.370627295585621,0.15912387270032682,0.9989455772577007,0.9150409062303335,1589,1454,loftr,-99.59241923349008,scheme_b_pairwise,NA,False,1222.0149093641091,309.96
1734763786400,F:\agent\UAV\data\IR-image\1734763786400.jpg,116.18880729945127,38.81200387167572,483.54,116.2029536,38.8121195,793.56,1720.2763470141501,-13.005329059012203,-2.536100541156884,3.4507114255960687,0.06462473875387073,0.9995023152294734,0.9116117850953206,1731,1578,loftr,-99.59241923349008,scheme_b_pairwise,NA,False,1225.7577692806458,310.0199999999999
1734763786600,F:\agent\UAV\data\IR-image\1734763786600.jpg,116.18882056003868,38.81201086706638,483.54,116.2030127,38.8121194,793.63,1721.4265855381748,-12.22660217096736,-2.6932362584863085,2.8192025566879124,0.1073996707364069,0.9999709702876918,0.981225842076201,1811,1777,loftr,-99.59241923349008,scheme_b_pairwise,NA,False,1229.7212004797786,310.09
1734763786800,F:\agent\UAV\data\IR-image\1734763786800.jpg,116.18882374188573,38.81198666425425,483.54,116.2030718,38.8121194,793.72,1721.7025825918602,-14.920859217087497,7.32762441677977,2.024053409978251,0.03281702082520062,1.000248469377828,0.9850332594235033,1804,1777,loftr,-99.59241923349008,scheme_b_pairwise,NA,False,1234.5953839040035,310.18
1734763787000,F:\agent\UAV\data\IR-image\1734763787000.jpg,116.18882891745974,38.81197224094726,483.54,116.2031309,38.8121194,793.8,1722.1515178042218,-16.5264617510245,4.233738141672291,1.9934826419390106,-0.19708602227350766,0.9995593888266706,0.8614257161892072,1501,1293,loftr,-99.59241923349008,scheme_b_pairwise,NA,False,1239.2875373904806,310.25999999999993
1734763787200,F:\agent\UAV\data\IR-image\1734763787200.jpg,116.18884379345428,38.8119701255371,483.54,116.2031899,38.8121195,793.87,1723.441878592448,-16.761949209757702,0.048197999747060294,3.6813918406472794,-0.3691988167785351,1.0002414033974936,0.9518815545959285,1621,1543,loftr,-99.59241923349008,scheme_b_pairwise,NA,False,1243.1135655746975,310.33
1734763787400,F:\agent\UAV\data\IR-image\1734763787400.jpg,116.18887198416964,38.81195619092638,483.54,116.203249,38.8121196,793.92,1725.8871734986683,-18.31315007551598,3.1494097104314847,7.493230199060804,0.09174357010001666,1.0007333061267594,0.9657622739018088,1548,1495,loftr,-99.59241923349008,scheme_b_pairwise,NA,False,1245.8133328199567,310.37999999999994
1734763787600,F:\agent\UAV\data\IR-image\1734763787600.jpg,116.18888044651821,38.811957903251596,483.54,116.203308,38.8121195,793.94,1726.621207297115,-18.12253403283762,-0.8708877253314427,1.9423793980154755,0.4606392127744114,1.0003739304846426,0.9830985915492958,1775,1745,loftr,-99.59241923349008,scheme_b_pairwise,NA,False,1250.1887214113895,310.40000000000003
1734763787800,F:\agent\UAV\data\IR-image\1734763787800.jpg,116.18889138020666,38.811955651329946,483.54,116.203367,38.8121194,793.95,1727.5696079436673,-18.373217950922502,0.2502024888102028,2.742079206842675,0.8521158056137987,1.0001133576825831,0.9119420989143546,1658,1512,loftr,-99.59241923349008,scheme_b_pairwise,NA,False,1254.3564168958262,310.41
1734763788000,F:\agent\UAV\data\IR-image\1734763788000.jpg,116.18892598783039,38.811938278238294,483.54,116.2034259,38.8121193,793.89,1730.5715128246313,-20.307190513343418,3.948436496075317,9.212758099134987,0.20145757968587935,0.9991177953112744,0.8391608391608392,1573,1320,loftr,-99.59241923349008,scheme_b_pairwise,NA,False,1256.4904372847686,310.34999999999997
1734763788200,F:\agent\UAV\data\IR-image\1734763788200.jpg,116.18896572409513,38.81194087506206,483.54,116.2034848,38.8121193,793.78,1734.0182818951955,-20.018112092372093,-2.4122330116532,9.404183716344164,-0.35960985345159585,1.0003079068484872,0.9729425028184893,1774,1726,loftr,-99.59241923349008,scheme_b_pairwise,NA,False,1258.1460361088803,310.23999999999995
1734763788400,F:\agent\UAV\data\IR-image\1734763788400.jpg,116.18898765693072,38.811923221061356,483.54,116.2035436,38.8121195,793.71,1735.920761151284,-21.98335545033075,4.5492209285600325,6.184576716833249,-0.6739229664071188,0.9999138960033446,0.9422946367956552,1473,1388,loftr,-99.59241923349008,scheme_b_pairwise,NA,False,1261.3728988353027,310.17
1734763788600,F:\agent\UAV\data\IR-image\1734763788600.jpg,116.18901712309345,38.81195026489651,483.54,116.2036025,38.8121196,793.7,1738.476689822201,-18.97283572053332,-9.527510622682144,5.665753939273486,-0.23358085566575842,1.0016362287208045,0.9684625492772667,1522,1474,loftr,-99.59241923349008,scheme_b_pairwise,NA,False,1263.8743553791069,310.16
1734763788800,F:\agent\UAV\data\IR-image\1734763788800.jpg,116.18906189644552,38.811983079351336,483.54,116.2036613,38.8121194,793.64,1742.3603816113143,-15.319930609771305,-11.926437703995703,9.040051110834668,0.41866722923903815,0.9999302597745032,0.991044776119403,1675,1660,loftr,-99.59241923349008,scheme_b_pairwise,NA,False,1265.0399412696763,310.09999999999997
1734763789000,F:\agent\UAV\data\IR-image\1734763789000.jpg,116.18909943322541,38.811991114979875,483.54,116.2037202,38.8121192,793.55,1745.6163648489076,-14.425404440207386,-3.9986538643422023,8.592970090659549,0.36832457795752155,1.0007545062717025,0.9709412507896399,1583,1537,loftr,-99.59241923349008,scheme_b_pairwise,NA,False,1266.8801053704726,310.00999999999993
1734763789200,F:\agent\UAV\data\IR-image\1734763789200.jpg,116.18913697484287,38.812006722615074,483.54,116.2037789,38.8121191,793.47,1748.8727677032334,-12.687962490160476,-6.331732540469318,8.199871396942171,-0.045540817456533864,1.0006706537938337,0.9528118939883645,1547,1474,loftr,-99.59241923349008,scheme_b_pairwise,NA,False,1268.6946909445928,309.93
1734763789400,F:\agent\UAV\data\IR-image\1734763789400.jpg,116.1891684161632,38.811993615235984,483.54,116.2038377,38.8121192,793.44,1751.6000238052393,-14.147075930596682,2.762662689985632,8.230523218896565,-0.30839509087825934,1.000600994110456,0.9124537607891492,1622,1480,loftr,-99.59241923349008,scheme_b_pairwise,NA,False,1271.0804403188279,309.90000000000003
1734763789600,F:\agent\UAV\data\IR-image\1734763789600.jpg,116.18918804718379,38.81198068689465,483.54,116.2038964,38.8121193,793.45,1753.3028409936387,-15.586258887729763,3.186666915220769,5.385929052394886,-0.3201828321061294,1.0015877078791025,0.8785871964679912,1359,1194,loftr,-99.59241923349008,scheme_b_pairwise,NA,False,1274.482136062285,309.91
1734763789800,F:\agent\UAV\data\IR-image\1734763789800.jpg,116.1892286341107,38.81197394377293,483.54,116.2039551,38.8121194,793.45,1756.823397474186,-16.33690319792232,0.4308261602242851,10.09471352836647,-0.13270482077696016,1.0004222150669326,0.9983388704318937,1806,1803,loftr,-99.59241923349008,scheme_b_pairwise,NA,False,1276.0608858862465,309.91
1734763790000,F:\agent\UAV\data\IR-image\1734763790000.jpg,116.18926387313823,38.81196676203108,483.54,116.2040137,38.8121195,793.4,1759.8800710433522,-17.13637470023379,0.7829355870748032,8.833693510794035,0.01846977734768541,1.0002449017771609,0.9545709478407179,1783,1702,loftr,-99.59241923349008,scheme_b_pairwise,NA,False,1278.0953757541852,309.85999999999996
1734763790200,F:\agent\UAV\data\IR-image\1734763790200.jpg,116.18929534814038,38.811956542487444,483.54,116.2040723,38.8121196,793.36,1762.6102487444107,-18.274014297700155,1.8715742090089975,8.08824501542739,0.15948215657736473,1.0007094510117882,0.9666851749028318,1801,1741,loftr,-99.59241923349008,scheme_b_pairwise,NA,False,1280.4612093396654,309.82
1734763790400,F:\agent\UAV\data\IR-image\1734763790400.jpg,116.18933387415787,38.8119740878423,483.54,116.2041307,38.8121196,793.31,1765.9520395843404,-16.320865395181713,-6.968669275475406,8.335300701386359,0.44079362689265683,1.0013708834390995,0.978776529338327,1602,1568,loftr,-99.59241923349008,scheme_b_pairwise,NA,False,1282.1567342935002,309.7699999999999
1734763790600,F:\agent\UAV\data\IR-image\1734763790600.jpg,116.18936569208809,38.8119543876883,483.54,116.2041891,38.8121196,793.25,1768.7119632585977,-18.513886538357692,4.7785709091858735,8.66420840164136,0.535125065788906,1.0011385637734551,0.9548772395487723,1507,1439,loftr,-99.59241923349008,scheme_b_pairwise,NA,False,1284.4893647880654,309.71
1734763790800,F:\agent\UAV\data\IR-image\1734763790800.jpg,116.18938168756526,38.811950530628096,483.54,116.2042473,38.8121196,793.19,1770.0994292502523,-18.943254480856993,0.5393688592347416,4.040827925357121,0.04142646547220178,0.9997395845665943,0.9758759333716255,1741,1699,loftr,-99.59241923349008,scheme_b_pairwise,NA,False,1288.151979397896,309.65000000000003
1734763791000,F:\agent\UAV\data\IR-image\1734763791000.jpg,116.18939236331012,38.811944972058726,483.54,116.2043055,38.8121197,793.14,1771.0254555749698,-19.562034422976925,1.2794227973548686,2.8523261535245297,-0.2345666393330923,1.0004106138942728,0.9988962472406181,1812,1810,loftr,-99.59241923349008,scheme_b_pairwise,NA,False,1292.2785857367708,309.59999999999997
1734763791200,F:\agent\UAV\data\IR-image\1734763791200.jpg,116.18943616198932,38.8119449745264,483.54,116.2043635,38.8121199,793.1,1774.8246031238068,-19.561759721422053,-1.7777492638284684,10.514521593621282,-0.3219547489375713,1.0009616610232859,0.9988876529477196,1798,1796,loftr,-99.59241923349008,scheme_b_pairwise,NA,False,1293.509233066312,309.56
1734763791400,F:\agent\UAV\data\IR-image\1734763791400.jpg,116.18949262717138,38.811943070514594,483.54,116.2044215,38.8121199,793.02,1779.722457624561,-19.77371431521895,-1.704278408424159,13.654607128246425,-0.04194906080242128,0.9997267117737397,0.9966573816155989,1795,1789,loftr,-99.59241923349008,scheme_b_pairwise,NA,False,1293.6454185831863,309.47999999999996
1734763791600,F:\agent\UAV\data\IR-image\1734763791600.jpg,116.18953049761863,38.81196011362816,483.54,116.2044794,38.8121199,792.95,1783.0073835517896,-17.87647491331986,-6.787334607590026,8.204070185736953,0.06889873251778678,1.000457738944396,0.9982153480071386,1681,1678,loftr,-99.59241923349008,scheme_b_pairwise,NA,False,1295.3531223951472,309.41
1734763791800,F:\agent\UAV\data\IR-image\1734763791800.jpg,116.1895463591982,38.81197095208656,483.54,116.2045372,38.8121199,792.93,1784.3832351136584,-16.669937724116494,-3.9827854110277485,3.243515624476288,0.12078968143669216,0.9997683246764707,0.9775353016688062,1558,1523,loftr,-99.59241923349008,scheme_b_pairwise,NA,False,1298.970465735176,309.38999999999993
1734763792000,F:\agent\UAV\data\IR-image\1734763792000.jpg,116.18958383607628,38.81199698400555,483.54,116.2045949,38.8121198,792.9,1787.6340223993639,-13.772064501729703,-9.540755041202601,7.641556852190206,-0.04556689736191546,1.000439891606632,0.9966024915062288,1766,1760,loftr,-99.59241923349008,scheme_b_pairwise,NA,False,1300.6885428632222,309.35999999999996
1734763792200,F:\agent\UAV\data\IR-image\1734763792200.jpg,116.18964015223078,38.81197953647105,483.54,116.2046525,38.8121198,792.84,1792.5189500797985,-15.714324042632681,3.0906187718162528,14.428152196197175,0.15052198462813451,1.0005216263980228,0.9329309188464118,1491,1391,loftr,-99.59241923349008,scheme_b_pairwise,NA,False,1300.8217480242718,309.3
1734763792400,F:\agent\UAV\data\IR-image\1734763792400.jpg,116.18967476580795,38.811962912840585,483.54,116.20471,38.8121198,792.79,1795.5213713689693,-17.564866586503715,3.717291195269354,9.17516430447239,-0.037436531105420806,1.000274906612182,0.9864785420340976,1701,1678,loftr,-99.59241923349008,scheme_b_pairwise,NA,False,1302.8281666154303,309.24999999999994
1734763792600,F:\agent\UAV\data\IR-image\1734763792600.jpg,116.18968942890918,38.81194946446951,483.54,116.2047674,38.8121198,792.76,1796.7932655467907,-19.061939254401878,3.548441623845406,4.2203688227991165,0.013925608663582757,1.0013187328374313,0.8455538221528861,1282,1084,loftr,-99.59241923349008,scheme_b_pairwise,NA,False,1306.5516729936166,309.21999999999997
1734763792800,F:\agent\UAV\data\IR-image\1734763792800.jpg,116.18972932302067,38.8119643642879,483.54,116.2048248,38.8121199,792.73,1800.2537264262385,-17.403291470761776,-6.209103919672316,8.801484013237143,-0.12070226075297505,1.0008975329934424,0.9939061547836685,1641,1631,loftr,-99.59241923349008,scheme_b_pairwise,NA,False,1308.045360923136,309.19
1734763793000,F:\agent\UAV\data\IR-image\1734763793000.jpg,116.18976984376268,38.81196364876359,483.54,116.2048821,38.8121199,792.72,1803.7685419525196,-17.48294363756537,-1.4235492994263268,9.764979091727525,-0.001840234369586583,1.0004887022435662,1.0,1806,1806,loftr,-99.59241923349008,scheme_b_pairwise,NA,False,1309.5001141496098,309.18
1734763793200,F:\agent\UAV\data\IR-image\1734763793200.jpg,116.18980778738057,38.81197459385797,483.54,116.2049394,38.8121199,792.72,1807.0598147842031,-16.26453573113668,-4.9115461135319265,8.53914839917826,0.1843271094974771,1.0012218500858818,0.9275067750677507,1476,1369,loftr,-99.59241923349008,scheme_b_pairwise,NA,False,1311.1614162332623,309.18
1734763793400,F:\agent\UAV\data\IR-image\1734763793400.jpg,116.18983547008223,38.81195836435217,483.54,116.2049967,38.8121199,792.73,1809.4610440014924,-18.071204316574224,3.877061871320393,7.4907633366210575,-0.08570054482179544,1.0018387754262963,0.8887262079062958,1366,1214,loftr,-99.59241923349008,scheme_b_pairwise,NA,False,1313.7509637855746,309.19
1734763793600,F:\agent\UAV\data\IR-image\1734763793600.jpg,116.18984967407816,38.8119635171784,483.54,116.2050539,38.8121199,792.77,1810.6931148613087,-17.49759170059865,-2.16383075060304,3.1416233533657874,0.1918402305667863,0.9999901090351703,0.9919954259576901,1749,1735,loftr,-99.59241923349008,scheme_b_pairwise,NA,False,1317.46822353738,309.22999999999996
1734763793800,F:\agent\UAV\data\IR-image\1734763793800.jpg,116.18986130729262,38.811958517848154,483.54,116.2051111,38.8121199,792.82,1811.7021931937234,-18.054117143480113,1.0682789108783481,3.053065195608383,0.0329991379199983,1.000219866090019,1.0,1848,1848,loftr,-99.59241923349008,scheme_b_pairwise,NA,False,1321.4234433284605,309.28000000000003
1734763794000,F:\agent\UAV\data\IR-image\1734763794000.jpg,116.18986703594044,38.81193852816585,483.54,116.2051682,38.8121199,792.87,1812.199102660714,-20.27936857779424,5.926260360259732,2.4160884379994627,-0.2176110777730043,0.9995016695713342,0.940809968847352,1605,1510,loftr,-99.59241923349008,scheme_b_pairwise,NA,False,1325.906181232367,309.33
1734763794200,F:\agent\UAV\data\IR-image\1734763794200.jpg,116.18989156319834,38.81194353486701,483.54,116.2052253,38.81212,792.92,1814.3266250764086,-19.72202260431768,-2.5376434241458696,5.6275140163550645,-0.2519876805861094,1.002726766999502,0.8186666666666667,1500,1228,loftr,-99.59241923349008,scheme_b_pairwise,NA,False,1328.7198685457597,309.37999999999994
1734763794400,F:\agent\UAV\data\IR-image\1734763794400.jpg,116.18992323387388,38.811933219223135,483.54,116.2052822,38.81212,792.94,1817.0737757107725,-20.870360080473347,1.8932432108961166,8.140223640806823,-0.16500887752237378,1.0001557381307973,0.9972144846796658,1795,1790,loftr,-99.59241923349008,scheme_b_pairwise,NA,False,1330.92309989308,309.40000000000003
1734763794600,F:\agent\UAV\data\IR-image\1734763794600.jpg,116.18996441312706,38.811961566629684,483.54,116.2053391,38.81212,792.93,1820.6457112500984,-17.714726783520213,-10.4043524292141,8.409814641251899,0.21703808024020374,1.0007856442225238,0.996596710153148,1763,1757,loftr,-99.59241923349008,scheme_b_pairwise,NA,False,1332.2393661052354,309.38999999999993
1734763794800,F:\agent\UAV\data\IR-image\1734763794800.jpg,116.18999885697133,38.811954171792394,483.54,116.205396,38.8121198,792.9,1823.6334097136944,-18.53792007102114,0.8808507822573688,8.653891136851826,0.3128268638551639,1.000562160623041,0.9950110864745011,1804,1795,loftr,-99.59241923349008,scheme_b_pairwise,NA,False,1334.1957600046157,309.35999999999996
1734763795000,F:\agent\UAV\data\IR-image\1734763795000.jpg,116.19002614249068,38.81195456368384,483.54,116.2054527,38.8121197,792.84,1826.000186882606,-18.494294715091968,-1.2277602447123286,6.5299680136571965,0.08343807175577135,0.9990243933397006,0.9640866873065016,1615,1557,loftr,-99.59241923349008,scheme_b_pairwise,NA,False,1336.743347993993,309.3
1734763795200,F:\agent\UAV\data\IR-image\1734763795200.jpg,116.19005062177767,38.8119628560305,483.54,116.2055095,38.8121196,792.78,1828.1235482457846,-17.57119068499652,-3.5479816080987234,5.4449204102800195,0.24383446686227467,1.0006343133650584,0.8814516129032258,1240,1093,loftr,-99.59241923349008,scheme_b_pairwise,NA,False,1339.5309331115982,309.23999999999995
1734763795400,F:\agent\UAV\data\IR-image\1734763795400.jpg,116.19009040048331,38.811968564624955,483.54,116.2055661,38.8121194,792.72,1831.5739986889575,-16.935709950032898,-3.372669749234092,9.252348404337852,0.2743219081393146,1.0005711468774825,0.9892601431980907,1676,1658,loftr,-99.59241923349008,scheme_b_pairwise,NA,False,1340.9798422537933,309.18
1734763795600,F:\agent\UAV\data\IR-image\1734763795600.jpg,116.19013226138236,38.81199039322335,483.54,116.2056227,38.8121192,792.65,1835.2050609706152,-14.505750376904398,-8.423608693434574,8.912877815125285,0.15138833263698287,0.9998111824843663,0.9949267192784668,1774,1765,loftr,-99.59241923349008,scheme_b_pairwise,NA,False,1342.2282192452558,309.10999999999996
1734763795800,F:\agent\UAV\data\IR-image\1734763795800.jpg,116.1901606816623,38.812006637159065,483.54,116.2056793,38.8121191,792.6,1837.6702685727048,-12.697475453225412,-6.1577036794938635,5.977001521903503,0.2953058738217324,0.9991914614083083,0.8425499231950845,1302,1097,loftr,-99.59241923349008,scheme_b_pairwise,NA,False,1344.651398992761,309.06
1734763796000,F:\agent\UAV\data\IR-image\1734763796000.jpg,116.19018092150931,38.81198060967088,483.54,116.2057358,38.812119,792.56,1839.4258960604707,-15.594855437142638,7.197721492335916,6.214136391162469,0.1970262894326802,1.000619510608085,0.8548990276738968,1337,1143,loftr,-99.59241923349008,scheme_b_pairwise,NA,False,1347.8230635471682,309.0199999999999
1734763796200,F:\agent\UAV\data\IR-image\1734763796200.jpg,116.1902064323197,38.8119731150846,483.54,116.2057923,38.8121189,792.52,1841.6387329439885,-16.429152783064357,1.2740115549031543,6.514551592516227,-0.04945883339371789,1.0005641062739135,0.9939393939393939,1650,1640,loftr,-99.59241923349008,scheme_b_pairwise,NA,False,1350.5176041524774,308.97999999999996
1734763796400,F:\agent\UAV\data\IR-image\1734763796400.jpg,116.19025798361076,38.811972187118215,483.54,116.2058488,38.8121189,792.48,1846.1103509173688,-16.5324540002263,-1.8056260433839952,12.424119569934817,0.07777747310415256,1.0003263885373264,0.9988925802879292,1806,1804,loftr,-99.59241923349008,scheme_b_pairwise,NA,False,1350.9475996006147,308.94
1734763796600,F:\agent\UAV\data\IR-image\1734763796600.jpg,116.19026293788792,38.8119476629279,483.54,116.2059052,38.8121189,792.46,1846.540090586287,-19.262486866153413,7.354728205370975,2.466290258639958,-0.10134594350923772,0.9996570852023178,0.9742173112338858,1629,1587,loftr,-99.59241923349008,scheme_b_pairwise,NA,False,1355.4405316209998,308.92
1734763796800,F:\agent\UAV\data\IR-image\1734763796800.jpg,116.19026290146941,38.811953146544305,483.54,116.2059616,38.812119,792.56,1846.5369316029648,-18.652050688074777,-1.687986383292241,-0.29426442582055756,-0.07545035763629321,1.000133726194582,0.997815401419989,1831,1827,loftr,-99.59241923349008,scheme_b_pairwise,NA,False,1360.3216222009173,309.0199999999999
1734763797000,F:\agent\UAV\data\IR-image\1734763797000.jpg,116.19030287149077,38.81197619276971,483.54,116.206018,38.812119,792.67,1850.0039769903926,-16.086544876010056,-8.722034864650482,8.39553954405659,0.02628966485227644,1.00066915505264,0.9964306960142773,1681,1675,loftr,-99.59241923349008,scheme_b_pairwise,NA,False,1361.7125340957866,309.12999999999994
1734763797200,F:\agent\UAV\data\IR-image\1734763797200.jpg,116.19033651539395,38.81197761670336,483.54,116.2060742,38.8121191,792.72,1852.9222876487784,-15.928032582554227,-1.8036959927925977,8.00267439175758,0.05669977190615729,0.9994364565535108,0.9347948285553682,1779,1663,loftr,-99.59241923349008,scheme_b_pairwise,NA,False,1363.6650285662704,309.18
1734763797400,F:\agent\UAV\data\IR-image\1734763797400.jpg,116.1903402197609,38.81196987369605,483.54,116.2061304,38.8121192,792.8,1853.2436086770845,-16.78998415615442,2.23527387239119,1.292462735311858,-0.09172182872982618,0.9996770558203749,0.9989082969432315,1832,1830,loftr,-99.59241923349008,scheme_b_pairwise,NA,False,1368.2235320084926,309.25999999999993
1734763797600,F:\agent\UAV\data\IR-image\1734763797600.jpg,116.19036628220411,38.811991565366476,483.54,116.2061865,38.8121193,792.87,1855.504294821894,-14.375267403842788,-7.740451168824052,5.127307750171042,-0.17438981557408822,1.0013313860660225,0.8844290657439446,1445,1278,loftr,-99.59241923349008,scheme_b_pairwise,NA,False,1370.798723147159,309.33
1734763797800,F:\agent\UAV\data\IR-image\1734763797800.jpg,116.19040057966906,38.81201644250266,483.54,116.2062425,38.8121194,792.89,1858.479296175788,-11.605944604270153,-9.055980166180689,6.938409672513899,-0.007062476177735414,1.000919553304518,0.9496538703587162,1589,1509,loftr,-99.59241923349008,scheme_b_pairwise,NA,False,1372.6530305989354,309.34999999999997
1734763798000,F:\agent\UAV\data\IR-image\1734763798000.jpg,116.19042129141393,38.811977230724096,483.54,116.2062984,38.8121196,792.92,1860.275856623852,-15.970999793726907,11.240563630271936,7.013904864761685,-0.1584432363546866,1.0008651850650174,0.9427254772876893,1519,1432,loftr,-99.59241923349008,scheme_b_pairwise,NA,False,1375.7455971964412,309.37999999999994
1734763798200,F:\agent\UAV\data\IR-image\1734763798200.jpg,116.19044164619258,38.81191590978104,483.54,116.2063543,38.8121197,792.89,1862.0414534151741,-22.797247174398713,18.0667256616004,8.079391097997814,0.0073920237123473636,1.0015255864801507,0.9599514563106796,1648,1582,loftr,-99.59241923349008,scheme_b_pairwise,NA,False,1378.9210881583765,309.34999999999997
1734763798400,F:\agent\UAV\data\IR-image\1734763798400.jpg,116.19049283060441,38.811937532099066,483.54,116.2064101,38.8121197,792.78,1866.4812478640733,-20.39025073252622,-8.738326364209058,11.161893119006038,0.2561427014351278,1.0009286938012296,0.9844827586206897,1740,1713,loftr,-99.59241923349008,scheme_b_pairwise,NA,False,1379.2833330524807,309.23999999999995
1734763798600,F:\agent\UAV\data\IR-image\1734763798600.jpg,116.19055848560588,38.81198936286413,483.54,116.2064659,38.8121197,792.64,1872.1762378153317,-14.62044996477384,-18.632435208914274,13.062918318286393,0.5051841287513285,1.0021092814777572,0.9495268138801262,1585,1505,loftr,-99.59241923349008,scheme_b_pairwise,NA,False,1378.3564016786852,309.09999999999997
1734763798800,F:\agent\UAV\data\IR-image\1734763798800.jpg,116.19060860559928,38.81199744834402,483.54,116.2065217,38.8121196,792.51,1876.5237033910962,-13.720374343813747,-4.524535687065338,11.611198099384296,1.0056756393288526,1.000333815075115,0.9547677261613692,1636,1562,loftr,-99.59241923349008,scheme_b_pairwise,NA,False,1378.839168621167,308.96999999999997
1734763799000,F:\agent\UAV\data\IR-image\1734763799000.jpg,116.19064123113289,38.81202523970587,483.54,116.2065776,38.8121194,792.39,1879.3536795076657,-10.62663994273718,-9.885999580103714,6.385294680115692,0.7218716585485169,0.9990295502908776,0.9839605181986428,1621,1595,loftr,-99.59241923349008,scheme_b_pairwise,NA,False,1380.828285346668,308.84999999999997
1734763799200,F:\agent\UAV\data\IR-image\1734763799200.jpg,116.19066010793095,38.81201609133229,483.54,116.2066334,38.8121195,792.31,1880.9910745714512,-11.645036889605391,2.0526853558663447,5.008048794526985,0.369034857210642,0.9996895573030311,0.9611217335882728,1569,1508,loftr,-99.59241923349008,scheme_b_pairwise,NA,False,1384.0356120717643,308.7699999999999
1734763799400,F:\agent\UAV\data\IR-image\1734763799400.jpg,116.19068658848178,38.8119895781317,483.54,116.2066893,38.8121197,792.25,1883.2880278497435,-14.596486379468214,7.094169832417776,7.737618201084956,-0.11586554403307768,1.0006009049188331,0.6360739324410453,1569,998,loftr,-99.59241923349008,scheme_b_pairwise,NA,False,1386.6126090603832,308.71
1734763799600,F:\agent\UAV\data\IR-image\1734763799600.jpg,116.1906906412517,38.8119339983408,483.54,116.2067451,38.8121201,792.23,1883.6395697504358,-20.783628702308825,16.959317744083023,3.86687373304801,-0.16373179106242028,1.0002107099543323,0.9557755775577558,1515,1448,loftr,-99.59241923349008,scheme_b_pairwise,NA,False,1391.1751534208258,308.69
1734763799800,F:\agent\UAV\data\IR-image\1734763799800.jpg,116.19071048075975,38.81192928665935,483.54,116.2068011,38.8121206,792.27,1885.3604713782784,-21.308133081139342,0.6467126457502559,5.008154250982784,-0.6519631939300927,1.0019572730872517,0.9893742621015348,1694,1676,loftr,-99.59241923349008,scheme_b_pairwise,NA,False,1394.3166567731914,308.72999999999996
1734763800000,F:\agent\UAV\data\IR-image\1734763800000.jpg,116.19074739814155,38.81186348922531,483.54,116.206857,38.8121212,792.27,1888.562727317951,-28.632703438807553,18.773927528896536,12.288620265459429,-0.7260748828702381,1.0014367620160187,0.9945454545454545,1650,1641,loftr,-99.59241923349008,scheme_b_pairwise,NA,False,1396.0938613671096,308.72999999999996
1734763800200,F:\agent\UAV\data\IR-image\1734763800200.jpg,116.19076870455872,38.81177010446728,483.54,116.2069129,38.8121217,792.22,1890.410870323224,-39.028294702916725,27.90675365691527,9.977350902535306,-0.6518907772397222,0.9989491189102202,0.9827904118008605,1627,1599,loftr,-99.59241923349008,scheme_b_pairwise,NA,False,1399.3442154635306,308.68
1734763800400,F:\agent\UAV\data\IR-image\1734763800400.jpg,116.19083065795691,38.811831453199375,483.54,116.206969,38.8121221,792.19,1895.7847789702478,-32.198953845496156,-21.414673911377804,11.678700261949245,-0.7934295831315317,1.0007242941038275,0.9861027190332327,1655,1632,loftr,-99.59241923349008,scheme_b_pairwise,NA,False,1398.663638360942,308.65000000000003
1734763800600,F:\agent\UAV\data\IR-image\1734763800600.jpg,116.19088530649056,38.81191566499019,483.54,116.2070253,38.8121222,792.14,1900.525055308477,-22.824497292565237,-28.162251621143696,8.734601767900756,-0.10663761184431421,0.9995346665599796,0.9283617146212566,1703,1581,loftr,-99.59241923349008,scheme_b_pairwise,NA,False,1398.6210272580197,308.59999999999997
1734763800800,F:\agent\UAV\data\IR-image\1734763800800.jpg,116.19091515402432,38.8120014194546,483.54,116.2070817,38.812122,792.09,1903.1140645397863,-13.278310313579693,-27.631318668314748,2.700357600948905,0.43765232193536063,1.001720858454503,0.9657142857142857,1575,1521,loftr,-99.59241923349008,scheme_b_pairwise,NA,False,1400.7964023090078,308.55
1734763801000,F:\agent\UAV\data\IR-image\1734763801000.jpg,116.190945910807,38.8120242946102,483.54,116.2071382,38.8121217,792.06,1905.7819430621132,-10.731847993048582,-8.29553224800219,6.192645405225903,0.6944005460566894,1.000083722043802,0.9874326750448833,1671,1650,loftr,-99.59241923349008,scheme_b_pairwise,NA,False,1403.0043099133416,308.5199999999999
1734763801200,F:\agent\UAV\data\IR-image\1734763801200.jpg,116.19097516007095,38.812030208775504,483.54,116.2071948,38.8121215,792.02,1908.319057684231,-10.07348311081376,-3.0088068352833375,6.71386541087378,0.8868788193465679,0.999790911116108,0.9690157958687727,1646,1595,loftr,-99.59241923349008,scheme_b_pairwise,NA,False,1405.3688813199058,308.47999999999996
1734763801400,F:\agent\UAV\data\IR-image\1734763801400.jpg,116.19100365670344,38.81203042455064,483.54,116.2072516,38.8121213,791.98,1910.7908881940266,-10.049463022859783,-1.222637015859732,6.8298872586751145,0.6633258806794357,1.0005475463231785,0.9849537037037037,1728,1702,loftr,-99.59241923349008,scheme_b_pairwise,NA,False,1407.8207977216055,308.44
1734763801600,F:\agent\UAV\data\IR-image\1734763801600.jpg,116.19102464667753,38.811984919752305,483.54,116.2073084,38.8121213,791.93,1912.6115825635272,-15.11505717319574,13.16811085889799,7.408364342995753,0.22558293226248524,1.0000483843737855,0.8489483747609943,1569,1332,loftr,-99.59241923349008,scheme_b_pairwise,NA,False,1410.9691983903804,308.38999999999993
1734763801800,F:\agent\UAV\data\IR-image\1734763801800.jpg,116.19103776788015,38.81198134912251,483.54,116.2073653,38.8121214,791.92,1913.7497306917637,-15.512539682469827,0.5677359926496024,3.3358934309483743,0.1645604416584933,1.0013559126637048,0.953962703962704,1716,1637,loftr,-99.59241923349008,scheme_b_pairwise,NA,False,1414.7666134501821,308.37999999999994
1734763802000,F:\agent\UAV\data\IR-image\1734763802000.jpg,116.19107778198637,38.81195366582968,483.54,116.2074224,38.8121215,791.91,1917.2206000507097,-18.594243840443614,6.905587081878252,11.047512792386499,0.563911285615115,1.003654261928007,0.7908653846153846,1664,1316,loftr,-99.59241923349008,scheme_b_pairwise,NA,False,1416.2845258517302,308.36999999999995
1734763802200,F:\agent\UAV\data\IR-image\1734763802200.jpg,116.19111574029672,38.81192068041909,483.54,116.2074796,38.8121217,791.85,1920.5131473232834,-22.26617974649174,8.62253979244042,10.83005374108319,0.16782511736478534,0.9997962833093866,0.9586681974741676,1742,1670,loftr,-99.59241923349008,scheme_b_pairwise,NA,False,1418.0052497158201,308.31
1734763802400,F:\agent\UAV\data\IR-image\1734763802400.jpg,116.191121635464,38.811912674468225,483.54,116.2075368,38.812122,791.83,1921.024500879328,-23.157402197318437,2.2274003487543723,1.8320942008846828,-0.16769364104968262,1.0003172413042964,0.9864559819413092,1772,1748,loftr,-99.59241923349008,scheme_b_pairwise,NA,False,1422.4648411368607,308.29
1734763802600,F:\agent\UAV\data\IR-image\1734763802600.jpg,116.19114800973512,38.81193341503015,483.54,116.2075942,38.8121224,791.87,1923.3122353331942,-20.848562843823984,-7.460072678931851,5.251689988810085,-0.12352573189805902,1.0017810638444622,0.6274797942689199,1361,854,loftr,-99.59241923349008,scheme_b_pairwise,NA,False,1425.1173160907927,308.33
1734763802800,F:\agent\UAV\data\IR-image\1734763802800.jpg,116.19118138326641,38.81192396010425,483.54,116.2076516,38.8121227,791.88,1926.2070936242792,-21.90108519439901,1.558974172539365,8.504208425189063,0.28867392171798567,1.0004618289448395,0.9819767441860465,1720,1689,loftr,-99.59241923349008,scheme_b_pairwise,NA,False,1427.2153124984477,308.34
1734763803000,F:\agent\UAV\data\IR-image\1734763803000.jpg,116.19120299854565,38.811910931486835,483.54,116.2077091,38.8121229,791.86,1928.0820276789195,-23.35143088581759,3.1370564357639523,5.867506736317978,0.3748465279759729,0.9991534691956708,0.794276875483372,1293,1027,loftr,-99.59241923349008,scheme_b_pairwise,NA,False,1430.3477452289944,308.32
1734763803200,F:\agent\UAV\data\IR-image\1734763803200.jpg,116.19121314186653,38.811916991354536,483.54,116.2077668,38.8121231,791.89,1928.9618709382667,-22.67684641347376,-2.2785352109980295,2.1195583256405826,-0.17048862913277577,1.0004006854420893,0.9945858148348673,1847,1837,loftr,-99.59241923349008,scheme_b_pairwise,NA,False,1434.4570636620433,308.34999999999997
1734763803400,F:\agent\UAV\data\IR-image\1734763803400.jpg,116.1912477055736,38.81192593610525,483.54,116.2078244,38.8121235,791.9,1931.9599664381333,-21.68111676404924,-4.158125298180721,7.831894940337918,-0.7308742929961186,1.0008336071547712,0.9420751113940166,1571,1480,loftr,-99.59241923349008,scheme_b_pairwise,NA,False,1436.4378249473798,308.35999999999996
1734763803600,F:\agent\UAV\data\IR-image\1734763803600.jpg,116.1912826385923,38.81191884647863,483.54,116.2078821,38.8121239,791.87,1934.9900964509704,-22.47033399844468,0.7669708395023918,8.75543439501405,-0.5591232389826507,0.9998861226925737,0.9908571428571429,1750,1734,loftr,-99.59241923349008,scheme_b_pairwise,NA,False,1438.4232427760862,308.33
1734763803800,F:\agent\UAV\data\IR-image\1734763803800.jpg,116.19128573398858,38.811924000654244,483.54,116.2079399,38.8121242,791.87,1935.2585946662991,-21.896571170006123,-1.7135511741240634,0.474736642638959,-0.2964148784163252,0.9992639814699467,0.9743881616391576,1757,1712,loftr,-99.59241923349008,scheme_b_pairwise,NA,False,1443.153988726814,308.33
1734763804000,F:\agent\UAV\data\IR-image\1734763804000.jpg,116.19128696892568,38.81191918313796,483.54,116.2079977,38.8121244,791.94,1935.3657145242626,-22.43285708275292,1.434139589863264,0.5473075102100324,-0.16343558810624198,1.001757982368964,0.9475427940364439,1811,1716,loftr,-99.59241923349008,scheme_b_pairwise,NA,False,1448.0631579776484,308.40000000000003
1734763804200,F:\agent\UAV\data\IR-image\1734763804200.jpg,116.19135837498564,38.81199072274121,483.54,116.2080556,38.8121245,791.96,1941.559557869017,-14.469068449242815,-24.937921208089392,13.417360090885154,-0.19004024720354024,0.9969844587010784,0.782608695652174,1403,1098,loftr,-99.59241923349008,scheme_b_pairwise,NA,False,1446.788879061728,308.42
1734763804400,F:\agent\UAV\data\IR-image\1734763804400.jpg,116.191350245411,38.811987323225146,483.54,116.2081136,38.8121247,792.0,1940.8543892624368,-14.8475025768897,1.3771982303601362,-1.7746422798864785,-0.1988965690731544,0.9988877628272197,0.9967497291440953,1846,1840,loftr,-99.59241923349008,scheme_b_pairwise,NA,False,1452.5224872269507,308.46
1734763804600,F:\agent\UAV\data\IR-image\1734763804600.jpg,116.19133723502559,38.81198269501703,483.54,116.2081716,38.8121249,792.21,1939.7258535450092,-15.362714704652996,1.9537727057418124,-2.88239183997257,-0.090810567949959,0.9995156831669059,0.992757660167131,1795,1782,loftr,-99.59241923349008,scheme_b_pairwise,NA,False,1458.6805304381635,308.67
1734763804800,F:\agent\UAV\data\IR-image\1734763804800.jpg,116.19134642333242,38.8119545486375,483.54,116.2082296,38.8121251,792.36,1940.5228577933829,-18.49596967378009,8.298917437190141,3.671344739751248,-0.000946053174427898,1.0005965123678724,0.9088200238379023,1678,1525,loftr,-99.59241923349008,scheme_b_pairwise,NA,False,1462.9472690867651,308.82
1734763805000,F:\agent\UAV\data\IR-image\1734763805000.jpg,116.19138626916092,38.81191639056511,483.54,116.2082875,38.8121252,792.34,1943.9791305502338,-22.743726291976046,10.139620885076965,11.55251666392553,0.45044576996068264,0.9998039073008425,0.9994347088750707,1769,1768,loftr,-99.59241923349008,scheme_b_pairwise,NA,False,1464.5730781847633,308.8
1734763805200,F:\agent\UAV\data\IR-image\1734763805200.jpg,116.19142241254745,38.81195609819175,483.54,116.2083455,38.8121251,792.32,1947.114249253853,-18.32347329422152,-13.700043046734834,6.609360361876043,0.4480662525213591,0.997421899018831,0.569060773480663,1267,721,loftr,-99.59241923349008,scheme_b_pairwise,NA,False,1466.4027712757252,308.78000000000003
1734763805400,F:\agent\UAV\data\IR-image\1734763805400.jpg,116.1914361839965,38.81196063922101,483.54,116.2084034,38.8121252,792.35,1948.3088005020993,-17.817965916656377,-1.9577911911554224,3.0696379080887937,-0.32533669767604056,1.0002324823451036,0.8999389871873094,1639,1475,loftr,-99.59241923349008,scheme_b_pairwise,NA,False,1470.2196511167879,308.81
1734763805600,F:\agent\UAV\data\IR-image\1734763805600.jpg,116.19145268134082,38.811981398494744,483.54,116.2084611,38.8121253,792.38,1949.7397990251322,-15.507043565447367,-7.065113466255525,2.879584174941158,-0.07921163415389898,1.0004661245870812,0.5253576072821846,1538,808,loftr,-99.59241923349008,scheme_b_pairwise,NA,False,1473.7623865911066,308.84
1734763805800,F:\agent\UAV\data\IR-image\1734763805800.jpg,116.19148823852531,38.81200159091463,483.54,116.2085188,38.8121253,792.36,1952.8240698925993,-13.259223382873174,-7.663760795034591,7.48475199850526,0.20045598835441347,1.0011261004161627,0.8127490039840638,1506,1224,loftr,-99.59241923349008,scheme_b_pairwise,NA,False,1475.6579658382354,308.82
1734763806000,F:\agent\UAV\data\IR-image\1734763806000.jpg,116.19153910091254,38.81200969400793,483.54,116.2085764,38.8121252,792.31,1957.235931559515,-12.357187037068647,-4.5600824719458615,11.788505816419047,0.021462696351494708,1.0007002006096182,0.9191176470588235,1496,1375,loftr,-99.59241923349008,scheme_b_pairwise,NA,False,1476.2334127270349,308.7699999999999
1734763806200,F:\agent\UAV\data\IR-image\1734763806200.jpg,116.19158122109882,38.81201242165568,483.54,116.2086339,38.8121252,792.27,1960.8894847124045,-12.053545289547657,-2.5492588348630534,9.969674624334573,-0.15106316209877774,0.9992946097591622,0.9022511848341233,1688,1523,loftr,-99.59241923349008,scheme_b_pairwise,NA,False,1477.5632953274348,308.72999999999996
1734763806400,F:\agent\UAV\data\IR-image\1734763806400.jpg,116.19161328668037,38.81200470090507,483.54,116.2086911,38.8121253,792.27,1963.6708899453463,-12.913019247547002,1.0777526780243534,8.099916658297104,-0.36941052540496233,1.0004502811161864,0.9704545454545455,1760,1708,loftr,-99.59241923349008,scheme_b_pairwise,NA,False,1479.748664797234,308.72999999999996
1734763806600,F:\agent\UAV\data\IR-image\1734763806600.jpg,116.19165679103541,38.812023125515296,483.54,116.2087482,38.8121253,792.24,1967.444507481226,-10.861991637350036,-7.44154157721988,9.484657803571963,-0.18143470155118246,1.0008892297072334,0.9187425860023725,1686,1549,loftr,-99.59241923349008,scheme_b_pairwise,NA,False,1480.9092697609028,308.7
1734763806800,F:\agent\UAV\data\IR-image\1734763806800.jpg,116.19169061299299,38.812020239276464,483.54,116.2088053,38.8121252,792.2,1970.3782627815278,-11.183287744439339,-0.48298590864862945,8.26984202281659,0.3862185100049409,1.0001470422137457,0.9854057209573847,1713,1688,loftr,-99.59241923349008,scheme_b_pairwise,NA,False,1482.928547056408,308.66
1734763807000,F:\agent\UAV\data\IR-image\1734763807000.jpg,116.19170906605676,38.812024977166374,483.54,116.2088622,38.812125,792.21,1971.9789026470733,-10.655865839331934,-2.2083838777102756,4.183292427720289,0.5723685833810823,0.9998232999482637,0.9459134615384616,1664,1574,loftr,-99.59241923349008,scheme_b_pairwise,NA,False,1486.2553776474956,308.67
1734763807200,F:\agent\UAV\data\IR-image\1734763807200.jpg,116.19172462899769,38.81202092152644,483.54,116.2089189,38.8121248,792.24,1973.3288499513915,-11.10733967687776,0.6180986378560647,3.94732959918133,0.20136017922573562,1.001194552695074,0.8680263947210558,1667,1447,loftr,-99.59241923349008,scheme_b_pairwise,NA,False,1489.8228585245554,308.7
1734763807400,F:\agent\UAV\data\IR-image\1734763807400.jpg,116.19175211272476,38.8120400495003,483.54,116.2089754,38.8121248,792.25,1975.7128198848275,-8.978013626838687,-7.008258117658613,5.601998983078545,-0.13137270065889678,1.0032163685571307,0.6007067137809188,1132,680,loftr,-99.59241923349008,scheme_b_pairwise,NA,False,1492.3217177354913,308.71
1734763807600,F:\agent\UAV\data\IR-image\1734763807600.jpg,116.19178210503043,38.81204231207222,483.54,116.2090317,38.8121248,792.26,1978.3143867962547,-8.726144120427154,-1.913922897702605,7.082377309531125,0.10814288563331001,0.9981325583374474,0.773784355179704,1419,1098,loftr,-99.59241923349008,scheme_b_pairwise,NA,False,1494.5994834536161,308.71999999999997
1734763807800,F:\agent\UAV\data\IR-image\1734763807800.jpg,116.19181558344978,38.812067645087986,483.54,116.2090878,38.8121248,792.28,1981.2183431975634,-5.906072805244296,-9.163203373479803,6.718046457030141,-0.04862762992725557,1.0016520240173687,0.9125647668393783,1544,1409,loftr,-99.59241923349008,scheme_b_pairwise,NA,False,1496.5445878181897,308.73999999999995
1734763808000,F:\agent\UAV\data\IR-image\1734763808000.jpg,116.19182393173007,38.81203741262991,483.54,116.2091437,38.8121248,792.28,1981.942482583146,-9.271550037898557,8.975705023844966,3.5782996223244368,0.2001520116032991,0.9997766124099561,0.9844031193761248,1667,1641,loftr,-99.59241923349008,scheme_b_pairwise,NA,False,1500.6829347045295,308.73999999999995
1734763808200,F:\agent\UAV\data\IR-image\1734763808200.jpg,116.1918579509791,38.81199290189322,483.54,116.2091994,38.8121247,792.3,1984.893351168785,-14.226485246682442,12.333226941564249,10.484514069202135,-0.013987157185907276,1.000604198606372,0.9712808730614589,1741,1691,loftr,-99.59241923349008,scheme_b_pairwise,NA,False,1502.601919707853,308.75999999999993
1734763808400,F:\agent\UAV\data\IR-image\1734763808400.jpg,116.19190613888567,38.81198633367404,483.54,116.2092549,38.8121248,792.28,1989.0732253232209,-14.957659405539045,0.06855487216921574,11.91035672194215,0.0034580735008972845,1.0009138281992052,0.9711048158640226,1765,1714,loftr,-99.59241923349008,scheme_b_pairwise,NA,False,1503.242917581594,308.73999999999995
1734763808600,F:\agent\UAV\data\IR-image\1734763808600.jpg,116.19196149086441,38.81201060011608,483.54,116.2093102,38.8121248,792.22,1993.8745192937597,-12.25631907820832,-9.722047996752622,12.024716973147576,-0.06799411970762234,1.0001273777883097,0.9678147939017504,1771,1714,loftr,-99.59241923349008,scheme_b_pairwise,NA,False,1503.2129424929453,308.68
1734763808800,F:\agent\UAV\data\IR-image\1734763808800.jpg,116.19199003961208,38.81201139632977,483.54,116.2093654,38.8121248,792.18,1996.3508703332805,-12.167684569657306,-1.4035804894852504,6.812176094546999,0.05779535382476021,0.9991036344205877,0.8909557408595253,1559,1389,loftr,-99.59241923349008,scheme_b_pairwise,NA,False,1505.5212753022954,308.63999999999993
1734763809000,F:\agent\UAV\data\IR-image\1734763809000.jpg,116.19200767250257,38.81203202619296,483.54,116.2094203,38.8121248,792.15,1997.880367430399,-9.871168199647988,-7.07131407574434,3.158930343077998,0.13030331011379911,0.9998326174261419,0.7614980289093298,1522,1159,loftr,-99.59241923349008,scheme_b_pairwise,NA,False,1508.7324817367971,308.60999999999996
1734763809200,F:\agent\UAV\data\IR-image\1734763809200.jpg,116.19204279452245,38.81203605163997,483.54,116.2094751,38.8121248,792.14,2000.9268916216085,-9.423055438357329,-2.6651738840020585,8.222066657936637,0.09271210248430417,0.9998655330248583,0.9799173065564087,1693,1659,loftr,-99.59241923349008,scheme_b_pairwise,NA,False,1510.4343845762187,308.59999999999997
1734763809400,F:\agent\UAV\data\IR-image\1734763809400.jpg,116.19206990974268,38.812027124132364,483.54,116.2095298,38.8121248,792.12,2003.2788968508805,-10.41686558551943,1.6503909010169195,6.974328141626984,-0.4016463569184336,1.0003560378063714,0.9478054567022538,1686,1598,loftr,-99.59241923349008,scheme_b_pairwise,NA,False,1512.8312812717163,308.58
1734763809600,F:\agent\UAV\data\IR-image\1734763809600.jpg,116.19209405154317,38.812006952553645,483.54,116.2095842,38.812125,792.12,2005.3729842481407,-12.662365728662772,5.235247580100065,6.845963448072382,-0.7898535479912707,1.0004485840277693,0.9055482166446499,1514,1371,loftr,-99.59241923349008,scheme_b_pairwise,NA,False,1515.4710408916678,308.58
1734763809800,F:\agent\UAV\data\IR-image\1734763809800.jpg,116.19212620092371,38.81199499836507,483.54,116.2096385,38.8121252,792.12,2008.1616583026732,-13.99310600036787,2.378645497794764,8.340461189617656,-0.4111198428720586,1.0012762950931031,0.960098219766728,1629,1564,loftr,-99.59241923349008,scheme_b_pairwise,NA,False,1517.4026025566043,308.58
1734763810000,F:\agent\UAV\data\IR-image\1734763810000.jpg,116.19216887366643,38.81199619556677,483.54,116.2096926,38.8121253,792.09,2011.8631408342103,-13.859833507303733,-2.100157267991335,10.182013030300539,-0.013872195608100912,1.0000354618722975,0.9828064337215752,1803,1772,loftr,-99.59241923349008,scheme_b_pairwise,NA,False,1518.3914871996521,308.55
1734763810200,F:\agent\UAV\data\IR-image\1734763810200.jpg,116.1921922110003,38.81201763075907,483.54,116.2097466,38.8121252,792.07,2013.8874478775563,-11.473667900041953,-7.550869597900544,4.486451232602235,0.18113762721472948,1.0004204976144728,0.7733230531996916,1297,1003,loftr,-99.59241923349008,scheme_b_pairwise,NA,False,1521.0271574971123,308.53000000000003
1734763810400,F:\agent\UAV\data\IR-image\1734763810400.jpg,116.19221216631632,38.81200882392369,483.54,116.2098004,38.8121252,792.05,2015.6183948221658,-12.45404481515221,1.9037024629991492,5.249182917809776,-0.02131403925856841,1.0015247032970018,0.7655880031570639,1267,970,loftr,-99.59241923349008,scheme_b_pairwise,NA,False,1523.9675961608882,308.50999999999993
1734763810600,F:\agent\UAV\data\IR-image\1734763810600.jpg,116.19225302376036,38.81197674992143,483.54,116.2098541,38.8121253,791.98,2019.1624162677247,-16.024522746981617,8.224118327063195,11.478586918180838,0.08387148547943231,1.0003279835024568,0.9869983041266253,1769,1746,loftr,-99.59241923349008,scheme_b_pairwise,NA,False,1525.1151791130446,308.44
1734763810800,F:\agent\UAV\data\IR-image\1734763810800.jpg,116.1923010189466,38.81198987603328,483.54,116.2099078,38.8121252,791.89,2023.3255736390154,-14.563323975517914,-5.991312077803457,10.838644283018482,-0.05114522650055849,1.0011518029038893,0.8035714285714286,1512,1215,loftr,-99.59241923349008,scheme_b_pairwise,NA,False,1525.5940834017795,308.34999999999997
1734763811000,F:\agent\UAV\data\IR-image\1734763811000.jpg,116.19233427602785,38.81199345777762,483.54,116.2099614,38.812125,791.84,2026.210330921033,-14.164604195656622,-2.4528083671438026,7.797457810857679,0.4240699636508284,0.9996521601526482,0.9585987261146497,1570,1505,loftr,-99.59241923349008,scheme_b_pairwise,NA,False,1527.352466017528,308.3
1734763811200,F:\agent\UAV\data\IR-image\1734763811200.jpg,116.19235783848507,38.8120065945063,483.54,116.2100149,38.8121248,791.81,2028.2541654208612,-12.702223559063677,-5.003304514717684,4.9725813632603035,0.6372660928147227,1.0012324101828083,0.8015209125475286,1315,1054,loftr,-99.59241923349008,scheme_b_pairwise,NA,False,1529.9326540793988,308.2699999999999
1734763811400,F:\agent\UAV\data\IR-image\1734763811400.jpg,116.19239124420707,38.811997892894226,483.54,116.2100684,38.8121245,791.79,2031.1518159705963,-13.67088701495182,1.3255774077983915,8.472712751900985,0.022206309427608074,1.0010093503034945,0.9576659038901602,1748,1674,loftr,-99.59241923349008,scheme_b_pairwise,NA,False,1531.6820344924422,308.24999999999994
1734763811600,F:\agent\UAV\data\IR-image\1734763811600.jpg,116.19241688384005,38.81200291025199,483.54,116.2101218,38.8121244,791.75,2033.3758270729252,-13.11235474829011,-2.586057651080523,5.894004520808778,-0.27221344666437386,0.9985653160957833,0.7012898845892735,1473,1033,loftr,-99.59241923349008,scheme_b_pairwise,NA,False,1534.0820296249892,308.21
1734763811800,F:\agent\UAV\data\IR-image\1734763811800.jpg,116.19243980261074,38.812010049879234,483.54,116.2101751,38.8121243,791.73,2035.3638274666148,-12.317571444092122,-3.1295239243669926,5.130310699485904,-0.47236282484930564,1.001120220004906,0.8599033816425121,1449,1246,loftr,-99.59241923349008,scheme_b_pairwise,NA,False,1536.7073333301153,308.19
1734763812000,F:\agent\UAV\data\IR-image\1734763812000.jpg,116.19249152174594,38.81203517991181,483.54,116.2102284,38.8121242,791.69,2039.85000443206,-9.520096217763902,-9.84072340194723,11.1076228999666,-0.25889030695067317,1.000626456119789,0.9913941480206541,1743,1728,loftr,-99.59241923349008,scheme_b_pairwise,NA,False,1536.823400583428,308.15000000000003
1734763812200,F:\agent\UAV\data\IR-image\1734763812200.jpg,116.19253986686314,38.8120219076096,483.54,116.2102816,38.812124,791.62,2044.043515216072,-10.997568899760456,2.127657759179556,12.297166823049452,-0.2230096813301682,1.0008386139236343,0.9050086355785838,1737,1572,loftr,-99.59241923349008,scheme_b_pairwise,NA,False,1537.2542300277235,308.08
1734763812400,F:\agent\UAV\data\IR-image\1734763812400.jpg,116.19256676635267,38.812019259356994,483.54,116.2103348,38.8121239,791.59,2046.3768077166646,-11.292372379187144,-0.2754511749925541,6.595589246007819,-0.023195006364725962,1.0008661968104975,0.7858533419857235,1541,1211,loftr,-99.59241923349008,scheme_b_pairwise,NA,False,1539.5350909829472,308.05
1734763812600,F:\agent\UAV\data\IR-image\1734763812600.jpg,116.19257836387993,38.81202546943551,483.54,116.210388,38.8121237,791.57,2047.3827905015419,-10.601066438928944,-2.383813810195022,2.4608451778215112,0.05568081520387257,1.000517201531371,0.9399881164587047,1683,1582,loftr,-99.59241923349008,scheme_b_pairwise,NA,False,1543.1343124342955,308.03000000000003
1734763812800,F:\agent\UAV\data\IR-image\1734763812800.jpg,116.1926133991429,38.81202884003573,483.54,116.2104412,38.8121235,791.53,2050.4217892997467,-10.225851222350446,-2.4599002785711264,8.235335755693995,0.2710074274839866,1.0007488085878453,0.9422843256379101,1646,1551,loftr,-99.59241923349008,scheme_b_pairwise,NA,False,1544.705345202047,307.98999999999995
1734763813000,F:\agent\UAV\data\IR-image\1734763813000.jpg,116.19264664722867,38.81202388010695,483.54,116.2104944,38.8121233,791.48,2053.3057663022396,-10.777990494753643,0.1791864765099831,8.240047017927566,0.2983192998855554,1.0009268653041057,0.9943342776203966,1765,1755,loftr,-99.59241923349008,scheme_b_pairwise,NA,False,1546.437765072473,307.94
1734763813200,F:\agent\UAV\data\IR-image\1734763813200.jpg,116.19268342909072,38.81204903350214,483.54,116.2105475,38.8121231,791.43,2056.4962671035955,-7.977914541941769,-9.241889974025923,7.5204489956805105,0.09859848611644774,1.001141179883765,0.9468277945619336,1655,1567,loftr,-99.59241923349008,scheme_b_pairwise,NA,False,1547.8337566420857,307.88999999999993
1734763813400,F:\agent\UAV\data\IR-image\1734763813400.jpg,116.19271193284656,38.81204783653646,483.54,116.2106007,38.8121231,791.37,2058.9687154997787,-8.111160761563832,-0.7876704358293409,6.90515607953904,-0.054972654871194924,1.0006758089708476,0.98805256869773,1674,1654,loftr,-99.59241923349008,scheme_b_pairwise,NA,False,1549.9742299623729,307.83
1734763813600,F:\agent\UAV\data\IR-image\1734763813600.jpg,116.19274271788733,38.812027880179606,483.54,116.2106538,38.8121232,791.33,2061.6390451614425,-10.332702406489913,4.899411351447725,8.429584959755573,-0.28362634917342283,1.0015773544777673,0.7449336128581412,1431,1066,loftr,-99.59241923349008,scheme_b_pairwise,NA,False,1551.9215009911245,307.79
1734763813800,F:\agent\UAV\data\IR-image\1734763813800.jpg,116.19277757731167,38.811991841701094,483.54,116.210707,38.8121233,791.28,2064.662791516213,-14.344505834520035,9.688895938639575,10.245078633181038,0.003656121816235552,0.9998542948829962,0.9903682719546743,1765,1748,loftr,-99.59241923349008,scheme_b_pairwise,NA,False,1553.543567318967,307.73999999999995
1734763814000,F:\agent\UAV\data\IR-image\1734763814000.jpg,116.19281192926226,38.81198103539844,483.54,116.2107602,38.8121233,791.23,2067.6425190167724,-15.547463445767962,1.9356277393004007,8.809458965563408,-0.08335332366885186,0.9991703228344402,0.8596100278551532,1795,1543,loftr,-99.59241923349008,scheme_b_pairwise,NA,False,1555.1884396313576,307.69
1734763814200,F:\agent\UAV\data\IR-image\1734763814200.jpg,116.19284182824225,38.811969378446584,483.54,116.2108134,38.8121234,791.19,2070.235990751955,-16.84511532618837,2.37837162485755,7.78473605317464,-0.24040769294586925,1.0020034133891949,0.8707792207792208,1540,1341,loftr,-99.59241923349008,scheme_b_pairwise,NA,False,1557.2211818835694,307.65000000000003
1734763814400,F:\agent\UAV\data\IR-image\1734763814400.jpg,116.19287722497224,38.81196519403231,483.54,116.2108666,38.8121236,791.14,2073.306343612188,-17.310924323460792,-0.14691838405178714,8.715487615053519,-0.5956865033892915,1.0021431611367924,0.884393063583815,1557,1377,loftr,-99.59241923349008,scheme_b_pairwise,NA,False,1558.7691097146173,307.59999999999997
1734763814600,F:\agent\UAV\data\IR-image\1734763814600.jpg,116.19288665069566,38.81197881941853,483.54,116.2109198,38.8121239,791.13,2074.1239416471835,-15.794146329343244,-4.580304487118383,1.5533641092720814,-1.0197909822345512,1.0002651800055828,0.835171568627451,1632,1363,loftr,-99.59241923349008,scheme_b_pairwise,NA,False,1562.5454892030414,307.59
1734763814800,F:\agent\UAV\data\IR-image\1734763814800.jpg,116.1929283857082,38.811982168005514,483.54,116.2109731,38.8121242,791.14,2077.7440843889003,-15.421381626677436,-2.724938706333319,9.844875703860964,-0.3916603305723453,0.9985266082202391,0.6926546391752577,1552,1075,loftr,-99.59241923349008,scheme_b_pairwise,NA,False,1563.5439704524872,307.59999999999997
1734763815000,F:\agent\UAV\data\IR-image\1734763815000.jpg,116.19297859904889,38.81203444211964,483.54,116.2110264,38.8121243,791.12,2082.0996470158448,-9.60222724208306,-18.142532783809656,9.332789315560547,-0.048226888199119265,0.999702065884749,0.898092967818832,1678,1507,loftr,-99.59241923349008,scheme_b_pairwise,NA,False,1563.7629921124128,307.58
1734763815200,F:\agent\UAV\data\IR-image\1734763815200.jpg,116.19299043764993,38.81203438493305,483.54,116.2110798,38.8121243,791.15,2083.1265408164923,-9.608593253269794,-0.46269395317796125,2.8450438359581653,0.18426682981625642,1.0008052022339735,0.9484655471916619,1727,1638,loftr,-99.59241923349008,scheme_b_pairwise,NA,False,1567.3639998133835,307.60999999999996
1734763815400,F:\agent\UAV\data\IR-image\1734763815400.jpg,116.19303524743403,38.812031169448495,483.54,116.2111332,38.8121243,791.19,2087.0133927612264,-9.966540993528273,-0.8273429333536342,10.924807940388348,0.32244154630789823,1.0006590686571204,0.9764441951766686,1783,1741,loftr,-99.59241923349008,scheme_b_pairwise,NA,False,1568.1106299414637,307.65000000000003
1734763815600,F:\agent\UAV\data\IR-image\1734763815600.jpg,116.1930420900658,38.812006107373826,483.54,116.2111868,38.8121244,791.18,2087.6069304713983,-12.75645114554296,7.443832771771724,2.9476299124293064,0.14120199624041607,0.9988108362455013,0.859781121751026,1462,1257,loftr,-99.59241923349008,scheme_b_pairwise,NA,False,1572.1829750117554,307.63999999999993
1734763815800,F:\agent\UAV\data\IR-image\1734763815800.jpg,116.19305507465248,38.81200643650935,483.54,116.2112404,38.8121245,791.17,2088.733228376324,-12.719811779549524,-0.6282117393301974,3.100042958483357,0.06260301550642175,0.9996440302716298,0.8878973786949247,1793,1592,loftr,-99.59241923349008,scheme_b_pairwise,NA,False,1575.701711610741,307.62999999999994
1734763816000,F:\agent\UAV\data\IR-image\1734763816000.jpg,116.19309378910326,38.81203239322145,483.54,116.211294,38.8121246,791.11,2092.0913641360407,-9.830310588483592,-9.567794811397277,7.94257402346841,0.24124500792579756,1.000926704599342,0.9941792782305006,1718,1708,loftr,-99.59241923349008,scheme_b_pairwise,NA,False,1576.9698060464939,307.57
1734763816200,F:\agent\UAV\data\IR-image\1734763816200.jpg,116.1930957425042,38.812021051727854,483.54,116.2113477,38.8121247,791.05,2092.2608043682853,-11.092845655404696,3.414982137271977,1.0594786366930293,0.29092097072625134,1.0008430590408093,0.9520710059171598,1690,1609,loftr,-99.59241923349008,scheme_b_pairwise,NA,False,1581.462121204252,307.50999999999993
1734763816400,F:\agent\UAV\data\IR-image\1734763816400.jpg,116.19311999046663,38.81196223901708,483.54,116.2114015,38.812125,791.05,2094.364100373861,-17.639876618884873,17.136003528822698,8.883420036558789,-0.0664190447317878,1.0042022999700735,0.6470189701897019,1476,955,loftr,-99.59241923349008,scheme_b_pairwise,NA,False,1584.0846678477642,307.50999999999993
1734763816600,F:\agent\UAV\data\IR-image\1734763816600.jpg,116.19316352697834,38.8119386677337,483.54,116.2114553,38.8121253,791.01,2098.140507215794,-20.26383188509117,5.495795517748604,11.679024190209475,-0.28919557571161386,0.9981741230064988,0.824516129032258,1550,1278,loftr,-99.59241923349008,scheme_b_pairwise,NA,False,1585.0066689113003,307.46999999999997
1734763816800,F:\agent\UAV\data\IR-image\1734763816800.jpg,116.19317196820742,38.8119334139767,483.54,116.2115093,38.8121258,791.0,2098.8727090847215,-20.848680113567056,1.2761704436545642,2.3000199889632995,-0.3818951802210224,1.0002023870603705,0.9688601645123385,1702,1649,loftr,-99.59241923349008,scheme_b_pairwise,NA,False,1588.9622593872543,307.46
1734763817000,F:\agent\UAV\data\IR-image\1734763817000.jpg,116.1931966828059,38.81192507640055,483.54,116.2115634,38.8121262,791.07,2101.0164816367187,-21.776819091366427,1.5660345586654216,6.367299682681505,-0.5401945065240475,0.9991718072072828,0.8920691711389386,1677,1496,loftr,-99.59241923349008,scheme_b_pairwise,NA,False,1591.5215399466579,307.53000000000003
1734763817200,F:\agent\UAV\data\IR-image\1734763817200.jpg,116.1932434268932,38.81194397533694,483.54,116.2116177,38.8121266,791.11,2105.0711172551287,-19.67298949226169,-7.719119760786668,10.237715749974996,-0.2692573621010823,1.0010961894341646,0.7879161528976573,1622,1278,loftr,-99.59241923349008,scheme_b_pairwise,NA,False,1592.1483692903585,307.57
1734763817400,F:\agent\UAV\data\IR-image\1734763817400.jpg,116.19326577589112,38.81196639197172,483.54,116.2116721,38.8121268,791.15,2107.009694905941,-17.177569707974456,-7.81314665921127,4.198081797148859,-0.07836060926266436,1.0002119705448362,0.8787023977433004,1418,1246,loftr,-99.59241923349008,scheme_b_pairwise,NA,False,1594.8953741976295,307.60999999999996
1734763817600,F:\agent\UAV\data\IR-image\1734763817600.jpg,116.19326573965405,38.8119942969597,483.54,116.2117267,38.812127,791.24,2107.0065516608215,-14.071186446111799,-8.595861856766646,-1.4616592031842117,0.17177482410861344,0.9998459877322415,0.949093036863663,1709,1622,loftr,-99.59241923349008,scheme_b_pairwise,NA,False,1599.5972753351832,307.7
1734763817800,F:\agent\UAV\data\IR-image\1734763817800.jpg,116.19328952444279,38.81199429969804,483.54,116.2117815,38.8121271,791.31,2109.0696714512164,-14.070881613871002,-0.9658341274449072,5.709817981094375,0.520916393494373,0.9997468221689297,0.6113879003558719,1405,859,loftr,-99.59241923349008,scheme_b_pairwise,NA,False,1602.2845378673,307.7699999999999
1734763818000,F:\agent\UAV\data\IR-image\1734763818000.jpg,116.19331869117278,38.8119586129294,483.54,116.2118364,38.8121271,791.31,2111.5996269834745,-18.043532698884366,9.811499144369463,8.86013347728283,0.25096263722244805,0.999758308441212,0.8958990536277602,1585,1420,loftr,-99.59241923349008,scheme_b_pairwise,NA,False,1604.5559022003908,307.7699999999999
1734763818200,F:\agent\UAV\data\IR-image\1734763818200.jpg,116.19332459217605,38.81195377690885,483.54,116.2118915,38.8121271,791.35,2112.1114867597844,-18.581878506788,1.2505301634973307,1.6684429679391997,0.24287158222053096,0.9997637678101645,0.6084254143646409,1448,881,loftr,-99.59241923349008,scheme_b_pairwise,NA,False,1608.824811896659,307.81
1734763818400,F:\agent\UAV\data\IR-image\1734763818400.jpg,116.19333126366082,38.811954568322484,483.54,116.2119467,38.8121271,791.43,2112.6901789832195,-18.49377834096528,-0.5145028195043437,1.5604008880821993,0.15278039323272835,1.0007015310914482,0.9940411700975081,1846,1835,loftr,-99.59241923349008,scheme_b_pairwise,NA,False,1613.0281529452907,307.88999999999993
1734763818600,F:\agent\UAV\data\IR-image\1734763818600.jpg,116.19334131002884,38.81196574966158,483.54,116.2120021,38.8121271,791.49,2113.561612440022,-17.24907167276518,-3.8524912601665164,1.8296177581593156,-0.23496770885383114,1.0024657362655123,0.7892813641900122,1642,1296,loftr,-99.59241923349008,scheme_b_pairwise,NA,False,1616.943090934602,307.95
1734763818800,F:\agent\UAV\data\IR-image\1734763818800.jpg,116.19337049757237,38.81198318812202,483.54,116.2120576,38.8121272,791.55,2116.0933733629327,-15.307822256774209,-6.55685763579902,6.099000119045627,-0.5921580847218535,1.000678995699439,0.8631651693158259,1447,1249,loftr,-99.59241923349008,scheme_b_pairwise,NA,False,1619.2023507018357,308.00999999999993
1734763819000,F:\agent\UAV\data\IR-image\1734763819000.jpg,116.19339895082727,38.81198357744668,483.54,116.2121134,38.8121274,791.63,2118.5614412504774,-15.264482635245205,-1.2743465097460671,6.810437302107516,-0.3431345975946303,0.9999193141404635,0.9347305389221557,1670,1561,loftr,-99.59241923349008,scheme_b_pairwise,NA,False,1621.571448777328,308.09
1734763819200,F:\agent\UAV\data\IR-image\1734763819200.jpg,116.1934149169264,38.81198932910561,483.54,116.2121693,38.8121274,791.73,2119.9463589576762,-14.624207964294586,-2.4198185305589845,3.5334674076613055,-0.004829239336600421,1.0014576288680672,0.8802946593001841,1629,1434,loftr,-99.59241923349008,scheme_b_pairwise,NA,False,1625.0250753755222,308.19
1734763819400,F:\agent\UAV\data\IR-image\1734763819400.jpg,116.1934359431205,38.812011524311,483.54,116.2122254,38.8121274,791.83,2121.7701950928995,-12.153437699417465,-7.69125734713441,3.8920486814042192,0.19835419599627585,1.000705059437591,0.837160751565762,1437,1203,loftr,-99.59241923349008,scheme_b_pairwise,NA,False,1628.04221407658,308.29
1734763819600,F:\agent\UAV\data\IR-image\1734763819600.jpg,116.19345265929341,38.812005314085745,483.54,116.2122817,38.8121273,791.9,2123.220175057721,-12.844759974616764,1.2351227012313188,4.33636857066881,0.19818592625146522,0.9999694951353012,0.9030144167758847,1526,1378,loftr,-99.59241923349008,scheme_b_pairwise,NA,False,1631.477382383205,308.35999999999996
1734763819800,F:\agent\UAV\data\IR-image\1734763819800.jpg,116.19347093193406,38.81201579746325,483.54,116.212338,38.8121273,791.97,2124.805164815816,-11.677750390684304,-3.9712084282412548,3.8408220049369675,0.3119497327335241,1.0004249717283464,0.8320557491289199,1435,1194,loftr,-99.59241923349008,scheme_b_pairwise,NA,False,1634.762729485706,308.43
1734763820000,F:\agent\UAV\data\IR-image\1734763820000.jpg,116.19351877324358,38.812008776978814,483.54,116.2123945,38.8121272,791.96,2128.9549747451183,-12.459270718256237,0.22195669100517534,11.850698544207432,0.3537310483606147,1.0002057662233104,0.9955604883462819,1802,1794,loftr,-99.59241923349008,scheme_b_pairwise,NA,False,1635.5190267165924,308.42
1734763820200,F:\agent\UAV\data\IR-image\1734763820200.jpg,116.19353852676403,38.81200216002405,483.54,116.2124512,38.812127,791.92,2130.6684177110405,-13.195870123162607,1.23720272657431,5.086715376147879,0.5404483402338542,0.9990982228189881,0.9034931912374186,1689,1526,loftr,-99.59241923349008,scheme_b_pairwise,NA,False,1638.7260765214614,308.37999999999994
1734763820400,F:\agent\UAV\data\IR-image\1734763820400.jpg,116.1935434300685,38.811998930620796,483.54,116.2125079,38.8121268,791.92,2131.093735951208,-13.555367292933873,0.7960209694621767,1.3452741477963173,0.2026279378764107,0.9998756436614369,0.7547715442452284,1729,1305,loftr,-99.59241923349008,scheme_b_pairwise,NA,False,1643.2167020621343,308.37999999999994
1734763820600,F:\agent\UAV\data\IR-image\1734763820600.jpg,116.19357496534047,38.81200862627592,483.54,116.2125648,38.8121268,791.93,2133.8291415257177,-12.476046965207132,-4.266604798332139,7.065767191282191,-0.15503828385394727,0.9999257523921996,0.6549232158988256,1107,725,loftr,-99.59241923349008,scheme_b_pairwise,NA,False,1645.405243229044,308.38999999999993
1734763820800,F:\agent\UAV\data\IR-image\1734763820800.jpg,116.19362018767887,38.812012060194725,483.54,116.2126217,38.8121267,791.88,2137.7517789024896,-12.09378312361964,-2.892715753631478,10.677627086364396,0.09780547616148692,1.0006951919713407,0.9954545454545455,1760,1752,loftr,-99.59241923349008,scheme_b_pairwise,NA,False,1646.4138809040849,308.34
1734763821000,F:\agent\UAV\data\IR-image\1734763821000.jpg,116.19364608998201,38.812013051010474,483.54,116.2126787,38.8121266,791.83,2139.9985743144953,-11.983485514376662,-1.3561651424803927,6.166717565416434,0.25843297378722024,1.0010546422853233,0.9436708860759494,1580,1491,loftr,-99.59241923349008,scheme_b_pairwise,NA,False,1649.1072815873601,308.29
1734763821200,F:\agent\UAV\data\IR-image\1734763821200.jpg,116.19367754156019,38.812018860783105,483.54,116.2127358,38.8121265,791.82,2142.7267201939676,-11.336741624726704,-3.065995919870659,7.248005550303958,0.013020524636375253,1.000868608711154,0.8572399728076139,1471,1261,loftr,-99.59241923349008,scheme_b_pairwise,NA,False,1651.3245350794514,308.28000000000003
1734763821400,F:\agent\UAV\data\IR-image\1734763821400.jpg,116.19372022413954,38.812021447532636,483.54,116.212793,38.8121265,791.8,2146.429055964865,-11.048784667088759,-2.528666346395539,10.112023361876425,-0.04455777810659315,1.0011462352371223,0.9944320712694877,1796,1786,loftr,-99.59241923349008,scheme_b_pairwise,NA,False,1652.5802593003227,308.25999999999993
1734763821600,F:\agent\UAV\data\IR-image\1734763821600.jpg,116.19374875118994,38.812010307289036,483.54,116.2128503,38.8121266,791.78,2148.9035249577973,-12.288916584281166,2.2748389986214193,7.428475992885751,-0.18340029766518628,0.9990232030696617,0.9498164014687882,1634,1552,loftr,-99.59241923349008,scheme_b_pairwise,NA,False,1655.0826181240957,308.23999999999995
1734763821800,F:\agent\UAV\data\IR-image\1734763821800.jpg,116.1937476497062,38.81198402536906,483.54,116.2129077,38.8121267,791.84,2148.80798099769,-15.214619916902056,8.14196525674214,1.1040190594405885,-0.21224840976282408,1.000217490836875,0.9977985690698954,1817,1813,loftr,-99.59241923349008,scheme_b_pairwise,NA,False,1660.17700530284,308.3
1734763822000,F:\agent\UAV\data\IR-image\1734763822000.jpg,116.19378679459601,38.81196940027207,483.54,116.2129651,38.8121268,791.9,2152.203453530535,-16.842685713365253,2.9177136995952537,10.158926454331095,-0.512262219419703,1.0012714708649744,0.8112211221122112,1515,1229,loftr,-99.59241923349008,scheme_b_pairwise,NA,False,1661.7752345813683,308.35999999999996
1734763822200,F:\agent\UAV\data\IR-image\1734763822200.jpg,116.19383330674596,38.811968211332974,483.54,116.2130226,38.812127,791.88,2156.2379706381175,-16.975038413270497,-1.520775405786253,11.227972689494266,-0.18847090380067347,1.0014544500399039,0.9888765294771968,1798,1778,loftr,-99.59241923349008,scheme_b_pairwise,NA,False,1662.7288563202112,308.34
1734763822400,F:\agent\UAV\data\IR-image\1734763822400.jpg,116.1938696793904,38.811963713859896,483.54,116.2130801,38.8121271,791.83,2159.392975435727,-17.475697116687893,-0.09006170712189032,8.96607357731915,0.005514388568797427,1.000477931583973,1.0,1806,1806,loftr,-99.59241923349008,scheme_b_pairwise,NA,False,1664.5648620939646,308.29
1734763822600,F:\agent\UAV\data\IR-image\1734763822600.jpg,116.19390609362272,38.811967423567324,483.54,116.2131378,38.8121269,791.79,2162.551587611556,-17.0627324852181,-2.6203240409153636,8.548725141269642,0.11316408581816349,0.9999098314321917,0.9414414414414415,1554,1463,loftr,-99.59241923349008,scheme_b_pairwise,NA,False,1666.404310199929,308.24999999999994
1734763822800,F:\agent\UAV\data\IR-image\1734763822800.jpg,116.19392096468127,38.81198882995297,483.54,116.2131954,38.8121268,791.77,2163.8415202472784,-14.679773634781736,-7.198502877228748,2.4554715315837257,0.03254054644486567,0.9999818295839831,0.9846788450206246,1697,1671,loftr,-99.59241923349008,scheme_b_pairwise,NA,False,1670.0823734944586,308.22999999999996
1734763823000,F:\agent\UAV\data\IR-image\1734763823000.jpg,116.19396451080912,38.81198956736841,483.54,116.2132531,38.8121267,791.77,2167.6187612037893,-14.597684549441833,-1.9939350879203062,10.41562482607361,-0.09341837110642294,1.0002079119371872,0.9332932692307693,1664,1553,loftr,-99.59241923349008,scheme_b_pairwise,NA,False,1671.3078085834811,308.22999999999996
1734763823200,F:\agent\UAV\data\IR-image\1734763823200.jpg,116.19400896475908,38.81199514500337,483.54,116.2133107,38.8121266,791.73,2171.474747688332,-13.976782224836708,-3.5220048802866586,10.381542569530552,-0.04146536540674995,0.9998992503786699,0.9296225207933462,1563,1453,loftr,-99.59241923349008,scheme_b_pairwise,NA,False,1672.4410847757122,308.19
1734763823400,F:\agent\UAV\data\IR-image\1734763823400.jpg,116.19402356245345,38.81199542931199,483.54,116.2133683,38.8121265,791.74,2172.740968400895,-13.945132988854265,-0.6798474853072776,3.4896321354463,0.0025218766330876246,1.0005045200906297,0.946396664681358,1679,1589,loftr,-99.59241923349008,scheme_b_pairwise,NA,False,1676.1664550378039,308.2
1734763823600,F:\agent\UAV\data\IR-image\1734763823600.jpg,116.19404368221667,38.81202153418413,483.54,116.2134259,38.8121263,791.78,2174.4861796839114,-11.039138622522927,-8.859022899730292,3.4708749247378705,0.010139833401062084,1.000527343736142,0.9730226854690374,1631,1587,loftr,-99.59241923349008,scheme_b_pairwise,NA,False,1679.3906235115276,308.23999999999995
1734763823800,F:\agent\UAV\data\IR-image\1734763823800.jpg,116.19408544920434,38.81203805003294,483.54,116.2134835,38.8121262,791.78,2178.109095984604,-9.200594333125562,-6.782977473083122,9.166957525417331,0.08575624414812162,1.0006356866180708,0.9847931873479319,1644,1619,loftr,-99.59241923349008,scheme_b_pairwise,NA,False,1680.7504398608291,308.23999999999995
1734763824000,F:\agent\UAV\data\IR-image\1734763824000.jpg,116.1941436029911,38.81205375711194,483.54,116.2135409,38.8121259,791.77,2183.1534219898854,-7.45208229899117,-7.19864222829608,13.143010520823793,0.09288151876508516,1.001021661609175,0.9757281553398058,1648,1608,loftr,-99.59241923349008,scheme_b_pairwise,NA,False,1680.6755101744525,308.22999999999996
1734763824200,F:\agent\UAV\data\IR-image\1734763824200.jpg,116.1941812450344,38.812043805588104,483.54,116.2135983,38.8121257,791.77,2186.4185358972786,-8.559885932059991,1.538791536458632,9.55479738626093,0.17906898839850643,1.0004987023196024,0.9583333333333334,1800,1725,loftr,-99.59241923349008,scheme_b_pairwise,NA,False,1682.3930355402724,308.22999999999996
1734763824400,F:\agent\UAV\data\IR-image\1734763824400.jpg,116.1942122049962,38.8120355084398,483.54,116.2136556,38.8121255,791.78,2189.104038409368,-9.483524481430413,1.300193710937208,7.864504959326325,0.013652829539515432,1.000598762990877,0.9331836047164515,1781,1662,loftr,-99.59241923349008,scheme_b_pairwise,NA,False,1684.680412299979,308.23999999999995
1734763824600,F:\agent\UAV\data\IR-image\1734763824600.jpg,116.19424802899937,38.81202534558156,483.54,116.2137128,38.8121254,791.78,2192.211453434316,-10.614853860882894,1.6776632602450832,9.129348373304367,0.05133871213959007,1.000679732928017,0.5957446808510638,1457,868,loftr,-99.59241923349008,scheme_b_pairwise,NA,False,1686.5396100366934,308.23999999999995
1734763824800,F:\agent\UAV\data\IR-image\1734763824800.jpg,116.19426419150497,38.81205023970176,483.54,116.2137699,38.8121252,791.81,2193.613407663457,-7.843640399882087,-8.325445817847196,2.583906576959862,-0.09340358166701639,1.0003244979885222,0.8124625524266027,1669,1356,loftr,-99.59241923349008,scheme_b_pairwise,NA,False,1690.070157632216,308.2699999999999
1734763825000,F:\agent\UAV\data\IR-image\1734763825000.jpg,116.19431053109155,38.81207469476535,483.54,116.2138269,38.8121251,791.79,2197.632956425641,-5.121302721693519,-9.414512472881995,9.851311156887505,0.07587926166368683,1.0003834976189259,0.7931701030927835,1552,1231,loftr,-99.59241923349008,scheme_b_pairwise,NA,False,1690.9822622012439,308.24999999999994
1734763825200,F:\agent\UAV\data\IR-image\1734763825200.jpg,116.19435572861899,38.8121009584827,483.54,116.2138837,38.8121249,791.72,2201.5534416727137,-2.197625705990767,-9.925410741716348,9.482966425526854,0.3551275115488206,1.001190836261519,0.9954545454545455,1760,1752,loftr,-99.59241923349008,scheme_b_pairwise,NA,False,1691.9800409794543,308.18
1734763825400,F:\agent\UAV\data\IR-image\1734763825400.jpg,116.19437135856916,38.81206970009556,483.54,116.2139404,38.8121246,791.68,2202.9092014346993,-5.677309362111809,8.996356531507217,5.379811859193694,0.7122024571964379,1.0001626697897048,0.9303049159925326,1607,1495,loftr,-99.59241923349008,scheme_b_pairwise,NA,False,1695.5477774723192,308.13999999999993
1734763825600,F:\agent\UAV\data\IR-image\1734763825600.jpg,116.1943898010797,38.81206352407101,483.54,116.213997,38.8121244,791.67,2204.5089259007973,-6.364824415788261,1.1545451694806275,4.7490257843089125,0.6410624881825273,1.0004575604090424,0.9285302593659942,1735,1611,loftr,-99.59241923349008,scheme_b_pairwise,NA,False,1698.8564610745036,308.12999999999994
1734763825800,F:\agent\UAV\data\IR-image\1734763825800.jpg,116.19441735347435,38.8120436164449,483.54,116.2140534,38.8121241,791.66,2206.898852138897,-8.580941353752982,5.015551852809665,7.650993581887008,0.542513941288532,1.004178835374944,0.741102581995813,1433,1062,loftr,-99.59241923349008,scheme_b_pairwise,NA,False,1701.3662213457528,308.11999999999995
1734763826000,F:\agent\UAV\data\IR-image\1734763826000.jpg,116.19442593986737,38.81204795174379,483.54,116.2141097,38.8121239,791.66,2207.6436456949887,-8.098335880807495,-1.6840403122487828,1.8355851998151707,0.14656898956311676,1.0013086464517194,0.9631519274376418,1764,1699,loftr,-99.59241923349008,scheme_b_pairwise,NA,False,1705.4976337072872,308.11999999999995
1734763826200,F:\agent\UAV\data\IR-image\1734763826200.jpg,116.1944260121387,38.812047980516446,483.54,116.2141658,38.8121238,791.62,2207.649914592504,-8.09513290918443,-0.011796827347779981,0.015851876685985644,0.00039519349558118986,1.0000925158543272,1.0,1848,1848,loftr,-99.59241923349008,scheme_b_pairwise,NA,False,1710.351962576001,308.08
1734763826400,F:\agent\UAV\data\IR-image\1734763826400.jpg,116.19442608441003,38.8120480092891,483.54,116.2142219,38.8121237,791.59,2207.6561834900194,-8.091929937561366,-0.011796827347779981,0.015851876685985644,0.00039519349558118986,1.0000925158543272,1.0,1848,1848,loftr,-99.59241923349008,scheme_b_pairwise,NA,False,1715.2062923047215,308.05
1734763826600,F:\agent\UAV\data\IR-image\1734763826600.jpg,116.19442615668136,38.812048038061754,483.54,116.2142778,38.8121235,791.57,2207.662452387535,-8.088726965938301,-0.011796827347779981,0.015851876685985644,0.00039519349558118986,1.0000925158543272,1.0,1848,1848,loftr,-99.59241923349008,scheme_b_pairwise,NA,False,1720.0432412479252,308.03000000000003
1734763826800,F:\agent\UAV\data\IR-image\1734763826800.jpg,116.19442622895268,38.81204806683441,483.54,116.2143335,38.8121235,791.55,2207.66872128505,-8.085523994315237,-0.011796827347779981,0.015851876685985644,0.00039519349558118986,1.0000925158543272,1.0,1848,1848,loftr,-99.59241923349008,scheme_b_pairwise,NA,False,1724.8629686180539,308.00999999999993
1734763827000,F:\agent\UAV\data\IR-image\1734763827000.jpg,116.194426301224,38.812048095607054,483.54,116.2143892,38.8121235,791.55,2207.6749901825656,-8.082321022692172,-0.011796827347779981,0.015851876685985644,0.00039519349558118986,1.0000925158543272,1.0,1848,1848,loftr,-99.59241923349008,scheme_b_pairwise,NA,False,1729.682696397454,308.00999999999993
1734763827200,F:\agent\UAV\data\IR-image\1734763827200.jpg,116.19442637349533,38.81204812437971,483.54,116.2144446,38.8121235,791.56,2207.681259080081,-8.079118051069107,-0.011796827347779981,0.015851876685985644,0.00039519349558118986,1.0000925158543272,1.0,1848,1848,loftr,-99.59241923349008,scheme_b_pairwise,NA,False,1734.4764317301172,308.0199999999999
1734763827400,F:\agent\UAV\data\IR-image\1734763827400.jpg,116.19442644576665,38.81204815315236,483.54,116.2144999,38.8121236,791.56,2207.6875279775963,-8.075915079446043,-0.011796827347779981,0.015851876685985644,0.00039519349558118986,1.0000925158543272,1.0,1848,1848,loftr,-99.59241923349008,scheme_b_pairwise,NA,False,1739.2615555558468,308.0199999999999
1734763827600,F:\agent\UAV\data\IR-image\1734763827600.jpg,116.19442651803799,38.812048181925014,483.54,116.2145551,38.8121237,791.52,2207.6937968751117,-8.072712107822978,-0.011796827347779981,0.015851876685985644,0.00039519349558118986,1.0000925158543272,1.0,1848,1848,loftr,-99.59241923349008,scheme_b_pairwise,NA,False,1744.0380152207576,307.97999999999996
1734763827800,F:\agent\UAV\data\IR-image\1734763827800.jpg,116.1944265903093,38.81204821069766,483.54,116.2146101,38.8121238,791.47,2207.700065772627,-8.069509136199914,-0.011796827347779981,0.015851876685985644,0.00039519349558118986,1.0000925158543272,1.0,1848,1848,loftr,-99.59241923349008,scheme_b_pairwise,NA,False,1748.7971464382078,307.93
1734763828000,F:\agent\UAV\data\IR-image\1734763828000.jpg,116.19442666258064,38.812048239470315,483.54,116.214665,38.8121239,791.45,2207.7063346701425,-8.066306164576849,-0.011796827347779981,0.015851876685985644,0.00039519349558118986,1.0000925158543272,1.0,1848,1848,loftr,-99.59241923349008,scheme_b_pairwise,NA,False,1753.547613487695,307.91
1734763828200,F:\agent\UAV\data\IR-image\1734763828200.jpg,116.19477731351529,38.81199139121258,483.54,116.2147198,38.8121241,791.47,2238.1221979659476,-14.3946542158644,3.2880300057396994,87.1399596933752,0.9881824559087136,1.005081425533913,0.8666666666666667,1305,1131,loftr,-99.59241923349008,scheme_b_pairwise,NA,False,1727.957466075792,307.93
1734763828400,F:\agent\UAV\data\IR-image\1734763828400.jpg,116.19480937870874,38.81198358828405,483.54,116.2147746,38.8121244,791.5,2240.9035695354287,-15.263276219559078,1.1030868662260787,8.104102338576865,-0.21377842101487246,1.0008064233602634,0.9994410285075461,1789,1788,loftr,-99.59241923349008,scheme_b_pairwise,NA,False,1729.935237675339,307.96
1734763828600,F:\agent\UAV\data\IR-image\1734763828600.jpg,116.19484484163661,38.812006299126296,483.54,116.2148292,38.8121246,791.52,2243.97966447666,-12.735105260827947,-8.435844990909914,7.330994546698321,-0.15039820815102228,1.000156217461637,0.9572158365261814,1566,1499,loftr,-99.59241923349008,scheme_b_pairwise,NA,False,1731.5721770057983,307.97999999999996
1734763828800,F:\agent\UAV\data\IR-image\1734763828800.jpg,116.19487418694996,38.812030069076584,483.54,116.2148838,38.8121247,791.54,2246.5251105336574,-10.089034395129447,-8.51394646957641,5.807206882304456,-0.33258425326190355,1.000520688272083,0.8578643578643579,1386,1189,loftr,-99.59241923349008,scheme_b_pairwise,NA,False,1733.7420154898814,307.99999999999994
1734763829000,F:\agent\UAV\data\IR-image\1734763829000.jpg,116.1949071402035,38.81201495134293,483.54,116.2149383,38.812125,791.52,2249.3835134517085,-11.771940505025471,3.320697126530547,8.698164964013813,-0.367465157788113,1.0007833853298083,0.9627627627627627,1665,1603,loftr,-99.59241923349008,scheme_b_pairwise,NA,False,1735.6202953352954,307.97999999999996
1734763829200,F:\agent\UAV\data\IR-image\1734763829200.jpg,116.19495019625263,38.81200908719151,483.54,116.2149926,38.8121254,791.46,2253.1182444199776,-12.424737841171517,0.059844938210346754,10.641703812970547,-0.3446590260749421,0.9991876481864015,0.9855635757912271,1801,1775,loftr,-99.59241923349008,scheme_b_pairwise,NA,False,1736.5996049786138,307.92
1734763829400,F:\agent\UAV\data\IR-image\1734763829400.jpg,116.1949841714313,38.81199268647405,483.54,116.215047,38.8121256,791.41,2256.0652902922016,-14.250465709003317,3.6745141967255677,9.010298757572059,-0.2441263289787386,1.0009859331912305,0.9696609161213563,1681,1630,loftr,-99.59241923349008,scheme_b_pairwise,NA,False,1738.3841527710322,307.86999999999995
1734763829600,F:\agent\UAV\data\IR-image\1734763829600.jpg,116.19500805662435,38.811975897220016,483.54,116.2151013,38.8121258,791.39,2258.1371192668025,-16.11944546786671,4.203587959991182,6.608249041998818,-0.15700355825764148,1.0026295682800446,0.6666666666666666,1233,822,loftr,-99.59241923349008,scheme_b_pairwise,NA,False,1741.036578674122,307.84999999999997
1734763829800,F:\agent\UAV\data\IR-image\1734763829800.jpg,116.19502807051413,38.81198398162617,483.54,116.2151556,38.8121259,791.38,2259.873146967389,-15.2194893750279,-3.302747617466082,4.3837496488980605,0.07174704589138313,1.0018648483198291,0.8854314002828855,1414,1252,loftr,-99.59241923349008,scheme_b_pairwise,NA,False,1743.998765061853,307.84
1734763830000,F:\agent\UAV\data\IR-image\1734763830000.jpg,116.19506562240117,38.81200117750105,483.54,116.2152098,38.8121259,791.36,2263.1304406177974,-13.305244583276806,-6.821474758879958,8.119640163443137,0.04505952760707551,1.0010279248334475,0.9872572815533981,1648,1627,loftr,-99.59241923349008,scheme_b_pairwise,NA,False,1745.4247124720291,307.82
1734763830200,F:\agent\UAV\data\IR-image\1734763830200.jpg,116.19509859609863,38.81202246413512,483.54,116.215264,38.8121259,791.36,2265.9906168640105,-10.93561647846316,-7.89606396127931,6.807566437491005,-0.006248754974737465,1.001449966295099,0.8592927012791572,1329,1142,loftr,-99.59241923349008,scheme_b_pairwise,NA,False,1747.2463383660804,307.82
1734763830400,F:\agent\UAV\data\IR-image\1734763830400.jpg,116.19512777695907,38.81202452875267,483.54,116.2153182,38.8121259,791.4,2268.521798087424,-10.705783252322847,-1.8200127864911906,6.897882592303802,0.00452510371565013,1.0002932319708342,0.9762752075919335,1686,1646,loftr,-99.59241923349008,scheme_b_pairwise,NA,False,1749.4125266989101,307.85999999999996
1734763830600,F:\agent\UAV\data\IR-image\1734763830600.jpg,116.19514326311914,38.812030322820526,483.54,116.2153723,38.8121259,791.42,2269.8650853322124,-10.06078761930282,-2.413412459498659,3.4160413701532093,0.03978281318057445,0.9990905212516009,0.976161369193154,1636,1597,loftr,-99.59241923349008,scheme_b_pairwise,NA,False,1752.7540133681534,307.87999999999994
1734763830800,F:\agent\UAV\data\IR-image\1734763830800.jpg,116.19517249450351,38.81203907671971,483.54,116.2154264,38.812126,791.43,2272.4006490598163,-9.086303562573173,-3.8829836179604627,6.56171354036934,-0.11511122674455841,0.9996994668862929,0.8772321428571429,1344,1179,loftr,-99.59241923349008,scheme_b_pairwise,NA,False,1754.9030138351925,307.88999999999993
1734763831000,F:\agent\UAV\data\IR-image\1734763831000.jpg,116.19521369914474,38.81203109536914,483.54,116.2154804,38.812126,791.43,2275.974786787582,-9.974787507418148,0.7872540751242809,10.30747904174234,-0.07438306237022126,1.0008143489083876,0.9855955678670361,1805,1779,loftr,-99.59241923349008,scheme_b_pairwise,NA,False,1756.016843743929,307.88999999999993
1734763831200,F:\agent\UAV\data\IR-image\1734763831200.jpg,116.19524286094303,38.81202016606965,483.54,116.2155344,38.8121261,791.44,2278.504314538163,-11.191437126971172,2.1840957609589395,7.569875024975943,-0.053760272494267666,1.0010403278543767,0.9847112117780294,1766,1739,loftr,-99.59241923349008,scheme_b_pairwise,NA,False,1758.1768050366736,307.90000000000003
1734763831400,F:\agent\UAV\data\IR-image\1734763831400.jpg,116.19525970708183,38.81199165681191,483.54,116.2155884,38.8121261,791.46,2279.9655678947133,-14.365087698271864,8.100026048851475,5.528637563618304,0.04572318294320621,1.0021233149726902,0.9061421670117322,1449,1313,loftr,-99.59241923349008,scheme_b_pairwise,NA,False,1761.4202919630582,307.92
1734763831600,F:\agent\UAV\data\IR-image\1734763831600.jpg,116.1952718621368,38.81199900348757,483.54,116.2156424,38.8121261,791.49,2281.0199112707933,-13.547255763875722,-2.756611332379862,2.535509136501503,-0.0020972492501841913,1.0004172405677503,1.0,1823,1823,loftr,-99.59241923349008,scheme_b_pairwise,NA,False,1765.0389490681152,307.95
1734763831800,F:\agent\UAV\data\IR-image\1734763831800.jpg,116.19528885417124,38.81200768667548,483.54,116.2156963,38.8121261,791.52,2282.493819779991,-12.580643286178306,-3.364626142090515,3.6271222207725486,-0.05111489823207414,1.0000070526219185,0.854043392504931,1521,1299,loftr,-99.59241923349008,scheme_b_pairwise,NA,False,1768.2291348574608,307.97999999999996
1734763832000,F:\agent\UAV\data\IR-image\1734763832000.jpg,116.19532776678211,38.81202919052821,483.54,116.2157503,38.8121261,791.53,2285.869144172049,-10.18683439985507,-8.203939616235004,8.221997817613271,-0.1323525617937238,1.0002845803345086,0.9881154499151104,1767,1746,loftr,-99.59241923349008,scheme_b_pairwise,NA,False,1769.5198846487222,307.98999999999995
1734763832200,F:\agent\UAV\data\IR-image\1734763832200.jpg,116.19536086819873,38.812026443438256,483.54,116.2158043,38.8121261,791.55,2288.7403989251884,-10.492640453160147,-0.4966231023618093,8.089618162199429,-0.09515413226002,1.0001597361025154,1.0,1803,1803,loftr,-99.59241923349008,scheme_b_pairwise,NA,False,1771.3325037674404,308.00999999999993
1734763832400,F:\agent\UAV\data\IR-image\1734763832400.jpg,116.19539040836496,38.81201869421251,483.54,116.2158582,38.8121261,791.58,2291.302746744209,-11.35528426333952,1.1889861834000044,7.495128549117169,-0.044840853171565526,0.9999286447154593,0.9983174425126192,1783,1780,loftr,-99.59241923349008,scheme_b_pairwise,NA,False,1773.448782479351,308.04
1734763832600,F:\agent\UAV\data\IR-image\1734763832600.jpg,116.19539762860741,38.812014050193724,483.54,116.2159121,38.8121261,791.62,2291.9290388363443,-11.87225643465332,1.1378519193473267,1.9751525723839904,0.04373037556912627,1.0003246258768874,0.9804772234273319,1844,1808,loftr,-99.59241923349008,scheme_b_pairwise,NA,False,1777.4968081427999,308.08
1734763832800,F:\agent\UAV\data\IR-image\1734763832800.jpg,116.19540352587389,38.81200640101973,483.54,116.215966,38.8121261,791.69,2292.4405744785677,-12.72376248383437,2.117394715771127,1.8140214529520904,-0.005329792176693545,1.0013842738438858,0.988036976617727,1839,1817,loftr,-99.59241923349008,scheme_b_pairwise,NA,False,1781.6620953662878,308.15000000000003
1734763833000,F:\agent\UAV\data\IR-image\1734763833000.jpg,116.19543448297958,38.812005879855555,483.54,116.21602,38.8121261,791.72,2295.1258292481434,-12.781778479597067,-1.0954168570901857,7.458938538521977,0.0628321897366529,1.0014266927471245,0.9982847341337907,1749,1746,loftr,-99.59241923349008,scheme_b_pairwise,NA,False,1783.6590052014344,308.18
1734763833200,F:\agent\UAV\data\IR-image\1734763833200.jpg,116.19547017177334,38.81200886351812,483.54,116.2160738,38.812126,791.72,2298.221516053873,-12.449637162820029,-2.3672023735181256,8.412374525569305,-0.007859290819334484,1.0004503107922391,0.9965675057208238,1748,1742,loftr,-99.59241923349008,scheme_b_pairwise,NA,False,1785.2256154319418,308.18
1734763833400,F:\agent\UAV\data\IR-image\1734763833400.jpg,116.19549862467986,38.8120183835299,483.54,116.2161277,38.8121259,791.73,2300.6895537217483,-11.389869451024245,-4.087433357260863,6.334936087159065,-0.10262441188914072,0.998942199726496,0.765089722675367,1226,938,loftr,-99.59241923349008,scheme_b_pairwise,NA,False,1787.4227984856711,308.19
1734763833600,F:\agent\UAV\data\IR-image\1734763833600.jpg,116.19551721273717,38.812035399099635,483.54,116.2161815,38.8121259,791.75,2302.301903082717,-9.49569622858822,-5.996528272891567,3.5764245009168576,-0.03863693582907303,0.9978203083142366,0.7498233215547703,1415,1061,loftr,-99.59241923349008,scheme_b_pairwise,NA,False,1790.461781427869,308.21
1734763833800,F:\agent\UAV\data\IR-image\1734763833800.jpg,116.19553093972823,38.812033541002414,483.54,116.2162353,38.8121258,791.76,2303.4925979940886,-9.702539611456698,0.015538760505933169,3.3921553702421647,-0.002540908854791667,1.0000429100403732,0.9994574064026045,1843,1842,loftr,-99.59241923349008,scheme_b_pairwise,NA,False,1793.9349385773382,308.21999999999997
1734763834000,F:\agent\UAV\data\IR-image\1734763834000.jpg,116.19554284526201,38.81202895636175,483.54,116.2162891,38.8121257,791.77,2304.5252976171805,-10.212901809748958,0.9294674722217451,3.096848182816302,0.08093084682160896,0.9996178124019646,0.9967266775777414,1833,1827,loftr,-99.59241923349008,scheme_b_pairwise,NA,False,1797.5677516160238,308.22999999999996
1734763834200,F:\agent\UAV\data\IR-image\1734763834200.jpg,116.19556358114563,38.81202542557724,483.54,116.2163428,38.8121257,791.78,2306.3239518887012,-10.605948741715238,0.24651901637957963,5.161858048435647,-0.21083136662755703,1.0031884445370034,0.8575015693659761,1593,1366,loftr,-99.59241923349008,scheme_b_pairwise,NA,False,1800.4262719995972,308.23999999999995
1734763834400,F:\agent\UAV\data\IR-image\1734763834400.jpg,116.19559596473978,38.81201309013258,483.54,116.2163966,38.8121257,791.77,2309.1329418986584,-11.979130441561486,2.4866053839112396,8.416539601729198,-0.020757246854879192,1.0013975196808307,0.9476614699331849,1796,1702,loftr,-99.59241923349008,scheme_b_pairwise,NA,False,1802.291000319105,308.22999999999996
1734763834600,F:\agent\UAV\data\IR-image\1734763834600.jpg,116.19564540442269,38.812028927030866,483.54,116.2164503,38.8121256,791.72,2313.421396564879,-10.216166923946883,-6.88509221728583,11.044275828147192,0.24285279937890614,1.0004225802961892,0.952,1625,1547,loftr,-99.59241923349008,scheme_b_pairwise,NA,False,1802.6484842193029,308.18
1734763834800,F:\agent\UAV\data\IR-image\1734763834800.jpg,116.19566637355598,38.81203385638778,483.54,116.216504,38.8121255,791.67,2315.240283179962,-9.667430912609557,-2.369454863255271,4.777350237143423,0.29997354320890623,0.999661642434578,0.9149746192893401,1576,1442,loftr,-99.59241923349008,scheme_b_pairwise,NA,False,1805.4810582373593,308.12999999999994
1734763835000,F:\agent\UAV\data\IR-image\1734763835000.jpg,116.19566726999442,38.81202515720113,483.54,116.2165578,38.8121256,791.67,2315.318041275484,-10.635824370608352,2.643788624313345,0.6681561181878806,-0.09292512949158091,1.000973812946901,0.9978308026030369,1844,1840,loftr,-99.59241923349008,scheme_b_pairwise,NA,False,1810.0706359914045,308.12999999999994
1734763835200,F:\agent\UAV\data\IR-image\1734763835200.jpg,116.19570092314757,38.81201188912145,483.54,116.2166115,38.8121257,791.69,2318.2371542872525,-12.112827000427615,2.722435494849151,8.769880308341953,-0.25033347992946486,0.9994478862322134,0.9871269748390872,1709,1687,loftr,-99.59241923349008,scheme_b_pairwise,NA,False,1811.817479564366,308.15000000000003
1734763835400,F:\agent\UAV\data\IR-image\1734763835400.jpg,116.19574576611218,38.811976429542874,483.54,116.2166652,38.8121259,791.64,2322.1268843469998,-16.060187287658366,9.105491225667492,12.611662390772267,-0.28321500777765785,1.000221497242358,0.9682726204465335,1702,1648,loftr,-99.59241923349008,scheme_b_pairwise,NA,False,1812.6173382756854,308.09999999999997
1734763835600,F:\agent\UAV\data\IR-image\1734763835600.jpg,116.1957409664256,38.81198232745487,483.54,116.216719,38.8121259,791.67,2321.710554041621,-15.403631723725056,-1.622373852307419,-1.4593430280189068,-0.2508005125053047,0.9979087226775354,0.7971864009378663,1706,1360,loftr,-99.59241923349008,scheme_b_pairwise,NA,False,1817.688476701398,308.12999999999994
1734763835800,F:\agent\UAV\data\IR-image\1734763835800.jpg,116.19574947182335,38.81201056382766,483.54,116.2167727,38.8121257,791.83,2322.4483219739736,-12.260358704359625,-9.04450826364291,0.5716572131451017,0.5440613905613073,1.0001707323406774,0.8777019340159272,1758,1543,loftr,-99.59241923349008,scheme_b_pairwise,NA,False,1821.5788359938597,308.29
1734763836000,F:\agent\UAV\data\IR-image\1734763836000.jpg,116.19578702815151,38.812030176185075,483.54,116.2168265,38.8121253,791.88,2325.706000851993,-10.077111077543737,-7.566156346077264,7.994884665876953,0.5012706275944263,1.0042491977772423,0.6771390374331551,1496,1013,loftr,-99.59241923349008,scheme_b_pairwise,NA,False,1822.9717003191176,308.34
1734763836200,F:\agent\UAV\data\IR-image\1734763836200.jpg,116.19581219682995,38.81203425272544,483.54,116.21688,38.8121251,791.92,2327.889160818853,-9.623310604601867,-2.2770909246813744,5.829930107446614,0.2335372143408749,1.0021357506577928,0.6746522411128284,1294,873,loftr,-99.59241923349008,scheme_b_pairwise,NA,False,1825.4236508911447,308.37999999999994
1734763836400,F:\agent\UAV\data\IR-image\1734763836400.jpg,116.19582236562945,38.81204624107721,483.54,116.2169335,38.8121249,792.01,2328.7712141228003,-8.288767284607577,-4.106093495171876,1.8169899873439022,0.159880483312542,0.9985395320298017,0.8959247648902822,1595,1429,loftr,-99.59241923349008,scheme_b_pairwise,NA,False,1829.1708418436551,308.46999999999997
1734763836600,F:\agent\UAV\data\IR-image\1734763836600.jpg,116.19582627882144,38.81204861469947,483.54,116.2169869,38.8121247,792.09,2329.110648874068,-8.024535655199116,-0.8900614930096253,0.8158411587334626,0.08346709803425559,1.0007237619650666,0.9989177489177489,1848,1846,loftr,-99.59241923349008,scheme_b_pairwise,NA,False,1833.4571495921552,308.55
1734763836800,F:\agent\UAV\data\IR-image\1734763836800.jpg,116.19585211238056,38.81203120699168,483.54,116.2170401,38.8121245,792.16,2331.3514813506517,-9.962361685623812,4.315080626968893,7.108190602033915,-0.1547013362851509,0.9981209321151367,0.693783576362241,1303,904,loftr,-99.59241923349008,scheme_b_pairwise,NA,False,1835.838299955762,308.61999999999995
1734763837000,F:\agent\UAV\data\IR-image\1734763837000.jpg,116.19589102042023,38.81206423033387,483.54,116.2170932,38.8121244,792.22,2334.7264092322303,-6.286203234217264,-11.752828463010871,7.621102432882651,-0.2983052394171957,1.000803962683181,0.8891288696904248,1389,1235,loftr,-99.59241923349008,scheme_b_pairwise,NA,False,1837.0503957319806,308.68
1734763837200,F:\agent\UAV\data\IR-image\1734763837200.jpg,116.19591553558747,38.81208375089978,483.54,116.2171462,38.8121242,792.27,2336.8528828887665,-4.113173836575716,-7.008773327515371,4.8689019973901395,0.5915467375967733,0.999562666401486,0.789865871833085,1342,1060,loftr,-99.59241923349008,scheme_b_pairwise,NA,False,1839.5114965148002,308.72999999999996
1734763837400,F:\agent\UAV\data\IR-image\1734763837400.jpg,116.19595661289686,38.81209063234152,483.54,116.2171992,38.8121239,792.29,2340.415975706584,-3.3471317416717588,-3.786702437679139,9.503033338845,0.7184614356319883,1.0005143380282417,0.9871086556169429,1629,1608,loftr,-99.59241923349008,scheme_b_pairwise,NA,False,1840.5426577574906,308.74999999999994
1734763837600,F:\agent\UAV\data\IR-image\1734763837600.jpg,116.19599196038303,38.81214475834108,483.54,116.217252,38.8121235,792.29,2343.4820571024115,2.6781745284886975,-18.109952051084008,5.667553000589862,0.5771144828409139,1.0003646810577178,0.7533568904593639,1415,1066,loftr,-99.59241923349008,scheme_b_pairwise,NA,False,1842.0519148580822,308.74999999999994
1734763837800,F:\agent\UAV\data\IR-image\1734763837800.jpg,116.19598574582557,38.81208783211164,483.54,116.2173047,38.8121234,792.31,2342.9429992770315,-3.6588533325658066,17.79070948499765,1.4721261183544243,0.09573028669090189,1.000249748537742,0.9522946859903382,1656,1577,loftr,-99.59241923349008,scheme_b_pairwise,NA,False,1847.1599520854868,308.7699999999999
1734763838000,F:\agent\UAV\data\IR-image\1734763838000.jpg,116.19600714835602,38.81206144271319,483.54,116.2173573,38.8121234,792.34,2344.799479257439,-6.596521168368428,7.262051422367676,6.512103165181259,0.10456698112989972,1.0000755005212147,0.8591445427728613,1356,1165,loftr,-99.59241923349008,scheme_b_pairwise,NA,False,1849.871957573938,308.8
1734763838200,F:\agent\UAV\data\IR-image\1734763838200.jpg,116.19604101285216,38.81206421883433,483.54,116.2174098,38.8121234,792.35,2347.7369244016672,-6.287483362586926,-2.22924536675896,7.985225805140999,0.21634092007394723,1.000692926140886,0.9884726224783862,1735,1715,loftr,-99.59241923349008,scheme_b_pairwise,NA,False,1851.4854390187181,308.81
1734763838400,F:\agent\UAV\data\IR-image\1734763838400.jpg,116.1960887755588,38.8120607900532,483.54,116.2174622,38.8121234,792.37,2351.8799162282858,-6.669175277457655,-0.8814329785489008,11.644815345063591,0.10842022459844732,1.000754633385415,0.9900332225913622,1806,1788,loftr,-99.59241923349008,scheme_b_pairwise,NA,False,1851.88866800838,308.83
1734763838600,F:\agent\UAV\data\IR-image\1734763838600.jpg,116.19612779314876,38.8120611137894,483.54,116.2175146,38.8121235,792.41,2355.2643466248123,-6.633136964501429,-1.6827527021894753,9.350008442739863,0.2605428052499898,1.000991213655817,0.7513321492007105,1689,1269,loftr,-99.59241923349008,scheme_b_pairwise,NA,False,1853.0480644058403,308.86999999999995
1734763838800,F:\agent\UAV\data\IR-image\1734763838800.jpg,116.19613782858889,38.81204227421585,483.54,116.2175669,38.8121236,792.45,2356.1348321850774,-8.730358291814131,5.397185783942234,3.3901263665508736,0.6232421043304299,0.9984963709006061,0.8044354838709677,1488,1197,loftr,-99.59241923349008,scheme_b_pairwise,NA,False,1856.719309523199,308.91
1734763839000,F:\agent\UAV\data\IR-image\1734763839000.jpg,116.19614040563465,38.81204124940422,483.54,116.2176191,38.8121236,792.49,2356.358368082732,-8.84444032307764,0.21118206119194838,0.6720255597008418,-0.014539787794709607,1.000826858641696,0.9983757444504602,1847,1844,loftr,-99.59241923349008,scheme_b_pairwise,NA,False,1861.019353116624,308.95
1734763839200,F:\agent\UAV\data\IR-image\1734763839200.jpg,116.19614242333678,38.812039425212475,483.54,116.2176711,38.8121238,792.53,2356.53338587407,-9.047509347111271,0.4801590404600802,0.5793674042781163,-0.23186293460758597,1.0009468350017088,1.0,1847,1847,loftr,-99.59241923349008,scheme_b_pairwise,NA,False,1865.3510993981458,308.98999999999995
1734763839400,F:\agent\UAV\data\IR-image\1734763839400.jpg,116.19618590576246,38.81207431301848,483.54,116.217723,38.8121241,792.55,2360.305101231626,-5.163798782875665,-12.512847593399101,8.622185859624892,-0.4616303399336121,0.999542408718297,0.9080675422138836,1599,1452,loftr,-99.59241923349008,scheme_b_pairwise,NA,False,1866.0645871342224,309.00999999999993
1734763839600,F:\agent\UAV\data\IR-image\1734763839600.jpg,116.1962035742987,38.812011360479204,483.54,116.2177748,38.8121245,792.52,2361.8376902828327,-12.171675455142069,18.678394622739404,7.519465068652892,-0.9391356177377329,1.0010852491264233,0.78601108033241,1444,1135,loftr,-99.59241923349008,scheme_b_pairwise,NA,False,1869.0568167558854,308.97999999999996
1734763839800,F:\agent\UAV\data\IR-image\1734763839800.jpg,116.1962070631758,38.81201383088564,483.54,116.2178265,38.812125,792.53,2362.1403194738627,-11.896669810408623,-0.9026648270896658,0.7089374682819312,-0.5491645363691866,0.9998061547874877,0.9994553376906318,1836,1835,loftr,-99.59241923349008,scheme_b_pairwise,NA,False,1873.2324228812201,308.98999999999995
1734763840000,F:\agent\UAV\data\IR-image\1734763840000.jpg,116.19626085886492,38.81198175176104,483.54,116.2178782,38.8121253,792.54,2366.8066191018625,-15.46771796105322,7.700769260580728,14.584908929237486,-0.9833374722571119,1.0020950028744762,0.8969539857420609,1543,1384,loftr,-99.59241923349008,scheme_b_pairwise,NA,False,1873.0784875248864,308.99999999999994
1734763840200,F:\agent\UAV\data\IR-image\1734763840200.jpg,116.19630637138093,38.81200124583296,483.54,116.2179298,38.8121257,792.43,2370.7544268175893,-13.297637875336658,-7.852509862368322,9.91106763090528,-0.30475659596030913,0.9992233857323143,0.9043600562587905,1422,1286,loftr,-99.59241923349008,scheme_b_pairwise,NA,False,1873.5887649904262,308.88999999999993
1734763840400,F:\agent\UAV\data\IR-image\1734763840400.jpg,116.19633763349866,38.81204239683934,483.54,116.2179813,38.8121257,792.36,2373.46613867994,-8.716707845216924,-13.946696661492865,5.3623711269556225,0.7342426254773583,1.0005266326337479,0.9772135416666666,1536,1501,loftr,-99.59241923349008,scheme_b_pairwise,NA,False,1875.3134801900048,308.82
1734763840600,F:\agent\UAV\data\IR-image\1734763840600.jpg,116.19635815165506,38.812036938862754,483.54,116.218033,38.8121254,792.3,2375.2459070437135,-9.324289798284417,0.8491070174147808,5.209934006738479,1.4458317113409775,0.9979405795981625,0.8260869565217391,1633,1349,loftr,-99.59241923349008,scheme_b_pairwise,NA,False,1878.0181546102735,308.75999999999993
1734763840800,F:\agent\UAV\data\IR-image\1734763840800.jpg,116.19638398362612,38.81204419007193,483.54,116.2180846,38.8121251,792.27,2377.486601770724,-8.517085192575188,-3.2820951735087647,5.823866278036007,1.6627737594336565,1.0017712581513298,0.8949852507374632,1695,1517,loftr,-99.59241923349008,scheme_b_pairwise,NA,False,1880.2464684531863,308.72999999999996
1734763841000,F:\agent\UAV\data\IR-image\1734763841000.jpg,116.19643126461662,38.8121029712937,483.54,116.2181362,38.8121247,792.23,2381.587808987165,-1.9735595853767247,-20.02835666351865,8.29001385758255,0.8832982530829195,1.0012480021228098,0.833922261484099,1415,1180,loftr,-99.59241923349008,scheme_b_pairwise,NA,False,1880.5999409921271,308.69
1734763841200,F:\agent\UAV\data\IR-image\1734763841200.jpg,116.19642486964032,38.81206906596495,483.54,116.2181876,38.8121248,792.17,2381.0331014256194,-5.747900782121473,10.705450545464146,0.23015869607166906,0.10382974008969802,0.9998436062018358,0.9779735682819384,1816,1776,loftr,-99.59241923349008,scheme_b_pairwise,NA,False,1885.6165977948228,308.62999999999994
1734763841400,F:\agent\UAV\data\IR-image\1734763841400.jpg,116.19645606268722,38.81203404165029,483.54,116.218239,38.8121251,792.12,2383.7388220055464,-9.646807489229474,9.525190473876648,9.312094082379588,-0.2995240133470456,1.000742613230481,0.9422554347826086,1472,1387,loftr,-99.59241923349008,scheme_b_pairwise,NA,False,1887.3848410575974,308.58
1734763841600,F:\agent\UAV\data\IR-image\1734763841600.jpg,116.19650797793763,38.81203464797916,483.54,116.2182904,38.8121253,792.0,2388.242010228804,-9.579310959968746,-2.2930981672932376,12.431606621982098,0.18437257516567826,0.9992064653418815,0.9056737588652483,1410,1277,loftr,-99.59241923349008,scheme_b_pairwise,NA,False,1887.3399458839995,308.46
1734763841800,F:\agent\UAV\data\IR-image\1734763841800.jpg,116.19654937502435,38.8120273379174,483.54,116.2183418,38.8121256,791.87,2391.8328408983284,-10.393067035056248,0.5726268291373913,10.318726259446578,-0.16977119097778656,1.0002027170930379,0.9883720930232558,1806,1785,loftr,-99.59241923349008,scheme_b_pairwise,NA,False,1888.2114243991666,308.33
1734763842000,F:\agent\UAV\data\IR-image\1734763842000.jpg,116.19658290098666,38.811991004556404,483.54,116.2183932,38.8121261,791.76,2394.7409212299667,-14.437696780993562,9.833848059827346,9.940311382353343,-0.5930616773748861,1.00056684909515,0.9806818181818182,1760,1726,loftr,-99.59241923349008,scheme_b_pairwise,NA,False,1889.7886680517079,308.21999999999997
1734763842200,F:\agent\UAV\data\IR-image\1734763842200.jpg,116.19663262841618,38.81195487206977,483.54,116.2184447,38.8121267,791.67,2399.0543353665703,-18.45996519377487,9.114638221913197,13.819301912101707,-0.2502235283246349,0.9986370296004575,0.8022886204704387,1573,1262,loftr,-99.59241923349008,scheme_b_pairwise,NA,False,1889.9795950420053,308.12999999999994
1734763842400,F:\agent\UAV\data\IR-image\1734763842400.jpg,116.19664459424703,38.811960954207436,483.54,116.2184963,38.812127,791.63,2400.0922652263835,-17.782901628457665,-2.3593388491175347,2.5559246273242024,0.0001355097461042193,0.9999877434279014,0.9300873907615481,1602,1490,loftr,-99.59241923349008,scheme_b_pairwise,NA,False,1893.4070153528642,308.09
1734763842600,F:\agent\UAV\data\IR-image\1734763842600.jpg,116.19665204553056,38.81193017365062,483.54,116.2185481,38.8121273,791.63,2400.7385980851773,-21.209393212908303,9.180963148334456,3.391498093123573,-0.12424503024314577,1.0004357980117655,0.9255813953488372,1720,1592,loftr,-99.59241923349008,scheme_b_pairwise,NA,False,1897.2865647853466,308.09
1734763842800,F:\agent\UAV\data\IR-image\1734763842800.jpg,116.19668722468997,38.811939894513166,483.54,116.2185998,38.8121276,791.61,2403.790078624939,-20.127266794216958,-4.422209915111409,7.939234521389153,-0.8951026311688235,1.0007028124716264,0.9694513715710723,1604,1555,loftr,-99.59241923349008,scheme_b_pairwise,NA,False,1898.7059617376547,308.07
1734763843000,F:\agent\UAV\data\IR-image\1734763843000.jpg,116.19673742399468,38.81195600262983,483.54,116.2186517,38.8121281,791.58,2408.144423754675,-18.334111247568142,-6.999471888825212,11.212514691237516,-1.0940817556022686,1.0026465999802616,0.8201350521792511,1629,1336,loftr,-99.59241923349008,scheme_b_pairwise,NA,False,1898.8348025618193,308.04
1734763843200,F:\agent\UAV\data\IR-image\1734763843200.jpg,116.19678028761584,38.81199297016075,483.54,116.2187037,38.8121285,791.57,2411.86246329995,-14.218885705495877,-13.128490345586897,8.3653435185131,-0.2152249065701247,0.9971637544755524,0.7609663064208518,1573,1197,loftr,-99.59241923349008,scheme_b_pairwise,NA,False,1899.5892658420953,308.03000000000003
1734763843400,F:\agent\UAV\data\IR-image\1734763843400.jpg,116.19678608171841,38.81204216977472,483.54,116.2187559,38.8121286,791.6,2412.365050387562,-8.741984678589201,-15.393134589960823,-1.170753546180805,0.7808016630690089,0.9954077418657447,0.5671077504725898,1587,900,loftr,-99.59241923349008,scheme_b_pairwise,NA,False,1903.5738745579567,308.06
1734763843600,F:\agent\UAV\data\IR-image\1734763843600.jpg,116.1967858521598,38.81206160096156,483.54,116.2188081,38.8121287,791.69,2412.3451382109124,-6.5789049587597335,-5.977299470531818,-1.0668546997258943,0.7949925524004302,1.0007948579222055,0.955310504933256,1723,1646,loftr,-99.59241923349008,scheme_b_pairwise,NA,False,1908.1066380969294,308.15000000000003
1734763843800,F:\agent\UAV\data\IR-image\1734763843800.jpg,116.19678330749704,38.812027570686126,483.54,116.2188604,38.8121287,791.76,2412.1244112506083,-10.367155220517704,10.587731795634681,1.1610005140733506,1.2001126576466192,1.0020045923235525,0.8422425032594524,1534,1292,loftr,-99.59241923349008,scheme_b_pairwise,NA,False,1912.8775128653124,308.21999999999997
1734763844000,F:\agent\UAV\data\IR-image\1734763844000.jpg,116.1967892863631,38.8119855577326,483.54,116.218913,38.8121286,791.83,2412.643024934013,-15.044037207554096,12.701324741074984,3.6228677701470247,0.9607389665018858,1.0000760297039717,0.739769820971867,1564,1157,loftr,-99.59241923349008,scheme_b_pairwise,NA,False,1916.9504495445844,308.29
1734763844200,F:\agent\UAV\data\IR-image\1734763844200.jpg,116.19679396123898,38.81195702683257,483.54,116.2189656,38.8121287,791.94,2413.048529016717,-18.22009699829478,8.600503303615142,2.6078368080654286,0.3153628546965721,0.9992444615315451,0.9054696789536266,1682,1523,loftr,-99.59241923349008,scheme_b_pairwise,NA,False,1921.1321052603762,308.40000000000003
1734763844400,F:\agent\UAV\data\IR-image\1734763844400.jpg,116.19676575474408,38.81192958887051,483.54,116.2190182,38.812129,792.09,2410.6018653748347,-21.274490934885304,9.597831444637848,-5.342826884447135,-0.5333305677508665,1.0019265645740765,0.7888805409466566,1331,1050,loftr,-99.59241923349008,scheme_b_pairwise,NA,False,1928.1665205503864,308.55
1734763844600,F:\agent\UAV\data\IR-image\1734763844600.jpg,116.19676562588653,38.81189216970123,483.54,116.2190709,38.8121293,792.25,2410.590688123058,-25.439992858869402,11.5338128965887,1.917410701664096,-0.6016974059874504,1.0034386316424977,0.7321554770318022,1415,1036,loftr,-99.59241923349008,scheme_b_pairwise,NA,False,1932.796689441816,308.71
1734763844800,F:\agent\UAV\data\IR-image\1734763844800.jpg,116.19680461548091,38.81189435125518,483.54,116.2191236,38.8121296,792.31,2413.9726901537347,-25.197142273800253,-2.2539975581470344,9.246554564531664,-0.20875563224089896,0.9993111997155542,0.9757785467128027,1734,1692,loftr,-99.59241923349008,scheme_b_pairwise,NA,False,1933.9816276671777,308.7699999999999
1734763845000,F:\agent\UAV\data\IR-image\1734763845000.jpg,116.1968189025059,38.8119247391984,483.54,116.2191765,38.8121296,792.34,2415.21196304763,-21.814356433795233,-9.941962824271172,1.8476112203875914,0.10398646198561413,1.0001643721017723,0.995,1800,1791,loftr,-99.59241923349008,scheme_b_pairwise,NA,False,1937.283811076068,308.8
1734763845200,F:\agent\UAV\data\IR-image\1734763845200.jpg,116.19683643631053,38.81196294391911,483.54,116.2192296,38.8121295,792.38,2416.7328653244676,-17.561406924482416,-12.481984943602185,2.2200534947826895,0.1178615272936386,1.0004805402332435,0.9988888888888889,1800,1798,loftr,-99.59241923349008,scheme_b_pairwise,NA,False,1940.3193449376504,308.84
1734763845400,F:\agent\UAV\data\IR-image\1734763845400.jpg,116.19687162241829,38.812032048934064,483.54,116.2192827,38.8121293,792.36,2419.7849485718584,-9.86863666003878,-22.718334758376557,4.848882298168803,0.004273972494868611,1.0026072504536112,0.8907260963335729,1391,1239,loftr,-99.59241923349008,scheme_b_pairwise,NA,False,1941.8122571021433,308.82
1734763845600,F:\agent\UAV\data\IR-image\1734763845600.jpg,116.19690703219688,38.81202769349663,483.54,116.2193359,38.8121292,792.29,2422.8564332838646,-10.353483955072605,-0.09475674820913582,8.727525018252322,0.0868758737512065,1.0000325722696148,0.996119733924612,1804,1797,loftr,-99.59241923349008,scheme_b_pairwise,NA,False,1943.3563979897922,308.74999999999994
1734763845800,F:\agent\UAV\data\IR-image\1734763845800.jpg,116.19690031279838,38.81200414361395,483.54,116.2193894,38.8121291,792.27,2422.273584969351,-12.975056895889008,7.52817225555026,-0.38691306533328884,0.14960734373313708,0.9999130923376353,0.9612676056338029,1704,1638,loftr,-99.59241923349008,scheme_b_pairwise,NA,False,1948.5911230854292,308.72999999999996
1734763846000,F:\agent\UAV\data\IR-image\1734763846000.jpg,116.19690415419124,38.812019508733954,483.54,116.219443,38.8121288,792.3,2422.6067917814376,-11.26461173644507,-4.889738272000045,0.12216182987071988,0.4533517467294871,1.0031540458244013,0.8889597957881302,1567,1393,loftr,-99.59241923349008,scheme_b_pairwise,NA,False,1952.8904691812036,308.75999999999993
1734763846200,F:\agent\UAV\data\IR-image\1734763846200.jpg,116.19694181645225,38.812089554964345,483.54,116.2194968,38.8121285,792.33,2425.8736593958083,-3.467065368917565,-23.108778534810767,5.394319518843645,0.5002147144975073,0.9995917210587448,0.8667174409748667,1313,1138,loftr,-99.59241923349008,scheme_b_pairwise,NA,False,1954.2547337417259,308.79
1734763846400,F:\agent\UAV\data\IR-image\1734763846400.jpg,116.1969637971205,38.812089276000684,483.54,116.2195506,38.8121284,792.32,2427.780287711327,-3.498119604174545,-0.8058473825923897,5.291374537976139,0.020945293259899616,0.9994887708608899,0.9545145960624576,1473,1406,loftr,-99.59241923349008,scheme_b_pairwise,NA,False,1957.0117247639398,308.78000000000003
1734763846600,F:\agent\UAV\data\IR-image\1734763846600.jpg,116.19699020255213,38.812056824735976,483.54,116.2196045,38.8121283,792.33,2430.070725063586,-7.110594391528297,8.926693664931122,8.028768249784036,0.04302750359751566,0.9992231599064909,0.6940540540540541,925,642,loftr,-99.59241923349008,scheme_b_pairwise,NA,False,1959.405690173545,308.79
1734763846800,F:\agent\UAV\data\IR-image\1734763846800.jpg,116.19704843874786,38.81206607472353,483.54,116.2196585,38.8121283,792.29,2435.122199317038,-6.080885776771076,-5.212600892359774,13.49900277260059,-0.9825004340601956,1.002462575596676,0.44017094017094016,234,103,loftr,-99.59241923349008,scheme_b_pairwise,NA,False,1959.0346229639733,308.74999999999994
1734763847000,F:\agent\UAV\data\IR-image\1734763847000.jpg,116.19706596335571,38.81208903247548,483.54,116.2197126,38.8121284,792.22,2436.6423038539083,-3.525228830384888,-7.784127140087662,3.011726416832971,0.029525173004279728,1.0005635294403281,0.994131455399061,1704,1694,loftr,-99.59241923349008,scheme_b_pairwise,NA,False,1962.1960015018367,308.68
1734763847200,F:\agent\UAV\data\IR-image\1734763847200.jpg,116.19708542645105,38.81208882463049,483.54,116.2197668,38.8121285,792.19,2438.3305550146247,-3.5483661335968866,-0.7256162186886854,4.683283475502094,0.3992823053974175,0.9964308006083308,0.5703883495145631,1236,705,loftr,-99.59241923349008,scheme_b_pairwise,NA,False,1965.20581017192,308.65000000000003
1734763847400,F:\agent\UAV\data\IR-image\1734763847400.jpg,116.19712428039922,38.81207475349843,483.54,116.2198211,38.8121288,792.15,2441.70079093548,-5.1147645548945135,2.7588449844835736,10.06023684403931,0.21250315451702995,0.9999275816039321,0.9850660539919587,1741,1715,loftr,-99.59241923349008,scheme_b_pairwise,NA,False,1966.5485360095581,308.60999999999996
1734763847600,F:\agent\UAV\data\IR-image\1734763847600.jpg,116.1971456790615,38.81203467726804,483.54,116.2198755,38.8121291,792.11,2443.5569353877404,-9.576050521956734,11.479025764846142,7.223821951853097,0.3435133465782229,0.9982634288391249,0.330804248861912,659,218,loftr,-99.59241923349008,scheme_b_pairwise,NA,False,1969.4272524422518,308.57
1734763847800,F:\agent\UAV\data\IR-image\1734763847800.jpg,116.1971464623745,38.811969700189366,483.54,116.21993,38.8121296,792.08,2443.624880853031,-16.80929891993048,19.987204111475023,3.571281553589415,0.10156021974536258,0.9989283385046247,0.9251477347340775,1523,1409,loftr,-99.59241923349008,scheme_b_pairwise,NA,False,1974.1344493969546,308.54
1734763848000,F:\agent\UAV\data\IR-image\1734763848000.jpg,116.19718723182,38.81193511700792,483.54,116.2199846,38.8121301,792.01,2447.1612692039416,-20.659098678775948,9.000749178647652,11.588109511550329,0.06455309285574667,1.0004233232055406,0.8692307692307693,1690,1469,loftr,-99.59241923349008,scheme_b_pairwise,NA,False,1975.3721719542496,308.46999999999997
1734763848200,F:\agent\UAV\data\IR-image\1734763848200.jpg,116.19722556111653,38.81188179087962,483.54,116.2200394,38.8121306,791.9,2450.4859962431683,-26.595363281191148,14.87432141286206,11.978218189602046,0.18448732250306532,0.9954399928795902,0.6931818181818182,1496,1037,loftr,-99.59241923349008,scheme_b_pairwise,NA,False,1976.8746090166626,308.35999999999996
1734763848400,F:\agent\UAV\data\IR-image\1734763848400.jpg,116.19725667979529,38.81186677341692,483.54,116.2200944,38.812131,791.83,2453.185266045492,-28.267107229160544,3.3642362535937878,8.252521817695992,-0.3433506613237873,1.0003882392224364,0.934010152284264,1576,1472,loftr,-99.59241923349008,scheme_b_pairwise,NA,False,1978.9684910582343,308.29
1734763848600,F:\agent\UAV\data\IR-image\1734763848600.jpg,116.19729394382871,38.811906085152884,483.54,116.2201495,38.8121315,791.78,2456.4175909429514,-23.890924781172636,-13.623538496788115,6.899004810139161,-0.7803913160101397,1.0009163394877258,0.8910478834142956,1441,1284,loftr,-99.59241923349008,scheme_b_pairwise,NA,False,1980.4538248188012,308.23999999999995
1734763848800,F:\agent\UAV\data\IR-image\1734763848800.jpg,116.19733468595159,38.81190564020835,483.54,116.2202048,38.8121318,791.71,2459.9516092998642,-23.94045600679509,-1.51589485082485,9.804036922961131,-0.6147328559323099,0.9994111481554963,0.8870122306348281,1717,1523,loftr,-99.59241923349008,scheme_b_pairwise,NA,False,1981.716126978786,308.17
1734763849000,F:\agent\UAV\data\IR-image\1734763849000.jpg,116.19739589543367,38.81199614710848,483.54,116.2202602,38.8121321,791.66,2465.2609898128294,-13.865227883716615,-30.36792002224223,9.981899439539689,-0.4961002977855016,1.0004670918720764,0.9847148736037625,1701,1675,loftr,-99.59241923349008,scheme_b_pairwise,NA,False,1981.109617831296,308.11999999999995
1734763849200,F:\agent\UAV\data\IR-image\1734763849200.jpg,116.19740028706863,38.812024775578,483.54,116.2203159,38.8121321,791.66,2465.641925254236,-10.678306657160917,-8.998407979214107,-0.4363402689603788,0.08303740527908123,1.001021990756485,0.8384918401800788,1777,1490,loftr,-99.59241923349008,scheme_b_pairwise,NA,False,1985.532960132739,308.11999999999995
1734763849400,F:\agent\UAV\data\IR-image\1734763849400.jpg,116.19740098579408,38.81197681245866,483.54,116.2203716,38.8121321,791.73,2465.7025334986693,-16.01756110240838,14.74875384032913,2.665090186287955,-0.5843371801644917,0.9994388102318825,0.8646568313021168,1559,1348,loftr,-99.59241923349008,scheme_b_pairwise,NA,False,1990.3381906232362,308.19
1734763849600,F:\agent\UAV\data\IR-image\1734763849600.jpg,116.1974289744219,38.81191107051265,483.54,116.2204274,38.8121323,791.72,2468.130299100777,-23.335954532230247,19.11908721309686,10.142225286484859,-1.3904954957921964,1.0000001780541579,0.7940241576605213,1573,1249,loftr,-99.59241923349008,scheme_b_pairwise,NA,False,1992.8257262296445,308.18
1734763849800,F:\agent\UAV\data\IR-image\1734763849800.jpg,116.19749786954104,38.8118781562872,483.54,116.2204832,38.8121325,791.61,2474.106340567181,-26.99996610889242,7.3454477272775875,18.253277144044716,-0.7901069816295666,0.9989274881610707,0.897742363877822,1506,1352,loftr,-99.59241923349008,scheme_b_pairwise,NA,False,1991.740539116499,308.07
1734763850000,F:\agent\UAV\data\IR-image\1734763850000.jpg,116.19755448906866,38.81194271694826,483.54,116.2205392,38.8121321,791.49,2479.0175831784845,-19.813073320091604,-22.18784235368628,10.230970937216568,0.050976070163989945,0.9986637508455458,0.9429097605893186,1629,1536,loftr,-99.59241923349008,scheme_b_pairwise,NA,False,1991.59649555137,307.95
1734763850200,F:\agent\UAV\data\IR-image\1734763850200.jpg,116.19760256712784,38.81199485763913,483.54,116.2205953,38.8121314,791.34,2483.187929044276,-14.008771612653865,-18.01479390495797,8.82712419881193,0.23045743638429925,1.002225904862008,0.7690827453495831,1559,1199,loftr,-99.59241923349008,scheme_b_pairwise,NA,False,1992.237347913254,307.8
1734763850400,F:\agent\UAV\data\IR-image\1734763850400.jpg,116.19765334707472,38.81207029252495,483.54,116.2206515,38.8121306,791.21,2487.59263973952,-5.611360122593776,-25.301193117185846,8.262875684040637,-0.10521351293252382,1.0076488207137246,0.5332348596750369,1354,722,loftr,-99.59241923349008,scheme_b_pairwise,NA,False,1992.6593470471032,307.67
1734763850600,F:\agent\UAV\data\IR-image\1734763850600.jpg,116.1977075700064,38.81213337463947,483.54,116.2207078,38.8121298,791.13,2492.2959988771336,1.410940866258784,-21.635078398175608,9.732610675432795,0.2913882587301236,1.0000599178394571,0.9720570749108205,1682,1635,loftr,-99.59241923349008,scheme_b_pairwise,NA,False,1992.8271969031944,307.59
1734763850800,F:\agent\UAV\data\IR-image\1734763850800.jpg,116.19775263576588,38.812158536220934,483.54,116.2207643,38.8121289,791.05,2496.2050544190847,4.211928114618926,-9.580504307991532,9.508719312107985,0.43990354847759233,1.0001942869306444,0.979803808424697,1733,1698,loftr,-99.59241923349008,scheme_b_pairwise,NA,False,1993.8202470055678,307.50999999999993
1734763851000,F:\agent\UAV\data\IR-image\1734763851000.jpg,116.19779580737355,38.81221571375631,483.54,116.2208208,38.8121281,791.02,2499.9498090667043,10.576931352033782,-19.36754722982147,7.386984506447732,0.30565392644664585,1.0000869311872078,0.9323262839879154,1655,1543,loftr,-99.59241923349008,scheme_b_pairwise,NA,False,1994.9953438072082,307.47999999999996
1734763851200,F:\agent\UAV\data\IR-image\1734763851200.jpg,116.19781059313345,38.8122281886904,483.54,116.2208773,38.8121275,791.04,2501.2323427997935,11.965641014632865,-4.4433242648782425,2.900037836702438,0.7204816288308349,1.000485324056956,0.9849759615384616,1664,1639,loftr,-99.59241923349008,scheme_b_pairwise,NA,False,1998.6170277669544,307.49999999999994
1734763851400,F:\agent\UAV\data\IR-image\1734763851400.jpg,116.19784059009329,38.812209968198864,483.54,116.220934,38.8121269,791.08,2503.83431341838,9.93733589731583,4.396577181642897,8.150008926901421,0.7541359029483345,1.0054942757864114,0.6258596973865199,1454,910,loftr,-99.59241923349008,scheme_b_pairwise,NA,False,2000.9209030423594,307.54
1734763851600,F:\agent\UAV\data\IR-image\1734763851600.jpg,116.19787265320761,38.81216717535773,483.54,116.2209907,38.8121265,791.1,2506.615504642664,5.173636822425749,11.883319112067625,9.925461661132829,0.4971488467562621,1.0004457188647315,0.9971131639722863,1732,1727,loftr,-99.59241923349008,scheme_b_pairwise,NA,False,2003.0399290412672,307.56
1734763851800,F:\agent\UAV\data\IR-image\1734763851800.jpg,116.19786996498186,38.81213941838854,483.54,116.2210473,38.8121264,791.17,2506.382324864977,2.0837310121460755,8.660794520983757,0.7998965028483553,0.07839411670105281,0.9993777101003449,0.9716035634743875,1796,1745,loftr,-99.59241923349008,scheme_b_pairwise,NA,False,2008.1726926697202,307.62999999999994
1734763852000,F:\agent\UAV\data\IR-image\1734763852000.jpg,116.19785862782719,38.81209190930031,483.54,116.221104,38.8121266,791.27,2505.398927095934,-3.2049806900138567,15.097186723551317,-0.24797693460490677,-0.374839321260925,1.002583035407599,0.788785046728972,1605,1266,loftr,-99.59241923349008,scheme_b_pairwise,NA,False,2014.0715307093549,307.72999999999996
1734763852200,F:\agent\UAV\data\IR-image\1734763852200.jpg,116.19790011607938,38.81209791513996,483.54,116.2211606,38.8121267,791.31,2508.9976655631162,-2.536410620232364,-3.5336082111484757,9.647278393411398,0.0716145423950454,0.999057622593154,0.8174757281553398,1545,1263,loftr,-99.59241923349008,scheme_b_pairwise,NA,False,2015.379631547108,307.7699999999999
1734763852400,F:\agent\UAV\data\IR-image\1734763852400.jpg,116.19793251646134,38.81210503571985,483.54,116.2212173,38.8121268,791.31,2511.8081117668457,-1.7437476658949358,-3.508341118053977,7.4075314786499575,0.49553609240333435,0.9989820194060758,0.9499036608863198,1557,1479,loftr,-99.59241923349008,scheme_b_pairwise,NA,False,2017.4838507928248,307.7699999999999
1734763852600,F:\agent\UAV\data\IR-image\1734763852600.jpg,116.19793947408665,38.81207721163738,483.54,116.2212741,38.812127,791.32,2512.411624148019,-4.841124527088846,8.290122613538017,3.119048664669208,0.29527247538966817,0.9997310649311498,0.8647540983606558,1464,1266,loftr,-99.59241923349008,scheme_b_pairwise,NA,False,2021.8089044168978,307.78000000000003
1734763852800,F:\agent\UAV\data\IR-image\1734763852800.jpg,116.19798189822758,38.81206165104306,483.54,116.2213308,38.8121273,791.28,2516.0915426749734,-6.5733298864359195,3.0728889476739596,10.994878443776088,-0.05743667500715994,1.0003428943819352,0.7386215864759428,1538,1136,loftr,-99.59241923349008,scheme_b_pairwise,NA,False,2023.051626574332,307.73999999999995
1734763853000,F:\agent\UAV\data\IR-image\1734763853000.jpg,116.19800809827352,38.8120017177273,483.54,116.2213875,38.8121278,791.22,2518.364164638382,-13.24510659716589,17.40205466411976,9.410400099831975,-0.33905976847742597,0.9999279557706174,0.9910287081339713,1672,1657,loftr,-99.59241923349008,scheme_b_pairwise,NA,False,2025.730449186167,307.68
1734763853200,F:\agent\UAV\data\IR-image\1734763853200.jpg,116.19805608390557,38.812020586147774,483.54,116.2214442,38.8121284,791.15,2522.5264932694504,-11.144674029835112,-7.760089661382892,10.53735950365268,-0.24412349089888294,1.0006119010325127,0.9924637681159421,1725,1712,loftr,-99.59241923349008,scheme_b_pairwise,NA,False,2026.4721654206628,307.60999999999996
1734763853400,F:\agent\UAV\data\IR-image\1734763853400.jpg,116.19807860807718,38.81197801019447,483.54,116.221501,38.8121287,791.12,2524.480265687992,-15.884229151267196,12.2035090679679,7.624176270208295,0.4517297204967255,1.000881272671465,0.9958896065766295,1703,1696,loftr,-99.59241923349008,scheme_b_pairwise,NA,False,2029.476268898794,307.58
1734763853600,F:\agent\UAV\data\IR-image\1734763853600.jpg,116.1981062492375,38.811950550722656,483.54,116.221558,38.8121289,791.14,2526.877891560951,-18.941017554244883,7.338621438202949,8.065513650920309,0.386671873971608,1.0002967998593641,0.9608452454940957,1609,1546,loftr,-99.59241923349008,scheme_b_pairwise,NA,False,2032.048023726182,307.59999999999997
1734763853800,F:\agent\UAV\data\IR-image\1734763853800.jpg,116.19811354150983,38.81197116109558,483.54,116.2216149,38.8121292,791.2,2527.5104316073266,-16.646670840614327,-6.645772303302863,0.6774962978458348,0.15221561624699048,1.000207337453986,0.9837740384615384,1664,1637,loftr,-99.59241923349008,scheme_b_pairwise,NA,False,2036.3249857894762,307.66
1734763854000,F:\agent\UAV\data\IR-image\1734763854000.jpg,116.19811718315793,38.81199602833005,483.54,116.2216719,38.8121295,791.34,2527.8263123298716,-13.878450298912583,-7.809169432689146,-0.42054754136151473,-0.06552696468032046,1.0028861906661526,0.9400814426992438,1719,1616,loftr,-99.59241923349008,scheme_b_pairwise,NA,False,2040.9259356025768,307.8
1734763854200,F:\agent\UAV\data\IR-image\1734763854200.jpg,116.19813787060606,38.81197016945406,483.54,116.221729,38.8121297,791.47,2529.6207652518733,-16.757060374366173,7.12761329429776,6.3128116675800925,-0.500664074029006,0.9988967875592405,0.7587719298245614,1368,1038,loftr,-99.59241923349008,scheme_b_pairwise,NA,False,2044.1042373725525,307.93
1734763854400,F:\agent\UAV\data\IR-image\1734763854400.jpg,116.19814089249894,38.81196192831891,483.54,116.221786,38.81213,791.6,2529.882887697821,-17.674463539061023,2.416432750017293,1.154559296405921,-0.38598516791480025,0.9993076888837682,0.9756676557863502,1685,1644,loftr,-99.59241923349008,scheme_b_pairwise,NA,False,2048.789492313325,308.06
1734763854600,F:\agent\UAV\data\IR-image\1734763854600.jpg,116.19815758152129,38.81199094934745,483.54,116.2218431,38.8121301,791.77,2531.3305125931224,-14.44384264206851,-9.618279181587923,2.49542596968206,-0.5030950468711448,1.000158014125743,0.996608253250424,1769,1763,loftr,-99.59241923349008,scheme_b_pairwise,NA,False,2052.263526690252,308.22999999999996
1734763854800,F:\agent\UAV\data\IR-image\1734763854800.jpg,116.19818708725384,38.81202503300303,483.54,116.2219003,38.8121301,791.91,2533.8898735951816,-10.649650103045888,-11.698035582680802,5.308703265206816,-0.590741413745261,1.0009744890939334,0.9759949463044851,1583,1545,loftr,-99.59241923349008,scheme_b_pairwise,NA,False,2054.6374604533084,308.36999999999995
1734763855000,F:\agent\UAV\data\IR-image\1734763855000.jpg,116.1982275252483,38.81208263129784,483.54,116.2219574,38.8121301,792.01,2537.3975115053913,-4.23780792482219,-19.3862728097086,6.708824005655458,-0.2984981805664755,0.9998284698451634,0.98661800486618,1644,1622,loftr,-99.59241923349008,scheme_b_pairwise,NA,False,2056.053849215789,308.46999999999997
1734763855200,F:\agent\UAV\data\IR-image\1734763855200.jpg,116.19823948960111,38.81209315230562,483.54,116.2220143,38.81213,792.07,2538.4353131570792,-3.0666093385092816,-3.7268637865440155,2.324446237928953,-0.06182020941229864,0.999440608532095,0.9907780979827089,1735,1719,loftr,-99.59241923349008,scheme_b_pairwise,NA,False,2059.9443943885826,308.53000000000003
1734763855400,F:\agent\UAV\data\IR-image\1734763855400.jpg,116.19824835698901,38.81209925901625,483.54,116.2220711,38.8121298,792.06,2539.2044805305736,-2.3868103113938104,-2.2412003588779044,1.810808953982189,-0.28528802707434037,0.9998893366431365,0.9879319802523313,1823,1801,loftr,-99.59241923349008,scheme_b_pairwise,NA,False,2064.096092133338,308.5199999999999
1734763855600,F:\agent\UAV\data\IR-image\1734763855600.jpg,116.19826530759022,38.81205725001778,483.54,116.2221278,38.8121299,791.97,2540.6747950742592,-7.0632520205119125,12.254963735776869,6.256621534586998,-1.0051526622519207,1.0022691444279663,0.8827543424317618,1612,1423,loftr,-99.59241923349008,scheme_b_pairwise,NA,False,2067.553727957125,308.43
1734763855800,F:\agent\UAV\data\IR-image\1734763855800.jpg,116.1983187989884,38.81202944991674,483.54,116.2221844,38.81213,791.84,2545.3147001583548,-10.157959268197999,6.394777577957086,14.289057841853719,-1.3370246243081465,1.0007423753464775,0.8561770129071912,1627,1393,loftr,-99.59241923349008,scheme_b_pairwise,NA,False,2067.837916232623,308.3
1734763856000,F:\agent\UAV\data\IR-image\1734763856000.jpg,116.19837437136898,38.81205579464168,483.54,116.2222409,38.8121301,791.72,2550.1351120379736,-7.225264488022284,-10.371294544442947,11.969416096135888,-0.9266983635972256,1.0001531086430322,0.9712574850299401,1670,1622,loftr,-99.59241923349008,scheme_b_pairwise,NA,False,2067.904184478491,308.18
1734763856200,F:\agent\UAV\data\IR-image\1734763856200.jpg,116.19841891243755,38.81213464397737,483.54,116.2222975,38.8121299,791.65,2553.9986552902155,1.552243560786045,-26.10003909116358,6.587338312393626,-0.31106326397002265,1.0008716723288393,0.9524158125915081,1366,1301,loftr,-99.59241923349008,scheme_b_pairwise,NA,False,2068.9314352225424,308.10999999999996
1734763856400,F:\agent\UAV\data\IR-image\1734763856400.jpg,116.19845867458342,38.81214515461743,483.54,116.2223541,38.8121298,791.59,2557.447669319899,2.7222880128579545,-4.851474630616849,8.998339521344064,0.00756073436525099,1.0018269007878935,0.9366106080206986,1546,1448,loftr,-99.59241923349008,scheme_b_pairwise,NA,False,2070.3908161867666,308.05
1734763856600,F:\agent\UAV\data\IR-image\1734763856600.jpg,116.19847303015788,38.81211770917607,483.54,116.2224106,38.8121296,791.52,2558.692888274748,-0.3329385199275645,7.873318198818254,4.875342496753603,0.40749868928438643,0.9991470097715498,0.9753566796368353,1542,1504,loftr,-99.59241923349008,scheme_b_pairwise,NA,False,2074.0424886670576,307.97999999999996
1734763856800,F:\agent\UAV\data\IR-image\1734763856800.jpg,116.19849900300868,38.81211181006416,483.54,116.2224671,38.8121294,791.47,2560.9458030719097,-0.9896276581896684,0.7637112463738731,6.542399262802917,0.6740799933951785,1.0005962466715246,0.9145927601809954,1768,1617,loftr,-99.59241923349008,scheme_b_pairwise,NA,False,2076.6880654705524,307.93
1734763857000,F:\agent\UAV\data\IR-image\1734763857000.jpg,116.19854574886567,38.81208745389752,483.54,116.2225236,38.8121291,791.41,2565.000592195252,-3.700956128704795,5.607403823319828,12.490351852586969,0.7814734750862464,1.0014471229955841,0.9179910998092816,1573,1444,loftr,-99.59241923349008,scheme_b_pairwise,NA,False,2077.5378011116177,307.86999999999995
1734763857200,F:\agent\UAV\data\IR-image\1734763857200.jpg,116.1985843040663,38.81208808722344,483.54,116.22258,38.8121289,791.33,2568.3449144143024,-3.6304542875552883,-1.7593751934080046,9.22288393506983,0.33238195284547517,0.9991812991490512,0.9523275378575434,1783,1698,loftr,-99.59241923349008,scheme_b_pairwise,NA,False,2079.0837282159123,307.79
1734763857400,F:\agent\UAV\data\IR-image\1734763857400.jpg,116.19859007967757,38.81209861979003,483.54,116.2226364,38.8121289,791.31,2568.8458975434764,-2.4579689744774127,-3.4793369109469268,0.8381271761347193,0.10285208118879413,0.9997393526471747,0.8888242142025611,1718,1527,loftr,-99.59241923349008,scheme_b_pairwise,NA,False,2083.4676323339454,307.7699999999999
1734763857600,F:\agent\UAV\data\IR-image\1734763857600.jpg,116.19859891752228,38.8120873737452,483.54,116.2226928,38.8121289,791.38,2569.612502306133,-3.7098786842370997,3.106261116703422,2.7072416821559955,-0.010743197205093771,1.0000968066524814,0.9596142254370102,1659,1592,loftr,-99.59241923349008,scheme_b_pairwise,NA,False,2087.5911497249813,307.84
1734763857800,F:\agent\UAV\data\IR-image\1734763857800.jpg,116.19861763691124,38.8120924668891,483.54,116.222749,38.8121288,791.41,2571.2362435240957,-3.1429099058206837,-2.3286404293892815,4.2287311153111204,0.006837947291167197,1.0004789385918524,0.9310113864701942,1493,1390,loftr,-99.59241923349008,scheme_b_pairwise,NA,False,2090.837336314308,307.86999999999995
1734763858000,F:\agent\UAV\data\IR-image\1734763858000.jpg,116.19866619378585,38.812087990591465,483.54,116.2228052,38.8121287,791.4,2575.4481223875273,-3.6412113583199117,-0.5909212350447319,11.890011652857368,0.4865230077506935,0.9985715916643424,0.9405772495755518,1767,1662,loftr,-99.59241923349008,scheme_b_pairwise,NA,False,2091.500628424219,307.85999999999996
1734763858200,F:\agent\UAV\data\IR-image\1734763858200.jpg,116.19869886150414,38.812092359218255,483.54,116.2228613,38.8121285,791.37,2578.2817576513053,-3.1548958236347793,-2.671329873950242,7.6149992945101985,0.7437549637961383,1.0032933603144742,0.7666232073011734,1534,1176,loftr,-99.59241923349008,scheme_b_pairwise,NA,False,2093.52978802767,307.83
1734763858400,F:\agent\UAV\data\IR-image\1734763858400.jpg,116.19871766663299,38.81210444277925,483.54,116.2229174,38.8121282,791.36,2579.912936044611,-1.8097538142263665,-4.48581776968939,3.885336721950864,1.2705014513871435,0.999622169595594,0.7877871825876662,1654,1303,loftr,-99.59241923349008,scheme_b_pairwise,NA,False,2096.7587916658895,307.82
1734763858600,F:\agent\UAV\data\IR-image\1734763858600.jpg,116.19872052140327,38.812112732482504,483.54,116.2229733,38.8121279,791.36,2580.1605620857054,-0.8869440478355554,-2.669822743945929,0.2537091190703791,0.7855519037059232,0.9992845513364425,0.9183323814962878,1751,1608,loftr,-99.59241923349008,scheme_b_pairwise,NA,False,2101.353727353908,307.82
1734763858800,F:\agent\UAV\data\IR-image\1734763858800.jpg,116.19873245958854,38.812110133130666,483.54,116.2230291,38.8121278,791.37,2581.1960939360943,-1.1763038940789565,0.3164891117843922,3.00131652398602,-0.10290373665291286,1.000722169015353,0.9781144781144782,1782,1743,loftr,-99.59241923349008,scheme_b_pairwise,NA,False,2105.15436157357,307.83
1734763859000,F:\agent\UAV\data\IR-image\1734763859000.jpg,116.19877572185229,38.81209929748812,483.54,116.2230848,38.8121279,791.4,2584.948712195245,-2.3825276228150516,1.5831601741119243,10.950065411490925,-0.29524722285212834,1.0007836377070227,0.9938990571270105,1803,1792,loftr,-99.59241923349008,scheme_b_pairwise,NA,False,2106.233657806867,307.85999999999996
1734763859200,F:\agent\UAV\data\IR-image\1734763859200.jpg,116.19881960478176,38.81206513072647,483.54,116.2231403,38.812128,791.34,2588.7551677098113,-6.185971529974461,8.746133656681423,12.31387439712256,-0.03875949134154416,0.9994928419631959,0.9219219219219219,1665,1535,loftr,-99.59241923349008,scheme_b_pairwise,NA,False,2107.2499035904993,307.8
1734763859400,F:\agent\UAV\data\IR-image\1734763859400.jpg,116.1988351876085,38.8120319300782,483.54,116.2231956,38.8121279,791.26,2590.106839930938,-9.881867694834042,9.596665510892421,5.469628898783469,0.19389802705068562,1.0002691263020707,0.7795733678086619,1547,1206,loftr,-99.59241923349008,scheme_b_pairwise,NA,False,2110.707025834045,307.71999999999997
1734763859600,F:\agent\UAV\data\IR-image\1734763859600.jpg,116.19885124947177,38.81203227389151,483.54,116.2232509,38.8121279,791.21,2591.500064329837,-9.843594396917283,-0.757584357045971,3.838033564623572,0.11551364844295603,1.0005336987723896,0.9447815533980582,1648,1557,loftr,-99.59241923349008,scheme_b_pairwise,NA,False,2114.106528146466,307.67
1734763859800,F:\agent\UAV\data\IR-image\1734763859800.jpg,116.19889409173872,38.812030719522504,483.54,116.223306,38.8121279,791.14,2595.216251585966,-10.016626755127485,-1.259295428744565,10.36597939987928,-0.19331700607295185,1.0000354206482727,0.9866888519134775,1803,1779,loftr,-99.59241923349008,scheme_b_pairwise,NA,False,2115.169470972951,307.59999999999997
1734763860000,F:\agent\UAV\data\IR-image\1734763860000.jpg,116.19893592626549,38.812057045812196,483.54,116.223361,38.812128,791.11,2598.845026306635,-7.085984186472962,-9.808246026161214,8.672360419487575,-0.3286870260569217,0.9994116727875695,0.8807621389059619,1627,1433,loftr,-99.59241923349008,scheme_b_pairwise,NA,False,2116.2968896674583,307.57
1734763860200,F:\agent\UAV\data\IR-image\1734763860200.jpg,116.19895079084976,38.812038437409505,483.54,116.223416,38.8121282,791.14,2600.134397354546,-9.157471573942097,5.130036835549163,4.537411472668225,-0.6953344006387202,1.0026071446945601,0.7589952477936185,1473,1118,loftr,-99.59241923349008,scheme_b_pairwise,NA,False,2119.7834418062657,307.59999999999997
1734763860400,F:\agent\UAV\data\IR-image\1734763860400.jpg,116.19901016389495,38.81209424417517,483.54,116.2234708,38.8121283,791.16,2605.284483230718,-2.945062419763385,-19.602543296696638,11.34780043378214,-0.4755134729058722,0.9998726742197022,0.9976635514018691,1712,1708,loftr,-99.59241923349008,scheme_b_pairwise,NA,False,2119.366268336309,307.61999999999995
1734763860600,F:\agent\UAV\data\IR-image\1734763860600.jpg,116.19904353416352,38.81207133543095,483.54,116.2235256,38.8121283,791.13,2608.1790585086783,-5.495263826712543,5.704134085346652,9.203939977139669,-0.19392957016985565,0.9974439369011735,0.8218707015130674,1454,1195,loftr,-99.59241923349008,scheme_b_pairwise,NA,False,2121.2294372707233,307.59
1734763860800,F:\agent\UAV\data\IR-image\1734763860800.jpg,116.19907600889347,38.81207709502077,483.54,116.2235803,38.8121282,791.11,2610.9959537432824,-4.854106288364205,-3.0920459999326795,7.496244210883276,-8.594989908861392e-05,1.0022466233811822,0.5890302066772655,1258,741,loftr,-99.59241923349008,scheme_b_pairwise,NA,False,2123.153183012602,307.57
1734763861000,F:\agent\UAV\data\IR-image\1734763861000.jpg,116.19909234719948,38.81212067624637,483.54,116.2236348,38.812128,791.11,2612.413157101384,-0.0026442540061681896,-14.089945112130636,1.6531084145420891,0.28821649153378087,1.0007669167905031,0.9320214669051878,1677,1563,loftr,-99.59241923349008,scheme_b_pairwise,NA,False,2126.4515618573264,307.57
1734763861200,F:\agent\UAV\data\IR-image\1734763861200.jpg,116.19912804700895,38.81211406906222,483.54,116.2236893,38.8121279,791.1,2615.509799423942,-0.7381559936429798,0.5872236414464851,8.914396262669186,0.33456960849154027,1.000957403477461,0.963882618510158,1772,1708,loftr,-99.59241923349008,scheme_b_pairwise,NA,False,2128.080981793135,307.56
1734763861400,F:\agent\UAV\data\IR-image\1734763861400.jpg,116.19918671944362,38.8121513877799,483.54,116.2237436,38.8121277,791.02,2620.599113540133,3.4161636580556167,-13.878079736822826,12.14224407080627,0.5762994250308124,0.9999509751482828,0.9837601499063086,1601,1575,loftr,-99.59241923349008,scheme_b_pairwise,NA,False,2127.7026576627304,307.47999999999996
1734763861600,F:\agent\UAV\data\IR-image\1734763861600.jpg,116.19918952205542,38.81208730937401,483.54,116.2237978,38.8121277,790.95,2620.842215295791,-3.7170444853271136,19.628402813793343,4.009257875976516,0.1916040872091228,0.9993044623069067,0.9880668257756563,1676,1656,loftr,-99.59241923349008,scheme_b_pairwise,NA,False,2132.1599807064085,307.41
1734763861800,F:\agent\UAV\data\IR-image\1734763861800.jpg,116.1992313524149,38.812051215985086,483.54,116.2238519,38.8121279,790.88,2624.4706285403668,-7.734960540242078,9.422990426857723,11.92143438155415,-0.09236150546106996,1.001151058708312,0.9983108108108109,1776,1773,loftr,-99.59241923349008,scheme_b_pairwise,NA,False,2133.2359182070913,307.34
1734763862000,F:\agent\UAV\data\IR-image\1734763862000.jpg,116.19928263049192,38.81201601877975,483.54,116.2239058,38.8121281,790.76,2628.918547613974,-11.65311343849713,8.763572100290958,14.142864029098405,-0.23848242369656655,1.0003645987626324,0.9853971962616822,1712,1687,loftr,-99.59241923349008,scheme_b_pairwise,NA,False,2133.4829757384687,307.21999999999997
1734763862200,F:\agent\UAV\data\IR-image\1734763862200.jpg,116.19930326232033,38.812001358880586,483.54,116.2239597,38.8121283,790.64,2630.708176017919,-13.285053413039611,3.679543275069875,5.7163496628556345,-0.5340212944381919,1.000360866597768,0.9870967741935484,1550,1530,loftr,-99.59241923349008,scheme_b_pairwise,NA,False,2136.3759046489954,307.09999999999997
1734763862400,F:\agent\UAV\data\IR-image\1734763862400.jpg,116.19934933066183,38.81200307423782,483.54,116.2240135,38.8121286,790.5,2634.7041966720244,-13.094099845576885,-2.3975627517564817,10.970207387480968,-0.6127695649956681,1.0008637834237761,0.8883190883190883,1755,1559,loftr,-99.59241923349008,scheme_b_pairwise,NA,False,2137.0447269332167,306.96
1734763862600,F:\agent\UAV\data\IR-image\1734763862600.jpg,116.19941821994969,38.812002969311266,483.54,116.2240672,38.8121288,790.27,2640.6797323261853,-13.105780270198375,-2.76263171064096,16.543559213399703,-0.6487907866245787,1.0000417030562996,0.943359375,1536,1449,loftr,-99.59241923349008,scheme_b_pairwise,NA,False,2135.7289167427903,306.72999999999996
1734763862800,F:\agent\UAV\data\IR-image\1734763862800.jpg,116.19947619869276,38.81195836984603,483.54,116.2241208,38.812129,790.04,2645.708874841698,-18.07059274021993,11.388485022298141,16.241035669891573,-0.762951687793657,1.0003578805214337,0.9097593582887701,1496,1361,loftr,-99.59241923349008,scheme_b_pairwise,NA,False,2135.388650159786,306.49999999999994
1734763863000,F:\agent\UAV\data\IR-image\1734763863000.jpg,116.19953089132346,38.811949470758876,483.54,116.2241744,38.8121291,789.84,2650.4529762088523,-19.061239122262478,0.522770999650902,13.593295041532087,-0.4319536340239467,1.0001088680301518,0.989522700814901,1718,1700,loftr,-99.59241923349008,scheme_b_pairwise,NA,False,2135.303241785529,306.3
1734763863200,F:\agent\UAV\data\IR-image\1734763863200.jpg,116.1995558601407,38.812002156792516,483.54,116.2242279,38.8121291,789.74,2652.6187999861354,-13.19622985723981,-17.245227859008082,3.250945666920927,-0.042392801866671694,1.000063293037908,0.9592373438527285,1521,1459,loftr,-99.59241923349008,scheme_b_pairwise,NA,False,2137.727685992795,306.2
1734763863400,F:\agent\UAV\data\IR-image\1734763863400.jpg,116.1995671854045,38.812041521135185,483.54,116.2242813,38.8121288,789.78,2653.6011663272584,-8.814191230976755,-12.587365021656979,0.6692037886758726,0.14360865739270667,1.0016502736159778,0.9938888888888889,1800,1789,loftr,-99.59241923349008,scheme_b_pairwise,NA,False,2141.348006530073,306.23999999999995
1734763863600,F:\agent\UAV\data\IR-image\1734763863600.jpg,116.19961709775093,38.81212920990413,483.54,116.2243347,38.8121285,789.84,2657.9306203661863,0.9473225273439372,-29.041328922062178,7.4165563245963995,0.13237210410390898,1.00114615176956,0.8422053231939164,1578,1329,loftr,-99.59241923349008,scheme_b_pairwise,NA,False,2141.6268855104404,306.3
1734763863800,F:\agent\UAV\data\IR-image\1734763863800.jpg,116.19963589192388,38.81215009439522,483.54,116.224388,38.8121282,789.93,2659.560848432135,3.2721840760221546,-7.196878416601635,3.4244588086485237,0.8940616301299211,1.0014622324623073,0.8857837181044957,1646,1458,loftr,-99.59241923349008,scheme_b_pairwise,NA,False,2144.6176718325924,306.38999999999993
1734763864000,F:\agent\UAV\data\IR-image\1734763864000.jpg,116.19964959829784,38.812125148609844,483.54,116.2244412,38.8121278,790.08,2660.7497549930204,0.4952192478070523,7.129530832306898,4.589338047267233,1.0231260943909275,1.0000705158078347,0.9170792079207921,1616,1482,loftr,-99.59241923349008,scheme_b_pairwise,NA,False,2148.0385695484756,306.54
