timestamp,image_path,pred_lon,pred_lat,pred_alt,gt_lon,gt_lat,gt_alt,pred_east_m,pred_north_m,pixel_dx,pixel_dy,rotation_deg,affine_scale,match_confidence,num_matches,num_inliers,matcher_backend,yaw_deg,method,flight_phase,is_keyframe_reset,horizontal_error,altitude_error
1734763664200,F:\agent\UAV\data\IR-image\1734763664200.jpg,116.168975,38.8121207,483.54,116.168975,38.8121207,483.54,0.0,0.0,0.0,0.0,0.0,1.0,1.0,0,0,loftr,-99.59241923349008,scheme_d_initial,NA,False,0.0,0.0
1734763664400,F:\agent\UAV\data\IR-image\1734763664400.jpg,116.16902969427314,38.81212295366838,483.54,116.1690312,38.8121209,484.06,4.744243834242217,0.2508783638597224,-2.9133817857872373,13.012986489435548,-0.6073009361202809,1.0005297462306333,0.9414990859232175,1641,1545,loftr,-99.59241923349008,scheme_d_local_map,NA,True,0.26299734385377316,0.5199999999999818
1734763664600,F:\agent\UAV\data\IR-image\1734763664600.jpg,116.16907128789691,38.81212735815989,483.54,116.1690873,38.8121209,484.58,8.352122353235643,0.7411863585787779,-5.957900919286942,22.768940364915636,-0.9915084307537894,1.0037470461958655,0.8102524866105585,1307,1059,loftr,-99.59241923349008,scheme_d_local_map,NA,True,1.5621871300018073,1.0399999999999636
1734763664800,F:\agent\UAV\data\IR-image\1734763664800.jpg,116.16913770384065,38.81214343987913,483.54,116.1691435,38.8121208,485.11,14.113117307737916,2.531403344928679,-13.607177346371145,37.875921457549794,-1.5450973322771155,1.001301298619388,0.6541218637992832,1116,730,loftr,-99.59241923349008,scheme_d_local_map,NA,True,2.56704620492488,1.5699999999999932
1734763665000,F:\agent\UAV\data\IR-image\1734763665000.jpg,116.16919029793303,38.81215065745097,483.54,116.1691998,38.8121208,485.62,18.675189060348465,3.334863441922294,-17.9646951418747,50.126261244875934,-1.9119880841591739,1.0057086784119098,0.6351209253417456,951,604,loftr,-99.59241923349008,scheme_d_local_map,NA,True,3.420559277951054,2.079999999999984
1734763665200,F:\agent\UAV\data\IR-image\1734763665200.jpg,116.1692470309911,38.81215977875697,483.54,116.169256,38.8121206,486.12,23.596279432426865,4.350247226181224,-23.076665222460292,63.27110935371729,-1.6291580407354693,1.0047334484259405,0.6624869383490073,957,634,loftr,-99.59241923349008,scheme_d_local_map,NA,True,4.4252525290746,2.579999999999984
1734763665400,F:\agent\UAV\data\IR-image\1734763665400.jpg,116.16928811438811,38.812193763818,483.54,116.1693123,38.8121203,486.59,27.15990029777151,8.133464219990621,-35.2140506018506,71.36437003335197,-1.2648590771314083,1.0070326007069557,0.933115823817292,1226,1144,loftr,-99.59241923349008,scheme_d_local_map,NA,True,8.4333146967988,3.0499999999999545
1734763665600,F:\agent\UAV\data\IR-image\1734763665600.jpg,116.16930544517948,38.812256237721044,483.54,116.1693685,38.81212,487.15,28.66319297105619,15.088059106753061,-55.16496465384188,72.27203624989153,-1.4369225656470168,1.007621051192335,0.7663316582914573,796,610,loftr,-99.59241923349008,scheme_d_local_map,NA,True,16.103999993198535,3.609999999999957
1734763665800,F:\agent\UAV\data\IR-image\1734763665800.jpg,116.16936250962937,38.8122633963423,483.54,116.1694246,38.8121198,487.76,33.613028649050186,15.884956824827285,-59.68569040594525,85.59863412192817,-1.1564767370427123,1.0187695872451938,0.5537459283387622,614,340,loftr,-99.59241923349008,scheme_d_local_map,NA,True,16.84913359425416,4.21999999999997
1734763666000,F:\agent\UAV\data\IR-image\1734763666000.jpg,116.16938619946727,38.8122384619754,483.54,116.1694808,38.8121197,488.33,35.66791229581225,13.109263101300696,-52.96472411309122,92.58408529191615,-1.4087277403235663,1.0111029386172112,0.5916442048517521,742,439,loftr,-99.59241923349008,scheme_d_local_map,NA,True,15.542686036086971,4.789999999999964
1734763666200,F:\agent\UAV\data\IR-image\1734763666200.jpg,116.16941093343691,38.812186214024614,483.54,116.169537,38.8121196,488.97,37.81336512244863,7.293021220049238,-37.87099548663559,101.24236536733827,-1.8791113358166303,1.014266642396189,0.5944767441860465,688,409,loftr,-99.59241923349008,scheme_d_local_map,NA,True,13.197547010193325,5.430000000000007
1734763666400,F:\agent\UAV\data\IR-image\1734763666400.jpg,116.16946066737617,38.81213868060789,483.54,116.1695933,38.8121197,489.59,42.127343922116815,2.001601269588207,-25.24407437847077,115.65685488801415,-2.0602501269816322,1.0086932052350812,0.7067067067067067,999,706,loftr,-99.59241923349008,scheme_d_local_map,NA,True,11.683995499758959,6.0499999999999545
1734763666600,F:\agent\UAV\data\IR-image\1734763666600.jpg,116.16950886709704,38.81219667363314,483.54,116.1696498,38.8121196,490.14,46.30824286094917,8.457384840985487,-45.06686769377387,124.20846616820893,-1.859414649932623,1.012306334368484,0.7805519053876478,761,594,loftr,-99.59241923349008,scheme_d_local_map,NA,True,14.918308974056679,6.599999999999966
1734763666800,F:\agent\UAV\data\IR-image\1734763666800.jpg,116.1695440496775,38.81218646847641,483.54,116.1697062,38.8121196,490.75,49.36002014635138,7.321346793645692,-43.350148923338566,133.18603204183466,-1.7009979734934702,1.0154753759370199,0.6655982905982906,936,623,loftr,-99.59241923349008,scheme_d_local_map,NA,True,15.895568419082709,7.2099999999999795
1734763667000,F:\agent\UAV\data\IR-image\1734763667000.jpg,116.16958077733088,38.81214582478265,483.54,116.1697627,38.8121195,491.42,52.54581882503031,2.7968908042328753,-32.31821562305487,144.11939703519658,-1.8773624845354613,1.0135188030729751,0.6520522388059702,1072,699,loftr,-99.59241923349008,scheme_d_local_map,NA,True,16.0319641477857,7.8799999999999955
1734763667200,F:\agent\UAV\data\IR-image\1734763667200.jpg,116.16963268292992,38.812149155233875,483.54,116.1698192,38.8121194,492.09,57.048169878094946,3.1676366352228538,-35.45020530791521,156.40684678642504,-2.2627577514605814,1.0111175990337278,0.6630109670987039,1003,665,loftr,-99.59241923349008,scheme_d_local_map,NA,True,16.495766403351123,8.549999999999955
1734763667400,F:\agent\UAV\data\IR-image\1734763667400.jpg,116.16966332789085,38.81216420398646,483.54,116.1698757,38.8121193,492.77,59.70634885401075,4.842863773169656,-41.329940603539285,162.9801533722192,-2.5162469575440194,1.011123189598672,0.587378640776699,824,484,loftr,-99.59241923349008,scheme_d_local_map,NA,True,19.06613899659851,9.229999999999961
1734763667600,F:\agent\UAV\data\IR-image\1734763667600.jpg,116.16971526320303,38.81215251581727,483.54,116.1699323,38.8121191,493.49,64.21127725780778,3.5417367784135934,-39.83600365815528,176.05672739602153,-2.122258569664488,1.015383333748811,0.5203679369250985,761,396,loftr,-99.59241923349008,scheme_d_local_map,NA,True,19.168467094086708,9.949999999999989
1734763667800,F:\agent\UAV\data\IR-image\1734763667800.jpg,116.16975391585969,38.8121619809072,483.54,116.1699891,38.8121188,494.14,67.56405292447741,4.5953905892407825,-44.320337671312586,184.8431541624633,-2.4375820224843316,1.006681846851317,0.5523932729624839,773,427,loftr,-99.59241923349008,scheme_d_local_map,NA,True,20.935293021959172,10.599999999999966
1734763668000,F:\agent\UAV\data\IR-image\1734763668000.jpg,116.16980380882069,38.81218871768216,483.54,116.1700459,38.8121185,494.74,71.89182545004824,7.571728378080751,-54.58199610963527,195.42871151077406,-1.641293538780849,1.0098880985533312,0.5249679897567221,781,410,loftr,-99.59241923349008,scheme_d_local_map,NA,True,22.381740867321174,11.199999999999989
1734763668200,F:\agent\UAV\data\IR-image\1734763668200.jpg,116.16984896421154,38.812208103178705,483.54,116.1701029,38.8121181,495.3,75.8086557202323,9.729721853637555,-62.386565465920796,205.25969822268848,-0.5580440631645551,1.0203611362247518,0.578125,768,444,loftr,-99.59241923349008,scheme_d_local_map,NA,True,24.171141571282938,11.759999999999991
1734763668400,F:\agent\UAV\data\IR-image\1734763668400.jpg,116.1698811375084,38.81218742429254,483.54,116.1701599,38.8121177,495.86,78.59940430334902,7.427748245265924,-57.32087185110879,214.06017942103148,-0.9838759064716053,1.0088748846852365,0.5821287779237845,761,443,loftr,-99.59241923349008,scheme_d_local_map,NA,True,25.36686735903598,12.319999999999993
1734763668600,F:\agent\UAV\data\IR-image\1734763668600.jpg,116.16993994342462,38.81224059671633,483.54,116.170217,38.8121175,496.36,83.70029676419628,13.34690246124529,-76.08878338468011,225.40899567431234,-0.33999113824826305,1.0153210845015914,0.6261022927689595,567,355,loftr,-99.59241923349008,scheme_d_local_map,NA,True,27.633401886835266,12.819999999999993
1734763668800,F:\agent\UAV\data\IR-image\1734763668800.jpg,116.16996960497153,38.8122372760224,483.54,116.1702741,38.8121173,496.9,86.2731732812707,12.97724281365877,-76.26912157699275,232.70267854549434,-0.23265348104147818,1.0186444110195556,0.5499153976311336,591,325,loftr,-99.59241923349008,scheme_d_local_map,NA,True,29.563767432832606,13.359999999999957
1734763669000,F:\agent\UAV\data\IR-image\1734763669000.jpg,116.17001884772513,38.812205357086846,483.54,116.1703311,38.8121172,497.63,90.54454607382506,9.424026907854692,-68.43298489059936,246.1862337812563,-0.844547167509787,1.0124198570332867,0.6894502228826151,673,464,loftr,-99.59241923349008,scheme_d_local_map,NA,True,28.775840224502087,14.089999999999975
1734763669200,F:\agent\UAV\data\IR-image\1734763669200.jpg,116.17006640211606,38.81217129335049,483.54,116.170388,38.8121171,498.34,94.66946835694786,5.632051776259718,-59.867550218266615,259.37614331600696,-1.14648409835927,1.0148836969875443,0.6374807987711214,651,415,loftr,-99.59241923349008,scheme_d_local_map,NA,True,28.508612127059095,14.799999999999955
1734763669400,F:\agent\UAV\data\IR-image\1734763669400.jpg,116.17011069740903,38.81214709136356,483.54,116.170445,38.812117,499.06,98.51169275200249,2.9378865920719406,-54.20822442313022,271.2701659449515,-1.470441957025393,1.0132109674779026,0.7467248908296943,458,342,loftr,-99.59241923349008,scheme_d_local_map,NA,True,29.157866311242334,15.519999999999982
1734763669600,F:\agent\UAV\data\IR-image\1734763669600.jpg,116.1701589111449,38.8121661741689,483.54,116.170502,38.8121168,499.84,102.693807367981,5.062184482230034,-62.043619134466326,281.85112320041253,-0.7725801261318272,1.0224703921986809,0.6141552511415526,438,269,loftr,-99.59241923349008,scheme_d_local_map,NA,True,30.229251313762543,16.299999999999955
1734763669800,F:\agent\UAV\data\IR-image\1734763669800.jpg,116.17020839433573,38.812177850725725,483.54,116.170559,38.8121166,500.62,106.98603596185232,6.3620187873239225,-67.64870437085958,293.1224649767478,-1.236668754090753,1.0111536174939264,0.5862068965517241,377,221,loftr,-99.59241923349008,scheme_d_local_map,NA,True,31.131934068528043,17.079999999999984
1734763670000,F:\agent\UAV\data\IR-image\1734763670000.jpg,116.17026457065182,38.812187061657156,483.54,116.1706161,38.8121164,501.34,111.8588338983902,7.387379674048322,-72.76569942473753,306.12899067095816,-1.2727585189756792,1.0162496462456916,0.71875,352,253,loftr,-99.59241923349008,scheme_d_local_map,NA,True,31.454972453726114,17.799999999999955
1734763670200,F:\agent\UAV\data\IR-image\1734763670200.jpg,116.17029769477895,38.81218542619181,483.54,116.1706731,38.8121162,502.04,114.73205858614465,7.2053196721792965,-73.60572771604743,314.166180704138,-2.435034058646885,1.0099529753571423,0.5611702127659575,376,211,loftr,-99.59241923349008,scheme_d_local_map,NA,True,33.42496006927885,18.5
1734763670400,F:\agent\UAV\data\IR-image\1734763670400.jpg,116.17034709696094,38.812192042279875,483.54,116.17073,38.8121161,502.79,119.01726037938974,7.9418225958286985,-4.0427034582562555,11.515383183286076,-0.46358130660967595,1.0017683623522042,0.9887173396674585,1684,1665,loftr,-99.59241923349008,scheme_d_local_map,NA,True,34.233984450857726,19.25
1734763670600,F:\agent\UAV\data\IR-image\1734763670600.jpg,116.17040234790129,38.81219364011584,483.54,116.170787,38.8121161,503.49,123.80979016417902,8.119693694969742,-6.776612814876046,24.69615546446937,-0.7199074213993253,1.0022215242071622,0.9922128487994809,1541,1529,loftr,-99.59241923349008,scheme_d_local_map,NA,True,34.42493617895108,19.94999999999999
1734763670800,F:\agent\UAV\data\IR-image\1734763670800.jpg,116.1704400868289,38.812172962379634,483.54,116.1708438,38.812116,504.18,127.08330792736352,5.817848100625533,-1.9370808664825745,34.83270520277466,-0.9936392475377929,1.0022850260460237,0.9880277252678009,1587,1568,loftr,-99.59241923349008,scheme_d_local_map,NA,True,35.548073971781164,20.639999999999986
1734763671000,F:\agent\UAV\data\IR-image\1734763671000.jpg,116.1704949859538,38.812183796473654,483.54,116.1709005,38.812116,504.96,131.84532083817712,7.023899446788148,-7.502343106884666,47.44810348809119,-1.4177719420261774,1.0035984403749851,0.9880794701986755,1510,1492,loftr,-99.59241923349008,scheme_d_local_map,NA,True,35.934912309525764,21.41999999999996
1734763671200,F:\agent\UAV\data\IR-image\1734763671200.jpg,116.17053442910257,38.812114587643755,483.54,116.170957,38.8121159,505.74,135.2666646945977,-0.6804274976774618,12.2201368969329,60.52070384830489,-1.8291209464521447,1.0024769078484235,0.8514920194309508,1441,1227,loftr,-99.59241923349008,scheme_d_local_map,NA,True,36.613444498483084,22.19999999999999
1734763671400,F:\agent\UAV\data\IR-image\1734763671400.jpg,116.17057968980001,38.81212982351266,483.54,116.1710134,38.8121158,506.55,139.19262937798166,1.0156294298209358,5.689766383528479,70.59303452143479,-1.9662404252887038,1.0041368782375113,0.9314599040438657,1459,1359,loftr,-99.59241923349008,scheme_d_local_map,NA,True,37.610640656522435,23.00999999999999
1734763671600,F:\agent\UAV\data\IR-image\1734763671600.jpg,116.1706327352936,38.812180304072314,483.54,116.1710695,38.8121155,507.44,143.79385618847772,6.63512532977528,-12.0150901766674,80.69911937730143,-2.0164166544418385,1.0067678692621695,0.7149837133550488,1228,878,loftr,-99.59241923349008,scheme_d_local_map,NA,True,38.52289154508291,23.899999999999977
1734763671800,F:\agent\UAV\data\IR-image\1734763671800.jpg,116.17066840275534,38.81219995190052,483.54,116.1711253,38.8121149,508.4,146.88769263100625,8.822321565551604,-19.51554021381554,88.23870124433222,-1.728239416742759,1.005027844105088,0.7757847533632287,1338,1038,loftr,-99.59241923349008,scheme_d_local_map,NA,True,40.70129625279517,24.859999999999957
1734763672000,F:\agent\UAV\data\IR-image\1734763672000.jpg,116.17073645445203,38.81226496924416,483.54,116.171181,38.8121143,509.4,152.79057466899403,16.060052259515427,-42.30790637128257,101.19038861786515,-1.7349442269523108,1.006840355975805,0.7728013029315961,1228,949,loftr,-99.59241923349008,scheme_d_local_map,NA,True,42.00299127884999,25.859999999999957
1734763672200,F:\agent\UAV\data\IR-image\1734763672200.jpg,116.17077707168846,38.812276361618224,483.54,116.1712364,38.8121138,510.4,156.31376023262186,17.328251340489512,-47.4657296132595,110.34809758266283,-1.1495680783910318,1.0030716992103912,0.8021172638436482,1228,985,loftr,-99.59241923349008,scheme_d_local_map,NA,True,43.71061002961276,26.859999999999957
1734763672400,F:\agent\UAV\data\IR-image\1734763672400.jpg,116.17081131567492,38.81227152765245,483.54,116.1712917,38.8121132,511.41,159.28412280067,16.790134270614217,-47.365756894046285,118.82066957704154,-0.00522060978555648,1.0031638612227876,0.9070539419087137,1205,1093,loftr,-99.59241923349008,scheme_d_local_map,NA,True,45.19247282571005,27.870000000000005
1734763672600,F:\agent\UAV\data\IR-image\1734763672600.jpg,116.17086246136788,38.812286564875066,483.54,116.1713467,38.8121126,512.44,163.72055873001273,18.464077892354602,-54.0736904273561,130.31614098343437,1.0697503176311987,1.0058292251294503,0.9076233183856502,1115,1012,loftr,-99.59241923349008,scheme_d_local_map,NA,True,46.200835397820555,28.900000000000034
1734763672800,F:\agent\UAV\data\IR-image\1734763672800.jpg,116.17088411244043,38.81227052459002,483.54,116.1714015,38.8121122,513.49,165.59859753665432,16.678473361025247,-50.010212410756196,136.3490523638934,1.9992766204946417,1.0062180666072569,0.7022026431718061,1135,797,loftr,-99.59241923349008,scheme_d_local_map,NA,True,48.161363801084,29.94999999999999
1734763673000,F:\agent\UAV\data\IR-image\1734763673000.jpg,116.17089080556195,38.81219814852322,483.54,116.171456,38.812112,514.57,166.17916655544502,8.621569605095297,-27.983202957260062,141.72433960642456,1.8315953740118336,1.0016536065306056,0.6746031746031746,1134,765,loftr,-99.59241923349008,scheme_d_local_map,NA,True,49.898696554081674,31.03000000000003
1734763673200,F:\agent\UAV\data\IR-image\1734763673200.jpg,116.17096051845009,38.812231853779586,483.54,116.1715104,38.812112,515.65,172.2261422405582,12.37363874318313,-41.19593098073699,156.7051865186511,1.07109034530669,1.0023825182834676,0.6880819366852886,1074,739,loftr,-99.59241923349008,scheme_d_local_map,NA,True,49.47266166013674,32.10999999999996
1734763673400,F:\agent\UAV\data\IR-image\1734763673400.jpg,116.17103817319611,38.812155964211,483.54,116.1715648,38.8121122,516.52,178.96200376499849,3.925611968534871,-20.965473318785882,179.29901220933903,0.2370645222540269,0.9982043249568987,0.6052141527001862,1074,650,loftr,-99.59241923349008,scheme_d_local_map,NA,True,45.88770929713945,32.97999999999996
1734763673600,F:\agent\UAV\data\IR-image\1734763673600.jpg,116.171062728626,38.81214800507981,483.54,116.1716193,38.8121123,517.23,181.0919698492607,3.039601484387128,-19.509577264254915,185.608395729603,0.8772182049902931,0.9988068893479868,0.7308429118773946,1044,763,loftr,-99.59241923349008,scheme_d_local_map,NA,True,48.386613941800185,33.69
1734763673800,F:\agent\UAV\data\IR-image\1734763673800.jpg,116.17109937750308,38.81221219447321,483.54,116.1716735,38.8121121,518.03,184.27093538336436,10.185164758080818,-40.772790437630874,191.0643888637279,1.142353512231507,1.0053950678727395,0.6947141316073355,927,644,loftr,-99.59241923349008,scheme_d_local_map,NA,True,50.97406784268645,34.48999999999995
1734763674000,F:\agent\UAV\data\IR-image\1734763674000.jpg,116.1711208425026,38.81219228160384,483.54,116.1717273,38.8121119,518.86,186.13283400156791,7.968464139233905,-35.508646905949604,197.25426823766895,1.7781651931548643,1.0026609008428362,0.6406080347448425,921,590,loftr,-99.59241923349008,scheme_d_local_map,NA,True,53.300522608513276,35.31999999999999
1734763674200,F:\agent\UAV\data\IR-image\1734763674200.jpg,116.17114716973231,38.812169211024695,483.54,116.171781,38.8121119,519.62,188.41648803102333,5.400247269315832,-29.46890421225089,204.77582820891985,2.6990618222987837,1.0020017562719554,0.609271523178808,906,552,loftr,-99.59241923349008,scheme_d_local_map,NA,True,55.28596416596034,36.079999999999984
1734763674400,F:\agent\UAV\data\IR-image\1734763674400.jpg,116.17120346066359,38.8121756779689,483.54,116.1718345,38.8121121,520.39,193.29922782017024,6.120147498163691,-33.74514608996947,217.95274352845553,1.6687794000951313,1.0012197729982422,0.7970687711386697,887,707,loftr,-99.59241923349008,scheme_d_local_map,NA,True,55.13078437007721,36.849999999999966
1734763674600,F:\agent\UAV\data\IR-image\1734763674600.jpg,116.17123435691451,38.812163593173,483.54,116.1718877,38.8121125,521.17,195.9792039771187,4.7748680177918015,-31.27541972352543,225.9991691931245,0.3621219951323574,1.0008460933483068,0.8070776255707762,876,707,loftr,-99.59241923349008,scheme_d_local_map,NA,True,56.892497565212516,37.62999999999994
1734763674800,F:\agent\UAV\data\IR-image\1734763674800.jpg,116.17131821280121,38.812182884191046,483.54,116.1719408,38.8121128,521.95,203.25295953860385,6.922344146699338,-40.62102769159543,245.1258159289132,0.5305208827313522,1.0011832704805987,0.7550505050505051,792,598,loftr,-99.59241923349008,scheme_d_local_map,NA,True,54.50331329044088,38.410000000000025
1734763675000,F:\agent\UAV\data\IR-image\1734763675000.jpg,116.17135185284168,38.812171527453934,483.54,116.1719936,38.812113,522.7,206.17093514149167,5.658112171751709,-38.486931499613604,253.79302831963298,0.4783323996473437,1.0005911428740433,0.691285081240768,677,468,loftr,-99.59241923349008,scheme_d_local_map,NA,True,55.98295850778575,39.160000000000025
1734763675200,F:\agent\UAV\data\IR-image\1734763675200.jpg,116.17140030784688,38.812164976508576,483.54,116.1720462,38.8121133,523.5,210.3739777353835,4.928860934691473,-38.43453522904434,265.7666073881278,0.3350952079327628,1.0012444000678213,0.7560283687943262,705,533,loftr,-99.59241923349008,scheme_d_local_map,NA,True,56.256771946536524,39.95999999999998
1734763675400,F:\agent\UAV\data\IR-image\1734763675400.jpg,116.17141275136464,38.812143687490135,483.54,116.1720986,38.8121136,524.27,211.453342704489,2.558967401587834,-32.38039248601655,269.8623734715543,-0.09917942326051608,1.0007173771265718,0.7504105090311987,609,457,loftr,-99.59241923349008,scheme_d_local_map,NA,True,59.51863255086483,40.72999999999996
1734763675600,F:\agent\UAV\data\IR-image\1734763675600.jpg,116.17146501606214,38.81212346497908,483.54,116.1721507,38.8121138,525.07,215.9868423681271,0.3077974714212477,-28.270448111173494,283.4623892966333,1.2654737841594348,0.9976173967639747,0.6631578947368421,570,378,loftr,-99.59241923349008,scheme_d_local_map,NA,True,59.419987406821726,41.53000000000003
1734763675800,F:\agent\UAV\data\IR-image\1734763675800.jpg,116.17150238643761,38.81210899171447,483.54,116.1722028,38.812114,525.76,219.2283914963039,-1.3033663455652391,-25.32751775590276,293.1874064727415,1.5692710943623267,1.001352076524665,0.6563944530046225,649,426,loftr,-99.59241923349008,scheme_d_local_map,NA,True,60.689059868341154,42.21999999999997
1734763676000,F:\agent\UAV\data\IR-image\1734763676000.jpg,116.17152559801498,38.81218344423833,483.54,116.1722547,38.8121143,526.43,221.24179027722187,6.984688610617081,-49.20755505777345,294.8831556275642,1.5470120753881431,1.0003395552336989,0.7524752475247525,505,380,loftr,-99.59241923349008,scheme_d_local_map,NA,True,63.638298611238596,42.88999999999993
1734763676200,F:\agent\UAV\data\IR-image\1734763676200.jpg,116.17158101559319,38.812153017595584,483.54,116.1723064,38.8121147,527.14,226.0487744206708,3.5975947400835775,-42.08170680071561,309.7713862115713,0.6402062841119573,1.0015589871963853,0.8314814814814815,540,449,loftr,-99.59241923349008,scheme_d_local_map,NA,True,62.99431025464441,43.599999999999966
1734763676400,F:\agent\UAV\data\IR-image\1734763676400.jpg,116.1716119941103,38.81212705749648,483.54,116.172358,38.812115,527.73,228.73588644033975,0.7077165084591202,6.741272766396833,8.788635868123265,-0.0048867406818024475,1.0001475834789597,0.9942363112391931,1735,1725,loftr,-99.59241923349008,scheme_d_local_map,NA,True,64.6506929913953,44.19
1734763676600,F:\agent\UAV\data\IR-image\1734763676600.jpg,116.17163626826844,38.81211588279829,483.54,116.1724095,38.8121154,528.34,230.84145469374536,-0.5362508949064342,9.199274261016456,15.197923602540868,-0.25065336082090006,1.0014307530026398,0.9842424242424243,1650,1624,loftr,-99.59241923349008,scheme_d_local_map,NA,True,66.995766462234,44.80000000000001
1734763676800,F:\agent\UAV\data\IR-image\1734763676800.jpg,116.1716801974675,38.812094710421654,483.54,116.1724608,38.8121158,528.97,234.65192368458366,-2.893159861514212,13.940051337820933,26.84631282632961,-0.5822981876148149,1.0024761919905443,0.9880557398805574,1507,1489,loftr,-99.59241923349008,scheme_d_local_map,NA,True,67.6750314668823,45.43000000000001
1734763677000,F:\agent\UAV\data\IR-image\1734763677000.jpg,116.17171389640114,38.812095921175015,483.54,116.172512,38.8121162,529.57,237.57500774881572,-2.7583787976344336,12.19980202148514,34.87329815222881,-0.5092096288473782,1.0031491676416133,0.9700446144040791,1569,1522,loftr,-99.59241923349008,scheme_d_local_map,NA,True,69.18750248643059,46.03000000000003
1734763677200,F:\agent\UAV\data\IR-image\1734763677200.jpg,116.17174376638991,38.812081365419836,483.54,116.1725631,38.8121165,530.19,240.1659647522176,-4.378725463799839,15.47245094460817,42.80200954455387,-0.39535077261091145,1.003130102041983,0.8950819672131147,1525,1365,loftr,-99.59241923349008,scheme_d_local_map,NA,True,71.09762378064174,46.650000000000034
1734763677400,F:\agent\UAV\data\IR-image\1734763677400.jpg,116.17179591294631,38.81209207298997,483.54,116.1726141,38.8121167,530.8,244.68921672108632,-3.18675875689914,10.05784634810692,54.763192778558846,-0.3512627198595001,1.0043892034666064,0.9893948845913911,1603,1586,loftr,-99.59241923349008,scheme_d_local_map,NA,True,70.9437270176763,47.259999999999934
1734763677600,F:\agent\UAV\data\IR-image\1734763677600.jpg,116.17183315922358,38.81208886889415,483.54,116.172665,38.812117,531.36,247.92000143070862,-3.5434387033647123,9.533859320484737,63.87165371647649,-0.5215535490728629,1.0032804412062988,0.9993540051679587,1548,1547,loftr,-99.59241923349008,scheme_d_local_map,NA,True,72.14171618722156,47.81999999999999
1734763677800,F:\agent\UAV\data\IR-image\1734763677800.jpg,116.17187970448613,38.81208842114006,483.54,116.1727158,38.8121174,531.92,251.95739076238084,-3.593282688476199,7.783386551266744,75.06898357226885,-0.8876192789482206,1.0075817728708785,0.9004837595024188,1447,1303,loftr,-99.59241923349008,scheme_d_local_map,NA,True,72.51414575048064,48.37999999999994
1734763678000,F:\agent\UAV\data\IR-image\1734763678000.jpg,116.17191194351656,38.812093525845164,483.54,116.1727664,38.8121176,532.42,254.75384115022212,-3.025026916362255,4.902668703113704,82.54274253545248,-0.9639741018835501,1.005233839899559,0.8277858176555717,1382,1144,loftr,-99.59241923349008,scheme_d_local_map,NA,True,74.08175846380117,48.87999999999994
1734763678200,F:\agent\UAV\data\IR-image\1734763678200.jpg,116.17193352365564,38.8120897404876,483.54,116.172817,38.8121177,532.93,256.625727106373,-3.446412920661598,5.193366980682242,87.92053422365922,-0.27665413087014273,1.0088378122055286,0.875,1296,1134,loftr,-99.59241923349008,scheme_d_local_map,NA,True,76.61087993049225,49.38999999999993
1734763678400,F:\agent\UAV\data\IR-image\1734763678400.jpg,116.17195909722584,38.81204755784879,483.54,116.1728674,38.8121178,533.5,258.84400784767007,-8.142184272203233,17.151979164526892,96.25629359123758,-0.20930729995204325,1.0035635785668582,0.8990825688073395,1308,1176,loftr,-99.59241923349008,scheme_d_local_map,NA,True,79.08548793029043,49.95999999999998
1734763678600,F:\agent\UAV\data\IR-image\1734763678600.jpg,116.17200606067821,38.81205219186909,483.54,116.1729176,38.8121179,534.06,262.917671443023,-7.626325133015879,13.818880479492861,107.28941897058223,-0.5217473872391356,1.0072439432963995,0.8521183053557154,1251,1066,loftr,-99.59241923349008,scheme_d_local_map,NA,True,79.31651646885246,50.519999999999925
1734763678800,F:\agent\UAV\data\IR-image\1734763678800.jpg,116.17204311173423,38.81207663487553,483.54,116.1729678,38.812118,534.57,266.13152243644214,-4.905329656330615,4.7849346535463155,114.91148134909076,-0.6739846570940371,1.0080810565505653,0.7625201938610663,1238,944,loftr,-99.59241923349008,scheme_d_local_map,NA,True,80.25045973433922,51.03000000000003
1734763679000,F:\agent\UAV\data\IR-image\1734763679000.jpg,116.17209769483037,38.812097580654644,483.54,116.173018,38.812118,535.05,270.8661226511917,-2.573645525169505,-3.882845360403735,126.92451503979692,-0.41331820533487285,1.0119749645151146,0.678838174273859,1205,818,loftr,-99.59241923349008,scheme_d_local_map,NA,True,79.7710767913368,51.509999999999934
1734763679200,F:\agent\UAV\data\IR-image\1734763679200.jpg,116.17212032520554,38.81213707247068,483.54,116.1730681,38.8121179,535.54,272.82910728741035,1.8225834356002952,-16.968152168151562,130.3010741062883,-0.3229869020398273,1.0066314906843192,0.6666666666666666,1116,744,loftr,-99.59241923349008,scheme_d_local_map,NA,True,82.14647590278226,51.99999999999994
1734763679400,F:\agent\UAV\data\IR-image\1734763679400.jpg,116.17215892544891,38.812138616657705,483.54,116.1731181,38.8121179,536.09,276.17733656550377,1.9944823355992227,-19.009984776053614,139.487344538785,-0.32099184225174926,1.005688293084702,0.8003412969283277,1172,938,loftr,-99.59241923349008,scheme_d_local_map,NA,True,83.13844490764046,52.55000000000001
1734763679600,F:\agent\UAV\data\IR-image\1734763679600.jpg,116.17220315035868,38.81216060763872,483.54,116.1731681,38.8121179,536.62,280.0134558418012,4.442518342189363,-27.57953447002069,148.9592901170597,-0.15834874326447496,1.007227867333524,0.8223099703849951,1013,833,loftr,-99.59241923349008,scheme_d_local_map,NA,True,83.74164760788678,53.079999999999984
1734763679800,F:\agent\UAV\data\IR-image\1734763679800.jpg,116.1722419458612,38.81214640744423,483.54,116.1732181,38.812118,537.14,283.37862212098645,2.861752691630489,-24.77855501097713,159.01221608421895,0.27901829057607636,1.0101291780030552,0.7607244995233555,1049,798,loftr,-99.59241923349008,scheme_d_local_map,NA,True,84.63666177408896,53.599999999999966
1734763680000,F:\agent\UAV\data\IR-image\1734763680000.jpg,116.17227459921705,38.812110647832746,483.54,116.1732681,38.8121181,537.65,286.21101156980865,-1.1190072584904884,-15.086072002491676,168.7131687526986,0.2944595160691814,1.0082727270826126,0.648406374501992,1004,651,loftr,-99.59241923349008,scheme_d_local_map,NA,True,86.08468513659102,54.10999999999996
1734763680200,F:\agent\UAV\data\IR-image\1734763680200.jpg,116.1722861580094,38.81206669109422,483.54,116.1733181,38.8121183,538.17,287.2136344439957,-6.01227139142912,-2.0122680338009786,173.7768060369517,-0.02659431212971133,1.0108546676026284,0.7072710103871577,1059,749,loftr,-99.59241923349008,scheme_d_local_map,NA,True,89.59538876227154,54.62999999999994
1734763680400,F:\agent\UAV\data\IR-image\1734763680400.jpg,116.17232587322965,38.81203831885928,483.54,116.1733681,38.8121185,538.7,290.6585780923752,-9.170668585029631,5.117703630285519,184.78843786051675,-0.3424640266942445,1.0160437953781283,0.6036446469248291,878,530,loftr,-99.59241923349008,scheme_d_local_map,NA,True,90.74161506808696,55.160000000000025
1734763680600,F:\agent\UAV\data\IR-image\1734763680600.jpg,116.17235657119937,38.812015605074144,483.54,116.1734181,38.8121188,539.24,293.3213551108988,-11.699167146054231,10.870192016698581,193.34069393389814,-0.34504454162350023,1.007384631037612,0.7687564234326825,973,748,loftr,-99.59241923349008,scheme_d_local_map,NA,True,92.68799500432074,55.69999999999999
1734763680800,F:\agent\UAV\data\IR-image\1734763680800.jpg,116.1723959033282,38.81201407817672,483.54,116.1734682,38.8121189,539.76,296.7330689696584,-11.869141367144065,9.744845224259961,202.8625720013041,-0.2755605503317732,1.009372335602448,0.7298136645962733,966,705,loftr,-99.59241923349008,scheme_d_local_map,NA,True,93.63620647405571,56.21999999999997
1734763681000,F:\agent\UAV\data\IR-image\1734763681000.jpg,116.17242271889027,38.81202225831502,483.54,116.1735183,38.812119,540.29,299.05908150824956,-10.958528372566013,6.136647465812246,208.87419918009914,-0.8698260103004456,1.0119103033476606,0.5215366705471478,859,448,loftr,-99.59241923349008,scheme_d_local_map,NA,True,95.53295689935828,56.74999999999994
1734763681200,F:\agent\UAV\data\IR-image\1734763681200.jpg,116.1724679266855,38.81206175879062,483.54,116.1735684,38.8121191,540.79,302.98045739421286,-6.561335428614793,-7.8673326997794675,217.6704176465289,-0.8909605486540192,1.010351069202279,0.6245883644346871,911,569,loftr,-99.59241923349008,scheme_d_local_map,NA,True,95.56218465378139,57.24999999999994
1734763681400,F:\agent\UAV\data\IR-image\1734763681400.jpg,116.17251270834377,38.8120822920144,483.54,116.1736187,38.8121191,541.29,306.8648696731875,-4.275576957056828,-16.010345824179524,227.3519232398903,-0.13121967575821877,1.0127053839972,0.6596273291925466,805,531,loftr,-99.59241923349008,scheme_d_local_map,NA,True,95.91471855778971,57.74999999999994
1734763681600,F:\agent\UAV\data\IR-image\1734763681600.jpg,116.1725531524006,38.812092722416864,483.54,116.173669,38.8121192,541.79,310.37303343814347,-3.114464554690283,-20.864766129073928,236.51814540189218,-0.27341964106977035,1.0104224825547063,0.8662721893491124,845,732,loftr,-99.59241923349008,scheme_d_local_map,NA,True,96.72612123861843,58.24999999999994
1734763681800,F:\agent\UAV\data\IR-image\1734763681800.jpg,116.17258720146883,38.81208297153159,483.54,116.1737194,38.8121192,542.27,313.32648857677,-4.199933104081514,-19.242016650107814,245.19993850144175,0.09040412925744289,1.0094061674028665,0.7194679564691656,827,595,loftr,-99.59241923349008,scheme_d_local_map,NA,True,98.18069648721679,58.72999999999996
1734763682000,F:\agent\UAV\data\IR-image\1734763682000.jpg,116.17259535418418,38.81205445701767,483.54,116.1737699,38.8121191,542.75,314.03366443473465,-7.374168792971792,-10.787663820750367,248.64183919001482,-0.06963167349569979,1.0115771152284612,0.6,780,468,loftr,-99.59241923349008,scheme_d_local_map,NA,True,102.02070198287706,59.20999999999998
1734763682200,F:\agent\UAV\data\IR-image\1734763682200.jpg,116.17263310627867,38.812037184957724,483.54,116.1738205,38.8121191,543.22,317.3083243077967,-9.296894506271846,-6.997931163711542,258.60422276065844,0.08172177199025338,1.0123374065590316,0.7038043478260869,736,518,loftr,-99.59241923349008,scheme_d_local_map,NA,True,103.28280002996516,59.68000000000001
1734763682400,F:\agent\UAV\data\IR-image\1734763682400.jpg,116.17267203278465,38.81202840339337,483.54,116.1738711,38.8121192,543.68,320.684853977107,-10.274458250104322,1.1262222892737555,9.8022378682806,0.14373508194515422,1.0006728831311087,0.9972222222222222,1800,1795,loftr,-99.59241923349008,scheme_d_local_map,NA,True,104.38123071289473,60.13999999999993
1734763682600,F:\agent\UAV\data\IR-image\1734763682600.jpg,116.17271210922225,38.812000548909,483.54,116.1739219,38.8121193,544.13,324.16113003106807,-13.375219450345964,8.082023397075432,20.87362803297566,0.11338159284633804,1.0019629616398682,0.9982698961937716,1734,1731,loftr,-99.59241923349008,scheme_d_local_map,NA,True,105.64939619072145,60.589999999999975
1734763682800,F:\agent\UAV\data\IR-image\1734763682800.jpg,116.17273217182691,38.81199992095218,483.54,116.1739727,38.8121194,544.58,325.9013833152597,-13.445123602977844,7.4615175619664456,25.722708782798122,-0.22700620312844652,1.0023763503431709,0.9862655330281229,1529,1508,loftr,-99.59241923349008,scheme_d_local_map,NA,True,108.3021321136301,61.04000000000002
1734763683000,F:\agent\UAV\data\IR-image\1734763683000.jpg,116.17277443551653,38.81197011767074,483.54,116.1740237,38.8121195,545.04,329.5673841120097,-16.762824893525863,14.92898880995648,37.42065777511249,-0.9785454022768482,1.0027402369902232,0.9110529758011773,1529,1393,loftr,-99.59241923349008,scheme_d_local_map,NA,True,109.5082500665016,61.49999999999994
1734763683200,F:\agent\UAV\data\IR-image\1734763683200.jpg,116.17281281642249,38.81199054060046,483.54,116.1740748,38.8121197,545.51,332.89658781149666,-14.489344356494026,7.079646227189812,45.57129200696119,-1.594100803601334,1.00535978520117,0.9490403706154864,1511,1434,loftr,-99.59241923349008,scheme_d_local_map,NA,True,110.28232288358461,61.96999999999997
1734763683400,F:\agent\UAV\data\IR-image\1734763683400.jpg,116.17286906832712,38.812001887985915,483.54,116.174126,38.8121198,546.04,337.77594238367703,-13.226153407759107,1.3013578390088014,58.48472295616432,-2.1883157637355914,1.0062294425951392,0.9401650618982118,1454,1367,loftr,-99.59241923349008,scheme_d_local_map,NA,True,109.69183385245496,62.49999999999994
1734763683600,F:\agent\UAV\data\IR-image\1734763683600.jpg,116.17291166553024,38.81203646021154,483.54,116.1741774,38.8121196,546.58,341.47087252297473,-9.377573252159452,-11.078346612416055,66.91082710471903,-2.3502458471461583,1.008131220950225,0.9273112208892026,1417,1314,loftr,-99.59241923349008,scheme_d_local_map,NA,True,110.05708136198207,63.04000000000002
1734763683800,F:\agent\UAV\data\IR-image\1734763683800.jpg,116.17295530709346,38.812044828624856,483.54,116.1742289,38.8121193,547.13,345.2563916531132,-8.446001481248974,-15.42721087769445,76.95203128443575,-2.341631903021878,1.0080339610611864,0.8717765042979942,1396,1217,loftr,-99.59241923349008,scheme_d_local_map,NA,True,110.65926779683592,63.589999999999975
1734763684000,F:\agent\UAV\data\IR-image\1734763684000.jpg,116.17300736084829,38.812087495785974,483.54,116.1742805,38.812119,547.68,349.7715939075808,-3.6962931052804393,-30.68457730259712,87.22686050753816,-1.8430334420486953,1.0085925376245537,0.8746105919003115,1284,1123,loftr,-99.59241923349008,scheme_d_local_map,NA,True,110.3652591176955,64.13999999999993
1734763684200,F:\agent\UAV\data\IR-image\1734763684200.jpg,116.17302806312321,38.81208131876897,483.54,116.1743323,38.8121185,548.19,351.567332922942,-4.383918638602339,-29.621408958242228,92.51843450585079,-1.2780183757586114,1.0079739744580698,0.9470098410295231,1321,1251,loftr,-99.59241923349008,scheme_d_local_map,NA,True,113.07968479081752,64.65000000000003
1734763684400,F:\agent\UAV\data\IR-image\1734763684400.jpg,116.17304868009654,38.81207845669009,483.54,116.1743843,38.8121181,548.72,353.35567277976946,-4.70252525973214,-29.5760890817146,97.61692779390415,-0.8420574184456787,1.0081927500074739,0.8092354277062831,1321,1069,loftr,-99.59241923349008,scheme_d_local_map,NA,True,115.80715556795448,65.18
1734763684600,F:\agent\UAV\data\IR-image\1734763684600.jpg,116.17309709567192,38.812089371842596,483.54,116.1744364,38.8121178,549.21,357.5552951861422,-3.487450482355011,-34.90327593774373,108.67161441307769,-0.7929915648121035,1.0112610444466936,0.832625318606627,1177,980,loftr,-99.59241923349008,scheme_d_local_map,NA,True,116.0854991740425,65.67000000000002
1734763684800,F:\agent\UAV\data\IR-image\1734763684800.jpg,116.17312574488808,38.81208463121135,483.54,116.1744888,38.8121176,549.64,360.0403609776637,-4.0151775530983755,-34.605069321558176,115.79620277724996,-1.1297997198048961,1.015004898401956,0.7700348432055749,1148,884,loftr,-99.59241923349008,scheme_d_local_map,NA,True,118.15719942905235,66.09999999999997
1734763685000,F:\agent\UAV\data\IR-image\1734763685000.jpg,116.17316902129829,38.812095321162374,483.54,116.1745412,38.8121174,550.12,363.79420631677465,-2.8251722049388652,-39.654368255863346,125.62886742520686,-1.6130498969910139,1.0086579760666248,0.7863475177304965,1128,887,loftr,-99.59241923349008,scheme_d_local_map,NA,True,118.91615464441657,66.57999999999998
1734763685200,F:\agent\UAV\data\IR-image\1734763685200.jpg,116.17321926897364,38.812089059335136,483.54,116.1745938,38.8121174,550.61,368.15274717121565,-3.522238812900607,-39.76377902281462,138.0177549401336,-2.18662517914091,1.0133888090267682,0.72018779342723,1065,767,loftr,-99.59241923349008,scheme_d_local_map,NA,True,119.13631516354064,67.07
1734763685400,F:\agent\UAV\data\IR-image\1734763685400.jpg,116.1732512639012,38.81210225631494,483.54,116.1746466,38.8121174,551.09,370.9280237971353,-2.0531510213850606,-45.127766552512014,145.01156326839578,-2.036213589925582,1.0114339028421175,0.6300102774922919,973,613,loftr,-99.59241923349008,scheme_d_local_map,NA,True,120.90897525616296,67.55000000000001
1734763685600,F:\agent\UAV\data\IR-image\1734763685600.jpg,116.1732927259997,38.81208897735729,483.54,116.1746996,38.8121173,551.6,374.52449366293615,-3.5313645860975225,-42.71880219829177,155.65668585842144,-1.8547085178833833,1.014621373079524,0.6538049303322615,933,610,loftr,-99.59241923349008,scheme_d_local_map,NA,True,121.93762458007454,68.06
1734763685800,F:\agent\UAV\data\IR-image\1734763685800.jpg,116.1733347160249,38.812054940686885,483.54,116.1747527,38.8121173,552.1,378.16675649465213,-7.3203267359545645,-33.93595031012404,167.50936139270505,-1.806253211303011,1.0167830979130963,0.6420704845814978,908,583,loftr,-99.59241923349008,scheme_d_local_map,NA,True,123.05510734376541,68.56
1734763686000,F:\agent\UAV\data\IR-image\1734763686000.jpg,116.17337525062291,38.81203863804737,483.54,116.174806,38.8121173,552.57,381.6827739076064,-9.135136567065029,-30.557780355094906,178.08925842172823,-1.7738487758887558,1.009843132784082,0.6458823529411765,850,549,loftr,-99.59241923349008,scheme_d_local_map,NA,True,124.27384385911193,69.03000000000003
1734763686200,F:\agent\UAV\data\IR-image\1734763686200.jpg,116.17340019344724,38.81202847630534,483.54,116.1748594,38.8121172,553.04,383.84634302914486,-10.266341689375741,-28.438992543319614,184.60632862459727,-1.4515683340250558,1.0097578959443714,0.7252252252252253,888,644,loftr,-99.59241923349008,scheme_d_local_map,NA,True,126.8156262238928,69.49999999999994
1734763686400,F:\agent\UAV\data\IR-image\1734763686400.jpg,116.17343515570538,38.81201284631109,483.54,116.174913,38.8121171,553.55,386.8790093048975,-12.006272649289473,-25.0419803297749,193.81346322823163,-0.8469806158852704,1.0159997476508662,0.7550776583034647,837,632,loftr,-99.59241923349008,scheme_d_local_map,NA,True,128.56983982162973,70.00999999999993
1734763686600,F:\agent\UAV\data\IR-image\1734763686600.jpg,116.17346222869728,38.81201155115949,483.54,116.1749667,38.8121171,554.05,389.2273515998237,-12.150448925126549,-25.741351775440307,200.3802513919361,-1.3136714176334368,1.013768016211125,0.6733416770963705,799,538,loftr,-99.59241923349008,scheme_d_local_map,NA,True,130.8805120850544,70.50999999999993
1734763686800,F:\agent\UAV\data\IR-image\1734763686800.jpg,116.17351965841613,38.81204409237895,483.54,116.1750206,38.8121171,554.57,394.2088711257808,-8.52796037544897,-38.097098497934894,212.472914765646,-1.2502382171080388,1.0189543795406202,0.6393210749646393,707,452,loftr,-99.59241923349008,scheme_d_local_map,NA,True,130.30050049946715,71.03000000000003
1734763687000,F:\agent\UAV\data\IR-image\1734763687000.jpg,116.17357119444496,38.812051406173595,483.54,116.1750746,38.8121172,555.08,398.67916523593374,-7.713788755473427,-42.44133438122492,224.46423748626444,-1.2513345717286009,1.0245338924117364,0.5778401122019635,713,412,loftr,-99.59241923349008,scheme_d_local_map,NA,True,130.46613008482976,71.54000000000002
1734763687200,F:\agent\UAV\data\IR-image\1734763687200.jpg,116.17361044703425,38.81204900061393,483.54,116.1751288,38.8121173,555.56,402.0839797449357,-7.981575657526099,-43.29274441049006,234.01277095660214,-2.2419896343802583,1.0191717313569795,0.6522491349480969,578,377,loftr,-99.59241923349008,scheme_d_local_map,NA,True,131.77497889021564,72.01999999999992
1734763687400,F:\agent\UAV\data\IR-image\1734763687400.jpg,116.17365997067245,38.81205046948832,483.54,116.1751831,38.8121174,556.02,406.3797167877457,-7.818060560070112,-45.75455494651294,245.82531751851081,-2.041174378153355,1.022920468654116,0.6125,480,294,loftr,-99.59241923349008,scheme_d_local_map,NA,True,132.1794764740703,72.47999999999996
1734763687600,F:\agent\UAV\data\IR-image\1734763687600.jpg,116.17367569343,38.812033255238056,483.54,116.1752375,38.8121174,556.52,407.7435267688814,-9.734350899899589,-41.088864333800586,250.4961578416585,-2.089510417640496,1.0220894277117207,0.5606694560669456,478,268,loftr,-99.59241923349008,scheme_d_local_map,NA,True,135.6440333013,72.97999999999996
1734763687800,F:\agent\UAV\data\IR-image\1734763687800.jpg,116.17371899856431,38.81203070506136,483.54,116.1752921,38.8121174,557.05,411.49986366977316,-10.01823656953467,-42.06013770255748,261.0251065844092,-1.206752977386675,1.019997503645522,0.6030245746691871,529,319,loftr,-99.59241923349008,scheme_d_local_map,NA,True,136.64006528860313,73.50999999999993
1734763688000,F:\agent\UAV\data\IR-image\1734763688000.jpg,116.17375274492687,38.8120054962037,483.54,116.1753468,38.8121175,557.62,414.427061771685,-12.824486604024283,-35.66261351077583,270.439097148002,-1.1253067462625006,1.0184759775802719,0.6741154562383612,537,362,loftr,-99.59241923349008,scheme_d_local_map,NA,True,138.67549683026476,74.07999999999998
1734763688200,F:\agent\UAV\data\IR-image\1734763688200.jpg,116.17379474851147,38.812011929080235,483.54,116.1754015,38.8121175,558.24,418.07050076101416,-12.108378788603835,-39.348696741464664,280.1878552268479,-0.4404885720496617,1.0160939122154806,0.6064356435643564,404,245,loftr,-99.59241923349008,scheme_d_local_map,NA,True,139.70922645726387,74.69999999999999
1734763688400,F:\agent\UAV\data\IR-image\1734763688400.jpg,116.1738342700502,38.81198607602868,483.54,116.1754564,38.8121174,558.88,421.4986442518454,-14.986340487507647,6.361686841125106,10.833966029895919,0.14518630479950292,1.0008132846487663,0.9884858952216465,1737,1717,loftr,-99.59241923349008,scheme_d_local_map,NA,True,141.30419996840953,75.33999999999997
1734763688600,F:\agent\UAV\data\IR-image\1734763688600.jpg,116.17387488693761,38.81201808668297,483.54,116.1755113,38.8121173,559.52,425.0217995403156,-11.422914452305182,-5.14847048917386,18.91803641958893,0.3940376641535485,1.0012368716371662,0.9542782495101241,1531,1461,loftr,-99.59241923349008,scheme_d_local_map,NA,True,142.21370460632707,75.97999999999996
1734763688800,F:\agent\UAV\data\IR-image\1734763688800.jpg,116.17390578246753,38.812037571441316,483.54,116.1755663,38.8121173,560.22,427.70171315746563,-9.253871152785582,-12.405074225444082,25.320522123363617,0.4250044853536967,1.0029758359737801,0.9853431045969354,1501,1479,loftr,-99.59241923349008,scheme_d_local_map,NA,True,144.1465291764597,76.68
1734763689000,F:\agent\UAV\data\IR-image\1734763689000.jpg,116.17397278925704,38.8120164701326,483.54,116.1756214,38.8121174,560.86,433.51395875002066,-11.602868839054093,-8.62249086980006,42.50539603969895,0.19977979118606,1.0035205439290684,0.9840588595953402,1631,1605,loftr,-99.59241923349008,scheme_d_local_map,NA,True,143.28222325096212,77.32
1734763689200,F:\agent\UAV\data\IR-image\1734763689200.jpg,116.17400346680175,38.811989179103094,483.54,116.1756766,38.8121174,561.41,436.17496408037215,-14.64090624341041,-1.4589567575607134,51.29107717020901,0.28005085820210274,1.003972285434432,0.9969268592501537,1627,1622,loftr,-99.59241923349008,scheme_d_local_map,NA,True,145.66619497525878,77.86999999999995
1734763689400,F:\agent\UAV\data\IR-image\1734763689400.jpg,116.17403159591773,38.81198302144008,483.54,116.1757319,38.8121173,562.03,438.61491578653465,-15.326377290397325,-0.703071169133068,58.36458841519209,0.6853204034667906,1.0041285974259957,0.983502538071066,1576,1550,loftr,-99.59241923349008,scheme_d_local_map,NA,True,148.07567105045226,78.48999999999995
1734763689600,F:\agent\UAV\data\IR-image\1734763689600.jpg,116.17405090930914,38.81198271993043,483.54,116.1757872,38.8121173,562.66,440.2901814571383,-15.359941344881241,-1.3937562059281277,63.01680974821937,0.6949469747571622,1.0057493257250978,0.9532533164876816,1583,1509,loftr,-99.59241923349008,scheme_d_local_map,NA,True,151.18144120051224,79.11999999999995
1734763689800,F:\agent\UAV\data\IR-image\1734763689800.jpg,116.17411351799939,38.81201521820982,483.54,116.1758426,38.8121173,563.26,445.72093088677866,-11.742232882985125,-13.946393318447065,76.35501290304614,0.6114979816140039,1.0056009327426867,0.9583333333333334,1368,1311,loftr,-99.59241923349008,scheme_d_local_map,NA,True,150.24376031131493,79.71999999999997
1734763690000,F:\agent\UAV\data\IR-image\1734763690000.jpg,116.17413456023132,38.81197733036002,483.54,116.175898,38.8121173,563.85,447.54615816164824,-15.959908322252627,-3.127131340001199,83.3793225911993,0.7512956255401769,1.005522609514523,0.8773841961852861,1468,1288,loftr,-99.59241923349008,scheme_d_local_map,NA,True,153.58194753919625,80.31
1734763690200,F:\agent\UAV\data\IR-image\1734763690200.jpg,116.1741764321406,38.81196610681563,483.54,116.1759534,38.8121173,564.49,451.1781754834448,-17.209313283756465,-1.36805220461315,94.01580605696256,0.2825764980517093,1.0051007310754836,0.8558682223747426,1457,1247,loftr,-99.59241923349008,scheme_d_local_map,NA,True,154.87859388838837,80.94999999999999
1734763690400,F:\agent\UAV\data\IR-image\1734763690400.jpg,116.17422844068076,38.81195602423294,483.54,116.1760089,38.8121174,565.1,455.6894557671377,-18.331706389327074,-0.37175624281837827,107.02635991291953,-0.5158857743551336,1.0050229586507524,0.9515789473684211,1425,1356,loftr,-99.59241923349008,scheme_d_local_map,NA,True,155.30608012755567,81.56
1734763690600,F:\agent\UAV\data\IR-image\1734763690600.jpg,116.17426701317868,38.81196148569841,483.54,116.1760645,38.8121177,565.67,459.0352783719808,-17.723736052964313,-3.61934932009666,116.00200428831539,-1.4207725328732828,1.00912524214253,0.8749028749028749,1287,1126,loftr,-99.59241923349008,scheme_d_local_map,NA,True,156.70696003323363,82.12999999999994
1734763690800,F:\agent\UAV\data\IR-image\1734763690800.jpg,116.17432164041531,38.81196026189163,483.54,116.1761201,38.8121177,566.25,463.77370738328847,-17.859970223869603,-5.458625489080589,129.17996301845733,-1.7653403482696848,1.0080307747986883,0.8166666666666667,1260,1029,loftr,-99.59241923349008,scheme_d_local_map,NA,True,156.80586053428593,82.70999999999998
1734763691000,F:\agent\UAV\data\IR-image\1734763691000.jpg,116.17436886289468,38.81200922982575,483.54,116.1761758,38.8121175,566.77,467.8698392766971,-12.408859797898234,-22.461202811600856,137.9668895334314,-1.0566028025888534,1.0102635122815695,0.753448275862069,1160,874,loftr,-99.59241923349008,scheme_d_local_map,NA,True,157.02224198872614,83.22999999999996
1734763691200,F:\agent\UAV\data\IR-image\1734763691200.jpg,116.17440127016597,38.81202440166689,483.54,116.1762315,38.8121172,567.3,470.6808830697603,-10.719930442166625,-28.45036084406064,144.95686100298394,-1.0842545521174658,1.0136535727753901,0.7891617273497037,1181,932,loftr,-99.59241923349008,scheme_d_local_map,NA,True,158.91355590637204,83.75999999999993
1734763691400,F:\agent\UAV\data\IR-image\1734763691400.jpg,116.17443676828464,38.81205273719717,483.54,116.1762871,38.8121169,567.85,473.7600305000884,-7.5656192114144645,-38.620560717637545,152.00343687384918,-0.0300713854723946,1.0085071055745551,0.6949602122015915,1131,786,loftr,-99.59241923349008,scheme_d_local_map,NA,True,160.4785370046623,84.31
1734763691600,F:\agent\UAV\data\IR-image\1734763691600.jpg,116.1744757251527,38.812076910220874,483.54,116.1763428,38.8121167,568.39,477.1391938118297,-4.874678212805398,-47.64864887409368,160.0970807413163,-0.17517950694747167,1.0087515532921114,0.8108597285067873,1105,896,loftr,-99.59241923349008,scheme_d_local_map,NA,True,161.83101803962663,84.84999999999997
1734763691800,F:\agent\UAV\data\IR-image\1734763691800.jpg,116.17450118060019,38.811968324469774,483.54,116.1763985,38.8121167,568.92,479.3472284534965,-16.96244402492879,-15.226908749338179,171.86196689435866,-0.17919489509843284,1.0107040028582754,0.7929050814956855,1043,827,loftr,-99.59241923349008,scheme_d_local_map,NA,True,165.21699809541528,85.37999999999994
1734763692000,F:\agent\UAV\data\IR-image\1734763692000.jpg,116.17453860176691,38.81195312922851,483.54,116.1764542,38.8121167,569.42,482.59318327276196,-18.653978281693334,-12.06360311888227,181.6367693668717,-0.2634966834383068,1.0079214151498526,0.8101145038167938,1048,849,loftr,-99.59241923349008,scheme_d_local_map,NA,True,166.9685228390796,85.87999999999994
1734763692200,F:\agent\UAV\data\IR-image\1734763692200.jpg,116.17458395930079,38.811971169962014,483.54,116.17651,38.8121167,569.93,486.5275476617165,-16.64568382883487,-19.462061660765187,191.58630336676947,-0.2837044758094921,1.0086502418514496,0.7045889101338432,1046,737,loftr,-99.59241923349008,scheme_d_local_map,NA,True,167.66243128819983,86.38999999999993
1734763692400,F:\agent\UAV\data\IR-image\1734763692400.jpg,116.17463643866802,38.8119924343345,483.54,116.1765658,38.8121166,570.43,491.07966802221017,-14.278533883657865,-28.142646108233293,203.07771104799326,-0.37091565786917685,1.0099878209458428,0.7416413373860182,987,732,loftr,-99.59241923349008,scheme_d_local_map,NA,True,167.73655008103137,86.88999999999993
1734763692600,F:\agent\UAV\data\IR-image\1734763692600.jpg,116.17467666664281,38.81199716357627,483.54,116.1766216,38.8121166,570.97,494.5690885864303,-13.752074689510659,-31.23181176528675,212.4889075245402,-0.38020220748223976,1.0091513873064752,0.6050955414012739,942,570,loftr,-99.59241923349008,scheme_d_local_map,NA,True,169.03909525914568,87.43
1734763692800,F:\agent\UAV\data\IR-image\1734763692800.jpg,116.17471177707824,38.81200746563041,483.54,116.1766773,38.8121164,571.53,497.61460792997093,-12.605250022964032,-35.830294501701985,220.38138209144455,0.6528073429197179,1.014074797611864,0.529276693455798,871,461,loftr,-99.59241923349008,scheme_d_local_map,NA,True,170.73076337560244,87.98999999999995
1734763693000,F:\agent\UAV\data\IR-image\1734763693000.jpg,116.17474601015793,38.8120022131226,483.54,116.1767331,38.8121162,572.09,500.58402443175106,-13.18995919230193,-35.60092939501209,228.87312841140266,1.000919941432716,1.017170461573561,0.5385542168674698,830,447,loftr,-99.59241923349008,scheme_d_local_map,NA,True,172.63509219265552,88.55000000000001
1734763693200,F:\agent\UAV\data\IR-image\1734763693200.jpg,116.17477661668467,38.811978499081256,483.54,116.1767887,38.812116,572.66,503.2388695823794,-15.829806274523925,-29.536559049792686,237.45551342276121,-0.12205432045925285,1.0134262632970477,0.6595492289442467,843,556,loftr,-99.59241923349008,scheme_d_local_map,NA,True,175.00390518547178,89.11999999999995
1734763693400,F:\agent\UAV\data\IR-image\1734763693400.jpg,116.17481606695395,38.81197237426593,483.54,116.1768444,38.8121158,573.23,506.6608310792142,-16.511620716775003,-29.250112587615888,247.24515807551666,-0.5267601009235898,1.0160671535670283,0.5501222493887531,818,450,loftr,-99.59241923349008,scheme_d_local_map,NA,True,176.46483289328646,89.69
1734763693600,F:\agent\UAV\data\IR-image\1734763693600.jpg,116.17484304575446,38.81199862038495,483.54,116.1769001,38.8121158,573.77,509.0010031049129,-13.589902747709944,-38.430935800320924,252.35531214698256,-0.6652473757790535,1.0164194623734921,0.5230769230769231,780,408,loftr,-99.59241923349008,scheme_d_local_map,NA,True,178.7068125245024,90.22999999999996
1734763693800,F:\agent\UAV\data\IR-image\1734763693800.jpg,116.17487522686389,38.81201366589328,483.54,116.1769557,38.8121157,574.31,511.7924293605715,-11.915036760065684,-44.37199579498815,259.2975673621212,0.14082197131641222,1.0169945764691113,0.5665236051502146,699,396,loftr,-99.59241923349008,scheme_d_local_map,NA,True,180.6169521340633,90.76999999999992
1734763694000,F:\agent\UAV\data\IR-image\1734763694000.jpg,116.17492388850081,38.8120313716561,483.54,116.1770114,38.8121157,574.84,516.0133954271607,-9.944031243331873,-51.80130544466857,270.05775120971794,-0.5380482780637806,1.0150211257776403,0.5996932515337423,652,391,loftr,-99.59241923349008,scheme_d_local_map,NA,True,181.11296269516632,91.30000000000001
1734763694200,F:\agent\UAV\data\IR-image\1734763694200.jpg,116.17496514917187,38.812018607440336,483.54,116.1770672,38.8121157,575.37,519.5923932453197,-11.364943741731468,-49.54275720824546,280.6277159314436,-0.16512305226775256,1.0149023784643902,0.7054263565891473,645,455,loftr,-99.59241923349008,scheme_d_local_map,NA,True,182.44952735200786,91.82999999999998
1734763694400,F:\agent\UAV\data\IR-image\1734763694400.jpg,116.17502464053136,38.812029772046955,483.54,116.1771229,38.8121157,575.89,524.7527418395694,-10.122099733070902,-5.853405851989862,13.700636517532132,-0.07519393424330735,1.000891301343009,0.991875,1600,1587,loftr,-99.59241923349008,scheme_d_local_map,NA,True,182.05221630894508,92.34999999999997
1734763694600,F:\agent\UAV\data\IR-image\1734763694600.jpg,116.17504851380177,38.812006470527486,483.54,116.1771785,38.8121158,576.43,526.8235366309083,-12.716024880246927,0.35704936441533164,20.645104640830482,-0.14930259279753708,1.0012431519514595,0.8962585034013606,1764,1581,loftr,-99.59241923349008,scheme_d_local_map,NA,True,184.95023835497344,92.88999999999993
1734763694800,F:\agent\UAV\data\IR-image\1734763694800.jpg,116.17509727214804,38.81199328302201,483.54,116.1772341,38.8121158,577.01,531.0528913765519,-14.184057989949302,2.441816416486404,33.03705922702801,-0.1961276282243009,1.0017756641697186,0.9715116279069768,1720,1671,loftr,-99.59241923349008,scheme_d_local_map,NA,True,185.64361086618015,93.46999999999997
1734763695000,F:\agent\UAV\data\IR-image\1734763695000.jpg,116.17512586264756,38.8119708943504,483.54,116.1772897,38.8121159,577.59,533.5328640195027,-16.676364913363614,8.179643344820647,41.06645164259493,-0.07438936738318652,1.0021056280254699,0.9987886129618413,1651,1649,loftr,-99.59241923349008,scheme_d_local_map,NA,True,188.1753734690243,94.05000000000001
1734763695200,F:\agent\UAV\data\IR-image\1734763695200.jpg,116.17515439386038,38.81193567004175,483.54,116.1773453,38.8121159,578.2,536.0076940655592,-20.597534952672632,17.874445837217365,49.74993853251874,0.09855704485496533,1.0045049355496403,0.9620170268500328,1527,1469,loftr,-99.59241923349008,scheme_d_local_map,NA,True,190.88364058048552,94.66000000000003
1734763695400,F:\agent\UAV\data\IR-image\1734763695400.jpg,116.17519398135262,38.811925347962,483.54,116.1774008,38.812116,578.81,539.4415584389218,-21.746588870132566,19.448472800629702,59.7910695970848,0.18297552087062505,1.0056807793696965,0.9706862091938707,1501,1457,loftr,-99.59241923349008,scheme_d_local_map,NA,True,192.37906608749535,95.26999999999992
1734763695600,F:\agent\UAV\data\IR-image\1734763695600.jpg,116.17521971776804,38.8119271640798,483.54,116.1774563,38.8121161,579.41,541.6739645609681,-21.544418637203506,17.844768211961934,65.87499096003626,-0.052552170762878894,1.0042489287243541,0.9384413883431565,1527,1433,loftr,-99.59241923349008,scheme_d_local_map,NA,True,194.92173945262778,95.86999999999995
1734763695800,F:\agent\UAV\data\IR-image\1734763695800.jpg,116.17525702066476,38.81191839424612,483.54,116.1775117,38.8121163,580.0,544.9096605056978,-22.520676521739148,19.033249026724093,75.28684182384683,-0.14158233992931077,1.0051407498025762,0.9078771695594126,1498,1360,loftr,-99.59241923349008,scheme_d_local_map,NA,True,196.58984248220432,96.45999999999998
1734763696000,F:\agent\UAV\data\IR-image\1734763696000.jpg,116.17529018669305,38.81192085023952,483.54,116.1775672,38.8121164,580.57,547.786519748819,-22.247275337265386,16.93097084830282,83.12105647217606,-0.13251964052846937,1.0040749481135491,0.9011235955056179,1335,1203,loftr,-99.59241923349008,scheme_d_local_map,NA,True,198.48402775649467,97.03000000000003
1734763696200,F:\agent\UAV\data\IR-image\1734763696200.jpg,116.17532309091251,38.81192433944684,483.54,116.1776227,38.8121165,581.15,550.640669395285,-21.858856777714884,14.520988708958953,90.83862177592704,-0.05522502231393182,1.0082602844801931,0.9402420574886535,1322,1243,loftr,-99.59241923349008,scheme_d_local_map,NA,True,200.3896063715695,97.60999999999996
1734763696400,F:\agent\UAV\data\IR-image\1734763696400.jpg,116.17535300582178,38.811923347521486,483.54,116.1776782,38.8121165,581.74,553.235522853062,-21.969277908207154,13.61289381837787,98.07187420936128,-0.12701129171079031,1.006724654894272,0.9424778761061947,1356,1278,loftr,-99.59241923349008,scheme_d_local_map,NA,True,202.6055628428802,98.19999999999999
1734763696600,F:\agent\UAV\data\IR-image\1734763696600.jpg,116.17538394744466,38.811914129394715,483.54,116.1777337,38.8121165,582.35,555.9194346267833,-22.995439780123853,15.197578608528318,105.9799301905922,-0.6649093669064913,1.0070885175277307,0.8100078186082877,1279,1036,loftr,-99.59241923349008,scheme_d_local_map,NA,True,204.83161658178548,98.81
1734763696800,F:\agent\UAV\data\IR-image\1734763696800.jpg,116.17543102127023,38.811924342085966,483.54,116.1777892,38.8121165,582.96,560.0026721197627,-21.85856299068309,10.141252301266547,116.74908178870419,-1.2395232907730964,1.0094072684548996,0.7473363774733638,1314,982,loftr,-99.59241923349008,scheme_d_local_map,NA,True,205.43606093333196,99.42000000000002
1734763697000,F:\agent\UAV\data\IR-image\1734763697000.jpg,116.1754693348126,38.81191774457372,483.54,116.1778448,38.8121165,583.56,563.3260326239944,-22.592998054018317,10.619452383609882,126.2904474108675,-1.499148716709394,1.0103900093526872,0.7595628415300546,1281,973,loftr,-99.59241923349008,scheme_d_local_map,NA,True,207.00281068229452,100.01999999999992
1734763697200,F:\agent\UAV\data\IR-image\1734763697200.jpg,116.17549368467647,38.811903803848516,483.54,116.1779005,38.8121164,584.16,565.4381676779038,-24.14487958344906,13.926575981763335,132.86193143104407,-1.5413107477114005,1.0069441091402647,0.7623682076236821,1233,940,loftr,-99.59241923349008,scheme_d_local_map,NA,True,209.87158244050326,100.61999999999995
1734763697400,F:\agent\UAV\data\IR-image\1734763697400.jpg,116.17553901721314,38.81191799653199,483.54,116.1779562,38.8121162,584.77,569.3703637798479,-22.56495005936681,7.7146889791936815,143.00582507969227,-0.961388885424656,1.0127362646412004,0.7145256087321579,1191,851,loftr,-99.59241923349008,scheme_d_local_map,NA,True,210.59064932705232,101.22999999999996
1734763697600,F:\agent\UAV\data\IR-image\1734763697600.jpg,116.17558295803668,38.81196207896573,483.54,116.1780119,38.8121158,585.36,573.1818410921645,-17.657693535673886,-7.6495572561047425,151.2593106342258,-0.7741690703862174,1.0102070086676118,0.8817021276595745,1175,1036,loftr,-99.59241923349008,scheme_d_local_map,NA,True,211.14602578082128,101.82
1734763697800,F:\agent\UAV\data\IR-image\1734763697800.jpg,116.1756084041702,38.811985141920616,483.54,116.1780678,38.8121156,585.94,575.3890678291139,-15.0903253974346,-15.787486835219113,156.1672621239111,-0.8279022994564768,1.0097559312705777,0.7319679430097952,1123,822,loftr,-99.59241923349008,scheme_d_local_map,NA,True,213.58481591402537,102.40000000000003
1734763698000,F:\agent\UAV\data\IR-image\1734763698000.jpg,116.1756471356058,38.81195013219854,483.54,116.1781236,38.8121156,586.53,578.748676870988,-18.987607658653445,-6.572637842637505,167.28832036428162,-1.1607533779880241,1.0096946092353212,0.7084837545126353,1108,785,loftr,-99.59241923349008,scheme_d_local_map,NA,True,215.357976980331,102.98999999999995
1734763698200,F:\agent\UAV\data\IR-image\1734763698200.jpg,116.17567462044764,38.811940049695444,483.54,116.1781797,38.8121155,587.11,581.1327435006166,-20.109991903429197,-4.581397086814945,174.41152115549505,-0.34751180077748955,1.011620907335501,0.763671875,1024,782,loftr,-99.59241923349008,scheme_d_local_map,NA,True,217.92492460501714,103.57
1734763698400,F:\agent\UAV\data\IR-image\1734763698400.jpg,116.1757023514131,38.81189564593259,483.54,116.1782358,38.8121154,587.69,583.5381591748861,-25.053018784604216,7.973998620139525,183.38085125470224,-0.3006549260211986,1.0081998625418496,0.7305801376597837,1017,743,loftr,-99.59241923349008,scheme_d_local_map,NA,True,220.8638760146384,104.15000000000003
1734763698600,F:\agent\UAV\data\IR-image\1734763698600.jpg,116.17573670153298,38.81188646900086,483.54,116.1782921,38.8121153,588.27,586.5177278778191,-26.07459482449437,9.407702823230522,192.1050324697481,-0.09763939252178015,1.0097112141073976,0.7162426614481409,1022,732,loftr,-99.59241923349008,scheme_d_local_map,NA,True,222.8671153311991,104.72999999999996
1734763698800,F:\agent\UAV\data\IR-image\1734763698800.jpg,116.17577935099,38.811886359014764,483.54,116.1783485,38.8121151,588.86,590.2171905794676,-26.08683847652985,7.7112257341702275,202.34951814166675,-0.25869593465516505,1.009285653104847,0.7077267637178052,893,632,loftr,-99.59241923349008,scheme_d_local_map,NA,True,224.04963160931462,105.32
1734763699000,F:\agent\UAV\data\IR-image\1734763699000.jpg,116.17582331803895,38.81191188711016,483.54,116.178405,38.8121148,589.48,594.0309427147993,-23.24505089646921,-1.937622354460757,211.57538881509106,1.047880095439658,1.012397647994119,0.6740506329113924,948,639,loftr,-99.59241923349008,scheme_d_local_map,NA,True,224.82214882937546,105.94
1734763699200,F:\agent\UAV\data\IR-image\1734763699200.jpg,116.17585954088338,38.811922537261474,483.54,116.1784617,38.8121144,590.12,597.172953687487,-22.05947605310172,-6.688483777163697,219.71679213942338,1.4024690848887644,1.0133615431392475,0.6607369758576874,787,520,loftr,-99.59241923349008,scheme_d_local_map,NA,True,226.4684141620473,106.57999999999998
1734763699400,F:\agent\UAV\data\IR-image\1734763699400.jpg,116.17590080697214,38.81193054582919,483.54,116.1785184,38.8121142,590.75,600.7524214433168,-21.16796229474273,-10.830104970567845,229.20645800026762,1.4631385668264245,1.01082544055987,0.7198538367844093,821,591,loftr,-99.59241923349008,scheme_d_local_map,NA,True,227.71607548875616,107.20999999999998
1734763699600,F:\agent\UAV\data\IR-image\1734763699600.jpg,116.17593822398739,38.811946253159746,483.54,116.1785753,38.812114,591.38,603.9980161597226,-19.419422257455558,-17.187497625721562,237.3712254784017,1.150312022240341,1.0160763679791767,0.7314662273476112,607,444,loftr,-99.59241923349008,scheme_d_local_map,NA,True,229.2466872352425,107.83999999999997
1734763699800,F:\agent\UAV\data\IR-image\1734763699800.jpg,116.17597170914311,38.81193080518006,483.54,116.1786322,38.8121139,592.04,606.9025568824594,-21.139091355963735,-13.78663420233238,246.2142782865199,0.4851128459944287,1.0129082227410544,0.7895569620253164,632,499,loftr,-99.59241923349008,scheme_d_local_map,NA,True,231.412695340143,108.49999999999994
1734763700000,F:\agent\UAV\data\IR-image\1734763700000.jpg,116.17601237544508,38.811913115573304,483.54,116.1786892,38.8121138,592.71,610.4299984462752,-23.108298379543825,-9.98649278097895,256.89800994025416,0.21462671426972355,1.0114661995160403,0.7670364500792393,631,484,loftr,-99.59241923349008,scheme_d_local_map,NA,True,233.00166443394073,109.17000000000002
1734763700200,F:\agent\UAV\data\IR-image\1734763700200.jpg,116.1760588493211,38.811913018225084,483.54,116.1787463,38.8121137,593.34,614.4611956280418,-23.11913518402449,-11.842026874515057,268.05995722184844,0.346115497239616,1.0103337556795267,0.8,600,480,loftr,-99.59241923349008,scheme_d_local_map,NA,True,233.91811028754373,109.80000000000001
1734763700400,F:\agent\UAV\data\IR-image\1734763700400.jpg,116.1760938887149,38.8119106913811,483.54,116.1788036,38.8121135,593.97,617.5005527398102,-23.378159455970806,-0.7047250756420453,8.532982560832522,-0.01540495278866667,1.0001429578949657,0.9988925802879292,1806,1804,loftr,-99.59241923349008,scheme_d_local_map,NA,True,235.8606309844168,110.43
1734763700600,F:\agent\UAV\data\IR-image\1734763700600.jpg,116.1761110599167,38.81187524154183,483.54,116.1788608,38.8121133,594.66,618.9900024326321,-27.324435564201348,9.52045733562312,14.501040194575012,-0.0519311291639841,0.9976446318828067,0.8226950354609929,1692,1392,loftr,-99.59241923349008,scheme_d_local_map,NA,True,239.71440426800487,111.11999999999995
1734763700800,F:\agent\UAV\data\IR-image\1734763700800.jpg,116.17619198067673,38.81195147459906,483.54,116.1789181,38.812113,595.35,626.009161749223,-18.83817163239582,-17.2495123105831,29.958193606846066,0.3820371501656309,1.01137244311666,0.5871313672922251,1492,876,loftr,-99.59241923349008,scheme_d_local_map,NA,True,236.88353593763347,111.81
1734763701000,F:\agent\UAV\data\IR-image\1734763701000.jpg,116.1762101271979,38.81197212365637,483.54,116.1789755,38.8121128,595.96,627.583211759273,-16.53951857341266,-24.34757885417889,33.23943070711033,0.6512357678385213,1.00548123675238,0.8529005524861878,1448,1235,loftr,-99.59241923349008,scheme_d_local_map,NA,True,240.1127577102444,112.42000000000002
1734763701200,F:\agent\UAV\data\IR-image\1734763701200.jpg,116.17624769923759,38.81196030434483,483.54,116.1790329,38.8121126,596.6,630.8422534716068,-17.85524433389957,-22.230494790415833,42.87467464647062,0.60031489334,1.0021945150074607,0.8851644941030415,1611,1426,loftr,-99.59241923349008,scheme_d_local_map,NA,True,241.914135355431,113.06
1734763701400,F:\agent\UAV\data\IR-image\1734763701400.jpg,116.17627601000453,38.81194116252352,483.54,116.1790903,38.8121126,597.28,633.2979617904008,-19.9861118820329,-17.48165054077606,50.667854949449065,0.7237187049023692,1.0046575924292669,0.8727868852459016,1525,1331,loftr,-99.59241923349008,scheme_d_local_map,NA,True,244.5851361455275,113.73999999999995
1734763701600,F:\agent\UAV\data\IR-image\1734763701600.jpg,116.17632130073076,38.81193038629481,483.54,116.1791477,38.8121127,598.01,637.2265312059915,-21.185721661844386,-15.999093626088097,62.10179520476163,0.7694226294937332,1.0041652371303544,0.7784552845528455,1476,1149,loftr,-99.59241923349008,scheme_d_local_map,NA,True,245.7279876571014,114.46999999999997
1734763701800,F:\agent\UAV\data\IR-image\1734763701800.jpg,116.17634749022889,38.81189630048661,483.54,116.1792051,38.8121126,598.79,639.4982382405882,-24.980153831175272,-6.560047717830287,70.16383237257611,1.0032936588317851,1.0074543956406004,0.721835883171071,1438,1038,loftr,-99.59241923349008,scheme_d_local_map,NA,True,248.76003153910236,115.24999999999994
1734763702000,F:\agent\UAV\data\IR-image\1734763702000.jpg,116.17639408003438,38.811889838758965,483.54,116.1792625,38.8121126,599.61,643.5394912786845,-25.699473351896607,-6.4594643908067155,81.68499176154847,0.8923623751231996,1.0096524414143437,0.7629204265791633,1219,930,loftr,-99.59241923349008,scheme_d_local_map,NA,True,249.76254308396557,116.07
1734763702200,F:\agent\UAV\data\IR-image\1734763702200.jpg,116.17643810563862,38.811866256830434,483.54,116.1793199,38.8121126,600.4,647.3583225649412,-28.324613636436865,-0.9802325143908774,93.48198556091648,1.2892051205417114,1.0094033242449432,0.7975206611570248,1452,1158,loftr,-99.59241923349008,scheme_d_local_map,NA,True,251.18812034833394,116.85999999999996
1734763702400,F:\agent\UAV\data\IR-image\1734763702400.jpg,116.17649428777368,38.811899384968086,483.54,116.1793776,38.8121126,601.04,652.2316252447763,-24.63678935249829,-13.466187983196335,105.24458458883225,1.1614697426079004,1.0064901229343295,0.7214912280701754,1368,987,loftr,-99.59241923349008,scheme_d_local_map,NA,True,250.94401143623833,117.49999999999994
1734763702600,F:\agent\UAV\data\IR-image\1734763702600.jpg,116.17652140999233,38.811873394066275,483.54,116.1794354,38.8121127,601.61,654.584237524668,-27.530096542642855,-6.558968344305015,113.10905142977367,1.0286443963032597,1.002556046231713,0.6648976497346475,1319,877,loftr,-99.59241923349008,scheme_d_local_map,NA,True,253.8780031059036,118.07
1734763702800,F:\agent\UAV\data\IR-image\1734763702800.jpg,116.17655109773658,38.81183281578895,483.54,116.179493,38.8121129,602.28,657.1593864296071,-32.04727037489837,4.738432031856064,122.34895521291253,1.2219212786663185,1.0069959504910488,0.6457326892109501,1242,802,loftr,-99.59241923349008,scheme_d_local_map,NA,True,256.79370855572034,118.73999999999995
1734763703000,F:\agent\UAV\data\IR-image\1734763703000.jpg,116.17656910565833,38.8118230067852,483.54,116.1795505,38.8121127,602.97,658.7214141679682,-33.139208672304235,7.029904763897889,127.18281259328472,1.4671913254973048,1.0045894658728431,0.6285942492012779,1252,787,loftr,-99.59241923349008,scheme_d_local_map,NA,True,260.3206045986362,119.43
1734763703200,F:\agent\UAV\data\IR-image\1734763703200.jpg,116.1766083753363,38.81183294260722,483.54,116.1796079,38.8121123,603.69,662.1277109681338,-32.033152964985234,2.37550784535091,136.09285614255862,2.2183618584034774,1.0041466567577435,0.4934210526315789,1216,600,loftr,-99.59241923349008,scheme_d_local_map,NA,True,261.7405863641527,120.15000000000003
1734763703400,F:\agent\UAV\data\IR-image\1734763703400.jpg,116.17666476183282,38.811865956055726,483.54,116.1796651,38.8121122,604.39,667.0187401957268,-28.358095877077933,-10.08340399925828,147.9104874141325,2.9154330430853896,1.00259587093157,0.4933444259567388,1202,593,loftr,-99.59241923349008,scheme_d_local_map,NA,True,261.3992162737016,120.84999999999997
1734763703600,F:\agent\UAV\data\IR-image\1734763703600.jpg,116.17669048662486,38.81188021329935,483.54,116.1797222,38.812112,605.12,669.250138092829,-26.77097951668669,-15.519661053758796,153.3438325302841,2.798019760455891,1.0044403727143643,0.5585106382978723,1128,630,loftr,-99.59241923349008,scheme_d_local_map,NA,True,263.94103773177665,121.57999999999998
1734763703800,F:\agent\UAV\data\IR-image\1734763703800.jpg,116.1767353440596,38.811896591942876,483.54,116.179779,38.8121118,605.85,673.1411233075661,-24.947708918816144,-22.385751378615794,163.25985072623678,3.8220400319807575,1.0132149216782935,0.49413886384129846,1109,548,loftr,-99.59241923349008,scheme_d_local_map,NA,True,264.7978769096116,122.31
1734763704000,F:\agent\UAV\data\IR-image\1734763704000.jpg,116.17677611679477,38.81193160984651,483.54,116.1798355,38.8121116,606.59,676.67779701031,-21.04951588627985,-34.82874426303084,171.22475336393393,2.8551575932776085,1.0081071319088697,0.5892156862745098,1020,601,loftr,-99.59241923349008,scheme_d_local_map,NA,True,265.8314561174487,123.05000000000001
1734763704200,F:\agent\UAV\data\IR-image\1734763704200.jpg,116.17679930882468,38.81190482626757,483.54,116.1798915,38.8121112,607.4,678.6895002218333,-24.031063894114503,-27.517851704787347,178.1869818586025,3.8693172801134774,1.0073645626888572,0.4980430528375734,1022,509,loftr,-99.59241923349008,scheme_d_local_map,NA,True,268.90059592212447,123.85999999999996
1734763704400,F:\agent\UAV\data\IR-image\1734763704400.jpg,116.1768384846351,38.81192152400758,483.54,116.1799472,38.8121108,608.21,682.0876548430901,-22.172271476262654,-34.25173999616675,186.72241057885157,2.8033168718722545,1.0079769270942185,0.5170630816959669,967,500,loftr,-99.59241923349008,scheme_d_local_map,NA,True,270.1723426499982,124.67000000000002
1734763704600,F:\agent\UAV\data\IR-image\1734763704600.jpg,116.17688615485399,38.81194440019787,483.54,116.1800025,38.8121105,609.02,686.2226241746745,-19.625693972855668,-43.233798705738025,196.9753725732752,3.8294362724255224,1.0091054263948873,0.5146579804560261,921,474,loftr,-99.59241923349008,scheme_d_local_map,NA,True,270.64329875930616,125.47999999999996
1734763704800,F:\agent\UAV\data\IR-image\1734763704800.jpg,116.17694692694964,38.811934641456894,483.54,116.1800576,38.8121101,609.75,691.4940652890017,-20.71203701848144,-42.692828885001404,212.0729115956882,2.7735945763181853,1.0129893405226442,0.5028768699654775,869,437,loftr,-99.59241923349008,scheme_d_local_map,NA,True,270.22615310847027,126.20999999999998
1734763705000,F:\agent\UAV\data\IR-image\1734763705000.jpg,116.17696558951236,38.81195013960244,483.54,116.1801124,38.8121096,610.47,693.1128773332172,-18.98678345672859,-48.22487216904119,215.74623184110965,4.404003677370592,1.0114513078142207,0.5621301775147929,845,475,loftr,-99.59241923349008,scheme_d_local_map,NA,True,273.2279285678148,126.93
1734763705200,F:\agent\UAV\data\IR-image\1734763705200.jpg,116.17698177928283,38.81196012710624,483.54,116.1801668,38.8121092,611.23,694.5171965477124,-17.874974533752102,-51.95879968374379,219.11284310379062,4.540001170139953,1.008624824043604,0.503015681544029,829,417,loftr,-99.59241923349008,scheme_d_local_map,NA,True,276.4600405959249,127.69
1734763705400,F:\agent\UAV\data\IR-image\1734763705400.jpg,116.17703884659275,38.81195142513554,483.54,116.180221,38.8121089,611.97,699.4672803091296,-18.843677911976243,-51.59310377686916,233.26595855106694,3.474888385276212,1.0111667659919805,0.5119496855345912,795,407,loftr,-99.59241923349008,scheme_d_local_map,NA,True,276.26971154320483,128.43
1734763705600,F:\agent\UAV\data\IR-image\1734763705600.jpg,116.17707322989588,38.81197005589328,483.54,116.1802749,38.8121086,612.66,702.4497273650726,-16.7697019600256,-58.72810094275053,240.55021229189697,4.506803925144275,1.0092081343239991,0.5756756756756757,740,426,loftr,-99.59241923349008,scheme_d_local_map,NA,True,277.83263363914756,129.11999999999995
1734763705800,F:\agent\UAV\data\IR-image\1734763705800.jpg,116.17709337056183,38.81195671317337,483.54,116.1803286,38.8121084,613.35,704.1967517754767,-18.255013540448154,-55.43444408292498,246.08006666414963,4.719750825140989,1.007976759673473,0.4904109589041096,730,358,loftr,-99.59241923349008,scheme_d_local_map,NA,True,280.8199309540118,129.81
1734763706000,F:\agent\UAV\data\IR-image\1734763706000.jpg,116.17709337077366,38.81195671559512,483.54,116.1803819,38.8121083,614.08,704.1967701492792,-18.254743951388875,-55.43519880082732,246.0799914202476,4.719851552209224,1.0079790310695478,0.4904109589041096,730,358,loftr,-99.59241923349008,scheme_d_local_map,NA,True,285.4291578633149,130.54000000000002
1734763706200,F:\agent\UAV\data\IR-image\1734763706200.jpg,116.17709337077366,38.81195671559512,483.54,116.180435,38.812108,614.75,704.1967701492792,-18.254743951388875,-55.43519880082732,246.0799914202476,4.719851552209224,1.0079790310695478,0.4904109589041096,730,358,loftr,-99.59241923349008,scheme_d_local_map,NA,True,290.02011164772296,131.20999999999998
1734763706400,F:\agent\UAV\data\IR-image\1734763706400.jpg,116.17709342910378,38.811956702226674,483.54,116.180488,38.8121077,615.34,704.2018297701161,-18.25623212675049,0.001752170079669213,0.014699248490899208,-0.00045411917857476403,1.0000157436245434,1.0,1848,1848,loftr,-99.59241923349008,scheme_d_local_map,NA,True,294.5977648845427,131.8
1734763706600,F:\agent\UAV\data\IR-image\1734763706600.jpg,116.17709342910378,38.811956702226674,483.54,116.1805407,38.8121075,615.98,704.2018297701161,-18.25623212675049,0.001752170079669213,0.014699248490899208,-0.00045411917857476403,1.0000157436245434,1.0,1848,1848,loftr,-99.59241923349008,scheme_d_local_map,NA,True,299.15534333459635,132.44
1734763706800,F:\agent\UAV\data\IR-image\1734763706800.jpg,116.17709342910378,38.811956702226674,483.54,116.1805932,38.8121074,616.62,704.2018297701161,-18.25623212675049,0.001752170079669213,0.014699248490899208,-0.00045411917857476403,1.0000157436245434,1.0,1848,1848,loftr,-99.59241923349008,scheme_d_local_map,NA,True,303.69649115468843,133.07999999999998
1734763707000,F:\agent\UAV\data\IR-image\1734763707000.jpg,116.17709342910378,38.811956702226674,483.54,116.1806455,38.8121073,617.18,704.2018297701161,-18.25623212675049,0.001752170079669213,0.014699248490899208,-0.00045411917857476403,1.0000157436245434,1.0,1848,1848,loftr,-99.59241923349008,scheme_d_local_map,NA,True,308.2205620237804,133.63999999999993
1734763707200,F:\agent\UAV\data\IR-image\1734763707200.jpg,116.17709342910378,38.811956702226674,483.54,116.1806975,38.8121071,617.74,704.2018297701161,-18.25623212675049,0.001752170079669213,0.014699248490899208,-0.00045411917857476403,1.0000157436245434,1.0,1848,1848,loftr,-99.59241923349008,scheme_d_local_map,NA,True,312.71829717970263,134.2
1734763707400,F:\agent\UAV\data\IR-image\1734763707400.jpg,116.17709342910378,38.811956702226674,483.54,116.1807493,38.812107,618.32,704.2018297701161,-18.25623212675049,0.001752170079669213,0.014699248490899208,-0.00045411917857476403,1.0000157436245434,1.0,1848,1848,loftr,-99.59241923349008,scheme_d_local_map,NA,True,317.1995345266374,134.78000000000003
1734763707600,F:\agent\UAV\data\IR-image\1734763707600.jpg,116.17709342910378,38.811956702226674,483.54,116.180801,38.8121069,618.87,704.2018297701161,-18.25623212675049,0.001752170079669213,0.014699248490899208,-0.00045411917857476403,1.0000157436245434,1.0,1848,1848,loftr,-99.59241923349008,scheme_d_local_map,NA,True,321.6723124421839,135.32999999999998
1734763707800,F:\agent\UAV\data\IR-image\1734763707800.jpg,116.17709342910378,38.811956702226674,483.54,116.1808524,38.8121067,619.42,704.2018297701161,-18.25623212675049,0.001752170079669213,0.014699248490899208,-0.00045411917857476403,1.0000157436245434,1.0,1848,1848,loftr,-99.59241923349008,scheme_d_local_map,NA,True,326.11874722471686,135.87999999999994
1734763708000,F:\agent\UAV\data\IR-image\1734763708000.jpg,116.17709342910378,38.811956702226674,483.54,116.1809036,38.8121066,620.01,704.2018297701161,-18.25623212675049,0.001752170079669213,0.014699248490899208,-0.00045411917857476403,1.0000157436245434,1.0,1848,1848,loftr,-99.59241923349008,scheme_d_local_map,NA,True,330.54862718625884,136.46999999999997
1734763708200,F:\agent\UAV\data\IR-image\1734763708200.jpg,116.17746981983494,38.811955180044514,483.54,116.1809546,38.8121065,620.6,736.8503924666193,-18.425681444548292,-14.800104156870816,90.45322987917808,1.9413978729002141,1.0079203805592714,0.760806916426513,1388,1056,loftr,-99.59241923349008,scheme_d_local_map,NA,True,302.40346935198977,137.06
1734763708400,F:\agent\UAV\data\IR-image\1734763708400.jpg,116.1775066307394,38.81194704807385,483.54,116.1810054,38.8121065,621.15,740.0434124399488,-19.330932419710056,-13.78818349551824,99.71375695391674,1.9348766415828695,1.008378756927566,0.80374531835206,1335,1073,loftr,-99.59241923349008,scheme_d_local_map,NA,True,303.6651405995405,137.60999999999996
1734763708600,F:\agent\UAV\data\IR-image\1734763708600.jpg,116.1775631340085,38.81199682698889,483.54,116.1810561,38.8121066,621.66,744.9445706527478,-13.789543597344345,-31.417156245941953,110.6864754738034,1.9283984423503189,1.0112340672687086,0.6409017713365539,1242,796,loftr,-99.59241923349008,scheme_d_local_map,NA,True,302.8902111372976,138.11999999999995
1734763708800,F:\agent\UAV\data\IR-image\1734763708800.jpg,116.1775497221461,38.81198342075069,483.54,116.1811066,38.8121069,622.18,743.7812103631005,-15.281926032789984,-26.742645110550484,108.1647573559843,2.439046011945101,1.0084997694912383,0.7654320987654321,1296,992,loftr,-99.59241923349008,scheme_d_local_map,NA,True,308.48746980717925,138.63999999999993
1734763709000,F:\agent\UAV\data\IR-image\1734763709000.jpg,116.1775771001889,38.811950761143805,483.54,116.181157,38.8121072,622.78,746.1560131218295,-18.91759347163712,-17.79122320981969,116.43786615911267,2.5312192101576207,1.0081380069534949,0.7074509803921568,1275,902,loftr,-99.59241923349008,scheme_d_local_map,NA,True,310.66393858069534,139.23999999999995
1734763709200,F:\agent\UAV\data\IR-image\1734763709200.jpg,116.17761473410734,38.811930924446166,483.54,116.1812075,38.8121075,623.34,749.4204222691195,-21.125814653082355,-13.206548967804054,126.50541529756242,3.4059130027676727,1.007926629419862,0.7645134914145544,1223,935,loftr,-99.59241923349008,scheme_d_local_map,NA,True,311.90994625476907,139.8
1734763709400,F:\agent\UAV\data\IR-image\1734763709400.jpg,116.17763726228887,38.811884165617066,483.54,116.1812579,38.8121078,623.93,751.374542512846,-26.331007508562976,0.2855122538957744,134.34834863797346,4.156713736493358,1.0066987852431102,0.7945318972659486,1207,959,loftr,-99.59241923349008,scheme_d_local_map,NA,True,314.69042450402384,140.38999999999993
1734763709600,F:\agent\UAV\data\IR-image\1734763709600.jpg,116.17766362942197,38.81183782604185,483.54,116.1813082,38.8121082,624.56,753.6616578074244,-31.489529021354596,13.492651302266154,143.0910606609085,5.368609785517917,1.008222601397968,0.6037735849056604,1113,672,loftr,-99.59241923349008,scheme_d_local_map,NA,True,317.2080456581323,141.01999999999992
1734763709800,F:\agent\UAV\data\IR-image\1734763709800.jpg,116.17768500768794,38.81181384267027,483.54,116.1813585,38.8121086,625.16,755.5160330595754,-34.1593579455795,20.014407087741347,149.47206144803886,5.420007366052021,1.0082446542291195,0.6785063752276868,1098,745,loftr,-99.59241923349008,scheme_d_local_map,NA,True,319.96915286388236,141.61999999999995
1734763710000,F:\agent\UAV\data\IR-image\1734763710000.jpg,116.17769227184539,38.811765370710106,483.54,116.1814088,38.8121091,625.8,756.1461343878603,-39.555256551036365,34.6535601791997,153.73979445641135,4.332946288049058,1.0117356084393245,0.5939226519337016,1086,645,loftr,-99.59241923349008,scheme_d_local_map,NA,True,324.2753287050843,142.25999999999993
1734763710200,F:\agent\UAV\data\IR-image\1734763710200.jpg,116.17774697599287,38.81178224431659,483.54,116.1814591,38.8121099,626.47,760.891234734587,-37.67688667749557,27.235476871036667,165.99391898309398,3.7453438308950258,1.0061227046830825,0.5861405197305101,1039,609,loftr,-99.59241923349008,scheme_d_local_map,NA,True,323.6903158556859,142.93
1734763710400,F:\agent\UAV\data\IR-image\1734763710400.jpg,116.17778198415301,38.81171591378213,483.54,116.1815096,38.8121108,627.03,763.9278826032427,-45.06080177342415,46.251109378238425,177.8519542423818,1.7634194775770797,1.0028653398567724,0.6085561497326203,935,569,loftr,-99.59241923349008,scheme_d_local_map,NA,True,325.94689809171183,143.48999999999995
1734763710600,F:\agent\UAV\data\IR-image\1734763710600.jpg,116.17780839605098,38.81171222308363,483.54,116.1815603,38.8121115,627.57,766.2188808536824,-45.47165033000874,46.31661095123508,184.3847666645854,1.3547289258101476,1.00939591198126,0.613882863340564,922,566,loftr,-99.59241923349008,scheme_d_local_map,NA,True,328.0979734104495,144.03000000000003
1734763710800,F:\agent\UAV\data\IR-image\1734763710800.jpg,116.17784814473336,38.81171965917915,483.54,116.181611,38.8121118,628.17,769.6667270450197,-44.64386417769566,42.41292827889316,193.5399597461926,0.4254926825101367,1.0300588892199107,0.5408284023668639,845,457,loftr,-99.59241923349008,scheme_d_local_map,NA,True,328.93199169797873,144.62999999999994
1734763711000,F:\agent\UAV\data\IR-image\1734763711000.jpg,116.17788019595959,38.81173958160622,483.54,116.1816619,38.812112,628.75,772.4468870817165,-42.42609959591093,34.97459324382601,200.19710227199425,0.2546284039614941,1.0104786055082875,0.4801980198019802,808,388,loftr,-99.59241923349008,scheme_d_local_map,NA,True,330.2686009798837,145.20999999999998
1734763711200,F:\agent\UAV\data\IR-image\1734763711200.jpg,116.17790995849981,38.81180030546567,483.54,116.1817128,38.812112,629.36,775.0285238748551,-35.66631956200726,15.05847762431091,204.18035183596254,-0.20007074881107798,1.0076622017368908,0.56941431670282,922,525,loftr,-99.59241923349008,scheme_d_local_map,NA,True,331.3112657061627,145.82
1734763711400,F:\agent\UAV\data\IR-image\1734763711400.jpg,116.17795314128196,38.81185309668779,483.54,116.1817639,38.8121117,630.02,778.7742478096659,-29.789600715378953,-2.958130472355151,211.79840599448278,0.7949898138149435,1.004018829977999,0.571917808219178,876,501,loftr,-99.59241923349008,scheme_d_local_map,NA,True,331.42907409066606,146.47999999999996
1734763711600,F:\agent\UAV\data\IR-image\1734763711600.jpg,116.17800080186971,38.81187241618696,483.54,116.181815,38.8121115,630.69,782.9083817257714,-27.638954067980094,-10.844006715286355,222.23424603240022,0.6748610549935954,1.0027987636014482,0.51431718061674,908,467,loftr,-99.59241923349008,scheme_d_local_map,NA,True,331.5448169528766,147.15000000000003
1734763711800,F:\agent\UAV\data\IR-image\1734763711800.jpg,116.17803447070037,38.81187356850807,483.54,116.1818661,38.8121115,631.36,785.8288546210797,-27.510677682250492,-12.56503213148983,230.25704705488118,1.0863438830573098,1.010361504066415,0.5595505617977528,890,498,loftr,-99.59241923349008,scheme_d_local_map,NA,True,333.04007531056556,147.82
1734763712000,F:\agent\UAV\data\IR-image\1734763712000.jpg,116.1780621087422,38.811874472235,483.54,116.1819173,38.8121114,632.01,788.2262099937236,-27.410074800387022,-13.964787770076157,236.84499404230166,0.3695280975932083,1.0077605340716687,0.621550591327201,761,473,loftr,-99.59241923349008,scheme_d_local_map,NA,True,335.0663682014863,148.46999999999997
1734763712200,F:\agent\UAV\data\IR-image\1734763712200.jpg,116.17810562289392,38.811888344569674,483.54,116.1819686,38.8121111,632.64,792.0006773044781,-25.865806504210592,-20.004202487776922,246.56903207409295,1.2108430141841386,1.0054968025196236,0.6623711340206185,776,514,loftr,-99.59241923349008,scheme_d_local_map,NA,True,335.6188665680575,149.09999999999997
1734763712400,F:\agent\UAV\data\IR-image\1734763712400.jpg,116.17813344576946,38.811890737801214,483.54,116.1820199,38.8121108,633.3,794.414065364813,-25.599391968778765,-1.8661606421619013,6.554763916656668,0.19571107402426063,1.0018817654916488,0.9953379953379954,1716,1708,loftr,-99.59241923349008,scheme_d_local_map,NA,True,337.6256617291991,149.75999999999993
1734763712600,F:\agent\UAV\data\IR-image\1734763712600.jpg,116.17816206457026,38.81188696207302,483.54,116.1820713,38.8121107,633.96,796.8964928918899,-26.01970603198918,-1.8639999170616761,13.621809856781624,0.2855754164144573,1.0002179232317718,0.8798498122653317,1598,1406,loftr,-99.59241923349008,scheme_d_local_map,NA,True,339.6240588528342,150.42000000000002
1734763712800,F:\agent\UAV\data\IR-image\1734763712800.jpg,116.17818900093651,38.81187369504323,483.54,116.1821229,38.8121104,634.57,799.2329841218536,-27.496591787696453,1.1306239011368575,20.779151623155656,0.6084812608916886,0.9974320166872142,0.877038895859473,1594,1398,loftr,-99.59241923349008,scheme_d_local_map,NA,True,341.86332813549666,151.03000000000003
1734763713000,F:\agent\UAV\data\IR-image\1734763713000.jpg,116.17822159605659,38.81188257742391,483.54,116.1821746,38.8121101,635.13,802.0603221340895,-26.50780517103187,-2.9284166074460245,28.141699817831977,1.1276534388134252,0.9979711125506018,0.6151315789473685,1520,935,loftr,-99.59241923349008,scheme_d_local_map,NA,True,343.4370162601463,151.58999999999997
1734763713200,F:\agent\UAV\data\IR-image\1734763713200.jpg,116.17824446504144,38.81189351484685,483.54,116.1822264,38.81211,635.69,804.0440040474476,-25.29025124863456,-7.225994987647653,33.06231451753024,1.2390292898172093,0.9992574186249865,0.5783633841886269,1442,834,loftr,-99.59241923349008,scheme_d_local_map,NA,True,345.8493357803208,152.15000000000003
1734763713400,F:\agent\UAV\data\IR-image\1734763713400.jpg,116.17828736044653,38.81188315482636,483.54,116.1822782,38.81211,636.26,807.7648005671085,-26.443528729478754,-5.774486554488874,43.89954426002487,0.8102134935414191,1.000824203540716,0.6779778393351801,1444,979,loftr,-99.59241923349008,scheme_d_local_map,NA,True,346.7009310264876,152.71999999999997
1734763713600,F:\agent\UAV\data\IR-image\1734763713600.jpg,116.17831054473783,38.81186909162101,483.54,116.1823301,38.8121101,636.83,809.7758325212878,-28.009044749258642,-2.3823383591014817,50.19758920916007,0.28048910331040405,1.003198564218022,0.9776756401838477,1523,1489,loftr,-99.59241923349008,scheme_d_local_map,NA,True,349.2997581028347,153.29000000000002
1734763713800,F:\agent\UAV\data\IR-image\1734763713800.jpg,116.17834592141986,38.81188662340644,483.54,116.182382,38.8121101,637.44,812.8444464002395,-26.057406395390327,-9.219052943124268,57.77754258865315,-0.09346659748838688,1.0057963364256182,0.9872225958305313,1487,1468,loftr,-99.59241923349008,scheme_d_local_map,NA,True,350.58359018344316,153.90000000000003
1734763714000,F:\agent\UAV\data\IR-image\1734763714000.jpg,116.17837486186622,38.811856749854364,483.54,116.1824341,38.8121102,638.07,815.3547738310635,-29.382930212465176,-1.1893845312882831,66.28066949237137,-0.7870685782830877,1.0048735152478552,0.8846153846153846,1482,1311,loftr,-99.59241923349008,scheme_d_local_map,NA,True,352.8358409483363,154.53000000000003
1734763714200,F:\agent\UAV\data\IR-image\1734763714200.jpg,116.17839893978682,38.81184991416853,483.54,116.1824862,38.8121104,638.74,817.4433202151747,-30.143878759114564,-0.06024076634452058,72.41692276929979,-1.6547553531417343,1.0022012259926665,0.7225475841874085,1366,987,loftr,-99.59241923349008,scheme_d_local_map,NA,True,355.3190155021548,155.2
1734763714400,F:\agent\UAV\data\IR-image\1734763714400.jpg,116.17843787154456,38.81186784292017,483.54,116.1825385,38.8121105,639.41,820.8203054281449,-28.148050126216308,-7.163493507540011,80.82966587126452,-1.9216828468395968,1.0017379787601715,0.6784107946026986,1334,905,loftr,-99.59241923349008,scheme_d_local_map,NA,True,356.31780188411284,155.86999999999995
1734763714600,F:\agent\UAV\data\IR-image\1734763714600.jpg,116.17848474954206,38.811888839858945,483.54,116.1825911,38.8121105,640.08,824.886556570155,-25.810670902096096,-15.534426131411408,90.99029013099033,-2.052334227238786,0.9984356372543368,0.5263565891472868,1290,679,loftr,-99.59241923349008,scheme_d_local_map,NA,True,356.64314843625357,156.54000000000002
1734763714800,F:\agent\UAV\data\IR-image\1734763714800.jpg,116.17851281375182,38.81189603974617,483.54,116.1826438,38.8121104,640.77,827.3208782363178,-25.009179455721547,-18.891275197528444,97.35271715359642,-1.320080062121337,1.0022568727545496,0.740983606557377,1220,904,loftr,-99.59241923349008,scheme_d_local_map,NA,True,358.71774949463736,157.22999999999996
1734763715000,F:\agent\UAV\data\IR-image\1734763715000.jpg,116.17854913748357,38.8119102907796,483.54,116.1826966,38.8121105,641.52,830.471640290872,-23.422754415278103,-24.755636445866685,105.33084916103519,-1.212663035578995,1.0130264757522958,0.6350906095551895,1214,771,loftr,-99.59241923349008,scheme_d_local_map,NA,True,360.04142033174935,157.97999999999996
1734763715200,F:\agent\UAV\data\IR-image\1734763715200.jpg,116.1785893143301,38.81193551247644,483.54,116.1827495,38.8121106,642.29,833.9566259297994,-20.615075122662862,-34.156310137540686,113.66276808000936,-1.2838088394582532,1.0124316553829757,0.6292887029288703,1195,752,loftr,-99.59241923349008,scheme_d_local_map,NA,True,360.9802075282743,158.74999999999994
1734763715400,F:\agent\UAV\data\IR-image\1734763715400.jpg,116.17862322370664,38.811902019438136,483.54,116.1828026,38.8121107,643.07,836.8979640512296,-24.343520146947284,-25.21310146243752,123.54723463283688,-1.262130724204484,1.006933674954133,0.7591763652641003,1117,848,loftr,-99.59241923349008,scheme_d_local_map,NA,True,362.86034497769276,159.53000000000003
1734763715600,F:\agent\UAV\data\IR-image\1734763715600.jpg,116.1786483030274,38.811899616511475,483.54,116.1828557,38.8121108,643.83,839.0733730311886,-24.611013942819767,-25.490288418513614,129.6930864158934,-0.8510451847582812,1.0124886111639255,0.7092709270927092,1111,788,loftr,-99.59241923349008,scheme_d_local_map,NA,True,365.30102198771675,160.29000000000002
1734763715800,F:\agent\UAV\data\IR-image\1734763715800.jpg,116.17868460961026,38.81187626788844,483.54,116.1829091,38.8121109,644.62,842.2226475706981,-27.21018265947953,-19.769762144510537,139.62484439581465,-0.48345092634407194,1.0086043335090327,0.641885766092475,1103,708,loftr,-99.59241923349008,scheme_d_local_map,NA,True,366.95523090806995,161.07999999999998
1734763716000,F:\agent\UAV\data\IR-image\1734763716000.jpg,116.17871598273115,38.81184027853987,483.54,116.1829626,38.812111,645.39,844.9439879750352,-31.21651694169775,-9.954557373706223,149.03041592324485,-0.3648141923646933,1.0012456598268649,0.8315789473684211,855,711,loftr,-99.59241923349008,scheme_d_local_map,NA,True,369.1731951741251,161.84999999999997
1734763716200,F:\agent\UAV\data\IR-image\1734763716200.jpg,116.17875204061977,38.811841878073615,483.54,116.1830162,38.8121111,646.18,848.0716904921527,-31.038456845540047,-11.910294140248766,157.6034671867303,-0.39384471725244685,1.0015678260524965,0.5888767720828789,917,540,loftr,-99.59241923349008,scheme_d_local_map,NA,True,370.67456503946124,162.63999999999993
1734763716400,F:\agent\UAV\data\IR-image\1734763716400.jpg,116.17878443520456,38.81185325703775,483.54,116.18307,38.8121114,647.01,850.8816338432664,-29.77175055805612,-16.730378522688795,164.78788095478893,-1.2708256737126642,1.0023118925517918,0.5527192008879024,901,498,loftr,-99.59241923349008,scheme_d_local_map,NA,True,372.426183064047,163.46999999999997
1734763716600,F:\agent\UAV\data\IR-image\1734763716600.jpg,116.17880384655214,38.81184931774309,483.54,116.1831239,38.8121116,647.88,852.5653963436295,-30.210272839450106,-16.304261638576236,169.65303097566766,-0.5264168787612672,1.0044125692001418,0.682983682983683,858,586,loftr,-99.59241923349008,scheme_d_local_map,NA,True,375.4410821834123,164.33999999999997
1734763716800,F:\agent\UAV\data\IR-image\1734763716800.jpg,116.17885693424405,38.81183851194624,483.54,116.1831779,38.8121117,648.78,857.1702834846617,-31.41317414434071,-15.128931516929526,182.96031074695856,-0.09185636381273182,1.0120350435573247,0.5363057324840764,785,421,loftr,-99.59241923349008,scheme_d_local_map,NA,True,375.61604443048907,165.23999999999995
1734763717000,F:\agent\UAV\data\IR-image\1734763717000.jpg,116.1788837236581,38.811830364401835,483.54,116.1832321,38.8121118,649.68,859.494027911767,-32.32015878816145,-13.705623307574228,189.81581212455222,0.06538953229654854,0.9975122124515382,0.45121951219512196,574,259,loftr,-99.59241923349008,scheme_d_local_map,NA,True,378.0581055112584,166.13999999999993
1734763717200,F:\agent\UAV\data\IR-image\1734763717200.jpg,116.17890006008317,38.81184743469903,483.54,116.1832865,38.8121119,650.58,860.9110681147,-30.41989330393418,-19.627660074413143,192.8488427956932,0.4044052464482732,1.0041912839269143,0.5459057071960298,806,440,loftr,-99.59241923349008,scheme_d_local_map,NA,True,381.1946047572317,167.04000000000002
1734763717400,F:\agent\UAV\data\IR-image\1734763717400.jpg,116.1789327584283,38.81183288804025,483.54,116.1833412,38.8121121,651.48,863.747359985292,-32.039227359393905,-16.472565049755076,201.45607768569823,0.041231381629367944,0.9963932139135214,0.5966257668711656,652,389,loftr,-99.59241923349008,scheme_d_local_map,NA,True,383.22465995585725,167.94
1734763717600,F:\agent\UAV\data\IR-image\1734763717600.jpg,116.17895130554241,38.81180362362292,483.54,116.183396,38.8121123,652.35,865.3561578862655,-35.296942296339225,-8.208891143066637,207.43238428199112,-1.0338186795019129,1.0063894223889371,0.5460440985732814,771,421,loftr,-99.59241923349008,scheme_d_local_map,NA,True,386.6326623669042,168.81
1734763717800,F:\agent\UAV\data\IR-image\1734763717800.jpg,116.17900699246167,38.81179500981764,483.54,116.1834511,38.8121126,653.22,870.1865049797724,-36.25583110087922,-7.814353520717418,221.24952184531094,-0.6625792682624757,0.997986659173395,0.5825242718446602,618,360,loftr,-99.59241923349008,scheme_d_local_map,NA,True,386.67129557171734,169.68
1734763718000,F:\agent\UAV\data\IR-image\1734763718000.jpg,116.17903973865681,38.81179132309592,483.54,116.1835065,38.8121128,654.04,873.0269474161241,-36.66623696264161,-8.007070676467663,229.3027876365133,-1.5614814082596213,1.0015874625715044,0.662847790507365,611,405,loftr,-99.59241923349008,scheme_d_local_map,NA,True,388.6654706122751,170.49999999999994
1734763718200,F:\agent\UAV\data\IR-image\1734763718200.jpg,116.17907815834896,38.811782753091116,483.54,116.183562,38.8121129,654.85,876.3595154742093,-37.62024989750074,-6.925466084755044,238.97234034824203,-1.4974581601755408,0.998362992901537,0.6091954022988506,609,371,loftr,-99.59241923349008,scheme_d_local_map,NA,True,390.2286645923223,171.31
1734763718400,F:\agent\UAV\data\IR-image\1734763718400.jpg,116.17912289346687,38.8118331725691,483.54,116.1836179,38.8121129,655.64,880.2398907881375,-32.0075536079302,-17.348871255692814,8.11421212216976,0.00648843100917799,1.0003174138470774,0.9632972322503008,1662,1601,loftr,-99.59241923349008,scheme_d_local_map,NA,True,390.70536722934406,172.09999999999997
1734763718600,F:\agent\UAV\data\IR-image\1734763718600.jpg,116.17916347298117,38.81189760988605,483.54,116.183674,38.8121129,656.43,883.7598042913357,-24.834391484555844,-38.8479407686566,14.500915552037156,0.18836244187639067,1.000953710510725,0.9638395792241946,1521,1466,loftr,-99.59241923349008,scheme_d_local_map,NA,True,391.54237743020593,172.88999999999993
1734763718800,F:\agent\UAV\data\IR-image\1734763718800.jpg,116.17919565580124,38.811900594232384,483.54,116.1837303,38.8121128,657.22,886.5513789276436,-24.502174050921678,-41.07311032353027,22.071583282994425,0.5634403735124773,1.0006635197192746,0.9298685034439574,1597,1485,loftr,-99.59241923349008,scheme_d_local_map,NA,True,393.6073794180007,173.68
1734763719000,F:\agent\UAV\data\IR-image\1734763719000.jpg,116.17920420372816,38.81187097300712,483.54,116.1837868,38.8121127,658.03,887.2928358898658,-27.799608847564386,-32.29382187438847,25.665985885829343,0.7783262862329174,1.0029444618085497,0.9173884077281812,1501,1377,loftr,-99.59241923349008,scheme_d_local_map,NA,True,397.9630517976391,174.48999999999995
1734763719200,F:\agent\UAV\data\IR-image\1734763719200.jpg,116.1792351564512,38.81184090929996,483.54,116.1838433,38.8121128,658.9,889.977710503179,-31.146300728645876,-24.28720959147472,34.662096528417806,0.5755565094812093,1.0018159201336712,0.8963254593175853,1524,1366,loftr,-99.59241923349008,scheme_d_local_map,NA,True,400.4108970644368,175.35999999999996
1734763719400,F:\agent\UAV\data\IR-image\1734763719400.jpg,116.17927096457869,38.81182620490457,483.54,116.1839,38.812113,659.77,893.0837484545699,-32.78319402340961,-21.20968632601881,44.02410290026813,0.1243773859028823,1.0027357500682543,0.9014778325123153,1624,1464,loftr,-99.59241923349008,scheme_d_local_map,NA,True,402.34391487722365,176.22999999999996
1734763719600,F:\agent\UAV\data\IR-image\1734763719600.jpg,116.17930814532438,38.8118240097893,483.54,116.183957,38.812113,660.58,896.3088488788126,-33.027554255164006,-22.041874488177143,53.06429611105892,-0.06921536736051614,1.002466469745288,0.9898798228969007,1581,1565,loftr,-99.59241923349008,scheme_d_local_map,NA,True,404.07509851515516,177.04000000000002
1734763719800,F:\agent\UAV\data\IR-image\1734763719800.jpg,116.17934567307958,38.81180833906599,483.54,116.1840141,38.812113,661.35,899.5640493051018,-34.772019174328456,-18.73640063581246,62.88944448999496,0.18305607024358622,1.0030678345764321,0.9499661933739013,1479,1405,loftr,-99.59241923349008,scheme_d_local_map,NA,True,405.90732498423944,177.81
1734763720000,F:\agent\UAV\data\IR-image\1734763720000.jpg,116.17937533207069,38.811844055162155,483.54,116.1840716,38.8121128,662.08,902.1367041305456,-30.79610334940216,-30.94359773847509,68.14994210515067,0.7657671633969679,1.002073508076558,0.7933085501858737,1345,1067,loftr,-99.59241923349008,scheme_d_local_map,NA,True,407.9991768589829,178.54000000000002
1734763720200,F:\agent\UAV\data\IR-image\1734763720200.jpg,116.17940885683278,38.81185979410315,483.54,116.1841293,38.8121125,662.81,905.0446803537053,-29.044044437480032,-37.152813834868994,75.37865925276952,0.9759148206972389,1.0091313811401466,0.6821938392186326,1331,908,loftr,-99.59241923349008,scheme_d_local_map,NA,True,409.96207288643194,179.26999999999992
1734763720400,F:\agent\UAV\data\IR-image\1734763720400.jpg,116.17943954017717,38.81187615808433,483.54,116.1841872,38.8121123,663.43,907.7061887554961,-27.222406052608832,-43.43931916575974,81.89269901017036,1.407488581145009,1.0045921044717996,0.9255952380952381,1344,1244,loftr,-99.59241923349008,scheme_d_local_map,NA,True,412.19324438020595,179.88999999999993
1734763720600,F:\agent\UAV\data\IR-image\1734763720600.jpg,116.17945401667284,38.81187871353353,483.54,116.1842455,38.8121122,663.99,908.9618965536492,-26.937933447089726,-44.813971971424735,85.234981259005,1.3951738995966936,1.0083462062006854,0.7794004611837049,1301,1014,loftr,-99.59241923349008,scheme_d_local_map,NA,True,415.96410347621406,180.45
1734763720800,F:\agent\UAV\data\IR-image\1734763720800.jpg,116.17947151231546,38.81186793376016,483.54,116.1843039,38.812112,664.61,910.4794886128417,-28.137937819263726,-42.20262783169642,89.99640307615755,1.4277344121254751,1.005145169534432,0.8773656320968963,1321,1159,loftr,-99.59241923349008,scheme_d_local_map,NA,True,419.57584971458635,181.07
1734763721000,F:\agent\UAV\data\IR-image\1734763721000.jpg,116.17952713607451,38.81187080293185,483.54,116.1843624,38.8121121,665.25,915.304357119748,-27.81854162667559,-45.34335276169003,103.2004810629112,0.8988160514043028,1.0076817265800333,0.8580912863070539,1205,1034,loftr,-99.59241923349008,scheme_d_local_map,NA,True,419.80473588146714,181.70999999999998
1734763721200,F:\agent\UAV\data\IR-image\1734763721200.jpg,116.17956097902534,38.81184909560234,483.54,116.1844211,38.8121123,665.85,918.2399333980431,-30.235001547808423,-40.02854371092542,112.45534141656447,-0.33297064096408946,1.010030846684101,0.692,1250,865,loftr,-99.59241923349008,scheme_d_local_map,NA,True,422.11603080451755,182.31
1734763721400,F:\agent\UAV\data\IR-image\1734763721400.jpg,116.17960818998141,38.81183224258009,483.54,116.1844799,38.8121125,666.5,922.3350657475121,-32.111079984767414,-36.75167619546016,124.6666740432787,-0.6601807558464136,1.0080120717325725,0.790916880891174,1167,923,loftr,-99.59241923349008,scheme_d_local_map,NA,True,423.2531783730056,182.95999999999998
1734763721600,F:\agent\UAV\data\IR-image\1734763721600.jpg,116.17963501154196,38.81184205419052,483.54,116.1845388,38.8121124,667.17,924.6615985999458,-31.018851511316544,-40.862762503775855,130.59479359716903,-0.02037221635926818,1.0039663201073135,0.6799645390070922,1128,767,loftr,-99.59241923349008,scheme_d_local_map,NA,True,425.9458578410478,183.62999999999994
1734763721800,F:\agent\UAV\data\IR-image\1734763721800.jpg,116.17968101437552,38.811836081827096,483.54,116.1845979,38.8121121,667.86,928.6519370205449,-31.68369500748195,-40.889134398957026,141.9495596900839,0.7318999970280459,1.0071960409020575,0.7657342657342657,1144,876,loftr,-99.59241923349008,scheme_d_local_map,NA,True,427.1227048727151,184.32
1734763722000,F:\agent\UAV\data\IR-image\1734763722000.jpg,116.17972825238671,38.811856332962485,483.54,116.1846569,38.8121117,668.59,932.7494161614976,-29.429338616122692,-49.04489658936342,152.23544419181394,1.247592506512034,1.0072169463329572,0.8114832535885167,1045,848,loftr,-99.59241923349008,scheme_d_local_map,NA,True,427.98063722043383,185.05
1734763722200,F:\agent\UAV\data\IR-image\1734763722200.jpg,116.17976605850274,38.81191009160012,483.54,116.1847158,38.8121113,669.37,936.0287619248242,-23.444927074979944,-67.14141790841848,158.51236275465783,1.2912240353799243,1.0124440133064694,0.7768762677484787,986,766,loftr,-99.59241923349008,scheme_d_local_map,NA,True,429.44830456861393,185.82999999999998
1734763722400,F:\agent\UAV\data\IR-image\1734763722400.jpg,116.17981720825377,38.81196164371356,483.54,116.1847745,38.812111,670.12,940.465549856441,-17.70614580702095,-85.09949912351055,168.10754719620672,1.961305784964758,1.0088890179761048,0.7372505543237251,902,665,loftr,-99.59241923349008,scheme_d_local_map,NA,True,429.84008789502957,186.57999999999998
1734763722600,F:\agent\UAV\data\IR-image\1734763722600.jpg,116.17983534770326,38.81195887732555,483.54,116.1848331,38.8121107,670.86,942.0389864612555,-18.014100119579766,-84.98314346535176,172.6062844858683,1.765153471475319,1.0062059100041356,0.6431670281995662,922,593,loftr,-99.59241923349008,scheme_d_local_map,NA,True,433.35375817193255,187.32
1734763722800,F:\agent\UAV\data\IR-image\1734763722800.jpg,116.17987061004082,38.81191217906269,483.54,116.1848915,38.8121107,671.69,945.0976819692622,-23.21255074191983,-72.02638925130225,183.50312435888327,0.7868057879242342,1.0077049578536694,0.735949098621421,943,694,loftr,-99.59241923349008,scheme_d_local_map,NA,True,435.5893835376086,188.15000000000003
1734763723000,F:\agent\UAV\data\IR-image\1734763723000.jpg,116.1799232568307,38.811911880082505,483.54,116.1849498,38.8121108,672.48,949.6643247635741,-23.245833215409867,-74.07024785548728,196.15748773830643,1.1045913046713416,1.0103926176894542,0.5862831858407079,904,530,loftr,-99.59241923349008,scheme_d_local_map,NA,True,436.0808198789312,188.94
1734763723200,F:\agent\UAV\data\IR-image\1734763723200.jpg,116.17995830591552,38.81188106888228,483.54,116.1850081,38.8121109,673.18,952.7045224845266,-26.67573602469198,-65.9995347343023,206.17592325662292,-0.042091002168439015,1.012650400952515,0.6111111111111112,738,451,loftr,-99.59241923349008,scheme_d_local_map,NA,True,438.2798672788111,189.63999999999993
1734763723400,F:\agent\UAV\data\IR-image\1734763723400.jpg,116.17998889938791,38.811850671043786,483.54,116.1850663,38.8121111,673.89,955.3582352842795,-30.059623405724107,-57.87540349208513,215.1031869886349,-0.6426937386543481,1.011234669784323,0.7177615571776156,822,590,loftr,-99.59241923349008,scheme_d_local_map,NA,True,440.8782502982589,190.34999999999997
1734763723600,F:\agent\UAV\data\IR-image\1734763723600.jpg,116.18001486281348,38.811835277338254,483.54,116.1851244,38.8121112,674.65,957.6103325267854,-31.773250705971382,-54.186091812184486,222.13768905931136,-1.9282838400030224,1.006074854178003,0.6602067183462532,774,511,loftr,-99.59241923349008,scheme_d_local_map,NA,True,443.77254535824824,191.10999999999996
1734763723800,F:\agent\UAV\data\IR-image\1734763723800.jpg,116.18006845739684,38.81189359725741,483.54,116.1851826,38.8121111,675.37,962.2591880117931,-25.281077304982624,-74.32847786233395,231.96741205985165,-1.7984811508146474,1.0104784931454411,0.724822695035461,705,511,loftr,-99.59241923349008,scheme_d_local_map,NA,True,443.7690489899872,191.82999999999998
1734763724000,F:\agent\UAV\data\IR-image\1734763724000.jpg,116.18010206780669,38.81191858256783,483.54,116.1852407,38.8121109,676.1,965.1745934195261,-22.499712549852696,-83.38991072770656,238.73524953577856,-1.010665530245403,1.0080296609542485,0.6175040518638574,617,381,loftr,-99.59241923349008,scheme_d_local_map,NA,True,445.74457945481373,192.56
1734763724200,F:\agent\UAV\data\IR-image\1734763724200.jpg,116.18012593905803,38.81190161844652,483.54,116.1852988,38.8121106,676.83,967.2452130759353,-24.388158533948967,-79.1318817413611,245.34925663534688,-0.3096429994267485,1.0073186493190738,0.763046544428773,709,541,loftr,-99.59241923349008,scheme_d_local_map,NA,True,448.79908120749764,193.29000000000002
1734763724400,F:\agent\UAV\data\IR-image\1734763724400.jpg,116.18015639290091,38.81193011031386,483.54,116.1853569,38.8121104,677.54,969.8868142530537,-21.216443861485885,-10.01371114358301,5.827467791636252,0.5801146736041586,1.000272624138938,0.9953569355774812,1723,1715,loftr,-99.59241923349008,scheme_d_local_map,NA,True,451.0381066815786,193.99999999999994
1734763724600,F:\agent\UAV\data\IR-image\1734763724600.jpg,116.18018640217407,38.81190030439474,483.54,116.1854149,38.8121102,678.25,972.4898529448385,-24.53443877784916,-2.0482441462374936,14.583664017226056,1.05970531066386,1.00115233029901,0.9988228369629194,1699,1697,loftr,-99.59241923349008,scheme_d_local_map,NA,True,453.61850638919765,194.70999999999998
1734763724800,F:\agent\UAV\data\IR-image\1734763724800.jpg,116.18021192394994,38.81188165801029,483.54,116.1854729,38.8121101,678.97,974.7036409852345,-26.610154294509183,2.661113708368589,21.681501063969165,1.0309102722278727,1.0023246052865837,0.9541003671970624,1634,1559,loftr,-99.59241923349008,scheme_d_local_map,NA,True,456.53900261465526,195.43
1734763725000,F:\agent\UAV\data\IR-image\1734763725000.jpg,116.18024230736889,38.81189288253082,483.54,116.1855308,38.8121101,679.69,977.3391335108885,-25.36064066886941,-2.0297911638899677,28.391140374860584,0.5387980594119492,1.0029199406400966,0.9945288753799392,1645,1636,loftr,-99.59241923349008,scheme_d_local_map,NA,True,458.85204612548006,196.15000000000003
1734763725200,F:\agent\UAV\data\IR-image\1734763725200.jpg,116.18028902778227,38.81192296842558,483.54,116.1855886,38.8121103,680.43,981.3917156257563,-22.01147886489895,-13.194574233883657,38.040689053153244,-0.5621378124214577,1.0017568360433944,0.669710806697108,1314,880,loftr,-99.59241923349008,scheme_d_local_map,NA,True,459.6480161998489,196.88999999999993
1734763725400,F:\agent\UAV\data\IR-image\1734763725400.jpg,116.1803258793944,38.81187392812727,483.54,116.1856463,38.8121105,681.16,984.5882666292403,-27.47064487242495,0.4192651067835982,49.44100783589249,-0.5072609324181963,1.0039835744527632,0.9869807811531308,1613,1592,loftr,-99.59241923349008,scheme_d_local_map,NA,True,461.7322685743724,197.61999999999995
1734763725600,F:\agent\UAV\data\IR-image\1734763725600.jpg,116.18034032681994,38.81186910002953,483.54,116.1857039,38.8121106,681.88,985.8414528522837,-28.008108712418956,1.320611012213135,53.16075858684928,-0.24796044821774865,1.004281727836011,0.9578239608801956,1636,1567,loftr,-99.59241923349008,scheme_d_local_map,NA,True,465.4964604579054,198.33999999999997
1734763725800,F:\agent\UAV\data\IR-image\1734763725800.jpg,116.18035305034822,38.81185366596172,483.54,116.1857615,38.8121106,682.62,986.9451062526623,-29.726229141449913,5.559523810181133,57.01888997387107,-0.07682886288028348,1.0100048485975652,0.8599562363238512,1371,1179,loftr,-99.59241923349008,scheme_d_local_map,NA,True,469.4796764984159,199.07999999999998
1734763726000,F:\agent\UAV\data\IR-image\1734763726000.jpg,116.18038348601071,38.811841004916175,483.54,116.185819,38.8121106,683.37,989.5851304421401,-31.135656731790693,8.225475547297094,64.98474744031034,-0.3023073509086773,1.0045764832099973,0.8552210121716848,1561,1335,loftr,-99.59241923349008,scheme_d_local_map,NA,True,471.90769625041617,199.82999999999998
1734763726200,F:\agent\UAV\data\IR-image\1734763726200.jpg,116.18040650416941,38.81178239119035,483.54,116.1858763,38.8121108,684.11,991.5817518658786,-37.66053669028436,25.35006848773736,73.56257050344317,-0.7023955849768461,1.0066536018149133,0.8188405797101449,1380,1130,loftr,-99.59241923349008,scheme_d_local_map,NA,True,475.3298983473537,200.57
1734763726400,F:\agent\UAV\data\IR-image\1734763726400.jpg,116.18045092212284,38.811809275563775,483.54,116.1859335,38.812111,684.87,995.4346159714388,-34.66776824105946,15.265066623201847,82.82606997038238,-1.7741325425998116,1.0094948858389692,0.7284768211920529,1359,990,loftr,-99.59241923349008,scheme_d_local_map,NA,True,476.21579421928504,201.32999999999998
1734763726600,F:\agent\UAV\data\IR-image\1734763726600.jpg,116.18050671441983,38.81181979498357,483.54,116.1859907,38.8121113,685.6,1000.2741036511324,-33.4967464288988,9.76051576034439,95.67227455365179,-1.7703037238214976,1.010138276915927,0.7782839787395596,1317,1025,loftr,-99.59241923349008,scheme_d_local_map,NA,True,476.2587357504572,202.06
1734763726800,F:\agent\UAV\data\IR-image\1734763726800.jpg,116.18054049424164,38.811856263603104,483.54,116.1860478,38.812111,686.26,1003.2042040456424,-29.437059702866392,-2.8457178455103076,101.88286822753275,-0.9093897539963812,1.0133272844121306,0.6096959737058341,1217,742,loftr,-99.59241923349008,scheme_d_local_map,NA,True,478.0148197647588,202.71999999999997
1734763727000,F:\agent\UAV\data\IR-image\1734763727000.jpg,116.18057664644529,38.81188202360712,483.54,116.1861047,38.8121105,686.95,1006.3400875567098,-26.56945605585441,-12.248953422428656,109.22057157936484,0.22210560478822503,1.0052955013276847,0.846272098385857,1301,1101,loftr,-99.59241923349008,scheme_d_local_map,NA,True,479.64573609827687,203.41000000000003
1734763727200,F:\agent\UAV\data\IR-image\1734763727200.jpg,116.18061951227142,38.811894031574525,483.54,116.1861615,38.8121101,687.63,1010.0583183640683,-25.23272912385039,-17.687665893212568,118.88604162112239,1.2351762791007213,1.0097845191108632,0.7432762836185819,1227,912,loftr,-99.59241923349008,scheme_d_local_map,NA,True,480.7803968849369,204.08999999999997
1734763727400,F:\agent\UAV\data\IR-image\1734763727400.jpg,116.18060870220768,38.811878083742805,483.54,116.1862181,38.8121097,688.35,1009.1206410654523,-27.00804175086052,-12.335667048248297,117.12126739094788,2.519667180013441,1.0097462023562973,0.6308213378492803,1181,745,loftr,-99.59241923349008,scheme_d_local_map,NA,True,486.70233877134814,204.81
1734763727600,F:\agent\UAV\data\IR-image\1734763727600.jpg,116.18062923283463,38.81185178093657,483.54,116.1862745,38.8121094,689.1,1010.9014911387276,-29.936070141135893,-5.064919434114813,123.41954595803986,2.495187919663122,1.0171495687989192,0.6689536878216124,1166,780,loftr,-99.59241923349008,scheme_d_local_map,NA,True,489.9665080688882,205.56
1734763727800,F:\agent\UAV\data\IR-image\1734763727800.jpg,116.18065904150542,38.811837221892915,483.54,116.1863308,38.8121094,689.78,1013.487129350738,-31.556782880550053,-1.7887695767193463,131.3337081070174,1.9118521900551535,1.0058035158056018,0.776778413736713,1223,950,loftr,-99.59241923349008,scheme_d_local_map,NA,True,492.3548251733849,206.23999999999995
1734763728000,F:\agent\UAV\data\IR-image\1734763728000.jpg,116.18070353609254,38.81184215235997,483.54,116.186387,38.8121094,690.44,1017.346640748892,-31.007923287717745,-5.113035260747438,141.758703154312,1.6360006686018704,1.0084711349965245,0.6832191780821918,1168,798,loftr,-99.59241923349008,scheme_d_local_map,NA,True,493.3337701157456,206.90000000000003
1734763728200,F:\agent\UAV\data\IR-image\1734763728200.jpg,116.18075294301043,38.81184737428062,483.54,116.1864432,38.8121093,691.08,1021.632253340821,-30.426619082027827,-8.726397608498758,153.3478149343319,1.8438357162336971,1.0132087484359205,0.5707885304659498,1116,637,loftr,-99.59241923349008,scheme_d_local_map,NA,True,493.8860141045019,207.54000000000002
1734763728400,F:\agent\UAV\data\IR-image\1734763728400.jpg,116.18077489642076,38.811829473049805,483.54,116.1864993,38.8121091,691.69,1023.5365172713462,-32.41938409567844,-4.101841561010133,159.55020378020288,1.2991551019883012,1.0072134344696329,0.6708074534161491,1127,756,loftr,-99.59241923349008,scheme_d_local_map,NA,True,496.9588213356,208.15000000000003
1734763728600,F:\agent\UAV\data\IR-image\1734763728600.jpg,116.18081402638035,38.811896742918684,483.54,116.1865552,38.8121089,692.3,1026.930694740273,-24.93090229263919,-26.414789584062362,165.4414302700602,0.9075131089991805,1.0117197643625455,0.6844349680170576,938,642,loftr,-99.59241923349008,scheme_d_local_map,NA,True,497.9970359916251,208.75999999999993
1734763728800,F:\agent\UAV\data\IR-image\1734763728800.jpg,116.18084921326857,38.81186128508144,483.54,116.1866111,38.8121088,692.9,1029.982845686161,-28.878068734304712,-16.91807095104417,175.73488952567823,-0.5751299645937242,1.0110814537645205,0.6159844054580896,1026,632,loftr,-99.59241923349008,scheme_d_local_map,NA,True,499.9908206063412,209.35999999999996
1734763729000,F:\agent\UAV\data\IR-image\1734763729000.jpg,116.18088917747914,38.81183759490005,483.54,116.1866669,38.8121088,693.5,1033.4493870395831,-31.51525972670829,-11.24070928397731,186.56251023590113,-0.627874243682345,1.0072367307674506,0.5526315789473685,950,525,loftr,-99.59241923349008,scheme_d_local_map,NA,True,501.5124096147584,209.95999999999998
1734763729200,F:\agent\UAV\data\IR-image\1734763729200.jpg,116.18092240548653,38.8118524408963,483.54,116.1867227,38.8121085,694.11,1036.3316224195548,-29.862603423917925,-17.16277547817276,193.7664800907005,-0.25205779493832725,1.0116796438289533,0.8554216867469879,913,781,loftr,-99.59241923349008,scheme_d_local_map,NA,True,503.3664895574123,210.57
1734763729400,F:\agent\UAV\data\IR-image\1734763729400.jpg,116.18096655324328,38.81185951565474,483.54,116.1867783,38.8121082,694.78,1040.1610493551805,-29.075041314321187,-21.133610858929842,203.99656316600112,-0.27366938057796075,1.0075457418547453,0.6710963455149501,903,606,loftr,-99.59241923349008,scheme_d_local_map,NA,True,504.3115189960025,211.23999999999995
1734763729600,F:\agent\UAV\data\IR-image\1734763729600.jpg,116.18101975211289,38.811895583254824,483.54,116.1868338,38.8121078,695.45,1044.7755801768078,-25.05999607283308,-34.404157893694844,214.88992415133856,-0.1672138069105256,1.0159980501119898,0.6679012345679012,810,541,loftr,-99.59241923349008,scheme_d_local_map,NA,True,504.3044688316402,211.91000000000003
1734763729800,F:\agent\UAV\data\IR-image\1734763729800.jpg,116.18103630728629,38.811944859650055,483.54,116.1868892,38.8121075,696.05,1046.211594860483,-19.574547755984018,-50.25754371159462,216.29855873953363,0.4184709885952024,1.0103011717881387,0.6910866910866911,819,566,loftr,-99.59241923349008,scheme_d_local_map,NA,True,507.4399414349093,212.50999999999993
1734763730000,F:\agent\UAV\data\IR-image\1734763730000.jpg,116.18106633211741,38.81194699696048,483.54,116.1869445,38.8121071,696.68,1048.8159830671675,-19.336622359456584,-52.13419403072845,223.3952664906833,1.5258230332043483,1.0169482950897024,0.5813397129186603,836,486,loftr,-99.59241923349008,scheme_d_local_map,NA,True,509.61855574436055,213.13999999999993
1734763730200,F:\agent\UAV\data\IR-image\1734763730200.jpg,116.1810940045896,38.811921706273225,483.54,116.1869998,38.8121068,697.29,1051.216324967719,-22.1519816649113,-45.465030358565286,231.35537260915567,1.5188382482215081,1.0092222540414375,0.6929032258064516,775,537,loftr,-99.59241923349008,scheme_d_local_map,NA,True,512.1151015116448,213.74999999999994
1734763730400,F:\agent\UAV\data\IR-image\1734763730400.jpg,116.18111181430206,38.81187478018454,483.54,116.187055,38.8121065,697.84,1052.7611598057724,-27.375793857301943,13.735029271851545,6.718890009051677,0.5428161570964093,1.0003585813556606,0.9671007539410555,1459,1411,loftr,-99.59241923349008,scheme_d_local_map,NA,True,515.5853952603788,214.3
1734763730600,F:\agent\UAV\data\IR-image\1734763730600.jpg,116.18112244317493,38.81186483408989,483.54,116.1871102,38.8121062,698.37,1053.6831203999666,-28.482993113576335,16.36811966786979,9.788413836421682,1.0059470594117044,1.001140553604245,0.9439950217797137,1607,1517,loftr,-99.59241923349008,scheme_d_local_map,NA,True,519.4967712350611,214.82999999999998
1734763730800,F:\agent\UAV\data\IR-image\1734763730800.jpg,116.18116773684426,38.81186690809325,483.54,116.1871654,38.8121059,698.89,1057.6119451036154,-28.252115059226377,13.891490351509617,20.55397339973956,1.098188867226984,1.0021801012196312,0.8258064516129032,1550,1280,loftr,-99.59241923349008,scheme_d_local_map,NA,True,520.3403956709101,215.34999999999997
1734763731000,F:\agent\UAV\data\IR-image\1734763731000.jpg,116.18119009620841,38.81188686106003,483.54,116.1872205,38.8121057,699.41,1059.5514219345478,-26.030950797723126,6.836962036168984,24.882822323590403,1.3825757254707125,1.0040047239995689,0.8333333333333334,1644,1370,loftr,-99.59241923349008,scheme_d_local_map,NA,True,523.0643802509003,215.86999999999995
1734763731200,F:\agent\UAV\data\IR-image\1734763731200.jpg,116.18122871774368,38.811899091976784,483.54,116.1872755,38.8121055,699.95,1062.9014980954692,-24.669405144919818,1.5017587299519164,33.517766483900914,1.607249403015173,1.0024049166456723,0.8080495356037152,1615,1305,loftr,-99.59241923349008,scheme_d_local_map,NA,True,524.4195854204816,216.41000000000003
1734763731400,F:\agent\UAV\data\IR-image\1734763731400.jpg,116.18127860540514,38.81191026860811,483.54,116.1873306,38.8121053,700.47,1067.2288109329504,-23.425222545348817,-3.9657130316769553,44.9122387801508,1.9947872563589768,1.0046566998087545,0.9795918367346939,1568,1536,loftr,-99.59241923349008,scheme_d_local_map,NA,True,524.8169349487913,216.93
1734763731600,F:\agent\UAV\data\IR-image\1734763731600.jpg,116.18130730598389,38.81190219073694,483.54,116.1873856,38.8121052,700.96,1069.718331973953,-24.324451164263305,-2.6414099546156535,52.2229214039599,2.6137778757388976,1.0050871904308734,0.9183937823834197,1544,1418,loftr,-99.59241923349008,scheme_d_local_map,NA,True,527.1309565213395,217.42000000000002
1734763731800,F:\agent\UAV\data\IR-image\1734763731800.jpg,116.18132111697858,38.8118771614182,483.54,116.1874405,38.812105,701.51,1070.9163134557248,-27.110714925872433,4.509612276803466,56.84172493485363,2.6926137275428466,1.0037810328357637,0.8755074424898511,1478,1294,loftr,-99.59241923349008,scheme_d_local_map,NA,True,530.8125262253615,217.96999999999997
1734763732000,F:\agent\UAV\data\IR-image\1734763732000.jpg,116.18133388622829,38.81185913327766,483.54,116.1874953,38.8121051,702.15,1072.0239327862234,-29.117607531472952,9.545885781769641,60.8459010171232,2.136922090629075,1.0013540828188618,0.7028334485141673,1447,1017,loftr,-99.59241923349008,scheme_d_local_map,NA,True,534.5495273883909,218.60999999999996
1734763732200,F:\agent\UAV\data\IR-image\1734763732200.jpg,116.18141007394391,38.81183477024128,483.54,116.18755,38.8121054,702.81,1078.632542416058,-31.829700740853408,13.960898442643611,80.4046511306907,1.3627051144370117,1.0082063418952343,0.644515612489992,1249,805,loftr,-99.59241923349008,scheme_d_local_map,NA,True,532.8381272404941,219.26999999999992
1734763732400,F:\agent\UAV\data\IR-image\1734763732400.jpg,116.1814471117578,38.81183106272985,483.54,116.1876047,38.8121057,703.36,1081.8452447730176,-32.242420912999506,13.60046797530066,89.48927863080075,1.4355910620832797,1.0043315138044424,0.5353302611367128,1302,697,loftr,-99.59241923349008,scheme_d_local_map,NA,True,534.3913066898352,219.82
1734763732600,F:\agent\UAV\data\IR-image\1734763732600.jpg,116.18146157523628,38.81183484973305,483.54,116.1876594,38.8121057,703.97,1083.099823445607,-31.820851716722203,11.846910108200461,92.7643111902454,1.5450187591733848,1.0107305634283892,0.7356154406409323,1373,1010,loftr,-99.59241923349008,scheme_d_local_map,NA,True,537.8481411180752,220.43
1734763732800,F:\agent\UAV\data\IR-image\1734763732800.jpg,116.18149479649547,38.81184037485272,483.54,116.1877139,38.8121057,704.62,1085.9814734799122,-31.205795395557622,8.796814729340724,100.45198140554993,1.7524055459168564,1.0076606044265861,0.9382530120481928,1328,1246,loftr,-99.59241923349008,scheme_d_local_map,NA,True,539.6549764568765,221.07999999999998
1734763733000,F:\agent\UAV\data\IR-image\1734763733000.jpg,116.18151813100984,38.811856468903585,483.54,116.1877685,38.8121058,705.25,1088.0055359558803,-29.41420565282165,2.8916279261009663,105.21585887951335,1.753135713530856,1.010387420995069,0.744343891402715,1326,987,loftr,-99.59241923349008,scheme_d_local_map,NA,True,542.2660147582869,221.70999999999998
1734763733200,F:\agent\UAV\data\IR-image\1734763733200.jpg,116.18153953836119,38.811847853355204,483.54,116.187823,38.8121057,705.91,1089.8624341072382,-30.373288498540386,4.677484585424793,110.80366869264691,1.6434033402657466,1.0082632231369093,0.7614403600900225,1333,1015,loftr,-99.59241923349008,scheme_d_local_map,NA,True,545.1785737301929,222.36999999999995
1734763733400,F:\agent\UAV\data\IR-image\1734763733400.jpg,116.18155752349259,38.81184325714871,483.54,116.1878775,38.8121057,706.59,1091.4224849831462,-30.884938205711542,5.363855506868617,115.36063436519231,1.787072565719557,1.0086104353071166,0.773467804499612,1289,997,loftr,-99.59241923349008,scheme_d_local_map,NA,True,548.3649924273165,223.05
1734763733600,F:\agent\UAV\data\IR-image\1734763733600.jpg,116.18157331378936,38.811843024869134,483.54,116.187932,38.8121055,707.27,1092.7921533928443,-30.910795567810865,4.794779275338215,119.1634696372405,2.026967909863894,1.0081684377364482,0.7203125,1280,922,loftr,-99.59241923349008,scheme_d_local_map,NA,True,551.714423072181,223.72999999999996
1734763733800,F:\agent\UAV\data\IR-image\1734763733800.jpg,116.18160985521324,38.81185670243146,483.54,116.1879866,38.8121053,707.94,1095.9617983121989,-29.38820932946389,-0.9017316817006531,127.22372205731818,2.2809861321428357,1.013252723544771,0.6579572446555819,1263,831,loftr,-99.59241923349008,scheme_d_local_map,NA,True,553.1975983794348,224.40000000000003
1734763734000,F:\agent\UAV\data\IR-image\1734763734000.jpg,116.18163357789672,38.81186704524106,483.54,116.1880413,38.8121052,708.55,1098.0195310214287,-28.236847765590184,-5.050749883166702,132.38024265106816,2.2090667472190053,1.0083884540742962,0.7262295081967213,1220,886,loftr,-99.59241923349008,scheme_d_local_map,NA,True,555.8216856977576,225.00999999999993
1734763734200,F:\agent\UAV\data\IR-image\1734763734200.jpg,116.18167095452037,38.8118982358031,483.54,116.188096,38.8121051,709.12,1101.2616221233673,-24.764714398772636,-16.176779350747665,139.72913087974098,1.8388278416192145,1.0072841138757636,0.6964440589765828,1153,803,loftr,-99.59241923349008,scheme_d_local_map,NA,True,557.1663449130377,225.57999999999998
1734763734400,F:\agent\UAV\data\IR-image\1734763734400.jpg,116.1816922514209,38.81191847938228,483.54,116.1881509,38.8121051,709.67,1103.1089396440466,-22.511199164703942,-23.277737312303202,143.78778492227184,2.0208157577090806,1.010423405473956,0.8149435273675065,1151,938,loftr,-99.59241923349008,scheme_d_local_map,NA,True,559.9873699875232,226.12999999999994
1734763734600,F:\agent\UAV\data\IR-image\1734763734600.jpg,116.18174536163653,38.8118954376215,483.54,116.1882058,38.8121052,710.18,1107.7157805177258,-25.0762079743453,-18.33350592020571,157.7375753682635,2.076854478390357,1.0056216892263563,0.579136690647482,1112,644,loftr,-99.59241923349008,scheme_d_local_map,NA,True,560.2436588655926,226.63999999999993
1734763734800,F:\agent\UAV\data\IR-image\1734763734800.jpg,116.18176084471914,38.811848709805425,483.54,116.1882609,38.8121053,710.59,1109.0588008195066,-30.277948460515663,-4.5651676126162215,163.88759291808856,2.121005667731776,1.0088896988536245,0.7526978417266187,1112,837,loftr,-99.59241923349008,scheme_d_local_map,NA,True,563.9129150027132,227.05
1734763735000,F:\agent\UAV\data\IR-image\1734763735000.jpg,116.18178757141747,38.81182674628084,483.54,116.188316,38.8121054,710.99,1111.3771052141938,-32.72292801631847,1.117292155136795,171.44741018609278,2.866062924911566,1.0071200957247493,0.6116681859617138,1097,671,loftr,-99.59241923349008,scheme_d_local_map,NA,True,566.4971325929921,227.45
1734763735200,F:\agent\UAV\data\IR-image\1734763735200.jpg,116.18180958376765,38.811823324771915,483.54,116.1883712,38.8121054,711.43,1113.286481655147,-33.10381039084656,1.2783556484660608,176.91001690733998,3.1689615732561047,1.0102049176144081,0.5747883349012229,1063,611,loftr,-99.59241923349008,scheme_d_local_map,NA,True,569.3892050757287,227.88999999999993
1734763735400,F:\agent\UAV\data\IR-image\1734763735400.jpg,116.1818487527621,38.81184698218391,483.54,116.1884265,38.8121053,711.86,1116.684045051596,-30.470267287609456,-7.5994824769180696,185.08143240028642,3.2929411780105826,1.0109858271043353,0.6968238691049086,1039,724,loftr,-99.59241923349008,scheme_d_local_map,NA,True,570.6455796690615,228.32
1734763735600,F:\agent\UAV\data\IR-image\1734763735600.jpg,116.18187613025796,38.81185111178437,483.54,116.1884819,38.8121054,712.3,1119.05880036977,-30.0105601640428,-9.982536433885343,191.43886558500958,2.9689195268986794,1.0106484699991516,0.5882352941176471,986,580,loftr,-99.59241923349008,scheme_d_local_map,NA,True,573.0481955891184,228.75999999999993
1734763735800,F:\agent\UAV\data\IR-image\1734763735800.jpg,116.18191385196376,38.81186184284498,483.54,116.1885372,38.8121055,712.79,1122.330824292826,-28.815978496624005,-14.819136875795152,199.93588438216727,3.0981835120166017,1.0093302744434038,0.6327800829875518,964,610,loftr,-99.59241923349008,scheme_d_local_map,NA,True,574.5123939665309,229.24999999999994
1734763736000,F:\agent\UAV\data\IR-image\1734763736000.jpg,116.18194022280464,38.81186869700215,483.54,116.1885926,38.8121057,713.29,1124.6182612056864,-28.052973720869627,-18.000765986574322,205.90978967082356,3.4447478170478947,1.0128413673699035,0.6510638297872341,940,612,loftr,-99.59241923349008,scheme_d_local_map,NA,True,576.9905127280495,229.74999999999994
1734763736200,F:\agent\UAV\data\IR-image\1734763736200.jpg,116.18197205858453,38.81186563217429,483.54,116.1886481,38.8121058,713.82,1127.3797331806377,-28.394150358630256,-18.348147160425697,213.71211329014238,2.774503896275472,1.0086602781686778,0.5369955156950673,892,479,loftr,-99.59241923349008,scheme_d_local_map,NA,True,579.0548776933208,230.28000000000003
1734763736400,F:\agent\UAV\data\IR-image\1734763736400.jpg,116.18199332765161,38.81183104555157,483.54,116.1887036,38.8121061,714.39,1129.2246363945917,-32.24433319925426,9.792973854855347,6.906876847853027,-0.2076143388486422,0.99941842322134,1.0,1738,1738,loftr,-99.59241923349008,scheme_d_local_map,NA,True,582.2086733921273,230.84999999999997
1734763736600,F:\agent\UAV\data\IR-image\1734763736600.jpg,116.18201758297492,38.81182273777414,483.54,116.1887592,38.8121064,715.0,1131.3285708930325,-33.169154982450344,11.368461229344746,13.162367814007496,-0.6779790274470694,1.0021818068766517,0.9988207547169812,1696,1694,loftr,-99.59241923349008,scheme_d_local_map,NA,True,584.9716301021756,231.45999999999998
1734763736800,F:\agent\UAV\data\IR-image\1734763736800.jpg,116.18205875453668,38.811831380576564,483.54,116.1888149,38.8121067,715.61,1134.8998392696662,-32.207038217378596,7.035271876420666,22.596317394811365,-1.0730984314678071,1.002449546024483,0.9969078540507111,1617,1612,loftr,-99.59241923349008,scheme_d_local_map,NA,True,586.1793865151365,232.07
1734763737000,F:\agent\UAV\data\IR-image\1734763737000.jpg,116.18209385339428,38.811816849904176,483.54,116.1888708,38.812107,716.2,1137.9443543385871,-33.82459266736043,10.088048616549713,31.77900551522748,-1.4518095602462135,1.0021863028428215,0.9746514575411914,1578,1538,loftr,-99.59241923349008,scheme_d_local_map,NA,True,588.0674560867373,232.66000000000003
1734763737200,F:\agent\UAV\data\IR-image\1734763737200.jpg,116.18213331170371,38.81181836317516,483.54,116.1889268,38.8121072,716.74,1141.3670132468712,-33.65613534064551,8.020927784547723,41.172879665345874,-1.7909600697257333,1.004176805419145,0.9815168897386871,1569,1540,loftr,-99.59241923349008,scheme_d_local_map,NA,True,589.4905597062364,233.2
1734763737400,F:\agent\UAV\data\IR-image\1734763737400.jpg,116.18218044886213,38.81185994587181,483.54,116.188983,38.8121074,717.24,1145.4557443044844,-29.02714955001765,-6.702847792092143,50.323858697183596,-1.6192545510692702,1.0042125801557233,0.9876462938881665,1538,1519,loftr,-99.59241923349008,scheme_d_local_map,NA,True,590.0419797556285,233.7
1734763737600,F:\agent\UAV\data\IR-image\1734763737600.jpg,116.18218725354734,38.81185680421544,483.54,116.1890394,38.8121075,717.71,1146.045990485745,-29.37687873769073,-6.011003363343605,52.121024215457226,-1.225294996120205,1.0048839160248157,0.9042272126816381,1514,1369,loftr,-99.59241923349008,scheme_d_local_map,NA,True,594.351283293861,234.17000000000002
1734763737800,F:\agent\UAV\data\IR-image\1734763737800.jpg,116.18222420427234,38.81187311060337,483.54,116.1890959,38.8121075,718.2,1149.2511386529115,-27.5616516326176,-12.534043206950003,60.14265866427411,-1.208468763705525,1.0055183374293832,0.6702412868632708,1492,1000,loftr,-99.59241923349008,scheme_d_local_map,NA,True,595.9611351450479,234.66000000000003
1734763738000,F:\agent\UAV\data\IR-image\1734763738000.jpg,116.18224658314698,38.811860025369086,483.54,116.1891526,38.8121077,718.66,1151.1923078440557,-29.01829991355787,-9.410523909258188,66.19642795198905,-0.9172624654752419,1.0056838315231351,0.9311714096624751,1511,1407,loftr,-99.59241923349008,scheme_d_local_map,NA,True,598.9981785007411,235.11999999999995
1734763738200,F:\agent\UAV\data\IR-image\1734763738200.jpg,116.18227160885789,38.811851559168225,483.54,116.1892094,38.8121078,719.11,1153.3630666440038,-29.960757393334642,-7.817483352233523,72.64511293771494,-0.8168301467673635,1.0070910461968798,0.9368703828072532,1489,1395,loftr,-99.59241923349008,scheme_d_local_map,NA,True,601.792712515073,235.57
1734763738400,F:\agent\UAV\data\IR-image\1734763738400.jpg,116.18228518013693,38.811823738661595,483.54,116.1892664,38.8121079,719.58,1154.5402549169585,-33.05773619170684,0.2032100743865044,77.35170034129078,-0.48844983070807074,1.006868752616165,0.9292096219931272,1455,1352,loftr,-99.59241923349008,scheme_d_local_map,NA,True,605.7054928373537,236.04000000000002
1734763738600,F:\agent\UAV\data\IR-image\1734763738600.jpg,116.18231543432329,38.811847261020766,483.54,116.1893235,38.812108,720.11,1157.1645376580736,-30.439227168780914,-8.271329867623137,83.38998991435835,-0.26617116585822737,1.0071351750153728,0.8809034907597536,1461,1287,loftr,-99.59241923349008,scheme_d_local_map,NA,True,607.8984847530255,236.57
1734763738800,F:\agent\UAV\data\IR-image\1734763738800.jpg,116.18234734697049,38.811837335904976,483.54,116.1893807,38.8121082,720.63,1159.9326771923693,-31.544091058094008,-6.508222849425749,91.56796909145999,-0.25448500271917923,1.0091321415765466,0.7488921713441654,1354,1014,loftr,-99.59241923349008,scheme_d_local_map,NA,True,610.1415791013446,237.08999999999997
1734763739000,F:\agent\UAV\data\IR-image\1734763739000.jpg,116.18238292085798,38.81182944769305,483.54,116.1894381,38.8121084,721.1,1163.0183968976273,-32.42220680974382,-5.52121461483182,100.51883623573872,-0.4243173114456006,1.0102032284111984,0.9193675889328063,1265,1163,loftr,-99.59241923349008,scheme_d_local_map,NA,True,612.0753332787875,237.56
1734763739200,F:\agent\UAV\data\IR-image\1734763739200.jpg,116.1824056543576,38.811823087233456,483.54,116.1894957,38.8121086,721.58,1164.99032666703,-33.13025317215392,-4.483939225848019,106.30759327061418,-0.0892347144324391,1.0100430899535455,0.8260869565217391,1265,1045,loftr,-99.59241923349008,scheme_d_local_map,NA,True,615.1296884419279,238.04000000000002
1734763739400,F:\agent\UAV\data\IR-image\1734763739400.jpg,116.18244122391008,38.811817575988506,483.54,116.1895535,38.8121088,722.06,1168.075670347782,-33.74376495955061,-4.22908205065437,115.13365554977099,0.14215099033528647,1.0083929357877004,0.6529605263157895,1216,794,loftr,-99.59241923349008,scheme_d_local_map,NA,True,617.0862872136674,238.51999999999992
1734763739600,F:\agent\UAV\data\IR-image\1734763739600.jpg,116.18245489397152,38.81181029412206,483.54,116.1896114,38.8121089,722.53,1169.261427120427,-34.55438233259544,-2.5402081087677857,118.79454934603723,0.10298900599023394,1.0078070739908236,0.8137108792846498,1342,1092,loftr,-99.59241923349008,scheme_d_local_map,NA,True,620.9566792831281,238.98999999999995
1734763739800,F:\agent\UAV\data\IR-image\1734763739800.jpg,116.18249102075184,38.811790908192016,483.54,116.1896696,38.812109,723.04,1172.3951053820904,-36.71242406512058,1.9667350111017754,128.47681262059876,-0.25961213152880364,1.0088763168791353,0.8378582202111614,1326,1111,loftr,-99.59241923349008,scheme_d_local_map,NA,True,622.9858086425106,239.49999999999994
1734763740000,F:\agent\UAV\data\IR-image\1734763740000.jpg,116.18253254739338,38.81181364702653,483.54,116.1897278,38.8121092,723.56,1175.9971737843744,-34.18113700631535,-6.723749669112465,137.26205171773722,-0.49784073238375814,1.0100887845128588,0.7866880513231757,1247,981,loftr,-99.59241923349008,scheme_d_local_map,NA,True,624.2910825170932,240.01999999999992
1734763740200,F:\agent\UAV\data\IR-image\1734763740200.jpg,116.18258153443075,38.81183304691236,483.54,116.1897863,38.8121093,724.06,1180.246365458366,-32.021541716047885,-14.688208860890313,148.0121439419795,-0.7726037109667112,1.0170522752458233,0.7154398563734291,1114,797,loftr,-99.59241923349008,scheme_d_local_map,NA,True,625.0049470825015,240.51999999999992
1734763740400,F:\agent\UAV\data\IR-image\1734763740400.jpg,116.1826202058572,38.81182819840395,483.54,116.1898449,38.8121094,724.57,1183.6007692383514,-32.56127767200271,-14.763384639147318,157.5483586748702,-1.0472614030815761,1.0216743591831468,0.5891402714932127,1105,651,loftr,-99.59241923349008,scheme_d_local_map,NA,True,626.756788458322,241.03000000000003
1734763740600,F:\agent\UAV\data\IR-image\1734763740600.jpg,116.18263885842894,38.81182568736919,483.54,116.1899036,38.8121094,725.12,1185.2187146528713,-32.8408060618933,-14.746519798348288,162.15698430200018,-0.5683781050251483,1.0127180410068441,0.6765799256505576,1076,728,loftr,-99.59241923349008,scheme_d_local_map,NA,True,630.2362863615402,241.57999999999998
1734763740800,F:\agent\UAV\data\IR-image\1734763740800.jpg,116.18268243381098,38.81184457786877,483.54,116.1899625,38.8121093,725.69,1188.9984931514969,-30.737915648958886,-22.334480323190405,171.63443541994246,-0.5453101520027707,1.0119460268665783,0.7350427350427351,1053,774,loftr,-99.59241923349008,scheme_d_local_map,NA,True,631.4603703045748,242.15000000000003
1734763741000,F:\agent\UAV\data\IR-image\1734763741000.jpg,116.1827043680361,38.81182910957498,483.54,116.1900215,38.8121092,726.23,1190.9010929351898,-32.45984611301246,-18.45871681708843,177.7055400953301,-1.3405475936741365,1.0153631882907748,0.7386046511627907,1075,794,loftr,-99.59241923349008,scheme_d_local_map,NA,True,634.7500450760941,242.69
1734763741200,F:\agent\UAV\data\IR-image\1734763741200.jpg,116.18273823648902,38.81184435585601,483.54,116.1900807,38.8121091,726.79,1193.8388812949026,-30.762630109196365,-24.53009195232505,185.04241819817446,-0.6221470494151792,1.0153098470692818,0.7093389296956978,953,676,loftr,-99.59241923349008,scheme_d_local_map,NA,True,636.8610103693663,243.24999999999994
1734763741400,F:\agent\UAV\data\IR-image\1734763741400.jpg,116.18278365379943,38.8118510268976,483.54,116.1901399,38.812109,727.36,1197.778430768396,-30.020009759588223,-28.428053000263276,195.5983009294473,-1.2454739666612789,1.0116641773307273,0.7289340101522843,985,718,loftr,-99.59241923349008,scheme_d_local_map,NA,True,638.0196000490286,243.82
1734763741600,F:\agent\UAV\data\IR-image\1734763741600.jpg,116.18281193197168,38.81186821544627,483.54,116.1901992,38.8121089,727.93,1200.231311785295,-28.10658052131896,-34.871019782149176,201.49200276761178,-1.6189967299033794,1.0138730925679889,0.7202718006795017,883,636,loftr,-99.59241923349008,scheme_d_local_map,NA,True,640.6214810341379,244.38999999999993
1734763741800,F:\agent\UAV\data\IR-image\1734763741800.jpg,116.18284858400453,38.811896320059425,483.54,116.1902585,38.8121087,728.49,1203.4105510528727,-24.977974984957587,-45.01689201706836,208.8276196316022,-1.1087351714681157,1.0140340832604575,0.7188995215311005,836,601,loftr,-99.59241923349008,scheme_d_local_map,NA,True,642.4585695766215,244.95
1734763742000,F:\agent\UAV\data\IR-image\1734763742000.jpg,116.18287485033781,38.811881491197525,483.54,116.1903179,38.8121085,729.06,1205.6889228560894,-26.62872389164632,-41.513894214668426,215.90542973301285,-1.0818984410426786,1.0171083596312396,0.6383495145631068,824,526,loftr,-99.59241923349008,scheme_d_local_map,NA,True,645.3891121385221,245.51999999999992
1734763742200,F:\agent\UAV\data\IR-image\1734763742200.jpg,116.18291204936222,38.81186005313277,483.54,116.1903773,38.8121083,729.62,1208.9156087968888,-29.015209260049033,-36.418205529161696,225.951954992413,-0.9145611046875066,1.0166707454334711,0.6552941176470588,850,557,loftr,-99.59241923349008,scheme_d_local_map,NA,True,647.4077145654436,246.07999999999998
1734763742400,F:\agent\UAV\data\IR-image\1734763742400.jpg,116.18295299732634,38.81186521441775,483.54,116.1904368,38.8121081,730.19,1212.467482059154,-28.440655015874324,-3.251486380473466,9.5615470182953,0.12105000919074786,1.0006895767040496,0.9738872403560831,1685,1641,loftr,-99.59241923349008,scheme_d_local_map,NA,True,648.988573864434,246.65000000000003
1734763742600,F:\agent\UAV\data\IR-image\1734763742600.jpg,116.1829846768049,38.81188399576658,483.54,116.1904962,38.8121078,730.75,1215.2153962779673,-26.34991526474876,-10.323180717486139,16.188858703214464,0.2712984299305232,1.0010221174480989,0.9993857493857494,1628,1627,loftr,-99.59241923349008,scheme_d_local_map,NA,True,651.3037111039486,247.20999999999998
1734763742800,F:\agent\UAV\data\IR-image\1734763742800.jpg,116.18300468824135,38.8118852088043,483.54,116.1905556,38.8121075,731.32,1216.951211173704,-26.214879905409887,-11.508808138708332,20.929798520703002,0.40923139525510266,1.0021218719531504,0.9924154025670945,1714,1701,loftr,-99.59241923349008,scheme_d_local_map,NA,True,654.7076353962063,247.78000000000003
1734763743000,F:\agent\UAV\data\IR-image\1734763743000.jpg,116.18304346138983,38.81191200262197,483.54,116.1906151,38.8121072,731.89,1220.3144384368154,-23.232192121785932,-21.336890803033725,28.84287746112591,0.2667790638348966,1.0037105947598832,0.8906152889993785,1609,1433,loftr,-99.59241923349008,scheme_d_local_map,NA,True,656.3955672388751,248.34999999999997
1734763743200,F:\agent\UAV\data\IR-image\1734763743200.jpg,116.18308021717888,38.81191553419716,483.54,116.1906745,38.812107,732.43,1223.502677636956,-22.839057172387626,-23.916191095813474,37.48287437213742,0.5493075564938347,1.0041312034236287,0.847457627118644,1298,1100,loftr,-99.59241923349008,scheme_d_local_map,NA,True,658.3429167342479,248.88999999999993
1734763743400,F:\agent\UAV\data\IR-image\1734763743400.jpg,116.18312136218813,38.811958447491556,483.54,116.190734,38.8121066,732.99,1227.0716428185829,-18.0619492400136,-38.80680258558556,45.1260499687553,0.8323917890673581,1.0061869001867338,0.912232204561161,1447,1320,loftr,-99.59241923349008,scheme_d_local_map,NA,True,659.7944229492778,249.45
1734763743600,F:\agent\UAV\data\IR-image\1734763743600.jpg,116.18314194282573,38.81196732587293,483.54,116.1907934,38.8121062,733.56,1228.8568308718857,-17.073607825432738,-42.377162377327124,49.604516697835095,1.2417047769455962,1.0052995089099188,0.9669479606188467,1422,1375,loftr,-99.59241923349008,scheme_d_local_map,NA,True,663.1319745422502,250.01999999999992
1734763743800,F:\agent\UAV\data\IR-image\1734763743800.jpg,116.18316831308826,38.811948478302234,483.54,116.1908528,38.812106,734.11,1231.1442176171468,-19.171719395754756,-37.64024503000758,56.91652341247857,1.3244747258832257,1.0088563191356115,0.7636746143057503,1426,1089,loftr,-99.59241923349008,scheme_d_local_map,NA,True,666.0444201065084,250.57
1734763744000,F:\agent\UAV\data\IR-image\1734763744000.jpg,116.18319163299701,38.81191721793364,483.54,116.1909121,38.812106,734.63,1233.1670131860515,-22.65162362694724,-28.955273092079267,64.14254944745949,0.8776232088892041,1.0072946970568237,0.9093484419263456,1412,1284,loftr,-99.59241923349008,scheme_d_local_map,NA,True,669.260956593435,251.08999999999997
1734763744200,F:\agent\UAV\data\IR-image\1734763744200.jpg,116.1832212136875,38.81186464497537,483.54,116.1909714,38.8121059,735.12,1235.7328761266394,-28.504045341278818,-13.958051867464803,73.98129338905892,0.9096658322813497,1.0074479351474535,0.9219858156028369,1410,1300,loftr,-99.59241923349008,scheme_d_local_map,NA,True,672.0425529226184,251.57999999999998
1734763744400,F:\agent\UAV\data\IR-image\1734763744400.jpg,116.18325457815548,38.81184213289486,483.54,116.1910307,38.8121059,735.57,1238.6269482558957,-31.010090144420953,-8.375891762365427,83.16318730710077,0.796516068205069,1.0056342722931912,0.8455882352941176,1360,1150,loftr,-99.59241923349008,scheme_d_local_map,NA,True,674.3922606093041,252.03000000000003
1734763744600,F:\agent\UAV\data\IR-image\1734763744600.jpg,116.1832764799233,38.8118675806967,483.54,116.1910899,38.8121057,736.03,1240.5267326551473,-28.17724084391021,-17.104774929402254,87.09607645561147,0.9952027156003961,1.0100205962831663,0.880466472303207,1372,1208,loftr,-99.59241923349008,scheme_d_local_map,NA,True,677.5033165535111,252.48999999999995
1734763744800,F:\agent\UAV\data\IR-image\1734763744800.jpg,116.18330894895207,38.81192113832873,483.54,116.1911492,38.8121054,736.52,1243.3431333642427,-22.215205246336208,-34.922832864814836,92.10219850833624,1.5972755876545666,1.0111985364368608,0.7037037037037037,1269,893,loftr,-99.59241923349008,scheme_d_local_map,NA,True,679.6191344188032,252.97999999999996
1734763745000,F:\agent\UAV\data\IR-image\1734763745000.jpg,116.18333874687033,38.811941697148804,483.54,116.1912083,38.8121052,737.02,1245.9278388892576,-19.926597395022412,-42.46581550021125,98.18525869619043,1.4049505203293693,1.0106033191155115,0.8688906128782001,1289,1120,loftr,-99.59241923349008,scheme_d_local_map,NA,True,682.0913066888911,253.47999999999996
1734763745200,F:\agent\UAV\data\IR-image\1734763745200.jpg,116.18339000781236,38.81194218557609,483.54,116.1912673,38.8121051,737.49,1250.3742716550357,-19.87222566960548,-44.69604257871026,110.46592589392912,1.2002487049280897,1.0106281737157021,0.7550847457627119,1180,891,loftr,-99.59241923349008,scheme_d_local_map,NA,True,682.7598700233044,253.95
1734763745400,F:\agent\UAV\data\IR-image\1734763745400.jpg,116.18342363008865,38.811932020209944,483.54,116.1913263,38.812105,737.93,1253.2907063717464,-21.00383422887692,-42.92827874226049,119.066841246889,1.556986445361123,1.0119949091522025,0.7816482582837723,1177,920,loftr,-99.59241923349008,scheme_d_local_map,NA,True,684.9884873365058,254.38999999999993
1734763745600,F:\agent\UAV\data\IR-image\1734763745600.jpg,116.1834556977785,38.811917154283236,483.54,116.1913851,38.8121048,738.4,1256.0722944819381,-22.658709189895355,-39.649232710325805,127.53929982346119,1.3869028545432918,1.0160831018745817,0.6572164948453608,1164,765,loftr,-99.59241923349008,scheme_d_local_map,NA,True,687.3514132469415,254.85999999999996
1734763745800,F:\agent\UAV\data\IR-image\1734763745800.jpg,116.18348215325827,38.81191690557841,483.54,116.1914439,38.8121046,738.87,1258.3670730683352,-22.68639501153866,-40.64595355575301,133.90335674366753,1.8557074222470145,1.011973721925114,0.7202072538860104,1158,834,loftr,-99.59241923349008,scheme_d_local_map,NA,True,690.1527495523886,255.32999999999998
1734763746000,F:\agent\UAV\data\IR-image\1734763746000.jpg,116.1835141133895,38.81190895395781,483.54,116.1915025,38.8121044,739.33,1261.139331421597,-23.571569416808046,-39.49279314197497,141.9899791493284,2.004864543854364,1.0165509719706696,0.648,1125,729,loftr,-99.59241923349008,scheme_d_local_map,NA,True,692.4864350059943,255.79000000000002
1734763746200,F:\agent\UAV\data\IR-image\1734763746200.jpg,116.1835478459433,38.811913340222794,483.54,116.191561,38.8121043,739.78,1264.0653317346448,-23.083290398718916,-42.21275945718281,149.8596927111672,2.8821796065832914,1.0129043094403727,0.7278538812785388,1095,797,loftr,-99.59241923349008,scheme_d_local_map,NA,True,694.6158811956419,256.23999999999995
1734763746400,F:\agent\UAV\data\IR-image\1734763746400.jpg,116.1835731552288,38.811914312092235,483.54,116.1916193,38.8121042,740.24,1266.2606881183929,-22.975101892764457,-43.539027611326674,155.88503236946224,2.3701270092148876,1.0180917237840275,0.6917221693625119,1051,727,loftr,-99.59241923349008,scheme_d_local_map,NA,True,697.4693737541483,256.7
1734763746600,F:\agent\UAV\data\IR-image\1734763746600.jpg,116.18359326502053,38.81189144946254,483.54,116.1916775,38.8121041,740.7,1268.0050344641559,-25.520169829559165,-37.3111003642083,161.9031585030499,2.410476417658473,1.017447283989315,0.7485822306238186,1058,792,loftr,-99.59241923349008,scheme_d_local_map,NA,True,700.8490966554249,257.16
1734763746800,F:\agent\UAV\data\IR-image\1734763746800.jpg,116.18362689311611,38.81189626268088,483.54,116.1917355,38.8121041,741.18,1270.9219739520447,-24.984362364136814,-40.15836997570085,169.72556436458865,1.5847649228827698,1.0245636180131898,0.4735812133072407,1022,484,loftr,-99.59241923349008,scheme_d_local_map,NA,True,702.9417531463065,257.63999999999993
1734763747000,F:\agent\UAV\data\IR-image\1734763747000.jpg,116.18366805020514,38.811923319175776,483.54,116.1917934,38.812104,741.69,1274.491986948242,-21.972433352656807,-50.16410229464981,178.1972734339663,1.8481158045394817,1.0136756566055023,0.5987780040733197,982,588,loftr,-99.59241923349008,scheme_d_local_map,NA,True,704.298903072527,258.15000000000003
1734763747200,F:\agent\UAV\data\IR-image\1734763747200.jpg,116.18370758257855,38.811942703386954,483.54,116.1918511,38.8121037,742.21,1277.921070250507,-19.814582964717566,-57.740139987664065,186.67842196124064,2.634900489912435,1.0161614871108833,0.6762820512820513,936,633,loftr,-99.59241923349008,scheme_d_local_map,NA,True,705.8133770376296,258.67
1734763747400,F:\agent\UAV\data\IR-image\1734763747400.jpg,116.18375565371183,38.811943777977646,483.54,116.1919088,38.8121034,742.71,1282.0908153552461,-19.694959528347987,-60.021543804596774,198.16279855152743,1.9593845851555298,1.0191240167594637,0.6282894736842105,912,573,loftr,-99.59241923349008,scheme_d_local_map,NA,True,706.6435322341728,259.17
1734763747600,F:\agent\UAV\data\IR-image\1734763747600.jpg,116.18378032857734,38.811958473094876,483.54,116.1919662,38.8121034,743.2,1284.2311414234475,-18.059099078850657,-65.55010930425527,203.32129092522098,2.6921302543162495,1.0166882513831534,0.7316219369894983,857,627,loftr,-99.59241923349008,scheme_d_local_map,NA,True,709.4390039977418,259.66
1734763747800,F:\agent\UAV\data\IR-image\1734763747800.jpg,116.18380979348079,38.811927841244035,483.54,116.1920235,38.8121035,743.7,1286.7869608634603,-21.469036713905957,-57.30809247788841,211.98980624178876,1.5609932370891804,1.0199271557331855,0.6298543689320388,824,519,loftr,-99.59241923349008,scheme_d_local_map,NA,True,711.9358357573374,260.16
1734763748000,F:\agent\UAV\data\IR-image\1734763748000.jpg,116.1838447926245,38.8119373883452,483.54,116.1920807,38.8121035,744.2,1289.822826635841,-20.40625341216478,-61.66946417259493,219.89487222732276,2.1085013707710543,1.0168286535883657,0.6558363417569194,831,545,loftr,-99.59241923349008,scheme_d_local_map,NA,True,713.8303772083534,260.66
1734763748200,F:\agent\UAV\data\IR-image\1734763748200.jpg,116.18387535970561,38.811943337197036,483.54,116.1921377,38.8121035,744.75,1292.4742502265678,-19.74402722587641,-64.74242383073496,226.92329696916852,1.9645060381752761,1.0157031377651966,0.6469038208168643,759,491,loftr,-99.59241923349008,scheme_d_local_map,NA,True,716.1030786022001,261.21
1734763748400,F:\agent\UAV\data\IR-image\1734763748400.jpg,116.18390176683657,38.811934147577034,483.54,116.1921946,38.8121035,745.29,1294.764834982582,-20.76701572510045,1.7598743209910026,6.81798644494512,0.09072221809483423,1.0008950935094705,0.9994369369369369,1776,1775,loftr,-99.59241923349008,scheme_d_local_map,NA,True,718.7703780487808,261.74999999999994
1734763748600,F:\agent\UAV\data\IR-image\1734763748600.jpg,116.18391952171689,38.81192126331473,483.54,116.1922514,38.8121035,745.84,1296.3049136168597,-22.2012918042292,5.009079084699579,11.751219623509883,-0.02311062427526888,1.0022527486051909,0.9821546596166556,1513,1486,loftr,-99.59241923349008,scheme_d_local_map,NA,True,722.191089041729,262.3
1734763748800,F:\agent\UAV\data\IR-image\1734763748800.jpg,116.18395036547064,38.81191209789623,483.54,116.192308,38.8121036,746.38,1298.9803361089425,-23.221586191732023,6.58149554758478,19.633035960244797,-0.21656303250326614,1.0016180511011403,0.9795158286778398,1611,1578,loftr,-99.59241923349008,scheme_d_local_map,NA,True,724.4514328769048,262.84
1734763749000,F:\agent\UAV\data\IR-image\1734763749000.jpg,116.18398374388455,38.81190897412871,483.54,116.1923646,38.8121037,746.89,1301.875617924622,-23.569323992077088,6.189685911053289,27.808765125955347,-0.33014778110353427,1.0033633747738846,0.9375907111756169,1378,1292,loftr,-99.59241923349008,scheme_d_local_map,NA,True,726.4731868898843,263.34999999999997
1734763749200,F:\agent\UAV\data\IR-image\1734763749200.jpg,116.18400832858276,38.81191521880458,483.54,116.1924211,38.8121038,747.4,1304.0081227771775,-22.87416667430329,3.268300666103471,33.38560970687553,-0.17127730026925603,1.0046568612037148,0.9660194174757282,1648,1592,loftr,-99.59241923349008,scheme_d_local_map,NA,True,729.2172307156203,263.85999999999996
1734763749400,F:\agent\UAV\data\IR-image\1734763749400.jpg,116.18403792604568,38.81192111069092,483.54,116.1924775,38.8121038,747.9,1306.5754405769082,-22.218281887445993,0.2522307859716193,40.1842264841992,-0.08069143266547633,1.00376099017854,0.9988045427375971,1673,1671,loftr,-99.59241923349008,scheme_d_local_map,NA,True,731.5200341534166,264.35999999999996
1734763749600,F:\agent\UAV\data\IR-image\1734763749600.jpg,116.18405323342694,38.81191394191732,483.54,116.1925338,38.8121039,748.39,1307.9032203422914,-23.01630976411436,1.8398326823182742,44.232299419127685,-0.20456056317308138,1.0052649085061864,0.9862932061978545,1678,1655,loftr,-99.59241923349008,scheme_d_local_map,NA,True,735.0932499397603,264.84999999999997
1734763749800,F:\agent\UAV\data\IR-image\1734763749800.jpg,116.18408213648203,38.811909892256374,483.54,116.1925901,38.812104,748.88,1310.4103044131466,-23.467118020638033,1.9148574806847023,51.38184880819506,-0.3013384158299648,1.0050725662639939,0.9654320987654321,1620,1564,loftr,-99.59241923349008,scheme_d_local_map,NA,True,737.4794328711075,265.34
1734763750000,F:\agent\UAV\data\IR-image\1734763750000.jpg,116.18410868521214,38.81190431491459,483.54,116.1926463,38.8121041,749.34,1312.71317163956,-24.087987707706517,2.5560691646620626,58.045744153451835,-0.7302201496563785,1.007103007224,0.957901554404145,1544,1479,loftr,-99.59241923349008,scheme_d_local_map,NA,True,740.0661485282894,265.8
1734763750200,F:\agent\UAV\data\IR-image\1734763750200.jpg,116.18414127728916,38.81190351352091,483.54,116.1927025,38.8121042,749.79,1315.5402456929517,-24.17719885257992,1.4806554188395467,65.91177758909822,-0.663858411469628,1.0076970985093892,0.95478374836173,1526,1457,loftr,-99.59241923349008,scheme_d_local_map,NA,True,742.1137237648169,266.24999999999994
1734763750400,F:\agent\UAV\data\IR-image\1734763750400.jpg,116.18417955076279,38.811907385225226,483.54,116.1927586,38.8121043,750.24,1318.8601305896577,-23.746200727769516,-1.265011403725623,74.89841173155367,-0.8660114649437316,1.0107244734433511,0.8456953642384106,1510,1277,loftr,-99.59241923349008,scheme_d_local_map,NA,True,743.6450998088219,266.7
1734763750600,F:\agent\UAV\data\IR-image\1734763750600.jpg,116.18421252060821,38.81190723420126,483.54,116.1928147,38.8121043,750.69,1321.7199727065804,-23.763012716187937,-2.556126244034658,82.8212716566,-0.7678402344489846,1.0072151923040034,0.875,1424,1246,loftr,-99.59241923349008,scheme_d_local_map,NA,True,745.6488151937531,267.15000000000003
1734763750800,F:\agent\UAV\data\IR-image\1734763750800.jpg,116.18423837059481,38.81192408125518,483.54,116.1928707,38.8121043,751.15,1323.9622301228367,-21.88759867342051,-8.795365140131366,88.1498254324602,-0.4864066888824436,1.0095084295629357,0.8389830508474576,1416,1188,loftr,-99.59241923349008,scheme_d_local_map,NA,True,748.2074019410879,267.60999999999996
1734763751000,F:\agent\UAV\data\IR-image\1734763751000.jpg,116.18427442710366,38.81192682931272,483.54,116.1929268,38.8121043,751.61,1327.089812956854,-21.581684908314894,-11.104898093239512,96.66274399904682,-0.4739419544540503,1.00741070511659,0.7251420454545454,1408,1021,loftr,-99.59241923349008,scheme_d_local_map,NA,True,749.9353098632369,268.07
1734763751200,F:\agent\UAV\data\IR-image\1734763751200.jpg,116.18429590832494,38.8119321296961,483.54,116.1929828,38.8121044,752.05,1328.9531186694426,-20.991646229755997,-13.609439928999564,101.54371139693205,-0.6990150485177529,1.0131085006634928,0.8087091757387247,1286,1040,loftr,-99.59241923349008,scheme_d_local_map,NA,True,752.9101585966032,268.50999999999993
1734763751400,F:\agent\UAV\data\IR-image\1734763751400.jpg,116.1843249607771,38.811925821670066,483.54,116.1930388,38.8121044,752.48,1331.4731616126307,-21.69385568822733,-12.844689906430517,108.84671499344364,-0.5656323564748975,1.0120414830338273,0.7911921032649962,1317,1042,loftr,-99.59241923349008,scheme_d_local_map,NA,True,755.2623960027364,268.94
1734763751600,F:\agent\UAV\data\IR-image\1734763751600.jpg,116.18433833612383,38.81190099299643,483.54,116.1930948,38.8121046,752.89,1332.6333544919878,-24.45778363779735,-5.737810029381592,113.35048629200077,-1.257606991239,1.0113365119813909,0.8015325670498085,1305,1046,loftr,-99.59241923349008,scheme_d_local_map,NA,True,759.0323382402869,269.34999999999997
1734763751800,F:\agent\UAV\data\IR-image\1734763751800.jpg,116.1843735235105,38.81189146035821,483.54,116.1931508,38.8121047,753.33,1335.6855486747124,-25.51895692431461,-4.22848451631603,122.29418922015356,-1.3016428394620099,1.0109191039201957,0.7303459119496856,1272,929,loftr,-99.59241923349008,scheme_d_local_map,NA,True,760.8675010662148,269.79
1734763752000,F:\agent\UAV\data\IR-image\1734763752000.jpg,116.18441506307472,38.81189637168321,483.54,116.1932068,38.8121049,753.77,1339.28873800569,-24.972228225430758,-7.426962220417693,132.010775279732,-1.6215973764710152,1.0107797898509199,0.8100242522231205,1237,1002,loftr,-99.59241923349008,scheme_d_local_map,NA,True,762.1036565274093,270.22999999999996
1734763752200,F:\agent\UAV\data\IR-image\1734763752200.jpg,116.18444870313137,38.811903515594636,483.54,116.1932628,38.8121049,754.18,1342.2067150110236,-24.176968004906502,-10.992787390591104,139.71469783661212,-0.9284458451920187,1.01658594052333,0.6472545757071547,1202,778,loftr,-99.59241923349008,scheme_d_local_map,NA,True,764.0163823286914,270.63999999999993
1734763752400,F:\agent\UAV\data\IR-image\1734763752400.jpg,116.1844757934232,38.8119096309403,483.54,116.1933189,38.8121049,754.61,1344.5565579220952,-23.49620772613126,-13.975983214599012,145.89978860555766,-1.416106236140047,1.0138404827769207,0.7153979238754326,1156,827,loftr,-99.59241923349008,scheme_d_local_map,NA,True,766.5092251019477,271.07
1734763752600,F:\agent\UAV\data\IR-image\1734763752600.jpg,116.18451155977118,38.81191818251712,483.54,116.193375,38.8121049,755.05,1347.6589718707266,-22.544246194144034,-18.06176762549967,154.04087065522754,-1.4110092596732595,1.0123779990461417,0.7435008665511266,1154,858,loftr,-99.59241923349008,scheme_d_local_map,NA,True,768.2439751984273,271.50999999999993
1734763752800,F:\agent\UAV\data\IR-image\1734763752800.jpg,116.18454050354713,38.8119023974694,483.54,116.1934311,38.812105,755.5,1350.169588114318,-24.301437706047672,-14.372804175596343,161.8112351593045,-1.695449251613513,1.0153228777277654,0.6867579908675799,1095,752,loftr,-99.59241923349008,scheme_d_local_map,NA,True,770.6457384196021,271.96
1734763753000,F:\agent\UAV\data\IR-image\1734763753000.jpg,116.18456857320045,38.81189781609915,483.54,116.1934872,38.812105,755.94,1352.6043819615413,-24.811435843304068,-14.10015088134054,168.7883967611321,-1.442375100909984,1.0135731493182212,0.6938775510204082,1078,748,loftr,-99.59241923349008,scheme_d_local_map,NA,True,773.0884015271438,272.40000000000003
1734763753200,F:\agent\UAV\data\IR-image\1734763753200.jpg,116.18460584849261,38.81191100775523,483.54,116.1935434,38.812105,756.39,1355.8376834540804,-23.342940687902704,-19.676731834585894,177.0501274974406,-1.625580651705642,1.0138054235779195,0.6713881019830028,1059,711,loftr,-99.59241923349008,scheme_d_local_map,NA,True,774.685082941015,272.84999999999997
1734763753400,F:\agent\UAV\data\IR-image\1734763753400.jpg,116.18461662502297,38.81189796067418,483.54,116.1935996,38.812105,756.85,1356.772452029095,-24.795341750496533,-16.094239891661402,180.3165616148865,-1.4958022397910995,1.0207516857592345,0.716203259827421,1043,747,loftr,-99.59241923349008,scheme_d_local_map,NA,True,778.6608472485647,273.31
1734763753600,F:\agent\UAV\data\IR-image\1734763753600.jpg,116.18463546837985,38.811918462482886,483.54,116.1936558,38.8121049,757.32,1358.4069463657868,-22.513080405362572,-23.175212013012356,183.7727534465763,-0.8117152185289709,1.017430687259436,0.7211634904714143,997,719,loftr,-99.59241923349008,scheme_d_local_map,NA,True,781.8319568791187,273.78000000000003
1734763753800,F:\agent\UAV\data\IR-image\1734763753800.jpg,116.1846592360343,38.811925609649265,483.54,116.1937121,38.8121049,757.77,1360.4685799083732,-21.717457844312392,-26.34149939161614,189.1064612068169,-1.4697211625254079,1.0181944735452488,0.7326732673267327,1010,740,loftr,-99.59241923349008,scheme_d_local_map,NA,True,784.629065507969,274.22999999999996
1734763754000,F:\agent\UAV\data\IR-image\1734763754000.jpg,116.18468383866832,38.811935027629524,483.54,116.1937685,38.8121048,758.22,1362.6026405347495,-20.669048281183997,-30.241285263369548,194.52238365305868,-0.33698463891159547,1.0167362222584657,0.6649949849548646,997,663,loftr,-99.59241923349008,scheme_d_local_map,NA,True,787.3570904023042,274.68
1734763754200,F:\agent\UAV\data\IR-image\1734763754200.jpg,116.18469886627815,38.81191099885419,483.54,116.193825,38.8121048,758.69,1363.9061526062137,-23.343931552190696,-23.44788367265562,199.381160837558,-1.2746189839470201,1.0200605565965342,0.564366632337796,971,548,loftr,-99.59241923349008,scheme_d_local_map,NA,True,791.0178068865808,275.15000000000003
1734763754400,F:\agent\UAV\data\IR-image\1734763754400.jpg,116.18472401680529,38.81189616673495,483.54,116.1938815,38.8121047,759.15,1366.0877381078053,-24.9950430661736,3.5492715727575614,6.810110642003735,0.014880061261318418,1.0004019198227712,0.9983050847457627,1770,1767,loftr,-99.59241923349008,scheme_d_local_map,NA,True,793.7792915712859,275.60999999999996
1734763754600,F:\agent\UAV\data\IR-image\1734763754600.jpg,116.18474146136708,38.81189829170356,483.54,116.1939382,38.8121047,759.62,1367.600899358233,-24.758491560431604,2.1868272019584083,10.887344138078674,-0.05632901220336692,1.000871475796002,0.9950138504155125,1805,1796,loftr,-99.59241923349008,scheme_d_local_map,NA,True,797.1722427157775,276.08
1734763754800,F:\agent\UAV\data\IR-image\1734763754800.jpg,116.18477825144262,38.811898224711406,483.54,116.193995,38.8121047,760.06,1370.7921126065708,-24.765949126703127,0.7148293295933854,19.72294270882327,-0.19255929466423233,1.0020403459409835,0.9937606352807714,1763,1752,loftr,-99.59241923349008,scheme_d_local_map,NA,True,798.9054788740483,276.5199999999999
1734763755000,F:\agent\UAV\data\IR-image\1734763755000.jpg,116.18480945380834,38.81189410001812,483.54,116.1940518,38.8121047,760.49,1373.4986415116484,-25.22510998299257,0.7196840154839492,27.42838920189689,-0.39888738942205043,1.002915839675489,0.8758368837492392,1643,1439,loftr,-99.59241923349008,scheme_d_local_map,NA,True,801.1357440285014,276.95
1734763755200,F:\agent\UAV\data\IR-image\1734763755200.jpg,116.18484805182759,38.811898607277634,483.54,116.1941088,38.8121047,760.93,1376.8466778659165,-24.723361854120252,-2.234960309500252,36.459844121921094,-0.8093858675882327,1.0026983796429314,0.8546954314720813,1576,1347,loftr,-99.59241923349008,scheme_d_local_map,NA,True,802.7149945371732,277.38999999999993
1734763755400,F:\agent\UAV\data\IR-image\1734763755400.jpg,116.18488740555789,38.81192008867097,483.54,116.1941658,38.8121048,761.38,1380.260265461578,-22.33205314701739,-10.449877330894083,44.788909902171156,-0.7423140134385342,1.0050251336568863,0.9693558474046279,1599,1550,loftr,-99.59241923349008,scheme_d_local_map,NA,True,804.1789591391667,277.84
1734763755600,F:\agent\UAV\data\IR-image\1734763755600.jpg,116.18492928409871,38.8119468466487,483.54,116.1942229,38.8121047,761.85,1383.8928580112402,-19.353355066536192,-20.39290915434674,53.449359497207865,-0.7054665113536701,1.005321388847036,0.9569131832797427,1555,1488,loftr,-99.59241923349008,scheme_d_local_map,NA,True,805.4266087068115,278.31
1734763755800,F:\agent\UAV\data\IR-image\1734763755800.jpg,116.18496093448277,38.81195308581552,483.54,116.1942801,38.8121046,762.35,1386.6382485401214,-18.65881101662825,-23.599264326972616,60.722734184809724,-0.8192855238904954,1.0075079056560294,0.9400986610288936,1419,1334,loftr,-99.59241923349008,scheme_d_local_map,NA,True,807.6247566785643,278.81
1734763756000,F:\agent\UAV\data\IR-image\1734763756000.jpg,116.18499984165234,38.81194556512548,483.54,116.1943373,38.8121046,762.84,1390.0131009467614,-19.49601423218324,-22.86072410157169,70.4546786675129,-0.9270115098261128,1.0056265241549096,0.8014134275618374,1415,1134,loftr,-99.59241923349008,scheme_d_local_map,NA,True,809.2272604611245,279.3
1734763756200,F:\agent\UAV\data\IR-image\1734763756200.jpg,116.1850260112399,38.811935211275035,483.54,116.1943946,38.8121046,763.32,1392.2830809154693,-20.648604863228513,-20.73252095733079,77.27625787443878,-0.8472521518805242,1.006699091170734,0.856551724137931,1450,1242,loftr,-99.59241923349008,scheme_d_local_map,NA,True,811.9498298844467,279.78000000000003
1734763756400,F:\agent\UAV\data\IR-image\1734763756400.jpg,116.18504723468442,38.81192154613989,483.54,116.194452,38.8121046,763.81,1394.1240267778846,-22.16980770738267,-17.38346043386821,83.0828400046858,-0.8167298118033568,1.0065252258000712,0.9696113074204947,1415,1372,loftr,-99.59241923349008,scheme_d_local_map,NA,True,815.1200751567558,280.2699999999999
1734763756600,F:\agent\UAV\data\IR-image\1734763756600.jpg,116.18507421220816,38.81191478781883,483.54,116.1945094,38.8121046,764.31,1396.464088055888,-22.922144008481478,-16.39579418166818,89.91116622694062,-0.9257473839134165,1.0062914801892886,0.7925247902364607,1311,1039,loftr,-99.59241923349008,scheme_d_local_map,NA,True,817.7742681308165,280.7699999999999
1734763756800,F:\agent\UAV\data\IR-image\1734763756800.jpg,116.18510239258072,38.81191514919297,483.54,116.1945668,38.8121046,764.79,1398.9084858150932,-22.881915838962026,-17.65045801638672,96.65754860678925,-0.5035968485329488,1.0071899971061176,0.9550810014727541,1358,1297,loftr,-99.59241923349008,scheme_d_local_map,NA,True,820.3040960670828,281.24999999999994
1734763757000,F:\agent\UAV\data\IR-image\1734763757000.jpg,116.18513515918704,38.811937308305005,483.54,116.1946243,38.8121046,765.29,1401.750698740381,-20.41516348660374,-25.806924302412995,103.36997087107716,-0.6183694504300508,1.0136141618292058,0.6553945249597424,1242,814,loftr,-99.59241923349008,scheme_d_local_map,NA,True,822.3868387283555,281.74999999999994
1734763757200,F:\agent\UAV\data\IR-image\1734763757200.jpg,116.18515634680344,38.81195054868061,483.54,116.1946819,38.8121045,765.8,1403.5885368294419,-18.941244874443303,-30.7458102666194,107.76703285674932,-0.3516986955531469,1.0086355379402134,0.9363295880149812,1335,1250,loftr,-99.59241923349008,scheme_d_local_map,NA,True,825.5087772437909,282.25999999999993
1734763757400,F:\agent\UAV\data\IR-image\1734763757400.jpg,116.18517450454574,38.81193371969396,483.54,116.1947395,38.8121046,766.3,1405.1635601733315,-20.814647668600614,-26.297608273444723,113.00237452597145,-0.3885425649960207,1.0107993025995328,0.7777777777777778,1233,959,loftr,-99.59241923349008,scheme_d_local_map,NA,True,828.9665858469987,282.75999999999993
1734763757600,F:\agent\UAV\data\IR-image\1734763757600.jpg,116.1851992694618,38.81193023585083,483.54,116.1947973,38.8121046,766.75,1407.3116973297724,-21.20246908528288,-26.22901646175228,119.12902915414173,0.1871561307980321,1.0115065906137373,0.7989690721649485,1164,930,loftr,-99.59241923349008,scheme_d_local_map,NA,True,831.8370852737462,283.21
1734763757800,F:\agent\UAV\data\IR-image\1734763757800.jpg,116.18522764761788,38.81192220379149,483.54,116.1948551,38.8121046,767.2,1409.77325105809,-22.096597931431553,-24.905746437327082,126.35992315622889,0.1681878730433988,1.011505090669037,0.7446236559139785,1116,831,loftr,-99.59241923349008,scheme_d_local_map,NA,True,834.4068971869581,283.66
1734763758000,F:\agent\UAV\data\IR-image\1734763758000.jpg,116.18524772079888,38.8119213298394,483.54,116.194913,38.8121048,767.66,1411.514421747081,-22.193886278377413,-25.4508919451398,131.22435145481222,-0.018150540762216925,1.0141268699684158,0.797153024911032,1124,896,loftr,-99.59241923349008,scheme_d_local_map,NA,True,837.6863009158901,284.11999999999995
1734763758200,F:\agent\UAV\data\IR-image\1734763758200.jpg,116.18527340189866,38.811889542412196,483.54,116.194971,38.812105,768.14,1413.7420297261717,-25.73246267416944,-16.699334574825684,139.04466623136489,-0.9526045326012879,1.0105784651612508,0.7944397641112048,1187,943,loftr,-99.59241923349008,scheme_d_local_map,NA,True,840.5797516878185,284.59999999999997
1734763758400,F:\agent\UAV\data\IR-image\1734763758400.jpg,116.18531135127071,38.811877298969065,483.54,116.195029,38.8121052,768.65,1417.0338016814483,-27.095402763618935,-14.466887561653152,148.79257923368175,-0.8950294342549199,1.0154167777894625,0.6499567847882455,1157,752,loftr,-99.59241923349008,scheme_d_local_map,NA,True,842.3568745730632,285.10999999999996
1734763758600,F:\agent\UAV\data\IR-image\1734763758600.jpg,116.18534762684263,38.81189107907394,483.54,116.195087,38.8121053,769.19,1420.1803862960758,-25.561401489753155,-20.184205080034246,156.78366997366481,-1.6956677507520974,1.0107386906031235,0.7755102040816326,1127,874,loftr,-99.59241923349008,scheme_d_local_map,NA,True,844.193941509466,285.65000000000003
1734763758800,F:\agent\UAV\data\IR-image\1734763758800.jpg,116.18537573983802,38.8119117529207,483.54,116.1951451,38.8121053,769.77,1422.6189396848656,-23.259988868034768,-27.694266367884495,162.45624531275996,-1.9810754158653192,1.0092203150715087,0.6727941176470589,1088,732,loftr,-99.59241923349008,scheme_d_local_map,NA,True,846.7294318826343,286.22999999999996
1734763759000,F:\agent\UAV\data\IR-image\1734763759000.jpg,116.18542094298333,38.81194163532022,483.54,116.1952033,38.8121051,770.35,1426.5399122315252,-19.9334801536777,-38.734795757754114,171.75214248137172,-1.7341541563095004,1.0118388804778773,0.7620889748549323,1034,788,loftr,-99.59241923349008,scheme_d_local_map,NA,True,847.7766776106535,286.81
1734763759200,F:\agent\UAV\data\IR-image\1734763759200.jpg,116.18543770934383,38.811992723287325,483.54,116.1952616,38.812105,770.91,1427.9942455257926,-14.246367655066761,-55.154882459659405,173.11715116446857,-0.6533219056636319,1.0166030915537474,0.6598360655737705,976,644,loftr,-99.59241923349008,scheme_d_local_map,NA,True,851.2716885440393,287.36999999999995
1734763759400,F:\agent\UAV\data\IR-image\1734763759400.jpg,116.18547994785843,38.812002144393425,483.54,116.1953199,38.8121048,771.5,1431.658062611281,-13.197610124447465,-59.771149886112596,182.76671690442367,-0.49409724107011777,1.0135652425838977,0.8734817813765182,988,863,loftr,-99.59241923349008,scheme_d_local_map,NA,True,852.6481203729069,287.96
1734763759600,F:\agent\UAV\data\IR-image\1734763759600.jpg,116.18550310562078,38.811973681006215,483.54,116.1953783,38.8121047,772.08,1433.6667934167695,-16.366154388555433,-51.94132982937526,189.8081833006031,-0.6438358418443423,1.014441222593222,0.611578947368421,950,581,loftr,-99.59241923349008,scheme_d_local_map,NA,True,855.7494261655108,288.54
1734763759800,F:\agent\UAV\data\IR-image\1734763759800.jpg,116.18552066751171,38.8119465305943,483.54,116.1954367,38.8121047,772.63,1435.1901319306085,-19.388538242687307,-44.28899401076774,195.43789733154267,0.42215342373716574,1.0165262180603367,0.6509330406147091,911,593,loftr,-99.59241923349008,scheme_d_local_map,NA,True,859.3439390682852,289.09
1734763760000,F:\agent\UAV\data\IR-image\1734763760000.jpg,116.185527594907,38.81194071554243,483.54,116.1954951,38.8121047,773.18,1435.7910221238947,-20.035869817516055,-42.77847364696305,197.4037202181271,0.5656304367806111,1.014766798366436,0.6225641025641026,975,607,loftr,-99.59241923349008,scheme_d_local_map,NA,True,863.8162405833313,289.63999999999993
1734763760200,F:\agent\UAV\data\IR-image\1734763760200.jpg,116.18556384544067,38.81193397534779,483.54,116.1955535,38.8121047,773.74,1438.9354348939003,-20.786188283927995,-42.17261424820845,206.45725320101752,0.10542825927491166,1.012267064584081,0.6928176795580111,905,627,loftr,-99.59241923349008,scheme_d_local_map,NA,True,865.7510814331904,290.2
1734763760400,F:\agent\UAV\data\IR-image\1734763760400.jpg,116.18560175378833,38.81194083052212,483.54,116.195612,38.8121046,774.3,1442.2236483455836,-20.023070277630723,-3.6500393128192172,8.743635542634877,0.3553395824468249,1.0004506610156159,0.9626865671641791,1608,1548,loftr,-99.59241923349008,scheme_d_local_map,NA,True,867.5181750236561,290.75999999999993
1734763760600,F:\agent\UAV\data\IR-image\1734763760600.jpg,116.18563092914232,38.81195141049851,483.54,116.1956706,38.8121045,774.85,1444.754351933095,-18.845307305846482,-8.093351324925209,15.196817613468852,0.7425697579807212,1.0040114538567693,0.766175528507367,1561,1196,loftr,-99.59241923349008,scheme_d_local_map,NA,True,870.0429724332698,291.31
1734763760800,F:\agent\UAV\data\IR-image\1734763760800.jpg,116.18566268117932,38.81195335503741,483.54,116.1957292,38.8121045,775.36,1447.5085599544575,-18.62884123554788,-9.980685844777156,22.718209031735057,0.7718162428084425,1.0037436723883775,0.7353673723536738,1606,1181,loftr,-99.59241923349008,scheme_d_local_map,NA,True,872.3645367113112,291.82
1734763761000,F:\agent\UAV\data\IR-image\1734763761000.jpg,116.18568445607008,38.811945142746076,483.54,116.1957878,38.8121046,775.85,1449.3973388942914,-19.543033506875,-8.333981583454715,28.37325636996411,0.8453514514173476,1.0024743024048801,0.8417358008934269,1567,1319,loftr,-99.59241923349008,scheme_d_local_map,NA,True,875.5728979211664,292.31
1734763761200,F:\agent\UAV\data\IR-image\1734763761200.jpg,116.18572149337896,38.81197192249407,483.54,116.1958463,38.8121047,776.37,1452.609997446297,-16.56191196062772,-18.087303429399128,35.87034880196637,0.7456818040627097,1.0039589785986633,0.9684563758389262,1490,1443,loftr,-99.59241923349008,scheme_d_local_map,NA,True,877.3770279189107,292.83
1734763761400,F:\agent\UAV\data\IR-image\1734763761400.jpg,116.18575853969209,38.811953793307985,483.54,116.1959048,38.8121049,776.88,1455.8234370357704,-18.580052955313263,-14.004861407493365,45.707925965609434,0.4070392604577924,1.004865152372481,0.9552845528455285,1476,1410,loftr,-99.59241923349008,scheme_d_local_map,NA,True,879.2722928137349,293.34
1734763761600,F:\agent\UAV\data\IR-image\1734763761600.jpg,116.18578847543515,38.81192911212671,483.54,116.1959634,38.8121051,777.38,1458.4200976421198,-21.32756205429009,-7.615307133014994,54.17963459513919,0.3133893170359501,1.0050474059752792,0.9034799737360473,1523,1376,loftr,-99.59241923349008,scheme_d_local_map,NA,True,881.8126344333608,293.84
1734763761800,F:\agent\UAV\data\IR-image\1734763761800.jpg,116.18582136415387,38.81194789358678,483.54,116.1960218,38.8121052,777.93,1461.272902734981,-19.23680991976183,-14.736096729722362,61.097240041470286,0.5940025935877759,1.0070181672277467,0.7587490692479524,1343,1019,loftr,-99.59241923349008,scheme_d_local_map,NA,True,883.9788281612898,294.38999999999993
1734763762000,F:\agent\UAV\data\IR-image\1734763762000.jpg,116.18587053061316,38.81198495605099,483.54,116.1960802,38.8121051,778.49,1465.537657672028,-15.111016403980802,-28.149552521842622,70.97074869220421,1.1351829524789523,1.0077832472994424,0.9355539464156408,1381,1292,loftr,-99.59241923349008,scheme_d_local_map,NA,True,884.7064256600125,294.95
1734763762200,F:\agent\UAV\data\IR-image\1734763762200.jpg,116.18589893230003,38.81203051846889,483.54,116.1961386,38.812105,779.04,1468.001252489468,-10.039008043854551,-43.33932160534846,75.41672880053568,1.7454453163595716,1.007786540607348,0.9137529137529138,1287,1176,loftr,-99.59241923349008,scheme_d_local_map,NA,True,887.2430962979397,295.49999999999994
1734763762400,F:\agent\UAV\data\IR-image\1734763762400.jpg,116.18591116593018,38.81199234565209,483.54,116.1961968,38.812105,779.63,1469.0624115657752,-14.288406009819667,-32.07488290687161,80.34121502500676,1.8204006192366133,1.0073801421888078,0.9288417865253595,1321,1227,loftr,-99.59241923349008,scheme_d_local_map,NA,True,891.2754175447214,296.09
1734763762600,F:\agent\UAV\data\IR-image\1734763762600.jpg,116.18595505840959,38.81197605310827,483.54,116.1962549,38.8121054,780.17,1472.869695453584,-16.10209198803313,-28.836058484558464,91.7267054009028,1.4749630945279304,1.0069171611692438,0.8302642113690952,1249,1037,loftr,-99.59241923349008,scheme_d_local_map,NA,True,892.5343715637849,296.62999999999994
1734763762800,F:\agent\UAV\data\IR-image\1734763762800.jpg,116.18598407411892,38.811993538398994,483.54,116.196313,38.8121059,780.7,1475.3865512805685,-14.155629424331483,-35.400372591123926,97.78201530470045,1.0163783812730687,1.0099865207410097,0.8703099510603589,1226,1067,loftr,-99.59241923349008,scheme_d_local_map,NA,True,895.0255515462043,297.16
1734763763000,F:\agent\UAV\data\IR-image\1734763763000.jpg,116.18602088845128,38.811976104078866,483.54,116.196371,38.8121063,781.23,1478.5798685940633,-16.096417941004503,-31.522602055731795,107.52772101874314,1.1304991670629718,1.0118104059446755,0.8397383483237939,1223,1027,loftr,-99.59241923349008,scheme_d_local_map,NA,True,896.8909070847019,297.69
1734763763200,F:\agent\UAV\data\IR-image\1734763763200.jpg,116.18604616961561,38.81198030816718,483.54,116.196429,38.8121067,781.72,1480.7727857146092,-15.628418829950089,-33.84355336327883,113.37801417663536,1.811306382206578,1.0096981151372793,0.8206429780033841,1182,970,loftr,-99.59241923349008,scheme_d_local_map,NA,True,899.7186905934929,298.18
1734763763400,F:\agent\UAV\data\IR-image\1734763763400.jpg,116.18604107380968,38.811914448034614,483.54,116.196487,38.812107,782.19,1480.3307696778859,-22.95996878656407,-13.345760378590796,115.58388786064086,2.294529921403939,1.0108971331752146,0.6431064572425829,1146,737,loftr,-99.59241923349008,scheme_d_local_map,NA,True,905.3294159495218,298.65000000000003
1734763763600,F:\agent\UAV\data\IR-image\1734763763600.jpg,116.1860514958453,38.811884439234724,483.54,116.1965449,38.8121075,782.65,1481.2347889733035,-26.300548390806746,-4.523098757902744,119.64838378704508,2.670085545485018,1.0063676225158071,0.7652705061082025,1146,877,loftr,-99.59241923349008,scheme_d_local_map,NA,True,909.5283272456873,299.10999999999996
1734763763800,F:\agent\UAV\data\IR-image\1734763763800.jpg,116.18607422178097,38.81182544520249,483.54,116.1966029,38.812108,783.07,1483.206062636061,-32.867764058894664,12.730519933235314,128.1758553582356,2.802700954595189,1.0077999194978697,0.8665028665028665,1221,1058,loftr,-99.59241923349008,scheme_d_local_map,NA,True,912.7876109110649,299.53000000000003
1734763764000,F:\agent\UAV\data\IR-image\1734763764000.jpg,116.18609553738632,38.8118268933576,483.54,116.1966607,38.8121085,783.48,1485.0550026339035,-32.70655543239261,11.419542074696494,133.21764194245452,2.5002023073165005,1.0165525402921822,0.6087321578505458,1191,725,loftr,-99.59241923349008,scheme_d_local_map,NA,True,915.9432749248863,299.94
1734763764200,F:\agent\UAV\data\IR-image\1734763764200.jpg,116.18614309216505,38.811839663325195,483.54,116.1967185,38.812109,783.95,1489.1799585545684,-31.28500263918221,5.5558236582061795,143.9691023467792,1.6332693790789066,1.010153913794113,0.7134199134199134,1155,824,loftr,-99.59241923349008,scheme_d_local_map,NA,True,916.7847740140888,300.41
1734763764400,F:\agent\UAV\data\IR-image\1734763764400.jpg,116.18618789330372,38.8118438906972,483.54,116.1967763,38.8121095,784.4,1493.0660605860335,-30.814411587993824,2.4357393214681338,154.50429936336025,0.8918290380197124,1.0111637368868267,0.6617375231053605,1082,716,loftr,-99.59241923349008,scheme_d_local_map,NA,True,917.8969869387986,300.85999999999996
1734763764600,F:\agent\UAV\data\IR-image\1734763764600.jpg,116.18621576220923,38.811852377188245,483.54,116.196834,38.8121097,784.84,1495.4834413380022,-29.86969540451533,-1.3095795675698696,160.75284911212225,0.22759112317723612,1.0084583311290214,0.769589552238806,1072,825,loftr,-99.59241923349008,scheme_d_local_map,NA,True,920.4511773090277,301.3
1734763764800,F:\agent\UAV\data\IR-image\1734763764800.jpg,116.18624454229673,38.81188446362776,483.54,116.1968917,38.8121098,785.33,1497.9798590586397,-26.297832957748177,-12.362846130592459,165.99133966527518,0.5636519904966676,1.0126958056707127,0.6990116801437556,1113,778,loftr,-99.59241923349008,scheme_d_local_map,NA,True,922.8520806701638,301.79
1734763765000,F:\agent\UAV\data\IR-image\1734763765000.jpg,116.18629355431014,38.81193326421894,483.54,116.1969494,38.8121098,785.84,1502.231217181754,-20.865351146992754,-29.386470787996018,175.21658880695708,0.2115963526710363,1.0137173275748455,0.7152509652509652,1036,741,loftr,-99.59241923349008,scheme_d_local_map,NA,True,923.4729686094619,302.3
1734763765200,F:\agent\UAV\data\IR-image\1734763765200.jpg,116.18632510707408,38.81194610517126,483.54,116.197007,38.8121097,786.33,1504.9681400308161,-19.435896335352975,-34.62282938303463,182.1227855934843,0.2131407384354657,1.015666808376996,0.8237885462555066,908,748,loftr,-99.59241923349008,scheme_d_local_map,NA,True,925.6998168074746,302.79
1734763765400,F:\agent\UAV\data\IR-image\1734763765400.jpg,116.18635305497776,38.811975884902346,483.54,116.1970646,38.8121095,786.82,1507.3923731739199,-16.120816671014538,-44.931652023517586,187.28160158996553,0.9434370599055888,1.0186854284330331,0.5975336322869955,892,533,loftr,-99.59241923349008,scheme_d_local_map,NA,True,928.2089598189002,303.28000000000003
1734763765600,F:\agent\UAV\data\IR-image\1734763765600.jpg,116.18637777344219,38.811981834454826,483.54,116.1971221,38.8121095,787.32,1509.5364810620129,-15.458512488860299,-47.767538941667965,192.90592564267007,0.39127514309005057,1.0146222191613123,0.7875706214689265,885,697,loftr,-99.59241923349008,scheme_d_local_map,NA,True,931.0385563232807,303.78000000000003
1734763765800,F:\agent\UAV\data\IR-image\1734763765800.jpg,116.18640682786283,38.81197247751948,483.54,116.1971795,38.8121095,787.82,1512.0566947532527,-16.500126531613944,-46.06352110276413,200.3681527380902,0.2450999218206887,1.016333252938605,0.6078886310904872,862,524,loftr,-99.59241923349008,scheme_d_local_map,NA,True,933.510706217315,304.28000000000003
1734763766000,F:\agent\UAV\data\IR-image\1734763766000.jpg,116.18641534271505,38.811965164507164,483.54,116.1972369,38.8121096,788.32,1512.7952827775302,-17.314211062324823,-44.15589548522547,202.79306879072374,-0.18231140904994877,1.018346722092699,0.6495433789954338,876,569,loftr,-99.59241923349008,scheme_d_local_map,NA,True,937.7595470480168,304.78000000000003
1734763766200,F:\agent\UAV\data\IR-image\1734763766200.jpg,116.18641534271505,38.811965164507164,483.54,116.1972943,38.8121096,788.81,1512.7952827775302,-17.314211062324823,-44.15589548522547,202.79306879072374,-0.18231140904994877,1.018346722092699,0.6495433789954338,876,569,loftr,-99.59241923349008,scheme_d_local_map,NA,True,942.7321817368963,305.2699999999999
1734763766400,F:\agent\UAV\data\IR-image\1734763766400.jpg,116.18641538719324,38.8119651826828,483.54,116.1973516,38.8121096,789.32,1512.79914086686,-17.312187751240547,-0.007404342673453357,0.009731408766015193,-0.0004542817939003729,1.0000803689745186,0.9978354978354979,1848,1844,loftr,-99.59241923349008,scheme_d_local_map,NA,True,947.6922733113244,305.78000000000003
1734763766600,F:\agent\UAV\data\IR-image\1734763766600.jpg,116.18641538719324,38.8119651826828,483.54,116.1974088,38.8121095,789.82,1512.79914086686,-17.312187751240547,-0.007404342673453357,0.009731408766015193,-0.0004542817939003729,1.0000803689745186,0.9978354978354979,1848,1844,loftr,-99.59241923349008,scheme_d_local_map,NA,True,952.6474102462423,306.28000000000003
1734763766800,F:\agent\UAV\data\IR-image\1734763766800.jpg,116.18641538719324,38.8119651826828,483.54,116.1974661,38.8121096,790.25,1512.79914086686,-17.312187751240547,-0.007404342673453357,0.009731408766015193,-0.0004542817939003729,1.0000803689745186,0.9978354978354979,1848,1844,loftr,-99.59241923349008,scheme_d_local_map,NA,True,957.6115910871483,306.71
1734763767000,F:\agent\UAV\data\IR-image\1734763767000.jpg,116.18641538719324,38.8119651826828,483.54,116.1975234,38.8121096,790.65,1512.79914086686,-17.312187751240547,-0.007404342673453357,0.009731408766015193,-0.0004542817939003729,1.0000803689745186,0.9978354978354979,1848,1844,loftr,-99.59241923349008,scheme_d_local_map,NA,True,962.5755924614592,307.10999999999996
1734763767200,F:\agent\UAV\data\IR-image\1734763767200.jpg,116.18641538719324,38.8119651826828,483.54,116.1975807,38.8121094,791.04,1512.79914086686,-17.312187751240547,-0.007404342673453357,0.009731408766015193,-0.0004542817939003729,1.0000803689745186,0.9978354978354979,1848,1844,loftr,-99.59241923349008,scheme_d_local_map,NA,True,967.5392334717781,307.49999999999994
1734763767400,F:\agent\UAV\data\IR-image\1734763767400.jpg,116.18641538719324,38.8119651826828,483.54,116.1976379,38.8121093,791.42,1512.79914086686,-17.312187751240547,-0.007404342673453357,0.009731408766015193,-0.0004542817939003729,1.0000803689745186,0.9978354978354979,1848,1844,loftr,-99.59241923349008,scheme_d_local_map,NA,True,972.4944050552085,307.87999999999994
1734763767600,F:\agent\UAV\data\IR-image\1734763767600.jpg,116.18641538719324,38.8119651826828,483.54,116.1976952,38.8121096,791.7,1512.79914086686,-17.312187751240547,-0.007404342673453357,0.009731408766015193,-0.0004542817939003729,1.0000803689745186,0.9978354978354979,1848,1844,loftr,-99.59241923349008,scheme_d_local_map,NA,True,977.458975692052,308.16
1734763767800,F:\agent\UAV\data\IR-image\1734763767800.jpg,116.18641538719324,38.8119651826828,483.54,116.1977524,38.8121101,791.91,1512.79914086686,-17.312187751240547,-0.007404342673453357,0.009731408766015193,-0.0004542817939003729,1.0000803689745186,0.9978354978354979,1848,1844,loftr,-99.59241923349008,scheme_d_local_map,NA,True,982.4152486054243,308.36999999999995
1734763768000,F:\agent\UAV\data\IR-image\1734763768000.jpg,116.18641538719324,38.8119651826828,483.54,116.1978095,38.8121105,792.2,1512.79914086686,-17.312187751240547,-0.007404342673453357,0.009731408766015193,-0.0004542817939003729,1.0000803689745186,0.9978354978354979,1848,1844,loftr,-99.59241923349008,scheme_d_local_map,NA,True,987.362677580845,308.66
1734763768200,F:\agent\UAV\data\IR-image\1734763768200.jpg,116.18646829830809,38.81191839689086,483.54,116.1978666,38.8121108,792.49,1517.3887115102755,-22.52038210961246,12.260275216371213,15.148030890993482,-1.691883919890194,1.0021908611292978,0.6091445427728613,1356,826,loftr,-99.59241923349008,scheme_d_local_map,NA,True,987.8254170857281,308.95
1734763768400,F:\agent\UAV\data\IR-image\1734763768400.jpg,116.18647591173665,38.81195468486171,483.54,116.1979238,38.8121108,792.71,1518.0491090155651,-18.480805194356368,0.7713145288977898,15.086323621361203,-1.7242776804297064,1.0086732945740773,0.6111462951234958,1579,965,loftr,-99.59241923349008,scheme_d_local_map,NA,True,992.0417266108653,309.17
1734763768600,F:\agent\UAV\data\IR-image\1734763768600.jpg,116.18645787211297,38.81200986391004,483.54,116.1979808,38.8121107,792.98,1516.4843314160557,-12.33827353415555,-15.497066115899372,7.882523375397966,-1.384912505457455,1.0116773068977816,0.740506329113924,1580,1170,loftr,-99.59241923349008,scheme_d_local_map,NA,True,998.4541345005842,309.44
1734763768800,F:\agent\UAV\data\IR-image\1734763768800.jpg,116.18645903144072,38.81204561773439,483.54,116.1980378,38.8121107,793.23,1516.584892831931,-8.358157807754624,-26.559605839005997,6.299206684043497,-1.1337472279103455,1.006207582730132,0.6144736842105263,1520,934,loftr,-99.59241923349008,scheme_d_local_map,NA,True,1003.2552772716932,309.69
1734763769000,F:\agent\UAV\data\IR-image\1734763769000.jpg,116.18647186165481,38.812076916727165,483.54,116.1980946,38.8121106,793.39,1517.697800282196,-4.873953932432068,-36.7231513052559,7.7496479775279,-1.1324074867284402,1.0129720618146965,0.6283249460819554,1391,874,loftr,-99.59241923349008,scheme_d_local_map,NA,True,1007.0456324040865,309.84999999999997
1734763769200,F:\agent\UAV\data\IR-image\1734763769200.jpg,116.18647853844196,38.81204870627723,483.54,116.1981513,38.8121106,793.5,1518.2769524395317,-8.014341218369063,-28.302597480717566,10.821393878619006,-0.46008470531248263,1.0084838286017543,0.5088028169014085,1136,578,loftr,-99.59241923349008,scheme_d_local_map,NA,True,1011.3964871286059,309.96
1734763769400,F:\agent\UAV\data\IR-image\1734763769400.jpg,116.18648911995557,38.812034474139175,483.54,116.198208,38.8121107,793.57,1519.1948050377584,-9.598662826840405,-24.34708557353423,14.102714435776022,-1.5351164851237247,1.0211508302474614,0.48471290082028334,1341,650,loftr,-99.59241923349008,scheme_d_local_map,NA,True,1015.4044315117179,310.03000000000003
1734763769600,F:\agent\UAV\data\IR-image\1734763769600.jpg,116.18651338614725,38.812054370744605,483.54,116.1982645,38.8121107,793.6,1521.2996822707782,-7.383772710526463,-31.461612677912285,18.892265771311543,-1.2037744349379376,1.008956385965412,0.5804289544235925,1492,866,loftr,-99.59241923349008,scheme_d_local_map,NA,True,1018.1810404278004,310.06
1734763769800,F:\agent\UAV\data\IR-image\1734763769800.jpg,116.18654892144485,38.81207510165883,483.54,116.1983209,38.8121108,793.62,1524.3820546443633,-5.076007339753842,-39.29039182697153,26.343725054363745,-1.1948688847314384,1.00758020799984,0.628133704735376,1436,902,loftr,-99.59241923349008,scheme_d_local_map,NA,True,1019.977147736534,310.08
1734763770000,F:\agent\UAV\data\IR-image\1734763770000.jpg,116.18658174947682,38.81203485104654,483.54,116.1983772,38.8121109,793.64,1527.2295956999717,-9.556705498958154,-28.221349728625853,36.32044972787821,-1.040484137679128,1.012406890885159,0.5760188087774295,1276,735,loftr,-99.59241923349008,scheme_d_local_map,NA,True,1022.0383969661909,310.09999999999997
1734763770200,F:\agent\UAV\data\IR-image\1734763770200.jpg,116.18660777736639,38.812013685360164,483.54,116.1984334,38.812111,793.61,1529.487284623341,-11.912869706590712,-22.756346448679494,43.67096363083914,-0.13404561464556927,1.00519470438342,0.6640625,1536,1020,loftr,-99.59241923349008,scheme_d_local_map,NA,True,1024.67493063951,310.07
1734763770400,F:\agent\UAV\data\IR-image\1734763770400.jpg,116.1866246724802,38.8120183598438,483.54,116.1984895,38.8121111,793.57,1530.9527861275328,-11.392506188838084,-24.881986539936918,47.48354397449316,0.8207130534524378,1.0170041154286686,0.6105508145849495,1289,787,loftr,-99.59241923349008,scheme_d_local_map,NA,True,1028.0663426777728,310.03000000000003
1734763770600,F:\agent\UAV\data\IR-image\1734763770600.jpg,116.18664584058605,38.81197136423497,483.54,116.1985455,38.8121114,793.5,1532.7889318493567,-16.62405736335246,-11.26179448844573,55.01229568384656,0.2743463237305182,1.0112393499065029,0.7448840381991815,1466,1092,loftr,-99.59241923349008,scheme_d_local_map,NA,True,1031.1505067517571,309.96
1734763770800,F:\agent\UAV\data\IR-image\1734763770800.jpg,116.18668014659524,38.81194875194759,483.54,116.1986014,38.8121118,793.41,1535.7646743405587,-19.14125719471515,-5.686961320583123,64.42544085730049,-0.2223902254721314,1.0163866075617236,0.5995203836930456,1251,750,loftr,-99.59241923349008,scheme_d_local_map,NA,True,1033.0631818035872,309.86999999999995
1734763771000,F:\agent\UAV\data\IR-image\1734763771000.jpg,116.18671833968929,38.81190744655285,483.54,116.1986572,38.8121122,793.32,1539.077587019794,-23.739373736779825,5.489381942545322,75.7450644016784,-0.8307969461990015,1.0171355090512848,0.6495327102803738,1284,834,loftr,-99.59241923349008,scheme_d_local_map,NA,True,1034.6804312342483,309.78000000000003
1734763771200,F:\agent\UAV\data\IR-image\1734763771200.jpg,116.18675099556305,38.811932054251656,483.54,116.1987129,38.8121125,793.25,1541.9101948750263,-21.00004470561739,-3.4169842242936284,82.3034100736777,-1.2129106483321448,1.0182934976941231,0.5918524212144505,1301,770,loftr,-99.59241923349008,scheme_d_local_map,NA,True,1036.6205623155372,309.71
1734763771400,F:\agent\UAV\data\IR-image\1734763771400.jpg,116.18678907922603,38.81197761438994,483.54,116.1987686,38.8121123,793.19,1545.2136153785805,-15.928290112179239,-18.998865672757233,89.07383903413324,-1.0255584605158803,1.0138101878343182,0.6154452324665091,1269,781,loftr,-99.59241923349008,scheme_d_local_map,NA,True,1038.0604174341865,309.65000000000003
1734763771600,F:\agent\UAV\data\IR-image\1734763771600.jpg,116.18681872733515,38.81202317855627,483.54,116.1988241,38.812112,793.1,1547.7853262876106,-10.856087116600676,-34.23974296557185,93.81895388032513,0.22565900671221972,1.0228102504034435,0.6137750653879687,1147,704,loftr,-99.59241923349008,scheme_d_local_map,NA,True,1040.2388429135308,309.56
1734763771800,F:\agent\UAV\data\IR-image\1734763771800.jpg,116.18684755760684,38.812055936994604,483.54,116.1988796,38.8121117,793.02,1550.28609704265,-7.209417760649217,-45.50208373739878,99.03450233412934,0.151413582434157,1.0229360397969531,0.6729435084241824,1009,679,loftr,-99.59241923349008,scheme_d_local_map,NA,True,1042.5209264057785,309.47999999999996
1734763772000,F:\agent\UAV\data\IR-image\1734763772000.jpg,116.18686838893355,38.81207434748309,483.54,116.198935,38.8121116,792.97,1552.093030157361,-5.159962182141619,-52.01939010603371,103.07683267894879,0.8611436972631858,1.0225349655863964,0.6196213425129088,1162,720,loftr,-99.59241923349008,scheme_d_local_map,NA,True,1045.505721280077,309.43
1734763772200,F:\agent\UAV\data\IR-image\1734763772200.jpg,116.18690166708537,38.8120782931747,483.54,116.1989902,38.8121114,792.93,1554.9796151234937,-4.720727792137607,-54.58518295662873,110.86039880579892,0.639808545906494,1.027361352592518,0.572198275862069,928,531,loftr,-99.59241923349008,scheme_d_local_map,NA,True,1047.4033503034655,309.38999999999993
1734763772400,F:\agent\UAV\data\IR-image\1734763772400.jpg,116.1869285882149,38.81206058688669,483.54,116.1990453,38.8121114,792.89,1557.314784703015,-6.691791773831214,4.362946478806691,7.3848276862703415,-0.1884975573408275,0.9997219023920159,0.7615606936416185,1384,1054,loftr,-99.59241923349008,scheme_d_local_map,NA,True,1049.853741185843,309.34999999999997
1734763772600,F:\agent\UAV\data\IR-image\1734763772600.jpg,116.18694082375589,38.81205311941175,483.54,116.1991003,38.8121114,792.88,1558.3761095286445,-7.52307108442601,6.167206105929495,10.711003672858737,-0.8712951057446777,0.9996058573793624,0.9649851632047478,1685,1626,loftr,-99.59241923349008,scheme_d_local_map,NA,True,1053.5638005219685,309.34
1734763772800,F:\agent\UAV\data\IR-image\1734763772800.jpg,116.18697365043342,38.81203820603393,483.54,116.1991552,38.8121116,792.88,1561.2235330984533,-9.183228302823952,9.430078036135058,19.36814139783678,-1.5980823479743549,1.002038443112397,0.8823911630929174,1539,1358,loftr,-99.59241923349008,scheme_d_local_map,NA,True,1055.4880472218124,309.34
1734763773000,F:\agent\UAV\data\IR-image\1734763773000.jpg,116.18700989411487,38.81201691890869,483.54,116.1992101,38.8121117,792.86,1564.367351497478,-11.552911085024292,14.518023246403686,29.177460493506032,-1.7785285661795032,1.0028414282718805,0.9539641943734015,1564,1492,loftr,-99.59241923349008,scheme_d_local_map,NA,True,1057.1256461946637,309.32
1734763773200,F:\agent\UAV\data\IR-image\1734763773200.jpg,116.18704748814747,38.81202410630536,483.54,116.1992649,38.8121117,792.84,1567.6283009028707,-10.752810087295721,10.778380858323317,37.82834094552942,-1.7565078862987467,1.002240726987398,0.9581425768476128,1529,1465,loftr,-99.59241923349008,scheme_d_local_map,NA,True,1058.6086555666461,309.3
1734763773400,F:\agent\UAV\data\IR-image\1734763773400.jpg,116.18708283040586,38.81205106315845,483.54,116.1993195,38.8121116,792.83,1570.6939288343842,-7.75197320118672,1.0392653292725527,44.90928490022554,-1.6516214965401586,1.0048306715531508,0.9045127534336167,1529,1383,loftr,-99.59241923349008,scheme_d_local_map,NA,True,1060.2535809955414,309.29
1734763773600,F:\agent\UAV\data\IR-image\1734763773600.jpg,116.18710849229288,38.81206456742321,483.54,116.1993741,38.8121115,792.79,1572.9198702774409,-6.248678449021908,-4.16245202203919,50.36673473166667,-1.3339656143652265,1.003547038904115,0.9712041884816754,1528,1484,loftr,-99.59241923349008,scheme_d_local_map,NA,True,1062.7522353584427,309.24999999999994
1734763773800,F:\agent\UAV\data\IR-image\1734763773800.jpg,116.18711765027496,38.81206625471164,483.54,116.1994286,38.8121114,792.74,1573.7142441216376,-6.060849500699383,-5.053849157464924,52.47741691200025,-1.25921092095708,1.0057207373184998,0.8645336963921034,1469,1270,loftr,-99.59241923349008,scheme_d_local_map,NA,True,1066.6798292837502,309.2
1734763774000,F:\agent\UAV\data\IR-image\1734763774000.jpg,116.18715907059641,38.81208039075395,483.54,116.199483,38.8121115,792.69,1577.3070901991123,-4.487225270557731,-11.089560002559608,61.685063079190854,-1.333869688577506,1.005763313645538,0.9546079779917469,1454,1388,loftr,-99.59241923349008,scheme_d_local_map,NA,True,1067.7981226836296,309.15000000000003
1734763774200,F:\agent\UAV\data\IR-image\1734763774200.jpg,116.18718294318525,38.812050826407855,483.54,116.1995373,38.8121116,792.62,1579.3778258698696,-7.778328278050466,-2.9495439550260585,68.95546109439931,-1.283011081953371,1.005962521847634,0.9520166898470097,1438,1369,loftr,-99.59241923349008,scheme_d_local_map,NA,True,1070.4504194237677,309.08
1734763774400,F:\agent\UAV\data\IR-image\1734763774400.jpg,116.18721381892576,38.812041577248365,483.54,116.1995915,38.8121117,792.55,1582.0560229307744,-8.807944711934656,-1.352625238335122,76.8493166566414,-1.5880676204290307,1.0065701762589403,0.9516014234875445,1405,1337,loftr,-99.59241923349008,scheme_d_local_map,NA,True,1072.4784061377188,309.00999999999993
1734763774600,F:\agent\UAV\data\IR-image\1734763774600.jpg,116.18724954862961,38.81204713897767,483.54,116.1996456,38.8121121,792.48,1585.1552583257192,-8.188813006094954,-4.515771776335896,85.13727732837242,-2.3279740537915217,1.0067849166307845,0.8450932684509327,1233,1042,loftr,-99.59241923349008,scheme_d_local_map,NA,True,1074.06597918882,308.94
1734763774800,F:\agent\UAV\data\IR-image\1734763774800.jpg,116.18731135262233,38.812009239703556,483.54,116.1996998,38.8121125,792.38,1590.5162073717254,-12.40776020037329,4.653234053566621,101.94776579036596,-2.3616680243178254,1.0120268284100384,0.7175273865414711,1278,917,loftr,-99.59241923349008,scheme_d_local_map,NA,True,1073.4445430818535,308.84
1734763775000,F:\agent\UAV\data\IR-image\1734763775000.jpg,116.18736169561795,38.81195611722038,483.54,116.199754,38.8121127,792.28,1594.883016416179,-18.321355026778054,18.977397046485862,116.79948219442497,-2.136402210364844,1.0086574355999003,0.8707539353769677,1207,1051,loftr,-99.59241923349008,scheme_d_local_map,NA,True,1073.8588771613172,308.73999999999995
1734763775200,F:\agent\UAV\data\IR-image\1734763775200.jpg,116.18737844247724,38.811924981501164,483.54,116.1998083,38.812113,792.22,1596.3356581525582,-21.787383290317756,27.89064549321347,122.44104081781268,-2.1741817881957184,1.011070047092647,0.8367875647668394,1158,969,loftr,-99.59241923349008,scheme_d_local_map,NA,True,1077.1746086634323,308.68
1734763775400,F:\agent\UAV\data\IR-image\1734763775400.jpg,116.18740616066646,38.81196354622609,483.54,116.1998625,38.8121132,792.2,1598.7399656008772,-17.494358111735707,14.884547474940007,127.08729179929514,-1.9311933210430927,1.0128924988057157,0.7690086621751684,1039,799,loftr,-99.59241923349008,scheme_d_local_map,NA,True,1079.3941770719978,308.66
1734763775600,F:\agent\UAV\data\IR-image\1734763775600.jpg,116.18746254992024,38.81199521561053,483.54,116.1999167,38.8121131,792.15,1603.6312339958079,-13.968922235652455,2.8396205227434166,138.97556786777824,-1.1905272983297381,1.0107729178260623,0.8934010152284264,1182,1056,loftr,-99.59241923349008,scheme_d_local_map,NA,True,1079.1555847970492,308.60999999999996
1734763775800,F:\agent\UAV\data\IR-image\1734763775800.jpg,116.1875012831894,38.81200493343966,483.54,116.199971,38.8121131,792.05,1606.9910020829582,-12.887133496973355,-1.7258512645221913,147.7681874438519,-1.060961564429687,1.012296316185607,0.884318766066838,1167,1032,loftr,-99.59241923349008,scheme_d_local_map,NA,True,1080.4916050170452,308.50999999999993
1734763776000,F:\agent\UAV\data\IR-image\1734763776000.jpg,116.18754600965683,38.81206880306597,483.54,116.2000252,38.8121132,791.98,1610.870627044963,-5.777166696763452,-23.21826838837734,155.17999912835853,-1.0376962972290877,1.0142316313827295,0.8599562363238512,914,786,loftr,-99.59241923349008,scheme_d_local_map,NA,True,1081.2562678786096,308.44
1734763776200,F:\agent\UAV\data\IR-image\1734763776200.jpg,116.18752955147492,38.81204413285298,483.54,116.2000795,38.8121133,792.0,1609.4430255149234,-8.52345480585023,-14.949810718371737,152.51345178360566,-1.3444890129809934,1.0128284912690493,0.8309859154929577,994,826,loftr,-99.59241923349008,scheme_d_local_map,NA,True,1087.4031454078577,308.46
1734763776400,F:\agent\UAV\data\IR-image\1734763776400.jpg,116.18756899541881,38.811971421487314,483.54,116.2001338,38.8121138,792.1,1612.864438340152,-16.617684032540026,5.851743855140683,165.76861342548392,-2.243942662555322,1.015094004876071,0.7911453320500481,1039,822,loftr,-99.59241923349008,scheme_d_local_map,NA,True,1088.7787941388365,308.56
1734763776600,F:\agent\UAV\data\IR-image\1734763776600.jpg,116.18759536205005,38.81193053159405,483.54,116.200188,38.8121142,792.09,1615.1515101024613,-21.1695469506193,17.37989428737211,174.22745035368234,-2.5295295849469714,1.014138459916598,0.8852791878172589,985,872,loftr,-99.59241923349008,scheme_d_local_map,NA,True,1091.2667106657207,308.55
1734763776800,F:\agent\UAV\data\IR-image\1734763776800.jpg,116.18760317298403,38.811906296947,483.54,116.2002424,38.8121143,792.12,1615.8290394536295,-23.867347859885413,24.529516670187206,177.36445580240138,-2.1128954024188817,1.014562011752141,0.7790304396843292,887,691,loftr,-99.59241923349008,scheme_d_local_map,NA,True,1095.356646510773,308.58
1734763777000,F:\agent\UAV\data\IR-image\1734763777000.jpg,116.18764417469393,38.811915584708046,483.54,116.2002968,38.8121143,792.16,1619.3855746863117,-22.83343430052443,20.004511251972815,186.72404765884392,-1.889190748899596,1.0109153015610313,0.6442577030812325,714,460,loftr,-99.59241923349008,scheme_d_local_map,NA,True,1096.495899352144,308.61999999999995
1734763777200,F:\agent\UAV\data\IR-image\1734763777200.jpg,116.18764953135192,38.81194655025434,483.54,116.2003512,38.8121145,792.18,1619.850217328827,-19.38634968683843,10.246913555271192,186.39769112936114,-3.2215945319766215,1.01511739911128,0.8018018018018018,888,712,loftr,-99.59241923349008,scheme_d_local_map,NA,True,1100.6807492124578,308.63999999999993
1734763777400,F:\agent\UAV\data\IR-image\1734763777400.jpg,116.1877014811349,38.81194997713834,483.54,116.2004057,38.8121149,792.25,1624.3564009468544,-19.00486896028111,7.083420988580258,198.69072694640676,-4.4396841438131505,1.0146610504086235,0.6508972267536705,613,399,loftr,-99.59241923349008,scheme_d_local_map,NA,True,1100.8959905765437,308.71
1734763777600,F:\agent\UAV\data\IR-image\1734763777600.jpg,116.18774350653578,38.811976938888755,483.54,116.2004603,38.8121152,792.27,1628.001732305707,-16.003486904180306,-2.9283501471541626,207.3758228456328,-4.672029069050242,1.0115101720163424,0.5571428571428572,490,273,loftr,-99.59241923349008,scheme_d_local_map,NA,True,1101.9397920484562,308.72999999999996
1734763777800,F:\agent\UAV\data\IR-image\1734763777800.jpg,116.18776270918467,38.81201587966825,483.54,116.200515,38.8121151,792.28,1629.6673920424755,-11.66859933050143,-15.704817595925135,209.9581868276441,-3.639983495466091,1.015753220520413,0.6384615384615384,650,415,loftr,-99.59241923349008,scheme_d_local_map,NA,True,1104.9629493287325,308.73999999999995
1734763778000,F:\agent\UAV\data\IR-image\1734763778000.jpg,116.18777022955157,38.81201737345101,483.54,116.2005697,38.8121149,792.37,1630.3197172735815,-11.502311433406572,-16.470156074390047,211.68580590460363,-2.6897918169551858,1.0144823601025952,0.7542262678803641,769,580,loftr,-99.59241923349008,scheme_d_local_map,NA,True,1109.0487047564582,308.83
1734763778200,F:\agent\UAV\data\IR-image\1734763778200.jpg,116.18775272415449,38.81205765904527,483.54,116.2006245,38.8121147,792.6,1628.8012790999203,-7.0177190807497905,-28.171641961510375,205.3857301652431,-1.9794189326258442,1.0137321989489543,0.7759699624530664,799,620,loftr,-99.59241923349008,scheme_d_local_map,NA,True,1115.278225474622,309.06
1734763778400,F:\agent\UAV\data\IR-image\1734763778400.jpg,116.18775429540779,38.81206559915792,483.54,116.2006794,38.8121146,792.9,1628.9375714079988,-6.133825740673165,-2.5100417891080724,-0.036219389780654865,0.3857439608329844,1.0011141526785816,0.9871866295264624,1795,1772,loftr,-99.59241923349008,scheme_d_local_map,NA,True,1119.8939906988178,309.35999999999996
1734763778600,F:\agent\UAV\data\IR-image\1734763778600.jpg,116.18778417342838,38.81205000101042,483.54,116.2007343,38.8121145,793.14,1631.5292251028914,-7.870211520030279,1.0834350676808526,7.948695582715118,0.352663962471867,1.0014573623722287,0.967020023557126,1698,1642,loftr,-99.59241923349008,scheme_d_local_map,NA,True,1122.0717808257493,309.59999999999997
1734763778800,F:\agent\UAV\data\IR-image\1734763778800.jpg,116.18779292314977,38.81202112571752,483.54,116.2007892,38.8121146,793.31,1632.288185947515,-11.084609125380535,9.624719805509926,11.552703241240295,0.1229482505740258,1.0017439449688865,0.9704880817253121,1762,1710,loftr,-99.59241923349008,scheme_d_local_map,NA,True,1126.0956942163002,309.7699999999999
1734763779000,F:\agent\UAV\data\IR-image\1734763779000.jpg,116.18780571003818,38.81202595514044,483.54,116.2008442,38.8121148,793.48,1633.3973352789094,-10.546997766369799,7.618021889174315,14.370963786057587,-0.04318837721862364,1.0011114845882674,0.9211563731931669,1522,1402,loftr,-99.59241923349008,scheme_d_local_map,NA,True,1129.7483877204652,309.94
1734763779200,F:\agent\UAV\data\IR-image\1734763779200.jpg,116.1878189940744,38.81204722794221,483.54,116.2008994,38.8121148,793.66,1634.5496077813852,-8.178909473410176,0.5250635438235349,16.452397906360545,0.3359113019263806,1.0029792400802189,0.9057558507273877,1581,1432,loftr,-99.59241923349008,scheme_d_local_map,NA,True,1133.36169123621,310.11999999999995
1734763779400,F:\agent\UAV\data\IR-image\1734763779400.jpg,116.18782833246011,38.81203926914204,483.54,116.2009546,38.8121148,793.82,1635.3596300422323,-9.064883108271138,2.598239699936414,19.108642733837655,0.64696235906048,1.0020577637528636,0.9171974522292994,1570,1440,loftr,-99.59241923349008,scheme_d_local_map,NA,True,1137.3414855836627,310.28000000000003
1734763779600,F:\agent\UAV\data\IR-image\1734763779600.jpg,116.18783731301698,38.81203424344114,483.54,116.2010099,38.8121149,793.94,1636.1386138216242,-9.624344132318766,3.7822661806519022,21.52626348195406,0.8026761693180183,1.0037845533690908,0.790986283474853,1531,1211,loftr,-99.59241923349008,scheme_d_local_map,NA,True,1141.3590475971948,310.40000000000003
1734763779800,F:\agent\UAV\data\IR-image\1734763779800.jpg,116.18784503798264,38.8120430147819,483.54,116.2010652,38.812115,794.05,1636.8086861813708,-8.647918478791304,0.7664619415368179,22.924071460441724,0.9062898934225173,1.0032792449815329,0.8948967193195626,1646,1473,loftr,-99.59241923349008,scheme_d_local_map,NA,True,1145.4737906208888,310.50999999999993
1734763780000,F:\agent\UAV\data\IR-image\1734763780000.jpg,116.1878689165675,38.81203374703421,483.54,116.2011206,38.8121153,794.12,1638.879941953987,-9.679604151978532,2.6529943939939926,29.139103505439948,1.0592440258858438,1.0058213656540431,0.8425559947299077,1518,1279,loftr,-99.59241923349008,scheme_d_local_map,NA,True,1148.2128427932748,310.58
1734763780200,F:\agent\UAV\data\IR-image\1734763780200.jpg,116.18788725753775,38.81201729747426,483.54,116.201176,38.8121156,794.15,1640.4708587005252,-11.5107691654251,6.97686378891683,34.398676267283236,0.6422096747103081,1.0055655863272472,0.8360083740404746,1433,1198,loftr,-99.59241923349008,scheme_d_local_map,NA,True,1151.4399853800394,310.60999999999996
1734763780400,F:\agent\UAV\data\IR-image\1734763780400.jpg,116.1879081320481,38.811996684515286,483.54,116.2012315,38.812116,794.19,1642.2815376119127,-13.805403758156931,12.480657217899193,40.483250575892384,0.48977421030296325,1.0027713856558047,0.8614415675297411,1429,1231,loftr,-99.59241923349008,scheme_d_local_map,NA,True,1154.4645884678607,310.65000000000003
1734763780600,F:\agent\UAV\data\IR-image\1734763780600.jpg,116.18792232381996,38.81198951260036,483.54,116.2012871,38.8121163,794.19,1643.512548142366,-14.603781327398162,14.114489158714207,44.263665245131506,0.35153278939291854,1.008783028016628,0.8091378039793663,1357,1098,loftr,-99.59241923349008,scheme_d_local_map,NA,True,1158.0619944192756,310.65000000000003
1734763780800,F:\agent\UAV\data\IR-image\1734763780800.jpg,116.187939105958,38.812000907547336,483.54,116.2013428,38.8121166,794.16,1644.968249998453,-13.335295830334955,9.922904835889653,47.69920195647819,0.6123306485226853,1.0054581246390015,0.848109517601043,1534,1301,loftr,-99.59241923349008,scheme_d_local_map,NA,True,1161.419324579105,310.61999999999995
1734763781000,F:\agent\UAV\data\IR-image\1734763781000.jpg,116.18795050999466,38.81201124831515,483.54,116.2013985,38.8121168,794.15,1645.9574491879923,-12.184161557196452,6.274304730464905,49.89851911930924,0.7852460744871699,1.0094768501737186,0.7844175491679274,1322,1037,loftr,-99.59241923349008,scheme_d_local_map,NA,True,1165.2450746701427,310.60999999999996
1734763781200,F:\agent\UAV\data\IR-image\1734763781200.jpg,116.18797142092204,38.812028783904054,483.54,116.2014544,38.8121171,794.16,1647.7712869550828,-10.232099800459398,0.023319280319924474,54.005513378747764,0.4894747219805327,1.0049278475404613,0.8402822322001283,1559,1310,loftr,-99.59241923349008,scheme_d_local_map,NA,True,1168.2586818945017,310.61999999999995
1734763781400,F:\agent\UAV\data\IR-image\1734763781400.jpg,116.18800588635123,38.81201877123745,483.54,116.2015105,38.8121173,794.16,1650.760857719923,-11.346709847589104,1.7098292682608758,62.8008917726786,0.7362773527867125,1.004168668693133,0.796242774566474,1384,1102,loftr,-99.59241923349008,scheme_d_local_map,NA,True,1170.143280655291,310.61999999999995
1734763781600,F:\agent\UAV\data\IR-image\1734763781600.jpg,116.18804241071986,38.81202340848008,483.54,116.2015666,38.8121175,794.12,1653.9290232461221,-10.830491997510048,-1.2007303182986107,71.32776209115178,0.9744629104099595,1.0090969819892692,0.8045325779036827,1412,1136,loftr,-99.59241923349008,scheme_d_local_map,NA,True,1171.8347659987967,310.58
1734763781800,F:\agent\UAV\data\IR-image\1734763781800.jpg,116.18806425781531,38.81201223186551,483.54,116.2016229,38.8121177,794.08,1655.82406530446,-12.074672731816385,1.3563317750984538,77.15449014374826,0.706047784674912,1.0074552563753856,0.8695652173913043,1403,1220,loftr,-99.59241923349008,scheme_d_local_map,NA,True,1174.831817558273,310.54
1734763782000,F:\agent\UAV\data\IR-image\1734763782000.jpg,116.1880778546749,38.81200056457855,483.54,116.2016793,38.812118,794.06,1657.0034724621669,-13.373475116415811,4.399293101294916,81.02615106640883,0.8400714233926745,1.0158954710775527,0.6548042704626335,1124,736,loftr,-99.59241923349008,scheme_d_local_map,NA,True,1178.5543501455081,310.5199999999999
1734763782200,F:\agent\UAV\data\IR-image\1734763782200.jpg,116.18810403156782,38.81200196020345,483.54,116.2017358,38.8121183,794.03,1659.2740861068762,-13.218114151795666,2.9072684945774085,87.23771113763814,0.3830652264118241,1.0073198392643674,0.660828025477707,1256,830,loftr,-99.59241923349008,scheme_d_local_map,NA,True,1181.180146282908,310.48999999999995
1734763782400,F:\agent\UAV\data\IR-image\1734763782400.jpg,116.1881489081708,38.81201054469415,483.54,116.2017925,38.8121186,793.95,1663.166733998733,-12.262488647662973,-1.5582754238084817,97.5641577855692,0.42484492966979887,1.0079312753946938,0.8406374501992032,1255,1055,loftr,-99.59241923349008,scheme_d_local_map,NA,True,1182.1947147479725,310.41
1734763782600,F:\agent\UAV\data\IR-image\1734763782600.jpg,116.18817835799608,38.81201790078035,483.54,116.2018493,38.812119,793.88,1665.721245540483,-11.44360913208617,-5.019465146304071,104.25109341482084,0.8045792260500176,1.0133240935392893,0.7467134092900964,1141,852,loftr,-99.59241923349008,scheme_d_local_map,NA,True,1184.5566601602313,310.34
1734763782800,F:\agent\UAV\data\IR-image\1734763782800.jpg,116.18818950137157,38.81200306993214,483.54,116.2019062,38.8121193,793.83,1666.687834680894,-13.094579154210482,-0.9022905394729719,107.69847258812717,0.48122797290131236,1.0067043492833487,0.8603104212860311,1353,1164,loftr,-99.59241923349008,scheme_d_local_map,NA,True,1188.5382390228203,310.29
1734763783000,F:\agent\UAV\data\IR-image\1734763783000.jpg,116.18822309201481,38.81196957562953,483.54,116.2019632,38.8121197,793.79,1669.601525510236,-16.82316492071335,8.054239226265508,117.50648738411161,0.4133449919913602,1.0112234556300337,0.8098055790363483,1183,958,loftr,-99.59241923349008,scheme_d_local_map,NA,True,1190.6135509168878,310.24999999999994
1734763783200,F:\agent\UAV\data\IR-image\1734763783200.jpg,116.18827058429314,38.811951663598826,483.54,116.2020204,38.8121201,793.68,1673.7210600737437,-18.81713217881967,11.645966120507751,129.84049697272314,0.2709651785838789,1.0106934275555686,0.8438356164383561,1095,924,loftr,-99.59241923349008,scheme_d_local_map,NA,True,1191.4849977992806,310.13999999999993
1734763783400,F:\agent\UAV\data\IR-image\1734763783400.jpg,116.18833272314572,38.81198455101329,483.54,116.2020778,38.8121203,793.58,1679.111055248888,-15.156105201191563,-1.0074986562337926,143.04564573985613,1.050062518158703,1.0083410084153128,0.7685098406747891,1067,820,loftr,-99.59241923349008,scheme_d_local_map,NA,True,1191.0225696533696,310.04
1734763783600,F:\agent\UAV\data\IR-image\1734763783600.jpg,116.1883511193853,38.81194813342442,483.54,116.2021353,38.8121204,793.51,1680.7067661187298,-19.210111193147355,9.466138724679752,149.35818431150233,1.2052523894124774,1.0172377822759966,0.6937377690802349,1022,709,loftr,-99.59241923349008,scheme_d_local_map,NA,True,1194.4689218670608,309.96999999999997
1734763783800,F:\agent\UAV\data\IR-image\1734763783800.jpg,116.18836635322081,38.811947520034494,483.54,116.2021929,38.8121206,793.41,1682.0281664422957,-19.27839376022007,9.037056540685,153.04727487949913,0.6825036546413493,1.005636590411626,0.4699599465954606,749,352,loftr,-99.59241923349008,scheme_d_local_map,NA,True,1198.140674329118,309.86999999999995
1734763784000,F:\agent\UAV\data\IR-image\1734763784000.jpg,116.18842586943967,38.81192333814854,483.54,116.2022507,38.8121208,793.26,1687.1906713659332,-21.970321304568078,14.072649792385391,168.59430422290825,1.412106441894798,1.0217026768208928,0.5413416536661466,641,347,loftr,-99.59241923349008,scheme_d_local_map,NA,True,1198.0388163973075,309.71999999999997
1734763784200,F:\agent\UAV\data\IR-image\1734763784200.jpg,116.18843808211226,38.81190221116102,483.54,116.2023086,38.8121211,793.15,1688.2500125603403,-24.322177555391853,20.08623773136469,172.6262151827417,0.31147611127073543,1.005308976465961,0.592948717948718,624,370,loftr,-99.59241923349008,scheme_d_local_map,NA,True,1202.0427415903707,309.60999999999996
1734763784400,F:\agent\UAV\data\IR-image\1734763784400.jpg,116.18846341714364,38.811920504047926,483.54,116.2023666,38.8121215,793.12,1690.4476021708017,-22.28581338481105,-6.663797314677083,5.1296478520361575,-0.9982904547714709,1.000084047065938,0.8015536723163842,1416,1135,loftr,-99.59241923349008,scheme_d_local_map,NA,True,1204.833676802062,309.58
1734763784600,F:\agent\UAV\data\IR-image\1734763784600.jpg,116.18850167783631,38.81192395416672,483.54,116.2024248,38.8121218,793.08,1693.7663784327315,-21.901746160619666,-9.279058033397177,14.13516485862084,-2.1333719284740407,1.0027297558985482,0.6376470588235295,1275,813,loftr,-99.59241923349008,scheme_d_local_map,NA,True,1206.554530548915,309.54
1734763784800,F:\agent\UAV\data\IR-image\1734763784800.jpg,116.18855160232711,38.811942410868454,483.54,116.202483,38.812122,793.04,1698.0968858886117,-19.847146123818533,-16.990962911650797,25.159419217572406,-3.0268608277772073,0.9988776446660087,0.6381522668947819,1169,746,loftr,-99.59241923349008,scheme_d_local_map,NA,True,1207.2359895917664,309.49999999999994
1734763785000,F:\agent\UAV\data\IR-image\1734763785000.jpg,116.18858364283163,38.81197667036719,483.54,116.2025415,38.8121219,793.1,1700.8761159132443,-16.033378724504523,-28.846014675232993,31.067483654059117,-3.4134024287570695,1.0041787658037031,0.53774385072095,1179,634,loftr,-99.59241923349008,scheme_d_local_map,NA,True,1209.4708950524237,309.56
1734763785200,F:\agent\UAV\data\IR-image\1734763785200.jpg,116.18861416637566,38.812023237540586,483.54,116.2026002,38.8121216,793.19,1703.52376304749,-10.849520982069325,-44.43142937082365,35.97053750445838,-2.949250317408346,1.00580130886922,0.5074013157894737,1216,617,loftr,-99.59241923349008,scheme_d_local_map,NA,True,1211.85336335044,309.65000000000003
1734763785400,F:\agent\UAV\data\IR-image\1734763785400.jpg,116.18864984413187,38.81205556974885,483.54,116.2026589,38.8121211,793.25,1706.6184924444096,-7.2502995582624905,-55.84026604908615,42.85213910663225,-2.4252312485440486,0.9995699519357732,0.5480607082630692,1186,650,loftr,-99.59241923349008,scheme_d_local_map,NA,True,1213.8203414631932,309.71
1734763785600,F:\agent\UAV\data\IR-image\1734763785600.jpg,116.18867183680294,38.812053534172684,483.54,116.2027177,38.8121207,793.3,1708.5261618983745,-7.47689989664061,-56.10540035564918,48.23785861916116,-1.7512384073699825,1.000460779206068,0.672645739910314,1115,750,loftr,-99.59241923349008,scheme_d_local_map,NA,True,1217.0105359590907,309.75999999999993
1734763785800,F:\agent\UAV\data\IR-image\1734763785800.jpg,116.18867302690806,38.81205347102203,483.54,116.2027766,38.8121203,793.36,1708.6293929783965,-7.483929827833638,-56.13422872429692,48.526852605340935,-1.2785848905039696,1.0054304873712705,0.6779825412221144,1031,699,loftr,-99.59241923349008,scheme_d_local_map,NA,True,1222.0104251021196,309.82
1734763786000,F:\agent\UAV\data\IR-image\1734763786000.jpg,116.18869211576585,38.81205797116337,483.54,116.2028356,38.8121199,793.44,1710.2851823441415,-6.982974093488501,-58.295159201595084,52.875157784667294,-0.6514273100723526,1.005078477373103,0.8550474547023296,1159,991,loftr,-99.59241923349008,scheme_d_local_map,NA,True,1225.4651980814133,309.90000000000003
1734763786200,F:\agent\UAV\data\IR-image\1734763786200.jpg,116.18872133651861,38.81206420627723,483.54,116.2028946,38.8121197,793.5,1712.8198238738987,-6.288881219122061,-61.40169129568528,59.56546739827172,-0.8901805362581051,1.0056473798656291,0.6760098928277,1213,820,loftr,-99.59241923349008,scheme_d_local_map,NA,True,1228.0414899200723,309.96
1734763786400,F:\agent\UAV\data\IR-image\1734763786400.jpg,116.18873817678033,38.812068811239634,483.54,116.2029536,38.8121195,793.56,1714.2805674443491,-5.776256804248678,-63.50368693685613,63.36849936105375,-0.5542769553212538,1.0087668801348146,0.716012084592145,993,711,loftr,-99.59241923349008,scheme_d_local_map,NA,True,1231.6917266747685,310.0199999999999
1734763786600,F:\agent\UAV\data\IR-image\1734763786600.jpg,116.18875023903419,38.812081564755275,483.54,116.2030127,38.8121194,793.63,1715.3268611469364,-4.356535443122873,-67.92234283240069,65.60020603398391,-0.3220166524842132,1.0054602404378492,0.6953046953046953,1001,696,loftr,-99.59241923349008,scheme_d_local_map,NA,True,1235.7614129356443,310.09
1734763786800,F:\agent\UAV\data\IR-image\1734763786800.jpg,116.18874993731737,38.812055520858884,483.54,116.2030718,38.8121194,793.72,1715.3006898841343,-7.255741989144589,-59.8861589262217,66.88382989436559,-0.27301725336159227,1.0036032301092623,0.6957720588235294,1088,757,loftr,-99.59241923349008,scheme_d_local_map,NA,True,1240.9215997353692,310.18
1734763787000,F:\agent\UAV\data\IR-image\1734763787000.jpg,116.18876932404875,38.81203427205573,483.54,116.2031309,38.8121194,793.8,1716.9823171472103,-9.62115875615311,-54.126104549168815,72.64434366989337,-0.7834927478354331,1.0176498626305586,0.38515546639919757,997,384,loftr,-99.59241923349008,scheme_d_local_map,NA,True,1244.3783696065805,310.25999999999993
1734763787200,F:\agent\UAV\data\IR-image\1734763787200.jpg,116.18877801762267,38.81203761673862,483.54,116.2031899,38.8121195,793.87,1717.736407695991,-9.248828656857633,-55.50929149941709,74.557239041542,-0.9673733567975893,1.003366898844599,0.5795964125560538,892,517,loftr,-99.59241923349008,scheme_d_local_map,NA,True,1248.7342738373754,310.33
1734763787400,F:\agent\UAV\data\IR-image\1734763787400.jpg,116.18880314070061,38.81201832554002,483.54,116.203249,38.8121196,793.92,1719.915612223096,-11.396324884406544,-50.58509503445896,81.59293583055506,-0.9844709560792498,1.004253709586829,0.6326109391124871,969,613,loftr,-99.59241923349008,scheme_d_local_map,NA,True,1251.6957977948143,310.37999999999994
1734763787600,F:\agent\UAV\data\IR-image\1734763787600.jpg,116.18881336292934,38.812022535759475,483.54,116.203308,38.8121195,793.94,1720.802300039938,-10.927643255736376,-52.2969679558571,83.82774506648423,-0.2497904375698377,1.0048780524459828,0.8372530573847601,1063,890,loftr,-99.59241923349008,scheme_d_local_map,NA,True,1255.917679925233,310.40000000000003
1734763787800,F:\agent\UAV\data\IR-image\1734763787800.jpg,116.18881983482464,38.81202281937084,483.54,116.203367,38.8121194,793.95,1721.3636796431683,-10.896071638026385,-52.64692274703583,85.366671259324,0.4906074920824829,1.0063837402091067,0.7214285714285714,980,707,loftr,-99.59241923349008,scheme_d_local_map,NA,True,1260.4683851132747,310.41
1734763788000,F:\agent\UAV\data\IR-image\1734763788000.jpg,116.18885725514679,38.81201086036656,483.54,116.2034259,38.8121193,793.89,1724.6095612034908,-12.227347994358938,-50.48064487947897,94.97276625030258,0.5559350825370645,1.0038556537653607,0.6874292185730464,883,607,loftr,-99.59241923349008,scheme_d_local_map,NA,True,1262.34141408887,310.34999999999997
1734763788200,F:\agent\UAV\data\IR-image\1734763788200.jpg,116.18889587661069,38.81201097788245,483.54,116.2034848,38.8121193,793.78,1727.9596311734133,-12.214266126036783,-52.08379101774307,104.23841510740584,0.45927876513123,1.0066251444002625,0.7366412213740458,786,579,loftr,-99.59241923349008,scheme_d_local_map,NA,True,1264.0982193341688,310.23999999999995
1734763788400,F:\agent\UAV\data\IR-image\1734763788400.jpg,116.18891853137735,38.811989418555974,483.54,116.2035436,38.8121195,793.71,1729.9247315566804,-14.614250349412533,-46.36065647704362,110.79964710100808,-0.054640911635523585,1.0145822808781253,0.579088471849866,746,432,loftr,-99.59241923349008,scheme_d_local_map,NA,True,1267.2553374491886,310.17
1734763788600,F:\agent\UAV\data\IR-image\1734763788600.jpg,116.18895001784284,38.81202310904482,483.54,116.2036025,38.8121196,793.7,1732.6559036008157,-10.863825130508157,-58.01792193331653,116.60433190133944,-0.11673521207264308,1.0027608608767526,0.6019021739130435,736,443,loftr,-99.59241923349008,scheme_d_local_map,NA,True,1269.593038085525,310.16
1734763788800,F:\agent\UAV\data\IR-image\1734763788800.jpg,116.18899652523167,38.81205552806898,483.54,116.2036613,38.8121194,793.64,1736.690007722209,-7.254939361223972,-69.89288311227051,126.08125862850545,0.015803434667093125,1.0019108616508983,0.6475300400534045,749,485,loftr,-99.59241923349008,scheme_d_local_map,NA,True,1270.63234185346,310.09999999999997
1734763789000,F:\agent\UAV\data\IR-image\1734763789000.jpg,116.18901774558658,38.81205784198173,483.54,116.2037202,38.8121192,793.55,1738.5306855887857,-6.99735459376717,-71.46673038273377,131.05510029684956,0.32580520655043455,1.0056980449023807,0.7039370078740157,635,447,loftr,-99.59241923349008,scheme_d_local_map,NA,True,1273.895453662612,310.00999999999993
1734763789200,F:\agent\UAV\data\IR-image\1734763789200.jpg,116.18906030735532,38.81207968039534,483.54,116.2037789,38.8121191,793.47,1742.222542109207,-4.566302390454396,-79.92179858530426,140.13572325678058,0.49727538741525035,1.0068380135995114,0.7242647058823529,816,591,loftr,-99.59241923349008,scheme_d_local_map,NA,True,1275.2827997307263,309.93
1734763789400,F:\agent\UAV\data\IR-image\1734763789400.jpg,116.18908903530586,38.812051734614705,483.54,116.2038377,38.8121192,793.44,1744.7144374090592,-7.677226691511166,-72.4774417719361,148.4874613614744,0.08914783334830813,1.0061009598654433,0.7425,800,594,loftr,-99.59241923349008,scheme_d_local_map,NA,True,1277.903093806916,309.90000000000003
1734763789600,F:\agent\UAV\data\IR-image\1734763789600.jpg,116.18910299737594,38.81204245269741,483.54,116.2038964,38.8121193,793.45,1745.925523345039,-8.710489724289966,-70.18421342417116,152.32259587014124,0.11307713079664514,1.0065234529611795,0.8387824126268321,887,744,loftr,-99.59241923349008,scheme_d_local_map,NA,True,1281.7859064020922,309.91
1734763789800,F:\agent\UAV\data\IR-image\1734763789800.jpg,116.18914535984032,38.812036626237465,483.54,116.2039551,38.8121194,793.45,1749.6000919775859,-9.359091245344432,-70.10784102028077,162.7958298310839,0.08324613971131216,1.0076664211055708,0.919526627218935,845,777,loftr,-99.59241923349008,scheme_d_local_map,NA,True,1283.2060311596554,309.91
1734763790000,F:\agent\UAV\data\IR-image\1734763790000.jpg,116.18918320108864,38.81202925016849,483.54,116.2040137,38.8121195,793.4,1752.8824851553238,-10.180195243564082,-69.37061124807144,172.26435085951556,0.04524357917780747,1.007991990314351,0.853904282115869,794,678,loftr,-99.59241923349008,scheme_d_local_map,NA,True,1285.01089211368,309.85999999999996
1734763790200,F:\agent\UAV\data\IR-image\1734763790200.jpg,116.18921878542216,38.81202179032119,483.54,116.2040723,38.8121196,793.36,1755.9691109609612,-11.010625445128344,-68.51600297873051,181.195421623656,0.13709367409463885,1.007828237608671,0.642965204236006,661,425,loftr,-99.59241923349008,scheme_d_local_map,NA,True,1287.0118932872108,309.82
1734763790400,F:\agent\UAV\data\IR-image\1734763790400.jpg,116.18925731143965,38.81203933567605,483.54,116.2041307,38.8121196,793.31,1759.3109018008909,-9.057476542609903,-6.968669275475406,8.335300701386359,0.44079362689265683,1.0013708834390995,0.978776529338327,1602,1568,loftr,-99.59241923349008,scheme_d_local_map,NA,True,1288.7186438837052,309.7699999999999
1734763790600,F:\agent\UAV\data\IR-image\1734763790600.jpg,116.1892856485056,38.812017488045036,483.54,116.2041891,38.8121196,793.25,1761.7688913251916,-11.489554826371092,-1.3872509370518742,16.275680930530825,1.0959439913047349,0.9996974238206024,0.8506024096385543,1660,1412,loftr,-99.59241923349008,scheme_d_local_map,NA,True,1291.3426235784807,309.71
1734763790800,F:\agent\UAV\data\IR-image\1734763790800.jpg,116.18930399518712,38.8120136834413,483.54,116.2042473,38.8121196,793.19,1763.3603034726402,-11.913083314611555,-0.959436021494696,20.878225870068434,0.9610528368265594,1.000635482638487,0.9066339066339066,1628,1476,loftr,-99.59241923349008,scheme_d_local_map,NA,True,1294.799349698947,309.65000000000003
1734763791000,F:\agent\UAV\data\IR-image\1734763791000.jpg,116.18931482434685,38.812008241815306,483.54,116.2043055,38.8121197,793.14,1764.2996371788056,-12.518845120338849,0.2777330288988651,23.761292965572693,0.7942749545569865,1.0004748531931542,0.9957882069795427,1662,1655,loftr,-99.59241923349008,scheme_d_local_map,NA,True,1298.9093555033025,309.59999999999997
1734763791200,F:\agent\UAV\data\IR-image\1734763791200.jpg,116.18935770799301,38.81200754009202,483.54,116.2043635,38.8121199,793.1,1768.0194137156677,-12.596960956805587,-1.2459354236495415,34.092810533813235,0.43248565365268965,1.0018360994343587,0.9982248520710059,1690,1687,loftr,-99.59241923349008,scheme_d_local_map,NA,True,1300.2199995953185,309.56
1734763791400,F:\agent\UAV\data\IR-image\1734763791400.jpg,116.18941458944207,38.812005232301864,483.54,116.2044215,38.8121199,793.02,1772.9533756918352,-12.853864156909074,-2.84270121894167,47.868373913931066,0.47219410879933,1.0013508735430692,0.9797627355198884,1433,1404,loftr,-99.59241923349008,scheme_d_local_map,NA,True,1300.319422729259,309.47999999999996
1734763791600,F:\agent\UAV\data\IR-image\1734763791600.jpg,116.18945217818272,38.81202226947766,483.54,116.2044794,38.8121199,792.95,1776.2138660655921,-10.957285747337332,-9.616777112076647,56.005124598409736,0.5245011082298305,1.002438186574527,1.0,1565,1565,loftr,-99.59241923349008,scheme_d_local_map,NA,True,1302.0618556031886,309.41
1734763791800,F:\agent\UAV\data\IR-image\1734763791800.jpg,116.18946943093718,38.81203408358988,483.54,116.2045372,38.8121199,792.93,1777.7103897289412,-9.642138775120095,-13.956597053111011,59.531815992996655,0.6744098786104324,1.0025273958498777,0.9830757910228108,1359,1336,loftr,-99.59241923349008,scheme_d_local_map,NA,True,1305.5645331871465,309.38999999999993
1734763792000,F:\agent\UAV\data\IR-image\1734763792000.jpg,116.18950506354166,38.812058604210065,483.54,116.2045949,38.8121198,792.9,1780.8012026127492,-6.912503335370092,-22.956906076009943,66.80931270997746,0.544590120090562,1.003563256971171,0.99490538573508,1374,1367,loftr,-99.59241923349008,scheme_d_local_map,NA,True,1307.4591479475998,309.35999999999996
1734763792200,F:\agent\UAV\data\IR-image\1734763792200.jpg,116.18956346770929,38.81204199628018,483.54,116.2046525,38.8121198,792.84,1785.8672469411408,-8.761298090853376,-20.209677969125664,81.69501288504046,0.7547962809521677,1.003092557155314,0.9929178470254958,1412,1402,loftr,-99.59241923349008,scheme_d_local_map,NA,True,1307.400541112019,309.3
1734763792400,F:\agent\UAV\data\IR-image\1734763792400.jpg,116.18959534155667,38.81202419292825,483.54,116.20471,38.8121198,792.79,1788.6320209333267,-10.743167227681752,-16.01776719711694,90.27388230191616,0.8371073857076701,1.0043357450183765,0.968013468013468,1188,1150,loftr,-99.59241923349008,scheme_d_local_map,NA,True,1309.6355786092356,309.24999999999994
1734763792600,F:\agent\UAV\data\IR-image\1734763792600.jpg,116.1896119809276,38.812009087585494,483.54,116.2047674,38.8121198,792.76,1790.0753390070872,-12.424693982796137,-12.039004879945935,95.05496511018885,0.6856931887841733,1.0047717490936647,0.9971098265895953,1384,1380,loftr,-99.59241923349008,scheme_d_local_map,NA,True,1313.1819322360411,309.21999999999997
1734763792800,F:\agent\UAV\data\IR-image\1734763792800.jpg,116.18965133902246,38.81202308007087,483.54,116.2048248,38.8121199,792.73,1793.4893051897884,-10.867050510478894,-17.94681869710763,103.77501192897262,0.6325422420955368,1.0051744248456194,0.9612277867528272,1238,1190,loftr,-99.59241923349008,scheme_d_local_map,NA,True,1314.731397014681,309.19
1734763793000,F:\agent\UAV\data\IR-image\1734763793000.jpg,116.1896902445592,38.81202213358766,483.54,116.2048821,38.8121199,792.72,1796.8640159637278,-10.97241302168717,-19.233679470853474,113.16425793104509,0.7129572608821173,1.0045614509462917,0.9562753036437247,1235,1181,loftr,-99.59241923349008,scheme_d_local_map,NA,True,1316.3259847673344,309.18
1734763793200,F:\agent\UAV\data\IR-image\1734763793200.jpg,116.18972696235801,38.81203340092486,483.54,116.2049394,38.8121199,792.72,1800.0489598458792,-9.718133044956183,-24.19477272405203,121.3923481371454,0.8583247839749664,1.0056580460300468,0.9599659284497445,1174,1127,loftr,-99.59241923349008,scheme_d_local_map,NA,True,1318.099403567642,309.18
1734763793400,F:\agent\UAV\data\IR-image\1734763793400.jpg,116.1897516880081,38.81201552507829,483.54,116.2049967,38.8121199,792.73,1802.1936910264274,-11.70807228540913,-19.69051199712203,128.2589406206951,0.8036082599841521,1.005630343105945,0.9967923015236567,1247,1243,loftr,-99.59241923349008,scheme_d_local_map,NA,True,1320.9378306071924,309.19
1734763793600,F:\agent\UAV\data\IR-image\1734763793600.jpg,116.18976632229796,38.81202323830452,483.54,116.2050539,38.8121199,792.77,1803.4630860732746,-10.849435940785211,-22.660641898128688,131.370548487644,1.0735574681223132,1.0049000068867069,0.9372349448685326,1179,1105,loftr,-99.59241923349008,scheme_d_local_map,NA,True,1324.618437771391,309.22999999999996
1734763793800,F:\agent\UAV\data\IR-image\1734763793800.jpg,116.18977887233638,38.812018516685725,483.54,116.2051111,38.8121199,792.82,1804.5516907657238,-11.375046545162668,-21.715121097960832,134.62925363544048,1.1415788867971952,1.0047406109815544,0.9670239076669415,1213,1173,loftr,-99.59241923349008,scheme_d_local_map,NA,True,1328.4913515662026,309.28000000000003
1734763794000,F:\agent\UAV\data\IR-image\1734763794000.jpg,116.18978593484617,38.811997837981856,483.54,116.2051682,38.8121199,792.87,1805.1643009463066,-13.676999860167937,-15.630695113955369,137.40143535427706,0.8827413460722449,1.006864023461316,0.946124763705104,1058,1001,loftr,-99.59241923349008,scheme_d_local_map,NA,True,1332.8482629338573,309.33
1734763794200,F:\agent\UAV\data\IR-image\1734763794200.jpg,116.1898120825989,38.812002822760014,483.54,116.2052253,38.81212,792.92,1807.432386937798,-13.122094355099879,-18.227330523124238,143.41911939694558,0.8098683240735893,1.0045402978661098,0.9127205199628597,1077,983,loftr,-99.59241923349008,scheme_d_local_map,NA,True,1335.5244897182342,309.37999999999994
1734763794400,F:\agent\UAV\data\IR-image\1734763794400.jpg,116.18984108170608,38.81199004175881,483.54,116.2052822,38.81212,792.94,1809.9478026746951,-14.544875409510347,-15.466137723174882,151.0463521322268,0.477365135080027,1.0083476020667164,0.9389097744360902,1064,999,loftr,-99.59241923349008,scheme_d_local_map,NA,True,1337.956531358775,309.40000000000003
1734763794600,F:\agent\UAV\data\IR-image\1734763794600.jpg,116.18988267150687,38.81202036622449,483.54,116.2053391,38.81212,792.93,1813.5553495839688,-11.169155890396581,-26.496264907222383,159.45178429040277,0.7248840942338841,1.0081931956155668,0.8765670202507232,1037,909,loftr,-99.59241923349008,scheme_d_local_map,NA,True,1339.2505657833533,309.38999999999993
1734763794800,F:\agent\UAV\data\IR-image\1734763794800.jpg,116.18991542174331,38.81201629287935,483.54,116.205396,38.8121198,792.9,1816.3961425661528,-11.622600671389659,-26.57003004711345,167.52615101316076,1.2006131534624134,1.0074961200125339,0.9728370221327968,994,967,loftr,-99.59241923349008,scheme_d_local_map,NA,True,1341.3465899082146,309.35999999999996
1734763795000,F:\agent\UAV\data\IR-image\1734763795000.jpg,116.18994210325454,38.812016798226935,483.54,116.2054527,38.8121197,792.84,1818.7105273801176,-11.566345377468659,-27.808239672928153,173.90520871534363,1.2088909766617046,1.0078580395980925,0.9410548086866598,967,910,loftr,-99.59241923349008,scheme_d_local_map,NA,True,1343.946833785174,309.3
1734763795200,F:\agent\UAV\data\IR-image\1734763795200.jpg,116.18996875454998,38.81202732029086,483.54,116.2055095,38.8121196,792.78,1821.0222912421677,-10.395029221315326,-32.131303790910636,179.75546114152417,1.3885264441505285,1.0067544996593394,0.9745098039215686,1020,994,loftr,-99.59241923349008,scheme_d_local_map,NA,True,1346.5493227978723,309.23999999999995
1734763795400,F:\agent\UAV\data\IR-image\1734763795400.jpg,116.19000875606972,38.81203708501807,483.54,116.2055661,38.8121194,792.72,1824.4920688343454,-9.308019788753555,-36.762679690984555,188.8501048744959,1.6307007691345599,1.008330575800971,0.9675251959686451,893,864,loftr,-99.59241923349008,scheme_d_local_map,NA,True,1347.9793679572415,309.18
1734763795600,F:\agent\UAV\data\IR-image\1734763795600.jpg,116.19005104485582,38.812060679222114,483.54,116.2056227,38.8121192,792.65,1828.1602465291926,-6.681512994114737,-45.74761929134729,197.77377282952375,1.7587668915034922,1.0089476538925357,0.9955801104972376,905,901,loftr,-99.59241923349008,scheme_d_local_map,NA,True,1349.2037417843235,309.10999999999996
1734763795800,F:\agent\UAV\data\IR-image\1734763795800.jpg,116.19008051829671,38.812079187494554,483.54,116.2056793,38.8121191,792.6,1830.7168065161818,-4.621172106500477,-52.64567789365299,203.885704598777,1.9272097614363721,1.008762311322561,0.9633136094674556,845,814,loftr,-99.59241923349008,scheme_d_local_map,NA,True,1351.5455108668034,309.06
1734763796000,F:\agent\UAV\data\IR-image\1734763796000.jpg,116.19010029247526,38.812055530927005,483.54,116.2057358,38.812119,792.56,1832.4320413895323,-7.254621206335333,-46.15952751714548,209.86459967061927,2.018795430056782,1.0089827990106097,0.972488038277512,836,813,loftr,-99.59241923349008,scheme_d_local_map,NA,True,1354.7388988489706,309.0199999999999
1734763796200,F:\agent\UAV\data\IR-image\1734763796200.jpg,116.19012434923137,38.81204700008462,483.54,116.2057923,38.8121189,792.52,1834.5187519407928,-8.204274580244185,-44.507259167962275,216.08403562376395,2.1295734662075527,1.0097098964801499,0.9639423076923077,832,802,loftr,-99.59241923349008,scheme_d_local_map,NA,True,1357.5551477303147,308.97999999999996
1734763796400,F:\agent\UAV\data\IR-image\1734763796400.jpg,116.19017590052243,38.81204607211824,483.54,116.2058488,38.8121189,792.48,1838.990369914173,-8.307575797406127,-1.8056260433839952,12.424119569934817,0.07777747310415256,1.0003263885373264,0.9988925802879292,1806,1804,loftr,-99.59241923349008,scheme_d_local_map,NA,True,1357.9845357534246,308.94
1734763796600,F:\agent\UAV\data\IR-image\1734763796600.jpg,116.19018075514481,38.812022610312695,483.54,116.2059052,38.8121189,792.46,1839.411465413235,-10.919343991151653,5.225831998232536,14.811169568006733,-0.1496895843304035,1.0012524640085447,0.6987854251012146,1235,863,loftr,-99.59241923349008,scheme_d_local_map,NA,True,1362.4687749996867,308.92
1734763796800,F:\agent\UAV\data\IR-image\1734763796800.jpg,116.19018212667571,38.8120316347556,483.54,116.2059616,38.812119,792.56,1839.5304335724984,-9.914743006633003,2.3898187100581367,14.670544252192428,-0.18802742546814746,1.00389123869506,0.8125461254612546,1355,1101,loftr,-99.59241923349008,scheme_d_local_map,NA,True,1367.2290089603384,309.0199999999999
1734763797000,F:\agent\UAV\data\IR-image\1734763797000.jpg,116.19022226001239,38.812058200221166,483.54,116.206018,38.812119,792.67,1843.01164511794,-6.957475380004936,-7.423095476517517,22.922050370376382,0.02154338625261571,1.0032421552715778,0.7198492462311558,1592,1146,loftr,-99.59241923349008,scheme_d_local_map,NA,True,1368.6203452747825,309.12999999999994
1734763797200,F:\agent\UAV\data\IR-image\1734763797200.jpg,116.19025502924728,38.81205671934967,483.54,116.2060742,38.8121191,792.72,1845.854086048714,-7.122325994553303,-8.296354456269796,30.865992821021393,-0.07780864455356214,1.003437701655063,0.8947055324211779,1681,1504,loftr,-99.59241923349008,scheme_d_local_map,NA,True,1370.6513437247488,309.18
1734763797400,F:\agent\UAV\data\IR-image\1734763797400.jpg,116.19025743159168,38.81204726998761,483.54,116.2061304,38.8121192,792.8,1846.0624681501151,-8.174228979264491,-5.482539260692306,31.93472859661148,-0.2243501560876305,1.0009037784076995,0.9498044328552803,1534,1457,loftr,-99.59241923349008,scheme_d_local_map,NA,True,1375.3183755835275,309.25999999999993
1734763797600,F:\agent\UAV\data\IR-image\1734763797600.jpg,116.19028064837407,38.81206699248644,483.54,116.2061865,38.8121193,792.87,1848.0763184204502,-5.978720409560511,-12.500848967231946,36.4814160123488,-0.23234702789555317,1.0023552053879259,0.9106769016050245,1433,1305,loftr,-99.59241923349008,scheme_d_local_map,NA,True,1378.1563286262847,309.33
1734763797800,F:\agent\UAV\data\IR-image\1734763797800.jpg,116.19031391872876,38.812092317034434,483.54,116.2062425,38.8121194,792.89,1850.9622270549703,-3.159591727030996,-21.653001931415815,43.14995375663301,-0.29522981160998596,1.0012927837787455,0.9191461836998707,1546,1421,loftr,-99.59241923349008,scheme_d_local_map,NA,True,1380.116478065336,309.34999999999997
1734763798000,F:\agent\UAV\data\IR-image\1734763798000.jpg,116.19033361131243,38.81205191558917,483.54,116.2062984,38.8121196,792.92,1852.6703842941822,-7.657080613652752,-10.00456114093248,49.98113458229221,-0.4890144748106832,1.0025279689921525,0.9902024820378837,1531,1516,loftr,-99.59241923349008,scheme_d_local_map,NA,True,1383.2712063275794,309.37999999999994
1734763798200,F:\agent\UAV\data\IR-image\1734763798200.jpg,116.19035082620528,38.81198922304079,483.54,116.2063543,38.8121197,792.89,1854.16362379784,-14.636015099449867,8.6121372071795,57.37815727037162,-0.38324084455270796,1.0020000426579163,0.9521354933726067,1358,1293,loftr,-99.59241923349008,scheme_d_local_map,NA,True,1386.6790680711563,309.34999999999997
1734763798400,F:\agent\UAV\data\IR-image\1734763798400.jpg,116.19040152056154,38.81201247898591,483.54,116.2064101,38.8121197,792.78,1858.560910265461,-12.047163288462517,-0.6096158555731108,68.3373439854663,-0.1273015492978862,1.0041235608269057,0.8595505617977528,1424,1224,loftr,-99.59241923349008,scheme_d_local_map,NA,True,1387.0965531385,309.23999999999995
1734763798600,F:\agent\UAV\data\IR-image\1734763798600.jpg,116.19047302853905,38.812067618827115,483.54,116.2064659,38.8121197,792.64,1864.763594055968,-5.908996165672442,-20.499019799244365,82.63307573105476,0.29093988248089636,1.0059062206976768,0.9142857142857143,1365,1248,loftr,-99.59241923349008,scheme_d_local_map,NA,True,1385.6958790470323,309.09999999999997
1734763798800,F:\agent\UAV\data\IR-image\1734763798800.jpg,116.19051933170317,38.81208082814333,483.54,116.2065217,38.8121196,792.51,1868.779983494063,-4.4385350844511455,-26.447318265889123,93.06118779255513,1.3303723607120337,1.0060876739169309,0.9649532710280374,1284,1239,loftr,-99.59241923349008,scheme_d_local_map,NA,True,1386.5131950728517,308.96999999999997
1734763799000,F:\agent\UAV\data\IR-image\1734763799000.jpg,116.19055240607833,38.8121129576292,483.54,116.2065776,38.8121194,792.39,1871.6488926390266,-0.8618807172514371,-37.68807386888005,99.3283569492076,1.935760702124231,1.0063795929087391,0.9130081300813008,1230,1123,loftr,-99.59241923349008,scheme_d_local_map,NA,True,1388.484065521565,308.84999999999997
1734763799200,F:\agent\UAV\data\IR-image\1734763799200.jpg,116.19057011958843,38.81210471869118,483.54,116.2066334,38.8121195,792.31,1873.1853827733369,-1.7790392976903942,-35.86838263540915,104.00978523967046,2.337566313834759,1.0059000691770135,0.9309484193011647,1202,1119,loftr,-99.59241923349008,scheme_d_local_map,NA,True,1391.784889378981,308.7699999999999
1734763799400,F:\agent\UAV\data\IR-image\1734763799400.jpg,116.1905959207343,38.81207885460761,483.54,116.2066893,38.8121197,792.25,1875.4234036881887,-4.65822908072004,-28.946636580392692,111.55050193222348,2.25204070130313,1.0077672588072777,0.96826688364524,1229,1190,loftr,-99.59241923349008,scheme_d_local_map,NA,True,1394.3994464156847,308.71
1734763799600,F:\agent\UAV\data\IR-image\1734763799600.jpg,116.190602190683,38.81202338142294,483.54,116.2067451,38.8121201,792.23,1875.967266213302,-10.833503998890727,-12.11011828900456,115.9440979880909,2.0539419085506707,1.0062239730953364,0.9518760195758564,1226,1167,loftr,-99.59241923349008,scheme_d_local_map,NA,True,1398.7254099346274,308.69
1734763799800,F:\agent\UAV\data\IR-image\1734763799800.jpg,116.19062307747924,38.81201294399196,483.54,116.2068011,38.8121206,792.27,1877.7790108184681,-11.995398815231729,-9.741832484904592,121.50180128450859,1.42203423458292,1.0045888796005278,0.8131067961165048,1236,1005,loftr,-99.59241923349008,scheme_d_local_map,NA,True,1401.777620054582,308.72999999999996
1734763800000,F:\agent\UAV\data\IR-image\1734763800000.jpg,116.19065996960562,38.81194351147773,483.54,116.206857,38.8121212,792.27,1880.979076073141,-19.724626299469882,10.153062539187772,133.97363027341618,0.8377088358800319,1.0083198584461197,0.9127906976744186,1204,1099,loftr,-99.59241923349008,scheme_d_local_map,NA,True,1403.513179169328,308.72999999999996
1734763800200,F:\agent\UAV\data\IR-image\1734763800200.jpg,116.19067205804991,38.81184547293218,483.54,116.2069129,38.8121217,792.22,1882.0276415634596,-30.6382771901828,39.867604929631966,141.9803571259289,-0.22042641123387496,1.0032076034725872,0.8374429223744292,1095,917,loftr,-99.59241923349008,scheme_d_local_map,NA,True,1407.5062447656223,308.68
1734763800400,F:\agent\UAV\data\IR-image\1734763800400.jpg,116.19073929970081,38.811901395522824,483.54,116.206969,38.8121221,792.19,1887.8602593011235,-24.412974399082586,19.910133674315716,155.21112518593486,-1.0359258802069828,1.0116431992331443,0.7946096654275093,1076,855,loftr,-99.59241923349008,scheme_d_local_map,NA,True,1406.4192863724113,308.65000000000003
1734763800600,F:\agent\UAV\data\IR-image\1734763800600.jpg,116.1907902003101,38.81198413597664,483.54,116.2070253,38.8121222,792.14,1892.2754363937754,-15.20230708131663,-7.646749441028135,163.12258094517824,-1.0741679423249912,1.007771730199066,0.8649173955296404,1029,890,loftr,-99.59241923349008,scheme_d_local_map,NA,True,1406.7559323419857,308.59999999999997
1734763800800,F:\agent\UAV\data\IR-image\1734763800800.jpg,116.19082377445778,38.81207226054692,483.54,116.2070817,38.812122,792.09,1895.1876963802058,-5.392279916741673,-36.159476430203995,166.59417141764487,-0.6944082334185908,1.0132683249318193,0.7760084925690022,942,731,loftr,-99.59241923349008,scheme_d_local_map,NA,True,1408.6598697447107,308.55
1734763801000,F:\agent\UAV\data\IR-image\1734763801000.jpg,116.19085291950293,38.81210186527394,483.54,116.2071382,38.8121217,792.06,1897.7157709445885,-2.0966817053152553,-46.46295166108848,172.04949459672503,-0.03692850721554254,1.0123560090728858,0.9696016771488469,954,925,loftr,-99.59241923349008,scheme_d_local_map,NA,True,1411.0205836477728,308.5199999999999
1734763801200,F:\agent\UAV\data\IR-image\1734763801200.jpg,116.19088043930154,38.812118473847995,483.54,116.2071948,38.8121215,792.02,1900.1028697642796,-0.24781524144743017,-52.69646376635234,177.79133356605803,0.9693952464433814,1.0097506507809093,0.9472551130247578,929,880,loftr,-99.59241923349008,scheme_d_local_map,NA,True,1413.5383568287104,308.47999999999996
1734763801400,F:\agent\UAV\data\IR-image\1734763801400.jpg,116.19091021086854,38.8121246122909,483.54,116.2072516,38.8121213,791.98,1902.685289551543,0.43551622284647706,-55.795559712371414,184.618909384689,1.4960180297658912,1.0116950038171482,0.9361948955916474,862,807,loftr,-99.59241923349008,scheme_d_local_map,NA,True,1415.8801519819276,308.44
1734763801600,F:\agent\UAV\data\IR-image\1734763801600.jpg,116.1909272100503,38.812081061166374,483.54,116.2073084,38.8121213,791.93,1904.1598180290916,-4.41259495917318,-43.06744869817953,190.96748912802792,1.9348539711813229,1.0105935717691579,0.9553072625698324,895,855,loftr,-99.59241923349008,scheme_d_local_map,NA,True,1419.3360848037858,308.38999999999993
1734763801800,F:\agent\UAV\data\IR-image\1734763801800.jpg,116.19094326440069,38.8120798193717,483.54,116.2073653,38.8121214,791.92,1905.5523907505194,-4.550831542918823,-43.336213486809584,194.88627869170023,2.2412722773424303,1.0121441872630395,0.8868778280542986,884,784,loftr,-99.59241923349008,scheme_d_local_map,NA,True,1422.8755791629233,308.37999999999994
1734763802000,F:\agent\UAV\data\IR-image\1734763802000.jpg,116.19098568158748,38.81206172809505,483.54,116.2074224,38.8121215,791.91,1909.231706067659,-6.564752459218189,-39.48335683249326,206.01125550535107,2.7757966997483283,1.011437337748519,0.9076923076923077,845,767,loftr,-99.59241923349008,scheme_d_local_map,NA,True,1424.1559310275961,308.36999999999995
1734763802200,F:\agent\UAV\data\IR-image\1734763802200.jpg,116.19102175742687,38.81203041908732,483.54,116.2074796,38.8121217,791.85,1912.3609656548895,-10.05007119931966,-31.30092992284267,216.3021015697472,2.942618074684567,1.010810493582629,0.8956310679611651,824,738,loftr,-99.59241923349008,scheme_d_local_map,NA,True,1426.0071350470498,308.31
1734763802400,F:\agent\UAV\data\IR-image\1734763802400.jpg,116.19102765259416,38.812022413136454,483.54,116.2075368,38.812122,791.83,1912.872319210934,-10.941293650146356,2.2274003487543723,1.8320942008846828,-0.16769364104968262,1.0003172413042964,0.9864559819413092,1772,1748,loftr,-99.59241923349008,scheme_d_local_map,NA,True,1430.4592004557067,308.29
1734763802600,F:\agent\UAV\data\IR-image\1734763802600.jpg,116.19105319761586,38.812035406087574,483.54,116.2075942,38.8121224,791.87,1915.088123622437,-9.49491833162161,-2.812043410109993,7.288111570792864,-0.20179501656923915,1.0004330002533952,0.7786476868327402,1405,1094,loftr,-99.59241923349008,scheme_d_local_map,NA,True,1433.2088865931198,308.33
1734763802800,F:\agent\UAV\data\IR-image\1734763802800.jpg,116.19108111914026,38.812027043929724,483.54,116.2076516,38.8121227,791.88,1917.5100685979608,-10.42579374324626,-1.3685459953508712,14.426570644001742,-0.001510686047392918,1.0023707787281533,0.9368872549019608,1632,1529,loftr,-99.59241923349008,scheme_d_local_map,NA,True,1435.76985102712,308.34
1734763803000,F:\agent\UAV\data\IR-image\1734763803000.jpg,116.19110448386182,38.81201584951819,483.54,116.2077091,38.8121229,791.86,1919.5367512810453,-11.67195563531498,1.132426473332714,20.61855842481907,0.3046184023386416,1.0005330950107811,0.9552941176470588,1700,1624,loftr,-99.59241923349008,scheme_d_local_map,NA,True,1438.7374181741784,308.32
1734763803200,F:\agent\UAV\data\IR-image\1734763803200.jpg,116.19111511268319,38.8120215642002,483.54,116.2077668,38.8121231,791.89,1920.4587074075148,-11.035797233711836,-1.0594570395270466,22.872642919757084,0.07964329332484431,1.0015986549871434,0.9624711316397229,1732,1667,loftr,-99.59241923349008,scheme_d_local_map,NA,True,1442.810719319471,308.34999999999997
1734763803400,F:\agent\UAV\data\IR-image\1734763803400.jpg,116.19114952383352,38.81202847458483,483.54,116.2078244,38.8121235,791.9,1923.4435699612845,-10.26653321704435,-4.5846188498795755,30.773839495526488,-0.6116298890658813,1.001060695240654,0.7751834556370913,1499,1162,loftr,-99.59241923349008,scheme_d_local_map,NA,True,1444.814279690123,308.35999999999996
1734763803600,F:\agent\UAV\data\IR-image\1734763803600.jpg,116.19118313645626,38.81201996095127,483.54,116.2078821,38.8121239,791.87,1926.3591673186477,-11.21427090493078,-3.325350635009329,39.286434758167786,-1.1926492605664998,1.0028855824853025,0.924901185770751,1518,1404,loftr,-99.59241923349008,scheme_d_local_map,NA,True,1446.9089072997544,308.33
1734763803800,F:\agent\UAV\data\IR-image\1734763803800.jpg,116.19118727028847,38.81202587181193,483.54,116.2079399,38.8121242,791.87,1926.7177406543906,-10.556273895467061,-5.314162356971337,39.971067212850926,-1.526510600839791,1.0027641966797969,0.922286448298009,1557,1436,loftr,-99.59241923349008,scheme_d_local_map,NA,True,1451.5537068468268,308.33
1734763804000,F:\agent\UAV\data\IR-image\1734763804000.jpg,116.19118747963344,38.812019910755495,483.54,116.2079977,38.8121244,791.94,1926.7358994767646,-11.219858698340405,-3.4860959593347616,40.33170510186852,-1.732467159829679,1.0052435957093506,0.9246889325474787,1527,1412,loftr,-99.59241923349008,scheme_d_local_map,NA,True,1456.5488050788365,308.40000000000003
1734763804200,F:\agent\UAV\data\IR-image\1734763804200.jpg,116.19126067170765,38.81209200945981,483.54,116.2080556,38.8121245,791.96,1933.0846637423797,-3.1938309341529916,-28.66873402540682,54.148718273750205,-1.9701349260493979,1.0061875128009747,0.8328445747800587,1364,1136,loftr,-99.59241923349008,scheme_d_local_map,NA,True,1455.181246863176,308.42
1734763804400,F:\agent\UAV\data\IR-image\1734763804400.jpg,116.19125000737573,38.812086848986496,483.54,116.2081136,38.8121247,792.0,1932.159627388064,-3.768294823127227,-26.646157619722374,51.857252238385115,-2.1301766548185728,1.0042767781341333,0.8473498233215547,1415,1199,loftr,-99.59241923349008,scheme_d_local_map,NA,True,1461.1322149408584,308.46
1734763804600,F:\agent\UAV\data\IR-image\1734763804600.jpg,116.19123596726456,38.81208178660728,483.54,116.2081716,38.8121249,792.21,1930.9417720807357,-4.331838877558288,-24.51684205444343,48.75026292736976,-2.2981786839941383,1.004703316508422,0.849607982893799,1403,1192,loftr,-99.59241923349008,scheme_d_local_map,NA,True,1467.3758649901467,308.67
1734763804800,F:\agent\UAV\data\IR-image\1734763804800.jpg,116.19124718813644,38.81205537085802,483.54,116.2082296,38.8121251,792.36,1931.9150833467595,-7.272440085306753,-16.83358444274768,52.819450331825465,-2.2648166402210146,1.0058872396185976,0.8257887517146777,1458,1204,loftr,-99.59241923349008,scheme_d_local_map,NA,True,1471.4418554704998,308.82
1734763805000,F:\agent\UAV\data\IR-image\1734763805000.jpg,116.19128581396133,38.81201705951309,483.54,116.2082875,38.8121252,792.34,1935.2655315937204,-11.537259003289114,-6.5972436761450695,64.0870640909082,-1.8455308374595938,1.0055918391082914,0.9113747383112352,1433,1306,loftr,-99.59241923349008,scheme_d_local_map,NA,True,1473.1408883108447,308.8
1734763805200,F:\agent\UAV\data\IR-image\1734763805200.jpg,116.19132172977174,38.81206163390345,483.54,116.2083455,38.8121251,792.32,1938.380910085974,-6.575237868411321,-21.78746950091636,70.38838760635173,-1.5301104456221084,1.0056497428486224,0.919170243204578,1398,1285,loftr,-99.59241923349008,scheme_d_local_map,NA,True,1475.021692280431,308.78000000000003
1734763805400,F:\agent\UAV\data\IR-image\1734763805400.jpg,116.1913386809793,38.81206440725225,483.54,116.2084034,38.8121252,792.35,1939.8512772243926,-6.266508679525316,-23.329659040131673,74.3134227331442,-2.008767491972106,1.002517918209068,0.767175572519084,1310,1005,loftr,-99.59241923349008,scheme_d_local_map,NA,True,1478.5681935893967,308.81
1734763805600,F:\agent\UAV\data\IR-image\1734763805600.jpg,116.19135560089681,38.81208362275964,483.54,116.2084611,38.8121253,792.38,1941.3189302298033,-4.127438397599019,-29.936293402815352,77.3748340896613,-2.0104119123170903,1.009011271488381,0.759349593495935,1230,934,loftr,-99.59241923349008,scheme_d_local_map,NA,True,1482.0931281640503,308.84
1734763805800,F:\agent\UAV\data\IR-image\1734763805800.jpg,116.19138692844307,38.812101032878786,483.54,116.2085188,38.8121253,792.36,1944.0363174374656,-2.1893439336722613,-36.57124293779776,83.98905551029725,-1.9000294057564515,1.0069955589492132,0.8155012636899748,1187,968,loftr,-99.59241923349008,scheme_d_local_map,NA,True,1484.3731642474067,308.82
1734763806000,F:\agent\UAV\data\IR-image\1734763806000.jpg,116.19144098518724,38.812112033117856,483.54,116.2085764,38.8121252,792.31,1948.7252612808866,-0.9647973201740268,-42.15351645113776,96.39357449927286,-1.8880499627530893,1.0098266532870603,0.8148788927335641,1156,942,loftr,-99.59241923349008,scheme_d_local_map,NA,True,1484.6783211031368,308.7699999999999
1734763806200,F:\agent\UAV\data\IR-image\1734763806200.jpg,116.19148259827709,38.81211842164069,483.54,116.2086339,38.8121252,792.27,1952.3348283087319,-0.25362695833268134,-45.81009156247222,106.05089679747744,-2.1978031526847657,1.0077867627717736,0.8452895419187554,1157,978,loftr,-99.59241923349008,scheme_d_local_map,NA,True,1486.0542261022883,308.72999999999996
1734763806400,F:\agent\UAV\data\IR-image\1734763806400.jpg,116.19151299262835,38.81210740304664,483.54,116.2086911,38.8121253,792.27,1954.9712691154082,-1.4802168482916471,-43.64849160023982,113.9213174344116,-2.533940726225898,1.0072840418326918,0.7677935943060499,1124,863,loftr,-99.59241923349008,scheme_d_local_map,NA,True,1488.3780228334406,308.72999999999996
1734763806600,F:\agent\UAV\data\IR-image\1734763806600.jpg,116.19155799081362,38.81212640718912,483.54,116.2087482,38.8121253,792.24,1958.8744631942395,0.6353242926466827,-51.32919032515838,123.73442054259658,-2.5810102100134746,1.0100216905484167,0.6732766761095373,1059,713,loftr,-99.59241923349008,scheme_d_local_map,NA,True,1489.425046168931,308.7
1734763806800,F:\agent\UAV\data\IR-image\1734763806800.jpg,116.19158792333306,38.81212476092225,483.54,116.2088053,38.8121252,792.2,1961.4708441798907,0.4520618652880408,-52.03640163910711,131.00597093677004,-2.300498182258205,1.0087218406055019,0.7705992509363296,1068,823,loftr,-99.59241923349008,scheme_d_local_map,NA,True,1491.7789539018656,308.66
1734763807000,F:\agent\UAV\data\IR-image\1734763807000.jpg,116.19160540461908,38.81213262778374,483.54,116.2088622,38.812125,792.21,1962.9871909311983,1.3278008856320263,-55.16937309935537,134.79305125110386,-1.692349794791597,1.0105084019564063,0.8321951219512195,1025,853,loftr,-99.59241923349008,scheme_d_local_map,NA,True,1495.1945003934488,308.67
1734763807200,F:\agent\UAV\data\IR-image\1734763807200.jpg,116.19162207413625,38.81212937945678,483.54,116.2089189,38.8121248,792.24,1964.4331239245469,0.9661971281260513,-54.84489768688297,138.96399885384864,-1.3307954624757377,1.0104292127933536,0.920388349514563,1030,948,loftr,-99.59241923349008,scheme_d_local_map,NA,True,1498.6627755895768,308.7
1734763807400,F:\agent\UAV\data\IR-image\1734763807400.jpg,116.19164971891465,38.81214178687726,483.54,116.2089754,38.8121248,792.25,1966.8310636346378,2.347391177066024,-59.78913434560428,144.9545875464912,-1.4091652815042046,1.008222599677139,0.929724596391263,1053,979,loftr,-99.59241923349008,scheme_d_local_map,NA,True,1501.1638726683998,308.71
1734763807600,F:\agent\UAV\data\IR-image\1734763807600.jpg,116.19167934171672,38.8121531255947,483.54,116.2090317,38.8121248,792.26,1969.4005793809029,3.609617201404985,-64.48436292816845,151.4756812607577,-1.4185459822712023,1.0107467839025028,0.7913832199546486,882,698,loftr,-99.59241923349008,scheme_d_local_map,NA,True,1503.4772773639897,308.71999999999997
1734763807800,F:\agent\UAV\data\IR-image\1734763807800.jpg,116.19171005491516,38.812175346221515,483.54,116.2090878,38.8121248,792.28,1972.0646773574852,6.083217378708149,-72.57647114001296,157.69194357203014,-1.396592596015373,1.013678101658225,0.8357221609702316,907,758,loftr,-99.59241923349008,scheme_d_local_map,NA,True,1505.6838421572602,308.73999999999995
1734763808000,F:\agent\UAV\data\IR-image\1734763808000.jpg,116.19171869742478,38.812148251577646,483.54,116.2091437,38.8121248,792.28,1972.814338529887,3.067041623172983,-64.5794421720469,161.17749812014466,-0.9840766300278373,1.0138911758978728,0.8283410138248848,868,719,loftr,-99.59241923349008,scheme_d_local_map,NA,True,1509.7704581970845,308.73999999999995
1734763808200,F:\agent\UAV\data\IR-image\1734763808200.jpg,116.19175234869516,38.81210199058878,483.54,116.2091994,38.8121247,792.3,1975.7332882279475,-2.0827316574554704,-51.692045214022755,171.66480470387677,-0.9727808249203168,1.0102560072506528,0.8316430020283976,986,820,loftr,-99.59241923349008,scheme_d_local_map,NA,True,1511.6811926075038,308.75999999999993
1734763808400,F:\agent\UAV\data\IR-image\1734763808400.jpg,116.19180053660175,38.8120954223696,483.54,116.2092549,38.8121248,792.28,1979.9131623823832,-2.813905816312074,0.06855487216921574,11.91035672194215,0.0034580735008972845,1.0009138281992052,0.9711048158640226,1765,1714,loftr,-99.59241923349008,scheme_d_local_map,NA,True,1512.3162278897532,308.73999999999995
1734763808600,F:\agent\UAV\data\IR-image\1734763808600.jpg,116.19185526895443,38.812119283628896,483.54,116.2093102,38.8121248,792.22,1984.660709280386,-0.15767043187110374,-9.503519837091915,23.807418565243836,-0.0530734921493672,1.0010528474885863,0.9871794871794872,1638,1617,loftr,-99.59241923349008,scheme_d_local_map,NA,True,1512.361754072356,308.68
1734763808800,F:\agent\UAV\data\IR-image\1734763808800.jpg,116.19188262373258,38.812120682021195,483.54,116.2093654,38.8121248,792.18,1987.0334940374248,-0.002001400639294104,-11.044185922456847,30.30160679179687,-0.05509478617083138,1.0008096381212201,0.9789410348977136,1662,1627,loftr,-99.59241923349008,scheme_d_local_map,NA,True,1514.7742999637032,308.63999999999993
1734763809000,F:\agent\UAV\data\IR-image\1734763809000.jpg,116.19190081325979,38.812142207919415,483.54,116.2094203,38.8121248,792.15,1988.6112744404984,2.3942615887436736,-18.414145862299222,33.547512809851696,0.03283988381674951,1.0015644956396315,0.9849476439790575,1528,1505,loftr,-99.59241923349008,scheme_d_local_map,NA,True,1517.9559705452143,308.60999999999996
1734763809200,F:\agent\UAV\data\IR-image\1734763809200.jpg,116.19193695804249,38.812147578177395,483.54,116.2094751,38.8121248,792.14,1991.74651424944,2.99207870785318,-21.535141898971574,41.945090071921015,0.14677532540634036,1.0014950934055746,0.9353135313531353,1515,1417,loftr,-99.59241923349008,scheme_d_local_map,NA,True,1519.5731486732816,308.59999999999997
1734763809400,F:\agent\UAV\data\IR-image\1734763809400.jpg,116.19196371965509,38.812139459427875,483.54,116.2095298,38.8121248,792.12,1994.067847147939,2.0882995110360074,-20.119577240882222,48.79241792556206,-0.38526947028109215,1.0024764601142304,0.8481989708404802,1166,989,loftr,-99.59241923349008,scheme_d_local_map,NA,True,1521.992685136847,308.58
1734763809600,F:\agent\UAV\data\IR-image\1734763809600.jpg,116.19197954331047,38.812110402278755,483.54,116.2095842,38.812125,792.12,1995.4404091209872,-1.146342328913061,-11.809265739943953,54.10411786325005,-0.44149368198054545,0.9997033565216832,0.7435530085959885,1396,1038,loftr,-99.59241923349008,scheme_d_local_map,NA,True,1525.335385650833,308.58
1734763809800,F:\agent\UAV\data\IR-image\1734763809800.jpg,116.1920158734679,38.812098558658114,483.54,116.2096385,38.8121252,792.12,1998.5917285465116,-2.4647741785704906,-9.634306877801635,63.44249166357565,-1.059771634770912,1.0015225853909915,0.8220946915351507,1394,1146,loftr,-99.59241923349008,scheme_d_local_map,NA,True,1526.8944961160391,308.58
1734763810000,F:\agent\UAV\data\IR-image\1734763810000.jpg,116.19205753985607,38.81209977165871,483.54,116.2096926,38.8121253,792.09,2002.2059187320638,-2.3297429526000224,-11.698502110911647,73.38208880717156,-1.2272712305215296,1.0039217988626323,0.8086232980332829,1322,1069,loftr,-99.59241923349008,scheme_d_local_map,NA,True,1527.9715406556552,308.55
1734763810200,F:\agent\UAV\data\IR-image\1734763810200.jpg,116.19208274642935,38.812118410570825,483.54,116.2097466,38.8121252,792.07,2004.3923657404152,-0.254859256139766,-18.463695607146178,78.4628811374904,-1.1968375502825515,1.0032052988121651,0.926791277258567,1284,1190,loftr,-99.59241923349008,scheme_d_local_map,NA,True,1530.463663284791,308.53000000000003
1734763810400,F:\agent\UAV\data\IR-image\1734763810400.jpg,116.19210173210922,38.81210899442156,483.54,116.2098004,38.8121252,792.05,2006.03920533586,-1.3030649925375624,-16.332927955542914,83.51101151201101,-1.28721746845423,1.0035754043718816,0.7025151777970512,1153,810,loftr,-99.59241923349008,scheme_d_local_map,NA,True,1533.4810823282885,308.50999999999993
1734763810600,F:\agent\UAV\data\IR-image\1734763810600.jpg,116.19214520286589,38.812078987053056,483.54,116.2098541,38.8121253,791.98,2009.809908509672,-4.643485254145608,-8.851551730476046,95.50936479350003,-0.8603907979101539,1.0021770439212867,0.7609561752988048,1255,955,loftr,-99.59241923349008,scheme_d_local_map,NA,True,1534.375288338518,308.44
1734763810800,F:\agent\UAV\data\IR-image\1734763810800.jpg,116.19219086685874,38.812085391551506,483.54,116.2099078,38.8121252,791.89,2013.7708554994033,-3.9305364863396974,-12.677401036057972,106.1383464151063,-0.6969536124866162,1.003387338851261,0.7760416666666666,1152,894,loftr,-99.59241923349008,scheme_d_local_map,NA,True,1535.0692309159485,308.34999999999997
1734763811000,F:\agent\UAV\data\IR-image\1734763811000.jpg,116.19222529420202,38.81209829428471,483.54,116.2099614,38.812125,791.84,2016.757122648439,-2.4942042262583275,-18.04942060058295,113.73142016025281,-0.6047233732682956,1.0046233800179147,0.8461538461538461,988,836,loftr,-99.59241923349008,scheme_d_local_map,NA,True,1536.7267732300506,308.3
1734763811200,F:\agent\UAV\data\IR-image\1734763811200.jpg,116.1922447537119,38.81211030653031,483.54,116.2100149,38.8121248,791.81,2018.4450628013396,-1.1570010460948712,-22.539815978826255,117.77756591749926,-0.03618862636565401,1.002827173942008,0.920265780730897,1204,1108,loftr,-99.59241923349008,scheme_d_local_map,NA,True,1539.6740178484863,308.2699999999999
1734763811400,F:\agent\UAV\data\IR-image\1734763811400.jpg,116.19227960882742,38.812101471641746,483.54,116.2100684,38.8121245,791.79,2021.4684354034341,-2.1405008409010646,-21.231981443561892,126.60517075547477,-0.06267362605221967,1.0050490475002902,0.9772727272727273,1232,1204,loftr,-99.59241923349008,scheme_d_local_map,NA,True,1541.2908641264796,308.24999999999994
1734763811600,F:\agent\UAV\data\IR-image\1734763811600.jpg,116.19230190359428,38.812109088520245,483.54,116.2101218,38.8121244,791.75,2023.4023089919544,-1.2925899264670724,-24.48322622463172,131.56082869765294,-0.3092278407619291,1.0077936890613626,0.7413249211356467,951,705,loftr,-99.59241923349008,scheme_d_local_map,NA,True,1543.9846703647943,308.21
1734763811800,F:\agent\UAV\data\IR-image\1734763811800.jpg,116.1923286603274,38.81211703258335,483.54,116.2101751,38.8121243,791.73,2025.7232186384124,-0.4082568217461837,-28.016304071183185,137.57062492617695,-0.661528238233588,1.005763127018619,0.8639846743295019,1044,902,loftr,-99.59241923349008,scheme_d_local_map,NA,True,1546.283667455391,308.19
1734763812000,F:\agent\UAV\data\IR-image\1734763812000.jpg,116.19238069795672,38.81214179798572,483.54,116.2102284,38.8121242,791.69,2030.2370221484962,2.3486277698602045,-37.757609314153,148.7736935955361,-0.943550975990615,1.0061620694649898,0.7829638273045507,857,671,loftr,-99.59241923349008,scheme_d_local_map,NA,True,1546.3938032340675,308.15000000000003
1734763812200,F:\agent\UAV\data\IR-image\1734763812200.jpg,116.19242867477203,38.81212444154941,483.54,116.2102816,38.812124,791.62,2034.3985860043751,0.41650927956759,-34.356715687634164,161.19509613708726,-1.308424372964188,1.0073664065206975,0.4793491864831039,799,383,loftr,-99.59241923349008,scheme_d_local_map,NA,True,1546.8453130857813,308.08
1734763812400,F:\agent\UAV\data\IR-image\1734763812400.jpg,116.19244789729062,38.81211405733811,483.54,116.2103348,38.8121239,791.59,2036.0659692617344,-0.739461121717369,-31.93730384224324,166.35048900516313,-1.4321361421070058,1.0008855998608392,0.562962962962963,945,532,loftr,-99.59241923349008,scheme_d_local_map,NA,True,1549.789750962737,308.05
1734763812600,F:\agent\UAV\data\IR-image\1734763812600.jpg,116.19246343750108,38.81212583461816,483.54,116.210388,38.8121237,791.57,2037.4139448979101,0.5715856930369796,-36.19629514319672,169.46797160455014,-1.39681082909511,1.0074977614145004,0.8947939262472885,922,825,loftr,-99.59241923349008,scheme_d_local_map,NA,True,1553.0522440036073,308.03000000000003
1734763812800,F:\agent\UAV\data\IR-image\1734763812800.jpg,116.19249994681815,38.812132177550716,483.54,116.2104412,38.8121235,791.53,2040.5808048350405,1.2776809454105091,-39.63175522396864,177.90241648781478,-1.137336474643008,1.009494899454844,0.7627659574468085,940,717,loftr,-99.59241923349008,scheme_d_local_map,NA,True,1554.4986025075375,307.98999999999995
1734763813000,F:\agent\UAV\data\IR-image\1734763813000.jpg,116.19252927908519,38.81213128350417,483.54,116.2104944,38.8121233,791.48,2043.1251192425123,1.178155684538595,-40.54636708186547,184.99069896084347,-0.5879700908397933,1.0083583568299677,0.9313304721030042,932,868,loftr,-99.59241923349008,scheme_d_local_map,NA,True,1556.5665591435636,307.94
1734763813200,F:\agent\UAV\data\IR-image\1734763813200.jpg,116.19256607924304,38.8121583604311,483.54,116.2105475,38.8121231,791.43,2046.3172070414,4.192359189607783,-50.38162605059381,192.41538553231942,-0.46512482174535646,1.0076347994563504,0.8903301886792453,848,755,loftr,-99.59241923349008,scheme_d_local_map,NA,True,1557.9832257908258,307.88999999999993
1734763813400,F:\agent\UAV\data\IR-image\1734763813400.jpg,116.19259255309139,38.812156914890174,483.54,116.2106007,38.8121231,791.37,2048.6135789385385,4.031441574087543,-51.01035529300168,198.8461691412249,-0.7080057779621602,1.0071289411137005,0.6228571428571429,700,436,loftr,-99.59241923349008,scheme_d_local_map,NA,True,1560.298493511666,307.83
1734763813600,F:\agent\UAV\data\IR-image\1734763813600.jpg,116.1926206625133,38.812141126580926,483.54,116.2106538,38.8121232,791.33,2051.051822360359,2.2738869885200597,-47.286535787017044,206.41640198192226,-0.7260948184736433,1.008918657560742,0.5629251700680272,588,331,loftr,-99.59241923349008,scheme_d_local_map,NA,True,1562.460684766183,307.79
1734763813800,F:\agent\UAV\data\IR-image\1734763813800.jpg,116.19265336409315,38.81210777999433,483.54,116.210707,38.8121233,791.28,2053.8883948129906,-1.4382550313502716,-38.33944543762664,216.00329004043743,-0.4932349465956282,1.0059976703491462,0.5542372881355933,590,327,loftr,-99.59241923349008,scheme_d_local_map,NA,True,1564.2367911003528,307.73999999999995
1734763814000,F:\agent\UAV\data\IR-image\1734763814000.jpg,116.19267981923228,38.81208063834419,483.54,116.2107602,38.8121233,791.23,2056.1831438517097,-4.459663524823741,-31.050623688453243,223.76752989022043,-0.42487351486016667,0.9991173835680166,0.599112426035503,676,405,loftr,-99.59241923349008,scheme_d_local_map,NA,True,1566.5605966960516,307.69
1734763814200,F:\agent\UAV\data\IR-image\1734763814200.jpg,116.1927125710684,38.81206507876335,483.54,116.2108134,38.8121234,791.19,2059.024075592574,-6.191756064234882,-27.58562466852743,232.44034717566888,-1.2403359002632244,1.0092307333054147,0.9159456118665018,809,741,loftr,-99.59241923349008,scheme_d_local_map,NA,True,1568.3386994497505,307.65000000000003
1734763814400,F:\agent\UAV\data\IR-image\1734763814400.jpg,116.19274796779838,38.812060894349074,483.54,116.2108666,38.8121236,791.14,2062.094428452807,-6.657565061507304,-0.14691838405178714,8.715487615053519,-0.5956865033892915,1.0021431611367924,0.884393063583815,1557,1377,loftr,-99.59241923349008,scheme_d_local_map,NA,True,1569.8833634426956,307.59999999999997
1734763814600,F:\agent\UAV\data\IR-image\1734763814600.jpg,116.19275680864504,38.8120781300549,483.54,116.2109198,38.8121239,791.13,2062.8612936086656,-4.738886288385583,-5.815807675412543,9.940459179625407,-1.8516748140334882,1.0014449780459407,0.6028880866425993,1385,835,loftr,-99.59241923349008,scheme_d_local_map,NA,True,1573.7193624561608,307.59
1734763814800,F:\agent\UAV\data\IR-image\1734763814800.jpg,116.19279709114106,38.81208932290551,483.54,116.2109731,38.8121242,791.14,2066.3554434045386,-3.492898159286435,-10.89857812649609,19.02819657385237,-2.5345762967502843,1.0094681288960021,0.5653661875427789,1461,826,loftr,-99.59241923349008,scheme_d_local_map,NA,True,1574.8436673871481,307.59999999999997
1734763815000,F:\agent\UAV\data\IR-image\1734763815000.jpg,116.19284726123891,38.81213968448999,483.54,116.2110264,38.8121243,791.12,2070.707255098018,2.113353425602348,-28.45011943689508,28.450186472938015,-2.6914691701638276,1.0045009271743044,0.7534345625451916,1383,1042,loftr,-99.59241923349008,scheme_d_local_map,NA,True,1575.1104499830499,307.58
1734763815200,F:\agent\UAV\data\IR-image\1734763815200.jpg,116.19286082933799,38.81214651773397,483.54,116.2110798,38.8121243,791.15,2071.884167537275,2.8740301457328936,-31.105875722838107,31.351655335577846,-2.2890476377629256,1.0055363268313509,0.8053097345132744,1356,1092,loftr,-99.59241923349008,scheme_d_local_map,NA,True,1578.5625654527448,307.60999999999996
1734763815400,F:\agent\UAV\data\IR-image\1734763815400.jpg,116.19290714241463,38.812145155960145,483.54,116.2111332,38.8121243,791.19,2075.9014167977107,2.7224374832164475,-32.56532520071613,42.540836120634026,-1.9367568660945536,1.0047990203709616,0.7086302454473475,1263,895,loftr,-99.59241923349008,scheme_d_local_map,NA,True,1579.1763880528497,307.65000000000003
1734763815600,F:\agent\UAV\data\IR-image\1734763815600.jpg,116.19291411636739,38.8121210840159,483.54,116.2111868,38.8121244,791.18,2076.506345439645,0.04274864998496497,-25.431872624401876,45.46843774844575,-1.7266765313477836,1.0040635863578384,0.664714494875549,1366,908,loftr,-99.59241923349008,scheme_d_local_map,NA,True,1583.214851943435,307.63999999999993
1734763815800,F:\agent\UAV\data\IR-image\1734763815800.jpg,116.19292875672066,38.812119011330275,483.54,116.2112404,38.8121245,791.17,2077.7762664353622,-0.187982713784562,-25.387277377078306,49.09103513810908,-1.7220547590930413,1.0047169304614199,0.9403485254691689,1492,1403,loftr,-99.59241923349008,scheme_d_local_map,NA,True,1586.590560323031,307.62999999999994
1734763816000,F:\agent\UAV\data\IR-image\1734763816000.jpg,116.19296782873893,38.812146250341634,483.54,116.211294,38.8121246,791.11,2081.165418006254,2.8442640307328375,-35.36464677859453,57.05268268363125,-1.4299572857191318,1.0075145840111361,0.8472834067547724,1362,1154,loftr,-99.59241923349008,scheme_d_local_map,NA,True,1587.8507228221922,307.57
1734763816200,F:\agent\UAV\data\IR-image\1734763816200.jpg,116.19296830032138,38.812130782751034,483.54,116.2113477,38.8121247,791.05,2081.206323608413,1.1224118449078713,-30.618322981406152,57.97126255598016,-1.085946529882562,1.0057238425746966,0.7601776461880089,1351,1027,loftr,-99.59241923349008,scheme_d_local_map,NA,True,1592.4611249627505,307.50999999999993
1734763816400,F:\agent\UAV\data\IR-image\1734763816400.jpg,116.19299103688529,38.8120786777301,483.54,116.2114015,38.812125,791.05,2083.1785191775216,-4.677919085102658,-15.487591803039663,66.1425878610857,-1.1807930017775432,1.007993557584024,0.9317038102084831,1391,1296,loftr,-99.59241923349008,scheme_d_local_map,NA,True,1595.1613314954013,307.50999999999993
1734763816600,F:\agent\UAV\data\IR-image\1734763816600.jpg,116.1930366157144,38.812053488963514,483.54,116.2114553,38.8121253,791.01,2087.132078966722,-7.481932581570128,-9.576321385159588,78.39612586421094,-1.3933140398551405,1.0049394472734228,0.9421245421245421,1365,1286,loftr,-99.59241923349008,scheme_d_local_map,NA,True,1595.8855847007262,307.46999999999997
1734763816800,F:\agent\UAV\data\IR-image\1734763816800.jpg,116.19304598105276,38.81204339034941,483.54,116.2115093,38.8121258,791.0,2087.9444391327756,-8.606110303946451,-6.84497700470763,81.17025721502239,-1.863931571612802,1.0071771536254646,0.8172706245181187,1297,1060,loftr,-99.59241923349008,scheme_d_local_map,NA,True,1599.7592793786127,307.46
1734763817000,F:\agent\UAV\data\IR-image\1734763817000.jpg,116.19307009130712,38.81203207111904,483.54,116.2115634,38.8121262,791.07,2090.035790183181,-9.866167028146972,-4.3357962944022574,87.5477224505409,-2.541871647079861,1.0039332386258148,0.7259036144578314,1328,964,loftr,-99.59241923349008,scheme_d_local_map,NA,True,1602.3657687777677,307.53000000000003
1734763817200,F:\agent\UAV\data\IR-image\1734763817200.jpg,116.19311692971732,38.812050082462605,483.54,116.2116177,38.8121266,791.11,2094.098607477192,-7.8611442627918775,-11.785281743325243,97.85429736126571,-2.7405631621506537,1.008836884386742,0.8908507223113965,1246,1110,loftr,-99.59241923349008,scheme_d_local_map,NA,True,1603.00045841847,307.57
1734763817400,F:\agent\UAV\data\IR-image\1734763817400.jpg,116.19314231793338,38.81207022507312,483.54,116.2116721,38.8121268,791.15,2096.3008103880156,-5.6188688605318555,-19.021123787727504,102.9004015370956,-3.035714362283143,1.0106817202576972,0.682282793867121,1174,801,loftr,-99.59241923349008,scheme_d_local_map,NA,True,1605.5036660160015,307.60999999999996
1734763817600,F:\agent\UAV\data\IR-image\1734763817600.jpg,116.19314039009471,38.812100097892916,483.54,116.2117267,38.812127,791.24,2096.133587456067,-2.2934265606031072,-28.14651531118443,100.88216853305454,-2.657133761436669,1.0089413875410524,0.7090558766859345,1038,736,loftr,-99.59241923349008,scheme_d_local_map,NA,True,1610.3915681980898,307.7
1734763817800,F:\agent\UAV\data\IR-image\1734763817800.jpg,116.1931674237464,38.81210595490818,483.54,116.2117815,38.8121271,791.31,2098.478517336932,-1.6414236211208761,-31.047823354708044,107.06711260642396,-2.367275800662708,1.0096607610599349,0.5978835978835979,756,452,loftr,-99.59241923349008,scheme_d_local_map,NA,True,1612.7962186474965,307.7699999999999
1734763818000,F:\agent\UAV\data\IR-image\1734763818000.jpg,116.19319614828268,38.81207071916287,483.54,116.2118364,38.8121271,791.31,2100.970116479892,-5.563866789304905,-21.357340777697118,115.7976057049276,-2.140835252558178,1.0202265608475665,0.4994547437295529,917,458,loftr,-99.59241923349008,scheme_d_local_map,NA,True,1615.0750139779486,307.7699999999999
1734763818200,F:\agent\UAV\data\IR-image\1734763818200.jpg,116.19319672125839,38.81205103470282,483.54,116.2118915,38.8121271,791.35,2101.01981704889,-7.755140882548572,-15.315942631786243,116.96009122933037,-1.906311303345094,1.0092994318305168,0.90360435875943,1193,1078,loftr,-99.59241923349008,scheme_d_local_map,NA,True,1619.8095830544876,307.81
1734763818400,F:\agent\UAV\data\IR-image\1734763818400.jpg,116.19320651536988,38.81205302388393,483.54,116.2119467,38.8121271,791.43,2101.8693694857916,-7.5337052411114,-16.326159677314024,119.20776858131171,-1.7232671216942195,1.0109187794391916,0.8595555555555555,1125,967,loftr,-99.59241923349008,scheme_d_local_map,NA,True,1623.7425105048699,307.88999999999993
1734763818600,F:\agent\UAV\data\IR-image\1734763818600.jpg,116.19321667460055,38.812063489524135,483.54,116.2120021,38.8121271,791.49,2102.750592779224,-6.368670173428106,-19.962728139443698,121.10174610974508,-1.8496940785221705,1.0057926224003302,0.6775119617224881,1045,708,loftr,-99.59241923349008,scheme_d_local_map,NA,True,1627.6567016106753,307.95
1734763818800,F:\agent\UAV\data\IR-image\1734763818800.jpg,116.19324706435145,38.812075453576426,483.54,116.2120576,38.8121272,791.55,2105.3866345455685,-5.036831872658978,-24.881734483287175,127.77439950053906,-2.5976666882240775,1.0094806009580173,0.6314655172413793,928,586,loftr,-99.59241923349008,scheme_d_local_map,NA,True,1629.8270001025423,308.00999999999993
1734763819000,F:\agent\UAV\data\IR-image\1734763819000.jpg,116.19327391518416,38.81208379964889,483.54,116.2121134,38.8121274,791.63,2107.715706497957,-4.107747085944441,-28.54248639309344,133.78585413912072,-2.5639639972475234,1.0154943965731122,0.48300720906282185,971,469,loftr,-99.59241923349008,scheme_d_local_map,NA,True,1632.3322116613654,308.09
1734763819200,F:\agent\UAV\data\IR-image\1734763819200.jpg,116.19329292016816,38.81208630277144,483.54,116.2121693,38.8121274,791.73,2109.3642205562014,-3.829099483055961,-30.084746412481422,138.21800491417446,-3.0774513120937765,1.0097159783845324,0.6595744680851063,1034,682,loftr,-99.59241923349008,scheme_d_local_map,NA,True,1635.5280927477759,308.19
1734763819400,F:\agent\UAV\data\IR-image\1734763819400.jpg,116.19331680543438,38.812111214837145,483.54,116.2122254,38.8121274,791.83,2111.436055878158,-1.0558883289799894,-38.72904701417906,142.65496281845935,-2.63468823219186,1.014071257986453,0.7497556207233627,1023,767,loftr,-99.59241923349008,scheme_d_local_map,NA,True,1638.313618199813,308.29
1734763819600,F:\agent\UAV\data\IR-image\1734763819600.jpg,116.19333508202376,38.8121078653841,483.54,116.2122817,38.8121273,791.9,2113.021388153388,-1.4287494422430669,-38.43861708977943,147.21698206257673,-2.488392969812052,1.0139096940686663,0.6614090431125131,951,629,loftr,-99.59241923349008,scheme_d_local_map,NA,True,1641.6085849147355,308.35999999999996
1734763819800,F:\agent\UAV\data\IR-image\1734763819800.jpg,116.19335753360815,38.81211977824859,483.54,116.212338,38.8121273,791.97,2114.968864272776,-0.10260936728931114,-43.019787535470016,151.98660298150423,-2.5442846218735555,1.0138431505929997,0.7133406835722161,907,647,loftr,-99.59241923349008,scheme_d_local_map,NA,True,1644.5399933415706,308.43
1734763820000,F:\agent\UAV\data\IR-image\1734763820000.jpg,116.19340679631838,38.812117437671695,483.54,116.2123945,38.8121272,791.96,2119.2419681257516,-0.3631623869542331,-44.29734641154636,163.93486006725516,-1.9395086366206167,1.014856298502305,0.7052896725440806,794,560,loftr,-99.59241923349008,scheme_d_local_map,NA,True,1645.1672332740145,308.42
1734763820200,F:\agent\UAV\data\IR-image\1734763820200.jpg,116.19342490086888,38.81211430668854,483.54,116.2124512,38.812127,791.92,2120.8123775517465,-0.7117034314182291,-44.06724561930571,168.4442030123218,-1.451280600888574,1.0146513407482765,0.5921052631578947,836,495,loftr,-99.59241923349008,scheme_d_local_map,NA,True,1648.5115744644424,308.37999999999994
1734763820400,F:\agent\UAV\data\IR-image\1734763820400.jpg,116.19342980417335,38.812111077285294,483.54,116.2125079,38.8121268,791.92,2121.237695791914,-1.0712006011894961,0.7960209694621767,1.3452741477963173,0.2026279378764107,0.9998756436614369,0.7547715442452284,1729,1305,loftr,-99.59241923349008,scheme_d_local_map,NA,True,1652.9997973878055,308.37999999999994
1734763820600,F:\agent\UAV\data\IR-image\1734763820600.jpg,116.19345801461974,38.81211020588265,483.54,116.2125648,38.8121268,791.93,2123.6847021907906,-1.1682051436946101,-0.08005308844246883,8.163064639133722,0.04884412374178506,0.9991130371441553,0.7859025032938076,1518,1193,loftr,-99.59241923349008,scheme_d_local_map,NA,True,1655.4856834530958,308.38999999999993
1734763820800,F:\agent\UAV\data\IR-image\1734763820800.jpg,116.19350775002702,38.812133095041546,483.54,116.2126217,38.8121267,791.88,2127.998808327303,1.3798160249935325,-9.149895639288616,18.91113650199827,0.19253458723416605,1.0007899505092759,0.43623188405797103,1380,602,loftr,-99.59241923349008,scheme_d_local_map,NA,True,1656.1053104829168,308.34
1734763821000,F:\agent\UAV\data\IR-image\1734763821000.jpg,116.19352390553236,38.81213000608357,483.54,116.2126787,38.8121266,791.83,2129.400155345134,1.0359532230936526,-8.853666340265306,22.95038840000103,0.26958420487992946,1.0029561889497476,0.621786197564276,1478,919,loftr,-99.59241923349008,scheme_d_local_map,NA,True,1659.6441601852202,308.29
1734763821200,F:\agent\UAV\data\IR-image\1734763821200.jpg,116.19355723208419,38.812127317111184,483.54,116.2127358,38.8121265,791.82,2132.290938584431,0.736616817215719,-9.37732918836582,31.09102819371401,0.38255826957265177,0.9981584586047458,0.7513020833333334,1536,1154,loftr,-99.59241923349008,scheme_d_local_map,NA,True,1661.70397378444,308.28000000000003
1734763821400,F:\agent\UAV\data\IR-image\1734763821400.jpg,116.19360097082138,38.81212968256064,483.54,116.212793,38.8121265,791.8,2136.084886695446,0.9999386497697333,-11.880664694372342,41.46812366256438,0.15347332385528856,0.9988813228761999,0.7583011583011583,1295,982,loftr,-99.59241923349008,scheme_d_local_map,NA,True,1662.8703162830886,308.25999999999993
1734763821600,F:\agent\UAV\data\IR-image\1734763821600.jpg,116.19361539622197,38.81212123389655,483.54,116.2128503,38.8121266,791.78,2137.3361624489594,0.05943336378613573,-9.86295397251223,45.37110296273437,0.018543612960017986,1.0013381029084925,0.6466221232368226,1347,871,loftr,-99.59241923349008,scheme_d_local_map,NA,True,1666.5853011803624,308.23999999999995
1734763821800,F:\agent\UAV\data\IR-image\1734763821800.jpg,116.19362593068256,38.81208992438948,483.54,116.2129077,38.8121267,791.84,2138.249933613823,-3.4259409632202082,-0.644114825310055,49.53031385307668,0.07992043332297698,0.9987302553800815,0.5531547104580813,1157,640,loftr,-99.59241923349008,scheme_d_local_map,NA,True,1670.651173533582,308.3
1734763822000,F:\agent\UAV\data\IR-image\1734763822000.jpg,116.19365158682838,38.812083849864884,483.54,116.2129651,38.8121268,791.9,2140.475377058527,-4.102157041469872,0.18648911968142556,56.00581587177436,-0.09371318463934313,1.0009273511117414,0.6350308641975309,1296,823,loftr,-99.59241923349008,scheme_d_local_map,NA,True,1673.4034629206394,308.35999999999996
1734763822200,F:\agent\UAV\data\IR-image\1734763822200.jpg,116.19370859607511,38.81207482596712,483.54,116.2130226,38.812127,791.88,2145.4204243511494,-5.106697340271855,0.6537242335724613,70.16175434873355,-0.9443935974613038,1.0020129021618776,0.7161234991423671,1166,835,loftr,-99.59241923349008,scheme_d_local_map,NA,True,1673.4493285492401,308.34
1734763822400,F:\agent\UAV\data\IR-image\1734763822400.jpg,116.19373867001805,38.81207333825609,483.54,116.2130801,38.8121271,791.83,2148.0290725731516,-5.27230933185129,-0.10807482598607976,77.459000261803,-0.5486712212347075,1.0036239236473627,0.706953642384106,1208,854,loftr,-99.59241923349008,scheme_d_local_map,NA,True,1675.8262497073547,308.29
1734763822600,F:\agent\UAV\data\IR-image\1734763822600.jpg,116.19377614585169,38.812072166777085,483.54,116.2131378,38.8121269,791.79,2151.2797692635404,-5.402718374970403,-1.2676104106753314,86.51673576948826,-0.46607948789952935,1.0011357406528583,0.5829528158295282,1314,766,loftr,-99.59241923349008,scheme_d_local_map,NA,True,1677.5789423816525,308.24999999999994
1734763822800,F:\agent\UAV\data\IR-image\1734763822800.jpg,116.19378696248305,38.8120987254663,483.54,116.2131954,38.8121268,791.77,2152.2180162446307,-2.4462050914085154,-9.889006860927452,87.73059942737478,-0.17999607487841013,1.0018806003858638,0.7331081081081081,1184,868,loftr,-99.59241923349008,scheme_d_local_map,NA,True,1681.6239781474678,308.22999999999996
1734763823000,F:\agent\UAV\data\IR-image\1734763823000.jpg,116.19383617341778,38.812107736567015,483.54,116.2132531,38.8121267,791.77,2156.4866290316013,-1.4430893597223493,-14.661837766561973,99.07536654154859,-0.39364757010659646,1.0125318118248468,0.5037468776019983,1201,605,loftr,-99.59241923349008,scheme_d_local_map,NA,True,1682.3578217909178,308.22999999999996
1734763823200,F:\agent\UAV\data\IR-image\1734763823200.jpg,116.19387565514494,38.81211748172115,483.54,116.2133107,38.8121266,791.73,2159.9113192209966,-0.3582588010878993,-19.26609444740484,108.04624397634933,-0.18831419361414625,1.0029999107152556,0.788244766505636,1242,979,loftr,-99.59241923349008,scheme_d_local_map,NA,True,1683.9265277420716,308.19
1734763823400,F:\agent\UAV\data\IR-image\1734763823400.jpg,116.19389667252094,38.8121104754663,483.54,116.2133683,38.8121265,791.74,2161.734390463749,-1.1381950917525616,-17.960227910063452,113.45664042118165,-0.6580715509903435,1.004022200818015,0.6110108303249098,1108,677,loftr,-99.59241923349008,scheme_d_local_map,NA,True,1687.0969053193646,308.2
1734763823600,F:\agent\UAV\data\IR-image\1734763823600.jpg,116.19391786375007,38.81213962531709,483.54,116.2134259,38.8121263,791.78,2163.572541926584,2.1067662978677015,-27.800858727668242,117.02619348250295,-0.49605277207662546,1.0041063278069278,0.6412776412776413,1221,783,loftr,-99.59241923349008,scheme_d_local_map,NA,True,1690.250864891258,308.23999999999995
1734763823800,F:\agent\UAV\data\IR-image\1734763823800.jpg,116.19396265843596,38.81214485618382,483.54,116.2134835,38.8121262,791.78,2167.458084236182,2.6890663823997825,-31.22985098698331,127.50759132457654,-0.517498199198159,1.0019978308715525,0.6989247311827957,1023,715,loftr,-99.59241923349008,scheme_d_local_map,NA,True,1691.360927664506,308.23999999999995
1734763824000,F:\agent\UAV\data\IR-image\1734763824000.jpg,116.19401782247618,38.812165147957394,483.54,116.2135409,38.8121259,791.77,2172.2430762049407,4.9479466169416515,-39.719706375291764,139.69414377827957,-0.3528779158031558,1.006331770761113,0.8722659667541557,1143,997,loftr,-99.59241923349008,scheme_d_local_map,NA,True,1691.5587798748059,308.22999999999996
1734763824200,F:\agent\UAV\data\IR-image\1734763824200.jpg,116.19405492433003,38.81215631163504,483.54,116.2135983,38.8121257,791.77,2175.4613334605074,3.964287212924967,-38.50258420226146,149.06119267175387,-0.23070420675178083,1.0059757512633232,0.8685612788632326,1126,978,loftr,-99.59241923349008,scheme_d_local_map,NA,True,1693.3153867359524,308.22999999999996
1734763824400,F:\agent\UAV\data\IR-image\1734763824400.jpg,116.1940886110627,38.81215105701907,483.54,116.2136556,38.8121255,791.78,2178.383359196718,3.3793433630349785,-38.25040333191998,157.42188846370198,-0.043838520813174554,1.0040609862960186,0.5167714884696016,954,493,loftr,-99.59241923349008,scheme_d_local_map,NA,True,1695.3603549930433,308.23999999999995
1734763824600,F:\agent\UAV\data\IR-image\1734763824600.jpg,116.19410398467801,38.812121555584305,483.54,116.2137128,38.8121254,791.78,2179.716884180283,0.09524364479526781,-29.78495161151949,162.64868141231818,-0.12035403140733572,1.0019267367983307,0.47357293868921774,946,448,loftr,-99.59241923349008,scheme_d_local_map,NA,True,1698.9823762737356,308.23999999999995
1734763824800,F:\agent\UAV\data\IR-image\1734763824800.jpg,116.19413314113724,38.812147606056776,483.54,116.2137699,38.8121252,791.81,2182.2459488155732,2.9951822402305144,-38.99384891020185,168.29180804508354,-0.5818073306397483,1.0100636046992177,0.38303030303030305,825,316,loftr,-99.59241923349008,scheme_d_local_map,NA,True,1701.4049725499092,308.2699999999999
1734763825000,F:\agent\UAV\data\IR-image\1734763825000.jpg,116.19416882119259,38.81218132819891,483.54,116.2138269,38.8121251,791.79,2185.340877642551,6.749131102503286,-50.831007794291395,175.1015903736191,0.14983478263691966,1.0093999990376794,0.7084282460136674,878,622,loftr,-99.59241923349008,scheme_d_local_map,NA,True,1703.2614625799306,308.24999999999994
1734763825200,F:\agent\UAV\data\IR-image\1734763825200.jpg,116.19421343680682,38.81220657631567,483.54,116.2138837,38.8121249,791.72,2189.210887071445,9.559751459636322,-60.41990984269842,184.4977386053622,0.18389571468031704,1.006791975548119,0.7777777777777778,855,665,loftr,-99.59241923349008,scheme_d_local_map,NA,True,1704.3295867375189,308.18
1734763825400,F:\agent\UAV\data\IR-image\1734763825400.jpg,116.19422781193818,38.81218631831721,483.54,116.2139404,38.8121246,791.68,2190.457802413739,7.30463107166703,-54.76178610364963,189.0035395478332,1.1578119550338417,1.0097555971140362,0.7966666666666666,900,717,loftr,-99.59241923349008,scheme_d_local_map,NA,True,1707.9866079197889,308.13999999999993
1734763825600,F:\agent\UAV\data\IR-image\1734763825600.jpg,116.19424502685955,38.812186622920244,483.54,116.213997,38.8121244,791.67,2191.951044390576,7.338539481219897,-55.55407162967197,193.12042677078006,1.7177131115246813,1.0085498429506292,0.662621359223301,824,546,loftr,-99.59241923349008,scheme_d_local_map,NA,True,1711.3992765221096,308.12999999999994
1734763825800,F:\agent\UAV\data\IR-image\1734763825800.jpg,116.19428109071659,38.81217066997164,483.54,116.2140534,38.8121241,791.66,2195.079264615089,5.562657242861663,-52.102253227322535,202.60883535688134,2.0604062808174115,1.0198157122126252,0.5199501246882793,802,417,loftr,-99.59241923349008,scheme_d_local_map,NA,True,1713.1553122776518,308.11999999999995
1734763826000,F:\agent\UAV\data\IR-image\1734763826000.jpg,116.19428647387792,38.8121793085843,483.54,116.2141097,38.8121239,791.66,2195.5462061889793,6.5243076039511045,-54.98215376875845,203.45136255861598,2.325003385876674,1.0081584125088525,0.6810126582278481,790,538,loftr,-99.59241923349008,scheme_d_local_map,NA,True,1717.570061747072,308.11999999999995
1734763826200,F:\agent\UAV\data\IR-image\1734763826200.jpg,116.19428647387792,38.8121793085843,483.54,116.2141658,38.8121238,791.62,2195.5462061889793,6.5243076039511045,-54.98215376875845,203.45136255861598,2.325003385876674,1.0081584125088525,0.6810126582278481,790,538,loftr,-99.59241923349008,scheme_d_local_map,NA,True,1722.4307869663428,308.08
1734763826400,F:\agent\UAV\data\IR-image\1734763826400.jpg,116.19428654614924,38.81217933735695,483.54,116.2142219,38.8121237,791.59,2195.5524750864947,6.52751057557417,-0.011796827347779981,0.015851876685985644,0.00039519349558118986,1.0000925158543272,1.0,1848,1848,loftr,-99.59241923349008,scheme_d_local_map,NA,True,1727.2852614996366,308.05
1734763826600,F:\agent\UAV\data\IR-image\1734763826600.jpg,116.19428654614924,38.81217933735695,483.54,116.2142778,38.8121235,791.57,2195.5524750864947,6.52751057557417,-0.011796827347779981,0.015851876685985644,0.00039519349558118986,1.0000925158543272,1.0,1848,1848,loftr,-99.59241923349008,scheme_d_local_map,NA,True,1732.1286991590812,308.03000000000003
1734763826800,F:\agent\UAV\data\IR-image\1734763826800.jpg,116.19428654614924,38.81217933735695,483.54,116.2143335,38.8121235,791.55,2195.5524750864947,6.52751057557417,-0.011796827347779981,0.015851876685985644,0.00039519349558118986,1.0000925158543272,1.0,1848,1848,loftr,-99.59241923349008,scheme_d_local_map,NA,True,1736.9547261285081,308.00999999999993
1734763827000,F:\agent\UAV\data\IR-image\1734763827000.jpg,116.19428654614924,38.81217933735695,483.54,116.2143892,38.8121235,791.55,2195.5524750864947,6.52751057557417,-0.011796827347779981,0.015851876685985644,0.00039519349558118986,1.0000925158543272,1.0,1848,1848,loftr,-99.59241923349008,scheme_d_local_map,NA,True,1741.780753269108,308.00999999999993
1734763827200,F:\agent\UAV\data\IR-image\1734763827200.jpg,116.19428654614924,38.81217933735695,483.54,116.2144446,38.8121235,791.56,2195.5524750864947,6.52751057557417,-0.011796827347779981,0.015851876685985644,0.00039519349558118986,1.0000925158543272,1.0,1848,1848,loftr,-99.59241923349008,scheme_d_local_map,NA,True,1746.580787613801,308.0199999999999
1734763827400,F:\agent\UAV\data\IR-image\1734763827400.jpg,116.19428654614924,38.81217933735695,483.54,116.2144999,38.8121236,791.56,2195.5524750864947,6.52751057557417,-0.011796827347779981,0.015851876685985644,0.00039519349558118986,1.0000925158543272,1.0,1848,1848,loftr,-99.59241923349008,scheme_d_local_map,NA,True,1751.3721171887162,308.0199999999999
1734763827600,F:\agent\UAV\data\IR-image\1734763827600.jpg,116.19428654614924,38.81217933735695,483.54,116.2145551,38.8121237,791.52,2195.5524750864947,6.52751057557417,-0.011796827347779981,0.015851876685985644,0.00039519349558118986,1.0000925158543272,1.0,1848,1848,loftr,-99.59241923349008,scheme_d_local_map,NA,True,1756.154782881745,307.97999999999996
1734763827800,F:\agent\UAV\data\IR-image\1734763827800.jpg,116.19428654614924,38.81217933735695,483.54,116.2146101,38.8121238,791.47,2195.5524750864947,6.52751057557417,-0.011796827347779981,0.015851876685985644,0.00039519349558118986,1.0000925158543272,1.0,1848,1848,loftr,-99.59241923349008,scheme_d_local_map,NA,True,1760.9201203688547,307.93
1734763828000,F:\agent\UAV\data\IR-image\1734763828000.jpg,116.19428654614924,38.81217933735695,483.54,116.214665,38.8121239,791.45,2195.5524750864947,6.52751057557417,-0.011796827347779981,0.015851876685985644,0.00039519349558118986,1.0000925158543272,1.0,1848,1848,loftr,-99.59241923349008,scheme_d_local_map,NA,True,1765.6767939629913,307.91
1734763828200,F:\agent\UAV\data\IR-image\1734763828200.jpg,116.19463712481257,38.81212246032656,483.54,116.2147198,38.8121241,791.47,2225.9620694847845,0.19595955266355425,3.2880300057396994,87.1399596933752,0.9881824559087136,1.005081425533913,0.8666666666666667,1305,1131,loftr,-99.59241923349008,scheme_d_local_map,NA,True,1740.0393573144127,307.93
1734763828400,F:\agent\UAV\data\IR-image\1734763828400.jpg,116.19466958210542,38.812113770875435,483.54,116.2147746,38.8121244,791.5,2228.777452204623,-0.7713501466367747,4.648340139625475,95.38435200136917,0.6804252437022008,1.0122590037921153,0.7560771165129925,1193,902,loftr,-99.59241923349008,scheme_d_local_map,NA,True,1741.9757084070413,307.96
1734763828600,F:\agent\UAV\data\IR-image\1734763828600.jpg,116.19469549276207,38.81212894814693,483.54,116.2148292,38.8121246,791.52,2231.024972209845,0.9181837158596293,-1.078911931836899,100.814413104972,0.8192508015919681,1.00536480232829,0.7213565536205316,1091,787,loftr,-99.59241923349008,scheme_d_local_map,NA,True,1744.460940099567,307.97999999999996
1734763828800,F:\agent\UAV\data\IR-image\1734763828800.jpg,116.19472536686665,38.81215365716492,483.54,116.2148838,38.8121247,791.54,2233.6162862236692,3.6687915988819038,-9.903632593982877,106.69967022966921,0.30753794032379894,1.005549096288248,0.8446843853820598,1204,1017,loftr,-99.59241923349008,scheme_d_local_map,NA,True,1746.6058823903732,307.99999999999994
1734763829000,F:\agent\UAV\data\IR-image\1734763829000.jpg,116.19476019171866,38.81213916504793,483.54,116.2149383,38.812125,791.52,2236.6370337347666,2.0555291354778884,-6.851617616432975,115.8145709416284,-0.1359105440196715,1.0114352315579977,0.7308347529812607,1174,858,loftr,-99.59241923349008,scheme_d_local_map,NA,True,1748.3085273597421,307.97999999999996
1734763829200,F:\agent\UAV\data\IR-image\1734763829200.jpg,116.19480188996131,38.812130881594,483.54,116.2149926,38.8121254,791.46,2240.2539870150263,1.1334150442156279,-5.99131387614716,126.25627771363361,-0.34016815575091097,1.0091496543083693,0.8506069094304388,1071,911,loftr,-99.59241923349008,scheme_d_local_map,NA,True,1749.3998848807992,307.92
1734763829400,F:\agent\UAV\data\IR-image\1734763829400.jpg,116.19483050655093,38.8121100223662,483.54,116.215047,38.8121256,791.41,2242.736222741579,-1.1886341947393717,-0.7257564312254203,134.21229827536683,-0.7336287603388021,1.007539797807511,0.8825794032723773,1039,917,loftr,-99.59241923349008,scheme_d_local_map,NA,True,1751.6348617201106,307.86999999999995
1734763829600,F:\agent\UAV\data\IR-image\1734763829600.jpg,116.19485014991103,38.81209691637937,483.54,116.2151013,38.8121258,791.39,2244.44011027332,-2.6475926485978842,2.5151411863460567,139.61043931086272,-0.5188948055120589,1.0053689344312167,0.7457846952010376,771,575,loftr,-99.59241923349008,scheme_d_local_map,NA,True,1754.639886907008,307.84999999999997
1734763829800,F:\agent\UAV\data\IR-image\1734763829800.jpg,116.19487274557166,38.812101138619546,483.54,116.2151556,38.8121259,791.38,2246.400083730476,-2.177572872248291,0.297552996888669,144.81508452338642,-0.7173762457459077,1.0086039923565195,0.776084407971864,853,662,loftr,-99.59241923349008,scheme_d_local_map,NA,True,1757.3860360472058,307.84
1734763830000,F:\agent\UAV\data\IR-image\1734763830000.jpg,116.19490887174082,38.812119763828655,483.54,116.2152098,38.8121259,791.36,2249.5337089808622,-0.10421459457758342,-6.906445794972001,152.51803308834764,-0.3960357143993506,1.0139667905174374,0.6973365617433414,826,576,loftr,-99.59241923349008,scheme_d_local_map,NA,True,1758.949767192976,307.82
1734763830200,F:\agent\UAV\data\IR-image\1734763830200.jpg,116.19494209061635,38.812139192241624,483.54,116.215264,38.8121259,791.36,2252.415152253979,2.058556337505939,-14.239952106722512,159.48121292518442,-0.5162677050010037,1.0188401996336998,0.598014888337469,403,241,loftr,-99.59241923349008,scheme_d_local_map,NA,True,1760.7678994913997,307.82
1734763830400,F:\agent\UAV\data\IR-image\1734763830400.jpg,116.19497060889375,38.812140923234736,483.54,116.2153182,38.8121259,791.4,2254.8888602671545,2.251250490388844,-15.93029537784679,166.23740189715386,-0.7156360741341365,1.0220005246156874,0.4495114006514658,307,138,loftr,-99.59241923349008,scheme_d_local_map,NA,True,1762.993210967833,307.85999999999996
1734763830600,F:\agent\UAV\data\IR-image\1734763830600.jpg,116.19498823981814,38.81215033764443,483.54,116.2153723,38.8121259,791.42,2256.418186821797,3.299262578433571,-19.54612673475799,169.97982765351367,-0.25184772925589344,1.00628158286704,0.7421203438395415,349,259,loftr,-99.59241923349008,scheme_d_local_map,NA,True,1766.1542121567236,307.87999999999994
1734763830800,F:\agent\UAV\data\IR-image\1734763830800.jpg,116.19501734761376,38.812160730792904,483.54,116.2154264,38.812126,791.43,2258.943030319188,4.456227865854908,-23.92913740656371,176.42651891539606,-0.7509554775069952,1.0132371832714586,0.7027777777777777,360,253,loftr,-99.59241923349008,scheme_d_local_map,NA,True,1768.3216277261981,307.88999999999993
1734763831000,F:\agent\UAV\data\IR-image\1734763831000.jpg,116.19505277664231,38.81215394239631,483.54,116.2154804,38.812126,791.43,2262.0161847950217,3.7005435564062026,-23.27509741892993,185.28534480279734,-0.4764921093331384,1.012486814919432,0.7364341085271318,258,190,loftr,-99.59241923349008,scheme_d_local_map,NA,True,1769.929281304538,307.88999999999993
1734763831200,F:\agent\UAV\data\IR-image\1734763831200.jpg,116.19508317991742,38.812139344215886,483.54,116.2155344,38.8121261,791.44,2264.6533996660396,2.0754741123703875,-20.01101393432714,193.34429004610718,-0.4966320748667294,1.0078410370844981,0.6971153846153846,208,145,loftr,-99.59241923349008,scheme_d_local_map,NA,True,1771.9718559319385,307.90000000000003
1734763831400,F:\agent\UAV\data\IR-image\1734763831400.jpg,116.19509346506699,38.81210531414016,483.54,116.2155884,38.8121261,791.46,2265.545545308475,-1.7127539176938456,-9.943871585641546,197.58530425967263,-0.6892324691955714,1.0065842538978709,0.5378151260504201,119,64,loftr,-99.59241923349008,scheme_d_local_map,NA,True,1775.7607926469025,307.92
1734763831600,F:\agent\UAV\data\IR-image\1734763831600.jpg,116.19511733811612,38.81211780298382,483.54,116.2156424,38.8121261,791.49,2267.616320906789,-0.32249584131784736,-14.760168504818807,202.66618286949813,-0.7896375918733143,1.0202907071617344,0.36363636363636365,110,40,loftr,-99.59241923349008,scheme_d_local_map,NA,True,1778.369685756623,307.95
1734763831800,F:\agent\UAV\data\IR-image\1734763831800.jpg,116.19513238195616,38.81212765979897,483.54,116.2156963,38.8121261,791.52,2268.921240804231,0.7747648210902938,-18.40733935714229,205.76449790911255,-0.685472934055952,1.0105056973110456,0.34177215189873417,79,27,loftr,-99.59241923349008,scheme_d_local_map,NA,True,1781.7359771191857,307.97999999999996
1734763832000,F:\agent\UAV\data\IR-image\1734763832000.jpg,116.1951935184978,38.81214736685093,483.54,116.2157503,38.8121261,791.53,2274.224294380948,2.9685538450595033,-26.959360920409267,219.41530065081298,-1.859194868793828,1.0280635191880318,0.25609756097560976,82,21,loftr,-99.59241923349008,scheme_d_local_map,NA,True,1781.118955055632,307.98999999999995
1734763832200,F:\agent\UAV\data\IR-image\1734763832200.jpg,116.19520196327866,38.812140323837674,483.54,116.2158043,38.8121261,791.55,2274.9568043356426,2.1845256094215557,-25.13207721082773,221.80933649183032,-1.1171332886126066,1.0180575280696125,0.25,84,21,loftr,-99.59241923349008,scheme_d_local_map,NA,True,1785.06525080966,308.00999999999993
1734763832400,F:\agent\UAV\data\IR-image\1734763832400.jpg,116.19523150344489,38.81213257461192,483.54,116.2158582,38.8121261,791.58,2277.519152154663,1.3218817992421825,1.1889861834000044,7.495128549117169,-0.044840853171565526,0.9999286447154593,0.9983174425126192,1783,1780,loftr,-99.59241923349008,scheme_d_local_map,NA,True,1787.175420682651,308.04
1734763832600,F:\agent\UAV\data\IR-image\1734763832600.jpg,116.19523832903688,38.81212902308842,483.54,116.2159121,38.8121261,791.62,2278.111211814589,0.9265262028368042,2.0062595891794786,9.318654117453377,-0.045949163718738376,0.9994991283023179,0.9858597285067874,1768,1743,loftr,-99.59241923349008,scheme_d_local_map,NA,True,1791.254055172637,308.08
1734763832800,F:\agent\UAV\data\IR-image\1734763832800.jpg,116.19524245848142,38.81211676387723,483.54,116.215966,38.8121261,791.69,2278.4694045576757,-0.4381691869061526,5.6156982205534405,10.94831444476074,-0.008721431413032882,1.0001039195866464,0.86328125,1536,1326,loftr,-99.59241923349008,scheme_d_local_map,NA,True,1795.566790214132,308.15000000000003
1734763833000,F:\agent\UAV\data\IR-image\1734763833000.jpg,116.19527533076922,38.812119204711095,483.54,116.21602,38.8121261,791.72,2281.3207844148506,-0.16645556063219535,3.5300081507700725,18.712800804902088,0.022061622659168074,1.0011834780096267,0.9761444229529336,1551,1514,loftr,-99.59241923349008,scheme_d_local_map,NA,True,1797.397208214095,308.18
1734763833200,F:\agent\UAV\data\IR-image\1734763833200.jpg,116.19530419806772,38.81212220497873,483.54,116.2160738,38.812126,791.72,2283.824766916937,0.16753423171144632,1.4344498621806565,25.486689763694017,0.12936622242516563,1.0026895601837695,0.8084824387011266,1509,1220,loftr,-99.59241923349008,scheme_d_local_map,NA,True,1799.557321603589,308.18
1734763833400,F:\agent\UAV\data\IR-image\1734763833400.jpg,116.19533341355546,38.81213261834898,483.54,116.2161277,38.8121259,791.73,2286.3589517536966,1.3267506083970793,-2.959160259267776,31.95818152429314,0.006314707582060511,1.0024578633711172,0.9927797833935018,1662,1650,loftr,-99.59241923349008,scheme_d_local_map,NA,True,1801.6960565494303,308.19
1734763833600,F:\agent\UAV\data\IR-image\1734763833600.jpg,116.19535200490527,38.81215024897738,483.54,116.2161815,38.8121259,791.75,2287.971586709279,3.2893921623005324,-9.145317399218982,35.50337150687142,0.006695310895010192,1.0021898884909022,0.9433091628213579,1517,1431,loftr,-99.59241923349008,scheme_d_local_map,NA,True,1804.7483202830751,308.21
1734763833800,F:\agent\UAV\data\IR-image\1734763833800.jpg,116.19537142184704,38.81214849098246,483.54,116.2162353,38.8121258,791.76,2289.655834454776,3.093692167540581,-9.39147070682668,40.256288364463614,-0.06633741722700719,1.001827891234381,0.9963212752912324,1631,1625,loftr,-99.59241923349008,scheme_d_local_map,NA,True,1807.7271520741065,308.21999999999997
1734763834000,F:\agent\UAV\data\IR-image\1734763834000.jpg,116.1953833829633,38.81214457193325,483.54,116.2162891,38.8121257,791.77,2290.693355365651,2.6574236097489528,-8.669322394563665,43.3318240216625,0.0026440277058659306,1.0027531208324942,0.9433962264150944,1643,1550,loftr,-99.59241923349008,scheme_d_local_map,NA,True,1811.3517371693608,308.22999999999996
1734763834200,F:\agent\UAV\data\IR-image\1734763834200.jpg,116.19540381757406,38.81213879057397,483.54,116.2163428,38.8121257,791.78,2292.465876884818,2.013842694287061,-7.717193830631572,48.53853933914928,-0.24793078217977607,1.0066623611545278,0.802020202020202,1485,1191,loftr,-99.59241923349008,scheme_d_local_map,NA,True,1814.233418517169,308.23999999999995
1734763834400,F:\agent\UAV\data\IR-image\1734763834400.jpg,116.19543412672702,38.812127797528746,483.54,116.2163966,38.8121257,791.77,2295.0949274929453,0.7900969001578051,-5.560008640600245,56.3871763318092,-0.07107998380189817,1.009017936798013,0.782675947409126,1293,1012,loftr,-99.59241923349008,scheme_d_local_map,NA,True,1816.2683257599128,308.22999999999996
1734763834600,F:\agent\UAV\data\IR-image\1734763834600.jpg,116.19548159290726,38.81214151274821,483.54,116.2164503,38.8121256,791.72,2299.2121982790136,2.3168751305084387,-11.711357963105797,67.06814962264934,0.10031551643922122,1.0062905027297695,0.8976897689768977,1515,1360,loftr,-99.59241923349008,scheme_d_local_map,NA,True,1816.80912060272,308.18
1734763834800,F:\agent\UAV\data\IR-image\1734763834800.jpg,116.19550770818697,38.81214907759149,483.54,116.216504,38.8121255,791.67,2301.477467522215,3.158993485058077,-15.10157594350784,72.9436988345077,0.2769851420418457,1.0076406974927945,0.953307392996109,1285,1225,loftr,-99.59241923349008,scheme_d_local_map,NA,True,1819.2000974734078,308.12999999999994
1734763835000,F:\agent\UAV\data\IR-image\1734763835000.jpg,116.19550739727869,38.81213874721518,483.54,116.2165578,38.8121256,791.67,2301.4504989831303,2.009015993886539,-11.906245001125853,73.40694290881424,0.19681161127242833,1.006237397881165,0.9784511784511785,1485,1453,loftr,-99.59241923349008,scheme_d_local_map,NA,True,1823.8872991328956,308.12999999999994
1734763835200,F:\agent\UAV\data\IR-image\1734763835200.jpg,116.1955415016784,38.81212378720205,483.54,116.2166115,38.8121257,791.69,2304.4087536374545,0.3436673317851353,-8.680844477649998,82.37324872872989,-0.11270158861138621,1.0051349897554032,0.9330960854092527,1405,1311,loftr,-99.59241923349008,scheme_d_local_map,NA,True,1825.5847531715553,308.15000000000003
1734763835400,F:\agent\UAV\data\IR-image\1734763835400.jpg,116.19558652429772,38.8120871054456,483.54,116.2166652,38.8121259,791.64,2308.314067153063,-3.7397457963972416,0.7939023158966734,95.09167690859192,-0.3319702146906632,1.0041457410981605,0.9807162534435262,1452,1424,loftr,-99.59241923349008,scheme_d_local_map,NA,True,1826.3421442083536,308.09999999999997
1734763835600,F:\agent\UAV\data\IR-image\1734763835600.jpg,116.19558427764807,38.81209311386388,483.54,116.216719,38.8121259,791.67,2308.1191901912675,-3.0708886732761904,-0.9660989217734368,94.23948183997709,-0.21321812411564997,1.0012838556464974,0.5058922558922558,1188,601,loftr,-99.59241923349008,scheme_d_local_map,NA,True,1831.1966974626,308.12999999999994
1734763835800,F:\agent\UAV\data\IR-image\1734763835800.jpg,116.19558987145055,38.81212426543584,483.54,116.2167727,38.8121257,791.83,2308.6044030197445,0.3969043178890037,-10.790631196206334,93.96037005326576,-0.1925617153934284,0.9985239203522436,0.5196428571428572,1120,582,loftr,-99.59241923349008,scheme_d_local_map,NA,True,1835.3607813154354,308.29
1734763836000,F:\agent\UAV\data\IR-image\1734763836000.jpg,116.19562200434775,38.81214903280692,483.54,116.2168265,38.8121253,791.88,2311.3916472904143,3.1540080660678615,-19.72497320183834,100.3848520919122,0.6126984128004914,1.0061318670755601,0.777951524628616,1279,995,loftr,-99.59241923349008,scheme_d_local_map,NA,True,1837.2396755394655,308.34
1734763836200,F:\agent\UAV\data\IR-image\1734763836200.jpg,116.19565147953044,38.81215751157756,483.54,116.21688,38.8121251,791.92,2313.9483583619185,4.097864814093016,-23.533082961124308,107.01941916272943,0.8252945541656541,1.0090532616141374,0.8022260273972602,1168,937,loftr,-99.59241923349008,scheme_d_local_map,NA,True,1839.322805374432,308.37999999999994
1734763836400,F:\agent\UAV\data\IR-image\1734763836400.jpg,116.1956644276354,38.812173435823155,483.54,116.2169335,38.8121249,792.01,2315.0714918022954,5.87055183367583,-28.964559155913037,109.29869620868328,1.0095110480522729,1.0078310606452807,0.9062240663900415,1205,1092,loftr,-99.59241923349008,scheme_d_local_map,NA,True,1842.8405433383975,308.46999999999997
1734763836600,F:\agent\UAV\data\IR-image\1734763836600.jpg,116.19566902157766,38.81217777662375,483.54,116.2169869,38.8121247,792.09,2315.46997560966,6.353769755907075,-30.48831379538524,110.17553629627537,1.2190713439695486,1.008399020802822,0.8503679476696647,1223,1040,loftr,-99.59241923349008,scheme_d_local_map,NA,True,1847.070756760448,308.55
1734763836800,F:\agent\UAV\data\IR-image\1734763836800.jpg,116.19569304811584,38.81215938593825,483.54,116.2170401,38.8121245,792.16,2317.554065024447,4.306518646249747,-25.797070596427943,116.90110125199914,1.0206234468740523,1.0118513485043188,0.9195596951735817,1181,1086,loftr,-99.59241923349008,scheme_d_local_map,NA,True,1849.5933356613903,308.61999999999995
1734763837000,F:\agent\UAV\data\IR-image\1734763837000.jpg,116.19573215068853,38.812196039502716,483.54,116.2170932,38.8121244,792.22,2320.9458669201413,8.386793442060466,-38.67623775400921,124.37988598491359,0.9279560808641322,1.0162264793446085,0.7733580018501388,1081,836,loftr,-99.59241923349008,scheme_d_local_map,NA,True,1850.8187258218409,308.68
1734763837200,F:\agent\UAV\data\IR-image\1734763837200.jpg,116.1957550081448,38.812213380357676,483.54,116.2171462,38.8121242,792.27,2322.928548831729,10.317177416059781,-44.94620111562875,128.9643184737247,0.9927003288713728,1.0107938967237324,0.871866295264624,1077,939,loftr,-99.59241923349008,scheme_d_local_map,NA,True,1853.4395511482041,308.72999999999996
1734763837400,F:\agent\UAV\data\IR-image\1734763837400.jpg,116.19579465246015,38.81222609686971,483.54,116.2171992,38.8121239,792.29,2326.3673421073518,11.732779535579326,-50.472508915388175,137.81951511443668,1.7603706582791325,1.0126249697014358,0.8782051282051282,1092,959,loftr,-99.59241923349008,scheme_d_local_map,NA,True,1854.6048632950635,308.74999999999994
1734763837600,F:\agent\UAV\data\IR-image\1734763837600.jpg,116.19583058625919,38.812283714357626,483.54,116.217252,38.8121235,792.29,2329.4842809524985,18.146758290818383,-69.68195190501874,143.4460277391837,2.22081036171099,1.0154616171192772,0.6978636826042727,983,686,loftr,-99.59241923349008,scheme_d_local_map,NA,True,1856.1161499603138,308.74999999999994
1734763837800,F:\agent\UAV\data\IR-image\1734763837800.jpg,116.19582071811989,38.812228165672884,483.54,116.2173047,38.8121234,792.31,2328.6283072582933,11.963078705346403,-52.167422124796815,143.9693205688024,2.4030703032355114,1.0117206825321945,0.7712609970674487,1023,789,loftr,-99.59241923349008,scheme_d_local_map,NA,True,1861.488967999391,308.7699999999999
1734763838000,F:\agent\UAV\data\IR-image\1734763838000.jpg,116.19584334838791,38.81220629563105,483.54,116.2173573,38.8121234,792.34,2330.5912826007816,9.528505648185162,-46.347564397303245,150.54084958723195,2.5531534955527504,1.0099479260287172,0.8085106382978723,1034,836,loftr,-99.59241923349008,scheme_d_local_map,NA,True,1864.0722816475457,308.8
1734763838200,F:\agent\UAV\data\IR-image\1734763838200.jpg,116.19587709585642,38.81221109575396,483.54,116.2174098,38.8121234,792.35,2333.518576633815,10.062855330522696,-49.195642567466734,158.39259489452832,2.8172364621506096,1.009869313471476,0.8420038535645472,1038,874,loftr,-99.59241923349008,scheme_d_local_map,NA,True,1865.6997019913201,308.81
1734763838400,F:\agent\UAV\data\IR-image\1734763838400.jpg,116.19592485856307,38.81220766697283,483.54,116.2174622,38.8121234,792.37,2337.6615684604335,9.681163415651966,-0.8814329785489008,11.644815345063591,0.10842022459844732,1.000754633385415,0.9900332225913622,1806,1788,loftr,-99.59241923349008,scheme_d_local_map,NA,True,1866.0995805493383,308.83
1734763838600,F:\agent\UAV\data\IR-image\1734763838600.jpg,116.19596206536914,38.81221332656224,483.54,116.2175146,38.8121235,792.41,2340.8889293914435,10.311188908206102,-4.134658150754092,20.282285221691097,0.5168631678161911,1.0003877370366514,0.7864583333333334,1536,1208,loftr,-99.59241923349008,scheme_d_local_map,NA,True,1867.4190880203316,308.86999999999995
1734763838800,F:\agent\UAV\data\IR-image\1734763838800.jpg,116.19597181971454,38.81219825896483,483.54,116.2175669,38.8121236,792.45,2341.735032472985,8.633863964320566,0.11181261370825268,23.40853015971919,0.8438351029993091,0.998982267499557,0.9058971141781681,1594,1444,loftr,-99.59241923349008,scheme_d_local_map,NA,True,1871.0973038668894,308.91
1734763839000,F:\agent\UAV\data\IR-image\1734763839000.jpg,116.19597475230832,38.81219715584242,483.54,116.2176191,38.8121236,792.49,2341.9894090118296,8.511064378044129,0.33269647252575396,24.16998882126427,0.9327792174708429,1.0002162177523661,0.9785894206549118,1588,1554,loftr,-99.59241923349008,scheme_d_local_map,NA,True,1875.3654506422943,308.95
1734763839200,F:\agent\UAV\data\IR-image\1734763839200.jpg,116.19597740749258,38.812194432393255,483.54,116.2176711,38.8121238,792.53,2342.219722732945,8.207890017054915,1.0640466864285258,24.949217753528558,0.7025735785545076,1.0003877599976911,0.9291091593475533,1594,1481,loftr,-99.59241923349008,scheme_d_local_map,NA,True,1879.6394771896983,308.98999999999995
1734763839400,F:\agent\UAV\data\IR-image\1734763839400.jpg,116.19601990371655,38.812230150812795,483.54,116.217723,38.8121241,792.55,2345.905893825285,12.184064480555268,-11.664695214270807,33.29139991956333,0.12419845613810405,0.9999791244467434,0.9874326750448833,1671,1650,loftr,-99.59241923349008,scheme_d_local_map,NA,True,1880.4743462939514,309.00999999999993
1734763839600,F:\agent\UAV\data\IR-image\1734763839600.jpg,116.19604036258201,38.812167630156665,483.54,116.2177748,38.8121245,792.52,2347.680519225239,5.224265040182441,6.767430690236438,41.45824568889287,-0.884965437748332,1.0021733010971425,0.8902777777777777,1440,1282,loftr,-99.59241923349008,scheme_d_local_map,NA,True,1883.1598124919974,308.97999999999996
1734763839800,F:\agent\UAV\data\IR-image\1734763839800.jpg,116.19604247579096,38.81216887850302,483.54,116.2178265,38.812125,792.53,2347.863821387568,5.363230956641191,6.297087307640254,41.90055996353965,-1.5040490083543583,1.0017330540915186,0.910136592379583,1391,1266,loftr,-99.59241923349008,scheme_d_local_map,NA,True,1887.456375442777,308.98999999999995
1734763840000,F:\agent\UAV\data\IR-image\1734763840000.jpg,116.19609490904124,38.812134438772695,483.54,116.2178782,38.8121253,792.54,2352.4119415122855,1.5294001763585925,14.78041924470574,56.28130354410007,-2.4035224606837255,1.0023979683851474,0.9818426361802286,1487,1460,loftr,-99.59241923349008,scheme_d_local_map,NA,True,1887.387263520325,308.99999999999994
1734763840200,F:\agent\UAV\data\IR-image\1734763840200.jpg,116.19613956328985,38.81215227395713,483.54,116.2179298,38.8121257,792.43,2356.285302130319,3.5148129081548456,7.473822446814495,66.07270398095261,-2.8193475781300474,1.0027464828514592,0.8160377358490566,1272,1038,loftr,-99.59241923349008,scheme_d_local_map,NA,True,1887.9908668988758,308.88999999999993
1734763840400,F:\agent\UAV\data\IR-image\1734763840400.jpg,116.19617283404851,38.812196368310005,483.54,116.2179813,38.8121257,792.36,2359.1712458069237,8.423396269979214,-7.461192804078507,71.7640305329428,-2.0542174386080454,1.0036716385456448,0.8169014084507042,1207,986,loftr,-99.59241923349008,scheme_d_local_map,NA,True,1889.5837591570996,308.82
1734763840600,F:\agent\UAV\data\IR-image\1734763840600.jpg,116.19619143432452,38.81219867842149,483.54,116.218033,38.8121254,792.3,2360.7846550308445,8.680557879593824,-8.92756774627179,76.10907369469464,-0.41137927666285085,1.0016600206813202,0.8487199379363848,1289,1094,loftr,-99.59241923349008,scheme_d_local_map,NA,True,1892.4528194923428,308.75999999999993
1734763840800,F:\agent\UAV\data\IR-image\1734763840800.jpg,116.19621862929759,38.81220879818579,483.54,116.2180846,38.8121251,792.27,2363.143578112215,9.80709004230096,-13.148744111330927,82.1107925604233,1.1275039100402682,1.0021971058406467,0.8,1240,992,loftr,-99.59241923349008,scheme_d_local_map,NA,True,1894.5725498230966,308.72999999999996
1734763841000,F:\agent\UAV\data\IR-image\1734763841000.jpg,116.19626783980631,38.81227191327729,483.54,116.2181362,38.8121247,792.23,2367.412153945713,16.83306202778472,-34.590619721200255,90.63836511467605,1.8746774214734623,1.005234937665986,0.9509559434746467,1203,1144,loftr,-99.59241923349008,scheme_d_local_map,NA,True,1894.8265996412447,308.69
1734763841200,F:\agent\UAV\data\IR-image\1734763841200.jpg,116.19626067202532,38.81223783044771,483.54,116.2181876,38.8121248,792.17,2366.790412421264,13.038961438221662,-23.79912837022465,90.69224046524698,1.9804736884034924,1.0054513606347748,0.9247751430907605,1223,1131,loftr,-99.59241923349008,scheme_d_local_map,NA,True,1899.8724469702745,308.62999999999994
1734763841400,F:\agent\UAV\data\IR-image\1734763841400.jpg,116.19629501105722,38.81220303702121,483.54,116.218239,38.8121251,792.12,2369.769019339691,9.165757201249075,-14.472711039306432,100.74756215813517,1.653349825065266,1.0104798421990377,0.6999002991026919,1003,702,loftr,-99.59241923349008,scheme_d_local_map,NA,True,1901.3293104742497,308.58
1734763841600,F:\agent\UAV\data\IR-image\1734763841600.jpg,116.19634474878302,38.81220730478499,483.54,116.2182904,38.8121253,792.0,2374.0833265872575,9.64084466467907,-17.80552577032836,112.46577138396646,1.9327375295644476,1.0062073847414728,0.9253112033195021,1205,1115,loftr,-99.59241923349008,scheme_d_local_map,NA,True,1901.4753903027174,308.46
1734763841800,F:\agent\UAV\data\IR-image\1734763841800.jpg,116.19638593494773,38.812199099659615,483.54,116.2183418,38.8121256,791.87,2377.655861639789,8.727450108365886,-16.948578613866744,122.78046633735363,1.7628176297411258,1.007395503839482,0.9443037974683545,1185,1119,loftr,-99.59241923349008,scheme_d_local_map,NA,True,1902.3561526234794,308.33
1734763842000,F:\agent\UAV\data\IR-image\1734763842000.jpg,116.19641884770229,38.812159289327525,483.54,116.2183932,38.8121261,791.76,2380.5107516308585,4.295763940133586,-6.018621114222981,132.7546056194384,1.167969047298119,1.0080020377684744,0.9306157849089333,1153,1073,loftr,-99.59241923349008,scheme_d_local_map,NA,True,1903.9445032117037,308.21999999999997
1734763842200,F:\agent\UAV\data\IR-image\1734763842200.jpg,116.19647164728093,38.81212224253317,483.54,116.2184447,38.8121267,791.67,2385.090647496226,0.1717147927732885,3.253066472901992,147.35903770543246,0.9778379001472174,1.0111419760976172,0.5993914807302231,986,591,loftr,-99.59241923349008,scheme_d_local_map,NA,True,1903.82887768203,308.12999999999994
1734763842400,F:\agent\UAV\data\IR-image\1734763842400.jpg,116.19648501277884,38.812129057128566,483.54,116.2184963,38.812127,791.63,2386.2499860777684,0.9303155515223995,0.6112755722207339,150.21283955814647,0.5420150480841686,1.00448468001231,0.9518072289156626,1162,1106,loftr,-99.59241923349008,scheme_d_local_map,NA,True,1907.1415142195606,308.09
1734763842600,F:\agent\UAV\data\IR-image\1734763842600.jpg,116.19649062736238,38.81209820494355,483.54,116.2185481,38.8121273,791.63,2386.7370014782423,-2.5041496841933384,9.888824998825157,153.16713477506414,0.504928792635109,1.0024252488941185,0.7220149253731343,1072,774,loftr,-99.59241923349008,scheme_d_local_map,NA,True,1911.1463285222887,308.09
1734763842800,F:\agent\UAV\data\IR-image\1734763842800.jpg,116.19652968639687,38.81210033624304,483.54,116.2185998,38.8121276,791.61,2390.125026823303,-2.2668934244389654,7.647493179283515,162.43297632348447,-0.2972682366215593,1.010345401117797,0.8594646271510517,1046,899,loftr,-99.59241923349008,scheme_d_local_map,NA,True,1912.2412221270083,308.07
1734763843000,F:\agent\UAV\data\IR-image\1734763843000.jpg,116.19657600640605,38.81210641624612,483.54,116.2186517,38.8121281,791.58,2394.1428774185583,-1.5900674822289016,3.8950029067353853,173.23634216031076,-1.2718050535675396,1.0091375768808621,0.7505882352941177,850,638,loftr,-99.59241923349008,scheme_d_local_map,NA,True,1912.7237220756956,308.04
1734763843200,F:\agent\UAV\data\IR-image\1734763843200.jpg,116.19661836216984,38.812145986513286,483.54,116.2187037,38.8121285,791.57,2397.8168648351207,2.814894659129463,-10.01476765268933,181.34424596288227,-1.5878232998201378,1.0112831733424885,0.8258426966292135,890,735,loftr,-99.59241923349008,scheme_d_local_map,NA,True,1913.558266741231,308.03000000000003
1734763843400,F:\agent\UAV\data\IR-image\1734763843400.jpg,116.19662904413492,38.81220214996836,483.54,116.2187559,38.8121286,791.6,2398.7434307093954,9.067010477151452,-27.751722214797894,180.98431652784143,-1.3829102036254888,1.0089294121690253,0.9384965831435079,878,824,loftr,-99.59241923349008,scheme_d_local_map,NA,True,1917.171245447299,308.06
1734763843600,F:\agent\UAV\data\IR-image\1734763843600.jpg,116.19662992275687,38.812229892984064,483.54,116.2188081,38.8121287,791.69,2398.819643382056,12.155362985984738,-36.3347989754476,179.75071905318424,-0.8346750349180341,1.0077219402537738,0.8527315914489311,842,718,loftr,-99.59241923349008,scheme_d_local_map,NA,True,1921.6330464602834,308.15000000000003
1734763843800,F:\agent\UAV\data\IR-image\1734763843800.jpg,116.19662924679237,38.81221099485523,483.54,116.2188604,38.8121287,791.76,2398.76100944727,10.051623284082273,-30.48499230239196,180.57243154047364,0.3759090999400778,1.0065409370081517,0.8671328671328671,715,620,loftr,-99.59241923349008,scheme_d_local_map,NA,True,1926.2121297096216,308.21999999999997
1734763844000,F:\agent\UAV\data\IR-image\1734763844000.jpg,116.19663481335698,38.81217545673367,483.54,116.218913,38.8121286,791.83,2399.243859630755,6.095519592094703,-19.761790315442795,183.75918679830625,1.4621375578049423,1.0090890568567907,0.46586345381526106,498,232,loftr,-99.59241923349008,scheme_d_local_map,NA,True,1930.273061146295,308.29
1734763844200,F:\agent\UAV\data\IR-image\1734763844200.jpg,116.19663802933877,38.8121484954133,483.54,116.2189656,38.8121287,791.94,2399.5228175720304,3.094185407833873,-11.585673664742899,185.9350651593337,1.8809774537702566,1.0096867543494865,0.7241379310344828,754,546,loftr,-99.59241923349008,scheme_d_local_map,NA,True,1934.5464637320501,308.40000000000003
1734763844400,F:\agent\UAV\data\IR-image\1734763844400.jpg,116.19660982284388,38.812121057451236,483.54,116.2190182,38.812129,792.09,2397.076153930148,0.039791471243348475,9.597831444637848,-5.342826884447135,-0.5333305677508665,1.0019265645740765,0.7888805409466566,1331,1050,loftr,-99.59241923349008,scheme_d_local_map,NA,True,1941.5471626610342,308.55
1734763844600,F:\agent\UAV\data\IR-image\1734763844600.jpg,116.1966083775522,38.812082026708985,483.54,116.2190709,38.8121293,792.25,2396.9507876760567,-4.305110756261137,21.681568762162613,-3.6575380013842107,-1.0774584873851047,1.0035632255276583,0.7332328560663149,1327,973,loftr,-99.59241923349008,scheme_d_local_map,NA,True,1946.2459433991007,308.71
1734763844800,F:\agent\UAV\data\IR-image\1734763844800.jpg,116.19664726319262,38.812086808738115,483.54,116.2191236,38.8121296,792.31,2400.323772620346,-3.7727752727977046,18.6306005393796,5.428658751919954,-1.2777612223485098,1.0022086311446454,0.686151704940849,1437,986,loftr,-99.59241923349008,scheme_d_local_map,NA,True,1947.4415170388572,308.7699999999999
1734763845000,F:\agent\UAV\data\IR-image\1734763845000.jpg,116.19666103514948,38.812117196492466,483.54,116.2191765,38.8121296,792.34,2401.5183679160727,-0.39001045888630737,8.709593121830324,7.152628565382486,-1.3122917654354445,1.0018094931903307,0.7557803468208093,1384,1046,loftr,-99.59241923349008,scheme_d_local_map,NA,True,1950.8259787822965,308.8
1734763845200,F:\agent\UAV\data\IR-image\1734763845200.jpg,116.19668056502202,38.81215748774986,483.54,116.2192296,38.8121295,792.38,2403.21241140707,4.095212314314241,-4.496223178386174,9.74323156650604,-1.3346001259102414,1.0040065465453922,0.8165079365079365,1575,1286,loftr,-99.59241923349008,scheme_d_local_map,NA,True,1953.7360621621654,308.84
1734763845400,F:\agent\UAV\data\IR-image\1734763845400.jpg,116.19671919000074,38.81223079371104,483.54,116.2192827,38.8121293,792.36,2406.562786256124,12.255631912685661,-28.6483611594158,15.198940545161804,-1.2349704669939512,1.0034860728505934,0.8624338624338624,1512,1304,loftr,-99.59241923349008,scheme_d_local_map,NA,True,1955.0193248946166,308.82
1734763845600,F:\agent\UAV\data\IR-image\1734763845600.jpg,116.19675335604255,38.812227546411904,483.54,116.2193359,38.8121292,792.29,2409.5263878171204,11.894142572882293,-29.03406700821091,23.570185820811446,-1.0502417272271996,1.0035387101139353,0.930327868852459,1464,1362,loftr,-99.59241923349008,scheme_d_local_map,NA,True,1956.6665293937008,308.74999999999994
1734763845800,F:\agent\UAV\data\IR-image\1734763845800.jpg,116.19674754002976,38.81220499174223,483.54,116.2193894,38.8121291,792.27,2409.0219002133467,9.38335674440819,-21.849164873982204,23.348327670175763,-0.9131819429362055,1.0038761839961357,0.8195329087048833,1413,1158,loftr,-99.59241923349008,scheme_d_local_map,NA,True,1961.793792965772,308.72999999999996
1734763846000,F:\agent\UAV\data\IR-image\1734763846000.jpg,116.19675149163565,38.812225374242324,483.54,116.219443,38.8121288,792.3,2409.364667029763,11.65233665567172,-28.289194473197938,23.2357026187762,-0.48243020747484033,1.0059995458109683,0.7968851395197923,1541,1228,loftr,-99.59241923349008,scheme_d_local_map,NA,True,1966.1064152020485,308.75999999999993
1734763846200,F:\agent\UAV\data\IR-image\1734763846200.jpg,116.19679197914516,38.81229337279403,483.54,116.2194968,38.8121285,792.33,2412.8765999313664,19.22193543152609,-50.881722764860626,29.41489191818698,-0.3313691786741103,1.0025814243817806,0.8833898305084745,1475,1303,loftr,-99.59241923349008,scheme_d_local_map,NA,True,1967.3150207673066,308.79
1734763846400,F:\agent\UAV\data\IR-image\1734763846400.jpg,116.19681214226955,38.81229416375924,483.54,116.2195506,38.8121284,792.32,2414.6255724122466,19.30998567833598,-51.94346683402631,34.214223632414985,-0.2271971638025764,1.0036533157155851,0.8983498349834983,1515,1361,loftr,-99.59241923349008,scheme_d_local_map,NA,True,1970.2302324141797,308.78000000000003
1734763846600,F:\agent\UAV\data\IR-image\1734763846600.jpg,116.19683791131779,38.812258612983655,483.54,116.2196045,38.8121283,792.33,2416.8608091408705,15.352473340649588,-42.03601631271056,42.25160241549793,-0.12887559651476166,1.002154472341326,0.6748554913294798,692,467,loftr,-99.59241923349008,scheme_d_local_map,NA,True,1972.6350947974083,308.79
1734763846800,F:\agent\UAV\data\IR-image\1734763846800.jpg,116.19689106758834,38.81227681995217,483.54,116.2196585,38.8121283,792.29,2421.4716448719123,17.37927307506552,-49.80209908332262,54.06470598701952,-0.5428733799869035,1.0044623394542274,0.9770609318996416,1395,1363,loftr,-99.59241923349008,scheme_d_local_map,NA,True,1972.7238541415675,308.74999999999994
1734763847000,F:\agent\UAV\data\IR-image\1734763847000.jpg,116.19690914683406,38.81230149011169,483.54,116.2197126,38.8121284,792.22,2423.0398593327427,20.125555233627722,-58.13630967790817,57.120421248813386,-0.5039454655113532,1.0066733404828379,0.8527315914489311,1263,1077,loftr,-99.59241923349008,scheme_d_local_map,NA,True,1975.869097322077,308.68
1734763847200,F:\agent\UAV\data\IR-image\1734763847200.jpg,116.19693490103673,38.81230111699767,483.54,116.2197668,38.8121285,792.19,2425.2738083401787,20.08402018094132,-59.066248881624574,63.32260190642762,-0.37546380599945567,1.0049480494673944,0.92265625,1280,1181,loftr,-99.59241923349008,scheme_d_local_map,NA,True,1978.3331220842433,308.65000000000003
1734763847400,F:\agent\UAV\data\IR-image\1734763847400.jpg,116.19697129210874,38.81228051417136,483.54,116.2198211,38.8121288,792.15,2428.4304115660084,17.790513556058844,-54.19511129058742,73.13167457505523,-0.41742437608096017,1.0098762095711797,0.6012024048096193,998,600,loftr,-99.59241923349008,scheme_d_local_map,NA,True,1979.8638580194815,308.60999999999996
1734763847600,F:\agent\UAV\data\IR-image\1734763847600.jpg,116.1969774801602,38.81223557834074,483.54,116.2198755,38.8121291,792.11,2428.9671702305322,12.788256891057484,-40.60175553236979,76.95694968469695,-0.04661992908259061,1.004897793536401,0.9461161651504548,1429,1352,loftr,-99.59241923349008,scheme_d_local_map,NA,True,1984.0051968259384,308.57
1734763847800,F:\agent\UAV\data\IR-image\1734763847800.jpg,116.19698336592303,38.81217253182116,483.54,116.21993,38.8121296,792.08,2429.4777080337926,5.7699183312777755,-21.41635851582828,81.65264430486428,0.2817910856908548,1.0074194024617364,0.8440860215053764,1302,1099,loftr,-99.59241923349008,scheme_d_local_map,NA,True,1988.1885912829684,308.54
1734763848000,F:\agent\UAV\data\IR-image\1734763848000.jpg,116.19702716010518,38.81213440235598,483.54,116.2199846,38.8121301,792.01,2433.276465503034,1.5253462674481169,-11.445742922040608,94.1515437940252,0.07795059451416285,1.0003942389006424,0.5993623804463337,941,564,loftr,-99.59241923349008,scheme_d_local_map,NA,True,1989.1196998303715,308.46999999999997
1734763848200,F:\agent\UAV\data\IR-image\1734763848200.jpg,116.19706572504427,38.81208903333703,483.54,116.2200394,38.8121306,791.9,2436.621632446525,-3.5251329217012435,0.9674881983831369,105.77202055116379,0.1818822064473699,1.0050309871538892,0.9235427706283119,1321,1220,loftr,-99.59241923349008,scheme_d_local_map,NA,True,1990.5323026084127,308.35999999999996
1734763848400,F:\agent\UAV\data\IR-image\1734763848400.jpg,116.1970993855365,38.81207118362407,483.54,116.2200944,38.812131,791.83,2439.541382058702,-5.512162968294728,5.101195174042402,114.78221970030785,-0.14164439846535998,1.0142690964054655,0.5150905432595574,994,512,loftr,-99.59241923349008,scheme_d_local_map,NA,True,1992.3872191320565,308.29
1734763848600,F:\agent\UAV\data\IR-image\1734763848600.jpg,116.19712595715473,38.812113565089035,483.54,116.2201495,38.8121315,791.78,2441.8462346264005,-0.7942582890826828,-9.03429542310613,118.95448554689165,-0.46797311960069404,1.0029080978862073,0.7680608365019012,1052,808,loftr,-99.59241923349008,scheme_d_local_map,NA,True,1994.848321571831,308.23999999999995
1734763848800,F:\agent\UAV\data\IR-image\1734763848800.jpg,116.19716964601197,38.81210574400846,483.54,116.2202048,38.8121318,791.71,2445.635856093697,-1.6649009784419162,-8.397208400950376,129.8499997665167,-1.1906059015403527,1.0017703237805033,0.5674846625766872,978,555,loftr,-99.59241923349008,scheme_d_local_map,NA,True,1995.8555665988556,308.17
1734763849000,F:\agent\UAV\data\IR-image\1734763849000.jpg,116.19724144143933,38.81219265594637,483.54,116.2202602,38.8121321,791.66,2451.8634736134277,8.010135949662919,-38.08703595750467,142.56042607468828,-2.5099889053900863,1.0194123705324132,0.5081521739130435,736,374,loftr,-99.59241923349008,scheme_d_local_map,NA,True,1994.4430471475303,308.11999999999995
1734763849200,F:\agent\UAV\data\IR-image\1734763849200.jpg,116.19723547003079,38.812228445857926,483.54,116.2203159,38.8121321,791.66,2451.3455068043186,11.99426890418448,-48.87138745956611,139.2633706202986,-1.7927148221082576,1.0071053016490468,0.6540084388185654,948,620,loftr,-99.59241923349008,scheme_d_local_map,NA,True,1999.8033165596544,308.11999999999995
1734763849400,F:\agent\UAV\data\IR-image\1734763849400.jpg,116.1972391619096,38.8121746267256,483.54,116.2203716,38.8121321,791.73,2451.6657445957926,6.003123093346774,-32.43987434995671,142.95193187934854,-2.411370184716514,1.0083877816968962,0.7551789077212806,1062,802,loftr,-99.59241923349008,scheme_d_local_map,NA,True,2004.2871337386289,308.19
1734763849600,F:\agent\UAV\data\IR-image\1734763849600.jpg,116.19726896876361,38.812098822127844,483.54,116.2204274,38.8121323,791.72,2454.2512252185174,-2.4354447285029774,-10.294322973901046,154.05459783558445,-3.916301232610987,1.0070204325982315,0.7705410821643287,998,769,loftr,-99.59241923349008,scheme_d_local_map,NA,True,2006.5382174158667,308.18
1734763849800,F:\agent\UAV\data\IR-image\1734763849800.jpg,116.19733850920515,38.8120620126863,483.54,116.2204832,38.8121325,791.61,2460.2832426886307,-6.533071761177387,-1.774968208286225,172.66561259468006,-4.798101395892446,1.0099410661083146,0.5877957658779577,803,472,loftr,-99.59241923349008,scheme_d_local_map,NA,True,2005.360072362514,308.07
1734763850000,F:\agent\UAV\data\IR-image\1734763850000.jpg,116.19739393359274,38.81213779423699,483.54,116.2205392,38.8121321,791.49,2465.0908174851556,1.9029304616495786,-27.371399430760448,182.02541849641864,-4.479945616878248,1.0130390279234596,0.5032894736842105,608,306,loftr,-99.59241923349008,scheme_d_local_map,NA,True,2005.3936675083714,307.95
1734763850200,F:\agent\UAV\data\IR-image\1734763850200.jpg,116.19743808112604,38.81217989365432,483.54,116.2205953,38.8121314,791.34,2468.920225038304,6.5894375987910045,-42.13307872567253,190.43178030287413,-4.280477896443618,1.0098889850909187,0.768025078369906,638,490,loftr,-99.59241923349008,scheme_d_local_map,NA,True,2006.4358372730596,307.8
1734763850400,F:\agent\UAV\data\IR-image\1734763850400.jpg,116.19748886107291,38.81225532854015,483.54,116.2206515,38.8121306,791.21,2473.324935733548,14.986849088851093,-25.301193117185846,8.262875684040637,-0.10521351293252382,1.0076488207137246,0.5332348596750369,1354,722,loftr,-99.59241923349008,scheme_d_local_map,NA,True,2006.9450767011026,307.67
1734763850600,F:\agent\UAV\data\IR-image\1734763850600.jpg,116.19754161662678,38.812326856376316,483.54,116.2207078,38.8121298,791.13,2477.9010128408618,22.949327811354742,-49.47880533179722,17.203463556130316,0.7548698067463009,1.0074988117841905,0.5768261964735516,1191,687,loftr,-99.59241923349008,scheme_d_local_map,NA,True,2007.3228576567144,307.59
1734763850800,F:\agent\UAV\data\IR-image\1734763850800.jpg,116.19758011859166,38.812347773870634,483.54,116.2207643,38.8121289,791.05,2481.2407173289153,25.277863278912875,-57.48543138610535,25.35740908657283,0.9562365299200383,1.006484495281978,0.5619967793880838,1242,698,loftr,-99.59241923349008,scheme_d_local_map,NA,True,2008.9098244989739,307.50999999999993
1734763851000,F:\agent\UAV\data\IR-image\1734763851000.jpg,116.19762069759263,38.81239897657026,483.54,116.2208208,38.8121281,791.02,2484.7605863049653,30.97774780083462,-74.90698683144464,32.43309072974449,1.2828453669742588,1.004204851327331,0.7543859649122807,1197,903,loftr,-99.59241923349008,scheme_d_local_map,NA,True,2010.3667862799036,307.47999999999996
1734763851200,F:\agent\UAV\data\IR-image\1734763851200.jpg,116.19763519599228,38.8124153025539,483.54,116.2208773,38.8121275,791.04,2486.0181940802277,32.7951563001357,-80.5251338816833,35.06362578342606,2.0277912138504317,1.0030392806944146,0.7567796610169492,1180,893,loftr,-99.59241923349008,scheme_d_local_map,NA,True,2014.034353903517,307.49999999999994
1734763851400,F:\agent\UAV\data\IR-image\1734763851400.jpg,116.19765774623892,38.81240519467788,483.54,116.220934,38.8121269,791.08,2487.9742282759134,31.669947541065806,-78.32587074927085,41.003510560313885,3.0677794444514044,1.0036749333180484,0.5368956743002544,1179,633,loftr,-99.59241923349008,scheme_d_local_map,NA,True,2016.9764934854381,307.54
1734763851600,F:\agent\UAV\data\IR-image\1734763851600.jpg,116.19768959054045,38.81236200958257,483.54,116.2209907,38.8121265,791.1,2490.7364394274264,26.86258273152318,-66.31282324566098,50.89686625757383,3.4795306815081197,1.0063417288422192,0.6471531676022454,1247,807,loftr,-99.59241923349008,scheme_d_local_map,NA,True,2019.0631366161667,307.56
1734763851800,F:\agent\UAV\data\IR-image\1734763851800.jpg,116.19768487184693,38.812330313987474,483.54,116.2210473,38.8121264,791.17,2490.3271345526746,23.33422908530421,-56.356185941864794,51.414389734648125,3.224144824089458,1.0036616861011933,0.7109665427509294,1076,765,loftr,-99.59241923349008,scheme_d_local_map,NA,True,2024.333618508869,307.62999999999994
1734763852000,F:\agent\UAV\data\IR-image\1734763852000.jpg,116.19767537326771,38.812282262867924,483.54,116.221104,38.8121266,791.27,2489.5032169231004,17.985178457320345,-41.166597374283015,51.636018006288964,3.0712599671032184,1.0014366910432226,0.5811764705882353,1275,741,loftr,-99.59241923349008,scheme_d_local_map,NA,True,2030.016793040676,307.72999999999996
1734763852200,F:\agent\UAV\data\IR-image\1734763852200.jpg,116.19771798497366,38.81229088283468,483.54,116.2211606,38.8121267,791.31,2493.199405054669,18.944753156521084,-45.5511803868593,61.4168887628141,3.255552208364478,1.0032402375779663,0.6703470031545742,1268,850,loftr,-99.59241923349008,scheme_d_local_map,NA,True,2031.236916211526,307.7699999999999
1734763852400,F:\agent\UAV\data\IR-image\1734763852400.jpg,116.19774703154248,38.81230208790384,483.54,116.2212173,38.8121268,791.31,2495.718937669188,20.192101455075083,-50.181854078544575,67.80660627257316,3.685733087425923,1.0058972460775997,0.7623355263157895,1216,927,loftr,-99.59241923349008,scheme_d_local_map,NA,True,2033.6441138979606,307.7699999999999
1734763852600,F:\agent\UAV\data\IR-image\1734763852600.jpg,116.1977575993988,38.81227701642104,483.54,116.2212741,38.812127,791.32,2496.635605618087,17.401143990581616,-42.8862616015291,71.64903229644102,3.9761280340071874,1.0068509432589017,0.6602787456445993,1148,758,loftr,-99.59241923349008,scheme_d_local_map,NA,True,2037.6250673659595,307.78000000000003
1734763852800,F:\agent\UAV\data\IR-image\1734763852800.jpg,116.19779938185053,38.812260285209106,483.54,116.2213308,38.8121273,791.28,2500.259863289893,15.53862547747175,-39.426679080981216,82.55081370437279,4.073577695170252,1.0041127651437862,0.7943009795191451,1123,892,loftr,-99.59241923349008,scheme_d_local_map,NA,True,2038.903156622628,307.73999999999995
1734763853000,F:\agent\UAV\data\IR-image\1734763853000.jpg,116.19782583696494,38.81219907410059,483.54,116.2213875,38.8121278,791.22,2502.5546101847904,8.724604877794478,-21.6412939618005,92.08897976513168,3.629266954096019,1.002881720930098,0.8574677786201668,1319,1131,loftr,-99.59241923349008,scheme_d_local_map,NA,True,2041.4863158487117,307.68
1734763853200,F:\agent\UAV\data\IR-image\1734763853200.jpg,116.19787320194659,38.812215229612406,483.54,116.2214442,38.8121284,791.15,2506.663102889318,10.523036453070105,-28.540374525166044,102.61859713953515,3.3843701228559966,1.006495285342648,0.8407155025553663,1174,987,loftr,-99.59241923349008,scheme_d_local_map,NA,True,2042.3023353037222,307.60999999999996
1734763853400,F:\agent\UAV\data\IR-image\1734763853400.jpg,116.19789385052758,38.8121737806298,483.54,116.221501,38.8121287,791.12,2508.454184430612,5.908935709137026,-16.607981271876554,109.73382537117493,3.8986655830556565,1.007136052036037,0.7750213857998289,1169,906,loftr,-99.59241923349008,scheme_d_local_map,NA,True,2045.4185404991274,307.58
1734763853600,F:\agent\UAV\data\IR-image\1734763853600.jpg,116.19792395389103,38.81215218158681,483.54,116.221558,38.8121289,791.14,2511.0653846216023,3.5045302434156964,-11.174812944574,118.08529314977977,4.344162530910395,1.0108045712698221,0.6186094069529653,978,605,loftr,-99.59241923349008,scheme_d_local_map,NA,True,2047.7447680144166,307.59999999999997
1734763853800,F:\agent\UAV\data\IR-image\1734763853800.jpg,116.19792749362594,38.81216856586301,483.54,116.2216149,38.8121292,791.2,2511.3724252775673,5.328427870000456,-16.36630733599253,118.0819711034656,4.472630002892927,1.0047897361440186,0.5807106598984771,985,572,loftr,-99.59241923349008,scheme_d_local_map,NA,True,2052.3708943235756,307.66
1734763854000,F:\agent\UAV\data\IR-image\1734763854000.jpg,116.19793479904192,38.8121921930166,483.54,116.2216719,38.8121295,791.34,2512.006105419193,7.958602607633318,-23.942061971118676,118.60554471439059,4.301613563159467,1.010799045610234,0.5982905982905983,1170,700,loftr,-99.59241923349008,scheme_d_local_map,NA,True,2056.683421558142,307.8
1734763854200,F:\agent\UAV\data\IR-image\1734763854200.jpg,116.1979530053725,38.81216546513423,483.54,116.221729,38.8121297,791.47,2513.585343365896,4.98325474244423,-16.44605060005466,124.36796760574958,3.8867854570666998,1.0041779306592236,0.7635135135135135,1036,791,loftr,-99.59241923349008,scheme_d_local_map,NA,True,2060.0457230428697,307.93
1734763854400,F:\agent\UAV\data\IR-image\1734763854400.jpg,116.19795744690708,38.81215531856851,483.54,116.221786,38.81213,791.6,2513.9706071580817,3.8537390457227945,-13.500165332172628,125.96254924370061,3.4768380709006474,1.0062100884346348,0.7966101694915254,1062,846,loftr,-99.59241923349008,scheme_d_local_map,NA,True,2064.5978102497274,308.06
1734763854600,F:\agent\UAV\data\IR-image\1734763854600.jpg,116.19797617879321,38.81217954405624,483.54,116.2218431,38.8121301,791.77,2515.59543239434,6.5505203404987835,-21.7238544133574,129.19809563224482,2.8203465799150638,1.0071222493173952,0.7476038338658147,939,702,loftr,-99.59241923349008,scheme_d_local_map,NA,True,2067.9272046430697,308.22999999999996
1734763854800,F:\agent\UAV\data\IR-image\1734763854800.jpg,116.19800418726858,38.81220688696694,483.54,116.2219003,38.8121301,791.91,2518.024919595792,9.594333160017875,-31.284367199746725,134.4983335595267,2.2690460381153055,1.0070715021130865,0.6970873786407767,1030,718,loftr,-99.59241923349008,scheme_d_local_map,NA,True,2070.4663677703816,308.36999999999995
1734763855000,F:\agent\UAV\data\IR-image\1734763855000.jpg,116.19804375663124,38.81226046918573,483.54,116.2219574,38.8121301,792.01,2521.4572113885374,15.55910575511676,-49.3980731013865,141.2077365548293,1.9322612070988783,0.9998136913976434,0.6778947368421052,950,644,loftr,-99.59241923349008,scheme_d_local_map,NA,True,2072.0176141032757,308.46999999999997
1734763855200,F:\agent\UAV\data\IR-image\1734763855200.jpg,116.19805691261911,38.812273331691756,483.54,116.2220143,38.81213,792.07,2522.5983768293067,16.99095992576261,-53.89468287396471,143.69633855705445,1.8130968953745648,1.0031472588182977,0.8268839103869654,982,812,loftr,-99.59241923349008,scheme_d_local_map,NA,True,2075.8180454413587,308.53000000000003
1734763855400,F:\agent\UAV\data\IR-image\1734763855400.jpg,116.19806668804812,38.81227860085495,483.54,116.2220711,38.8121298,792.06,2523.446308727116,17.577523173532185,-55.914681531281644,145.76874839717982,1.6009063270176993,1.0048481315252489,0.8500551267916208,907,771,loftr,-99.59241923349008,scheme_d_local_map,NA,True,2079.896983708575,308.5199999999999
1734763855600,F:\agent\UAV\data\IR-image\1734763855600.jpg,116.19808561686331,38.812227585373,483.54,116.2221278,38.8121299,791.97,2525.0882158159948,11.89847972243027,-40.96514268567188,152.96922583112143,0.5152019023841922,1.0037543898282417,0.8761467889908257,1090,955,loftr,-99.59241923349008,scheme_d_local_map,NA,True,2083.132869283079,308.43
1734763855800,F:\agent\UAV\data\IR-image\1734763855800.jpg,116.19814154732296,38.81218667084828,483.54,116.2221844,38.81213,791.84,2529.9396878832968,7.343874830040502,-30.628859679087043,168.52666685023905,-0.8205251443415664,1.0049273120979187,0.7989528795811518,955,763,loftr,-99.59241923349008,scheme_d_local_map,NA,True,2083.1726889907413,308.3
1734763856000,F:\agent\UAV\data\IR-image\1734763856000.jpg,116.19819444623933,38.81220654085381,483.54,116.2222409,38.8121301,791.72,2534.528200417541,9.555803845722185,-38.89687124102949,180.19139679573516,-1.5782424619763642,1.0056827511075075,0.6558265582655827,738,484,loftr,-99.59241923349008,scheme_d_local_map,NA,True,2083.4922155286886,308.18
1734763856200,F:\agent\UAV\data\IR-image\1734763856200.jpg,116.19824008689275,38.81228166375113,483.54,116.2222975,38.8121299,791.65,2538.487122918203,17.91848477572473,-63.89343275728811,187.23673854779418,-1.9485954174670965,1.0038003503255728,0.6790123456790124,729,495,loftr,-99.59241923349008,scheme_d_local_map,NA,True,2084.4916500100444,308.10999999999996
1734763856400,F:\agent\UAV\data\IR-image\1734763856400.jpg,116.19827984903863,38.812292174391196,483.54,116.2223541,38.8121298,791.59,2541.9361369478866,19.088529227796638,-4.851474630616849,8.998339521344064,0.00756073436525099,1.0018269007878935,0.9366106080206986,1546,1448,loftr,-99.59241923349008,scheme_d_local_map,NA,True,2085.96022249131,308.05
1734763856600,F:\agent\UAV\data\IR-image\1734763856600.jpg,116.19829543750416,38.81226669545012,483.54,116.2224106,38.8121296,791.52,2543.2882982845113,16.25221350729084,2.3659580062391115,14.067267450199893,0.4419276481553702,1.0004536884232325,0.998780487804878,1640,1638,loftr,-99.59241923349008,scheme_d_local_map,NA,True,2089.4827949323844,307.97999999999996
1734763856800,F:\agent\UAV\data\IR-image\1734763856800.jpg,116.19832183857434,38.81226089258613,483.54,116.2224671,38.8121294,791.47,2545.578357321196,15.60623868783285,3.0826423300011356,20.7074569277205,1.033038978239553,1.001477605851601,0.9620012666244458,1579,1519,loftr,-99.59241923349008,scheme_d_local_map,NA,True,2092.086249836668,307.93
1734763857000,F:\agent\UAV\data\IR-image\1734763857000.jpg,116.19836891475269,38.812235525932245,483.54,116.2225236,38.8121291,791.41,2549.6617988978205,12.782422777630464,8.98796850516743,33.329722441376134,1.8007035796639184,1.0054339336340357,0.739946380697051,1492,1104,loftr,-99.59241923349008,scheme_d_local_map,NA,True,2092.8855054169967,307.86999999999995
1734763857200,F:\agent\UAV\data\IR-image\1734763857200.jpg,116.19840691731186,38.812239188446696,483.54,116.22258,38.8121289,791.33,2552.95818436312,13.19013388577207,6.3177430964732935,42.26221087786672,2.2517714660614296,1.0024957949624735,0.9216441875401413,1557,1435,loftr,-99.59241923349008,scheme_d_local_map,NA,True,2094.4819226672153,307.79
1734763857400,F:\agent\UAV\data\IR-image\1734763857400.jpg,116.19841368183819,38.812253497353254,483.54,116.2226364,38.8121289,791.31,2553.5449471166376,14.783001364075684,1.634820181869145,43.14111779541713,2.4023061279834863,1.0016041612639164,0.9948849104859335,1564,1556,loftr,-99.59241923349008,scheme_d_local_map,NA,True,2098.792140812614,307.7699999999999
1734763857600,F:\agent\UAV\data\IR-image\1734763857600.jpg,116.19842348526457,38.81224111985118,483.54,116.2226928,38.8121289,791.38,2554.395307538098,13.405137833479033,5.050500044157559,46.139077325023266,2.3313907741362248,1.001455597712922,0.9528423772609819,1548,1475,loftr,-99.59241923349008,scheme_d_local_map,NA,True,2102.820918606989,307.84
1734763857800,F:\agent\UAV\data\IR-image\1734763857800.jpg,116.1984456388157,38.81224697900558,483.54,116.222749,38.8121288,791.41,2556.316931911916,14.057378900546876,2.3465271627319453,51.15235528731375,2.2830315734991804,1.0028365351575095,0.9947712418300654,1530,1522,loftr,-99.59241923349008,scheme_d_local_map,NA,True,2105.7747236696814,307.86999999999995
1734763858000,F:\agent\UAV\data\IR-image\1734763858000.jpg,116.19849610850135,38.812245464574154,483.54,116.2228052,38.8121287,791.4,2560.6947301942646,13.88879239447466,0.7654695298657543,63.34735241041966,2.8469093998507304,1.0024353651110134,0.926946933149552,1451,1345,loftr,-99.59241923349008,scheme_d_local_map,NA,True,2106.2702582688016,307.85999999999996
1734763858200,F:\agent\UAV\data\IR-image\1734763858200.jpg,116.1985292849157,38.812253092611684,483.54,116.2228613,38.8121285,791.37,2563.572490335878,14.737945532620653,-2.9307007348837715,70.9147618774602,3.584805475813205,1.0035680759290762,0.9104268719384184,1429,1301,loftr,-99.59241923349008,scheme_d_local_map,NA,True,2108.26183574984,307.83
1734763858400,F:\agent\UAV\data\IR-image\1734763858400.jpg,116.19854907524604,38.81226988885615,483.54,116.2229174,38.8121282,791.36,2565.2891262337257,16.60770346620671,-8.908434741410815,74.79123319894785,4.748264384591562,1.0021301000958767,0.9425124201561391,1409,1328,loftr,-99.59241923349008,scheme_d_local_map,NA,True,2111.420857659391,307.82
1734763858600,F:\agent\UAV\data\IR-image\1734763858600.jpg,116.19855308565828,38.81228487088316,483.54,116.2229733,38.8121279,791.36,2565.6369939802803,18.27550271311199,-13.687002145959411,74.9739180566553,5.641602309330883,1.0004774458345562,0.796849087893864,1206,961,loftr,-99.59241923349008,scheme_d_local_map,NA,True,2115.9297562819243,307.82
1734763858800,F:\agent\UAV\data\IR-image\1734763858800.jpg,116.19856705632101,38.81227984950137,483.54,116.2230291,38.8121278,791.37,2566.8488252523657,17.71652249278995,-12.706763673485625,78.58927737180244,5.437936210399127,1.00182034186135,0.8172124904798173,1313,1073,loftr,-99.59241923349008,scheme_d_local_map,NA,True,2119.5495221724236,307.83
1734763859000,F:\agent\UAV\data\IR-image\1734763859000.jpg,116.19861153621277,38.81226747755236,483.54,116.2230848,38.8121279,791.4,2570.707061957361,16.339277128947895,-10.699679497153966,89.91164855574823,5.117836114496922,1.0029613823148515,0.7982866043613707,1284,1025,loftr,-99.59241923349008,scheme_d_local_map,NA,True,2120.5112218483655,307.85999999999996
1734763859200,F:\agent\UAV\data\IR-image\1734763859200.jpg,116.19865416826724,38.812232036421996,483.54,116.2231403,38.812128,791.34,2574.405015143383,12.393970496633962,-1.5101715476574213,101.99158217920774,5.048954942818489,1.0028484835776643,0.971764705882353,1275,1239,loftr,-99.59241923349008,scheme_d_local_map,NA,True,2121.6014153845827,307.8
1734763859400,F:\agent\UAV\data\IR-image\1734763859400.jpg,116.19867242945342,38.81219957135791,483.54,116.2231956,38.8121279,791.26,2575.9890113278516,8.779959562455337,7.751199885788367,108.0658983129531,5.149361055792193,1.0058945430300172,0.8477198697068404,1228,1041,loftr,-99.59241923349008,scheme_d_local_map,NA,True,2124.794488660782,307.71999999999997
1734763859600,F:\agent\UAV\data\IR-image\1734763859600.jpg,116.19869292209383,38.81220159706705,483.54,116.2232509,38.8121279,791.21,2577.766566404988,9.005461503668515,6.295670787403765,112.88004541659097,5.311240808448681,1.0073081250502287,0.8052536231884058,1104,889,loftr,-99.59241923349008,scheme_d_local_map,NA,True,2127.8111330562297,307.67
1734763859800,F:\agent\UAV\data\IR-image\1734763859800.jpg,116.19873647062904,38.812201669120235,483.54,116.223306,38.8121279,791.14,2581.5440161790416,9.013482464704072,4.5066314906362095,123.33089232422458,5.08638222562986,1.0069532024970957,0.6198428290766208,1018,631,loftr,-99.59241923349008,scheme_d_local_map,NA,True,2128.812017662272,307.59999999999997
1734763860000,F:\agent\UAV\data\IR-image\1734763860000.jpg,116.1987760298642,38.81222363521646,483.54,116.223361,38.812128,791.11,2584.9754295018083,11.45874829657707,-3.865956797649744,131.6840556329587,4.6832462503774,1.0063920030081261,0.75,1172,879,loftr,-99.59241923349008,scheme_d_local_map,NA,True,2130.1602740223275,307.57
1734763860200,F:\agent\UAV\data\IR-image\1734763860200.jpg,116.19878883533735,38.812203808837545,483.54,116.223416,38.8121282,791.14,2586.0861908949155,9.251675795133755,1.7228717529796995,135.7905586595988,4.133749925452573,1.0049650333807127,0.9742951907131011,1206,1175,loftr,-99.59241923349008,scheme_d_local_map,NA,True,2133.8064782391716,307.59999999999997
1734763860400,F:\agent\UAV\data\IR-image\1734763860400.jpg,116.19884945331684,38.81225599498907,483.54,116.2234708,38.8121283,791.16,2591.344263795955,15.061038183079159,-16.814694754366826,147.6257461775039,3.4542589281171145,1.00691920477788,0.9105902777777778,1152,1049,loftr,-99.59241923349008,scheme_d_local_map,NA,True,2133.3322945788723,307.61999999999995
1734763860600,F:\agent\UAV\data\IR-image\1734763860600.jpg,116.19888184817408,38.812233697410235,483.54,116.2235256,38.8121283,791.13,2594.154230780394,12.578871707101996,-11.25928231751817,156.56369913765388,3.2434079154728104,1.0040351155217757,0.9052132701421801,1055,955,loftr,-99.59241923349008,scheme_d_local_map,NA,True,2135.258802823804,307.59
1734763860800,F:\agent\UAV\data\IR-image\1734763860800.jpg,116.19891089114722,38.81224009642648,483.54,116.2235803,38.8121282,791.11,2596.673451501726,13.291210195218516,-14.409098762948304,163.20279551018075,3.3351107767873307,1.0047137480261172,0.9375573921028466,1089,1021,loftr,-99.59241923349008,scheme_d_local_map,NA,True,2137.485779872824,307.57
1734763861000,F:\agent\UAV\data\IR-image\1734763861000.jpg,116.1989279862414,38.81228675752088,483.54,116.2236348,38.812128,791.11,2598.1562995319937,18.485523224252006,-29.478634178097536,164.87722142122635,3.559541139895802,1.0052704498765526,0.955743879472693,1062,1015,loftr,-99.59241923349008,scheme_d_local_map,NA,True,2140.7625545516116,307.57
1734763861200,F:\agent\UAV\data\IR-image\1734763861200.jpg,116.19896339948352,38.81228416825011,483.54,116.2236893,38.8121279,791.1,2601.22808467406,18.19728560228489,-30.117675071399503,173.51361696818265,4.042553088274557,1.0073463192517618,0.9470068694798822,1019,965,loftr,-99.59241923349008,scheme_d_local_map,NA,True,2142.4140232800246,307.56
1734763861400,F:\agent\UAV\data\IR-image\1734763861400.jpg,116.19902113887386,38.81232738300138,483.54,116.2237436,38.8121277,791.02,2606.236465458075,23.007951714020805,-45.77442637386753,185.1248718959822,4.551159648053873,1.0078653127517914,0.9742002063983488,969,944,loftr,-99.59241923349008,scheme_d_local_map,NA,True,2142.15998346266,307.47999999999996
1734763861600,F:\agent\UAV\data\IR-image\1734763861600.jpg,116.19902566005106,38.81226590185419,483.54,116.2237978,38.8121277,790.95,2606.628637542282,16.16387040827803,-27.015946040550148,189.41146754872068,4.801311177089035,1.006599734231865,0.9867075664621677,978,965,loftr,-99.59241923349008,scheme_d_local_map,NA,True,2146.4052026565864,307.41
1734763861800,F:\agent\UAV\data\IR-image\1734763861800.jpg,116.19906858480604,38.81222940445021,483.54,116.2238519,38.8121279,790.88,2610.3519799049764,12.1009793970359,-17.51288293251929,201.61666728760167,4.739281795867761,1.0077219720660218,0.9834710743801653,968,952,loftr,-99.59241923349008,scheme_d_local_map,NA,True,2147.3486645882754,307.34
1734763862000,F:\agent\UAV\data\IR-image\1734763862000.jpg,116.19912110124326,38.81219174351461,483.54,116.2239058,38.8121281,790.76,2614.9073157596936,7.908564046003262,-8.040495170500947,216.18510342319615,4.485908150054952,1.0083972281768514,0.9370249728555917,921,863,loftr,-99.59241923349008,scheme_d_local_map,NA,True,2147.4511043147445,307.21999999999997
1734763862200,F:\agent\UAV\data\IR-image\1734763862200.jpg,116.19913951882302,38.812171667435,483.54,116.2239597,38.8121283,790.64,2616.504877701699,5.673694864000838,-2.6024285576721695,221.6518936615554,4.118940491232948,1.0063483797491737,0.9062146892655367,885,802,loftr,-99.59241923349008,scheme_d_local_map,NA,True,2150.5194804154003,307.09999999999997
1734763862400,F:\agent\UAV\data\IR-image\1734763862400.jpg,116.19918558716452,38.81217338279224,483.54,116.2240135,38.8121286,790.5,2620.5008983558046,5.864648431463564,-2.3975627517564817,10.970207387480968,-0.6127695649956681,1.0008637834237761,0.8883190883190883,1755,1559,loftr,-99.59241923349008,scheme_d_local_map,NA,True,2151.189706890978,306.96
1734763862600,F:\agent\UAV\data\IR-image\1734763862600.jpg,116.19925291984286,38.812172452951515,483.54,116.2240672,38.8121288,790.27,2626.341411919589,5.761138562741353,-4.842889797495218,27.183026584557638,-1.3562643989035892,1.0006268788648447,0.8898250162022034,1543,1373,loftr,-99.59241923349008,scheme_d_local_map,NA,True,2150.008247138684,306.72999999999996
1734763862800,F:\agent\UAV\data\IR-image\1734763862800.jpg,116.19931077969467,38.81212524131542,483.54,116.2241208,38.812129,790.04,2631.36024166979,0.5055392324065151,7.35521046484331,43.531531081462845,-2.0879134770820724,1.0023179467036043,0.9817945383615084,1538,1510,loftr,-99.59241923349008,scheme_d_local_map,NA,True,2149.6344281758666,306.49999999999994
1734763863000,F:\agent\UAV\data\IR-image\1734763863000.jpg,116.1993645355632,38.812115489944105,483.54,116.2241744,38.8121291,789.84,2636.023087215524,-0.5799834222517211,8.17857034474082,56.94431656695514,-2.5092078544392886,1.002594435697098,0.9629120879120879,1456,1402,loftr,-99.59241923349008,scheme_d_local_map,NA,True,2149.62156085777,306.3
1734763863200,F:\agent\UAV\data\IR-image\1734763863200.jpg,116.1993898432956,38.812166315828286,483.54,116.2242279,38.8121291,789.74,2638.2183088810266,5.077954004873677,-8.507308827214217,60.37347928789069,-2.576222658183893,1.0035946531501854,0.8843390804597702,1392,1231,loftr,-99.59241923349008,scheme_d_local_map,NA,True,2152.066924335251,306.2
1734763863400,F:\agent\UAV\data\IR-image\1734763863400.jpg,116.19940256796109,38.812206775384006,483.54,116.2242813,38.8121288,789.78,2639.3220609250334,9.58191174769779,-21.48887751881773,61.321608611613215,-2.4162451026946306,1.0028224721239587,0.7875647668393783,1351,1064,loftr,-99.59241923349008,scheme_d_local_map,NA,True,2155.6040400958427,306.23999999999995
1734763863600,F:\agent\UAV\data\IR-image\1734763863600.jpg,116.19945113669532,38.81229618356677,483.54,116.2243347,38.8121285,789.84,2643.5349685063966,19.53483065325418,-51.00543314678265,68.32608037284945,-2.212584019218188,1.0053179673290495,0.9547198772064467,1303,1244,loftr,-99.59241923349008,scheme_d_local_map,NA,True,2156.0844768450406,306.3
1734763863800,F:\agent\UAV\data\IR-image\1734763863800.jpg,116.19946769662353,38.81232069084502,483.54,116.224388,38.8121282,789.93,2644.971395626856,22.262980867308592,-59.227819786325085,71.02553742516102,-1.3522165791857403,1.0049834504391932,0.9567854435178166,1319,1262,loftr,-99.59241923349008,scheme_d_local_map,NA,True,2159.2928680242826,306.38999999999993
1734763864000,F:\agent\UAV\data\IR-image\1734763864000.jpg,116.19947773805077,38.81229924409586,483.54,116.2244412,38.8121278,790.08,2645.842400516499,19.875528751024426,-53.02762429904874,74.55285179946304,-0.40002582006134585,1.0041674391616893,0.9099702380952381,1344,1223,loftr,-99.59241923349008,scheme_d_local_map,NA,True,2163.0105416406204,306.54
