timestamp,image_path,pred_lon,pred_lat,pred_alt,gt_lon,gt_lat,gt_alt,pixel_dx,pixel_dy,inlier_ratio,scale_confidence,yaw_deg,blur_score,method,raw_alt_estimate,flight_phase,phase_confidence,phase_from_vision,scale_trend,scale_trend_ratio,up_ratio,down_ratio,stable_ratio,scale_method,divergence_ratio,affine_scale,consistency_diff,pixels_per_meter_used,is_alt_fixed,cumulative_window_n,delta_alt_cumulative,mpp_history_median,mpp_current_raw,mpp_ratio,alt_fixed_triggered,physics_flag,ekf_innovation_alt,ekf_v_alt,ekf_update_mode,is_keyframe_reset,num_tracked,affine_rotation_deg,phase_dx,phase_dy,phase_response,fourier_rotation_deg,fourier_response,map_pixel_dx,map_pixel_dy,horizontal_error,altitude_error
1734763664200,F:\agent\UAV\data\IR-image\1734763664200.jpg,116.168975,38.8121207,483.54,116.168975,38.8121207,483.54,0.0,0.0,0.8336933045356372,0.0,-101.32000000000026,2069.682235590285,initial,483.54,C,1.0,C,transition,"up=0.000,stable=0.000,down=0.000",0.0,0.0,0.0,4,,,,,False,0,,,,,0,0,0.0,0.0,3,True,500,,,,0.0,,0.0,,,0.0,0.0
1734763664400,F:\agent\UAV\data\IR-image\1734763664400.jpg,116.16903220111931,38.81212275982366,482.85794583066775,116.1690312,38.8121209,484.06,-3.2004424972495826,13.459261937601752,0.7379032258064516,0.84,-100.72981881959346,2790.3574093147745,lk,482.7207423592081,C,0.5,A_up,up,"up=0.000,stable=0.000,down=0.000",0.0,0.0,0.0,1,1.0022532825643715,1.0011416679282554,0.0011116146361160872,2.787617990195438,False,1,-1.0871027016129633,0.35903362187508686,0.35872921021358833,0.9991521360592673,0,0,-0.8192576407919319,-3.401766396651986e-08,1,False,366,-0.590181180406808,-4.902612266898075,12.86064304112844,0.9015306564047932,,0.2940217964060139,,,0.22425776362087876,1.202054169332257
1734763664600,F:\agent\UAV\data\IR-image\1734763664600.jpg,116.16903242878546,38.812122768021965,482.8579458238642,116.1690873,38.8121209,484.58,-3.9541460123271577,8.881526857376372,0.47584789311408016,0.84,-100.50863547477073,5070.417090787356,orb+phase,482.0714530244842,C,0.5,A_up,up,"up=0.000,stable=0.000,down=0.000",0.0,0.0,0.0,1,1.0013033534456777,1.0014863895317314,0.000183036086053745,2.7914613676033646,False,2,-1.7126716469959196,0.35872921021358833,0.35824669717901836,0.9986549379843289,0,0,-0.8018295336579513,-3.401766396651986e-08,3,True,463,-0.22118334482273688,-3.9541460123271577,8.881526857376372,0.9160795072093606,,0.3273996934585739,,,4.75878619957998,1.7220541761357708
1734763664800,F:\agent\UAV\data\IR-image\1734763664800.jpg,116.16909675960314,38.81214154689961,482.49783057217786,116.1691435,38.8121208,485.11,-8.457865410245915,14.24866648510124,0.655241935483871,0.84,-100.09707447855871,4387.137644921206,lk,481.9777752231664,C,0.5,A_up,up,"up=0.000,stable=0.000,down=0.000",0.0,0.0,0.0,1,1.0015584370083521,1.00195032057132,0.0003918835629679318,2.791634865013775,False,3,-2.4613394969477924,0.3584879536963034,0.35817708143489885,0.9991328236884972,0,0,-0.8317888488621747,-0.003115592835692063,1,False,325,-0.41156099621202186,-9.51435437134569,13.431331609642456,0.9636174551211297,,0.33784805121831596,,,4.660754423049968,2.6121694278221526
1734763665000,F:\agent\UAV\data\IR-image\1734763665000.jpg,116.16914620830366,38.81214773914956,482.24130411899176,116.1691998,38.8121208,485.62,-3.905626375567806,11.353829793794887,0.8615384615384616,0.84,-99.88533180029341,5091.775491268848,lk,482.1026509125951,C,0.5,A_up,up,"up=0.000,stable=0.000,down=0.000",0.0,0.0,0.0,1,0.9987297826386642,1.000677913645677,0.0019481310070127433,2.7929123913975706,False,4,-1.8489729225205676,0.35826988158519835,0.35826988158519835,1.0,0,0,-0.6915375780625936,-0.009041518102234768,1,False,280,-0.2117426782652965,-4.075293427578458,11.336306467035257,0.960501543385908,,0.36920993981766514,,,5.525764614233588,3.378695881008241
1734763665200,F:\agent\UAV\data\IR-image\1734763665200.jpg,116.16921104404807,38.81215624358531,482.08727623295215,116.169256,38.8121206,486.12,-5.263207236976029,14.847406178437382,0.7571428571428571,0.84,-99.98346666279079,5265.783913881323,lk,481.8476654090721,C,0.5,A_up,up,"up=0.000,stable=0.000,down=0.000",0.0,0.0,0.0,1,1.0003348117127113,1.0007925710357282,0.00045775932301683753,2.793853051385647,False,5,-2.0087722192864974,0.35825828938210835,0.35808039159591865,0.9995034370691143,0,0,-0.5960446776538788,-0.016888748723473332,1,False,212,0.09813486249737662,-5.054840465476673,14.703667359766229,0.9469876596704125,,0.36287649325095117,,,5.557040043192616,4.032723767047855
1734763665400,F:\agent\UAV\data\IR-image\1734763665400.jpg,116.16921196968642,38.81215638299577,482.08389848320746,116.1693123,38.8121203,486.59,-10.208207673871698,7.772019187273969,0.441,0.84,-100.14882849716643,3039.052411629995,orb+phase,481.76078192791783,C,0.5,A_up,up,"up=0.000,stable=0.000,down=0.000",0.0,0.0,0.0,1,1.0006457708864478,1.0005394278597612,0.0001063430266865506,2.794306453335836,False,6,-2.317942963821249,0.35824669717901836,0.3580158249845426,0.9993555496916127,0,0,-0.5185984300931636,-0.016888748723473332,3,True,441,0.16536183437564075,-10.208207673871698,7.772019187273969,0.8870111646130681,,0.30175940168555826,,,9.574256032492691,4.506101516792512
1734763665600,F:\agent\UAV\data\IR-image\1734763665600.jpg,116.16922961675361,38.81222219958789,482.0805207334628,116.1693685,38.81212,487.15,-20.805367070346847,0.34174933339522795,0.5529531568228105,0.168,-100.27991901954842,5662.808925111211,orb,481.2192316405543,C,0.5,A_up,up,"up=0.000,stable=0.000,down=0.000",0.0,0.0,0.0,1,1.0004586478410524,1.0028291400905138,0.002370492249461398,2.7947764815585914,False,7,-2.5378679254178507,0.3582118893069586,0.35761337717190583,0.9983291673087381,0,1,-0.5962108001731394,-0.016888748723473332,2,False,543,0.13109052238197655,-20.57290385269755,0.013960553138701925,0.9474481770768761,,0.325671344762668,,,16.55126687831129,5.069479266537201
1734763665800,F:\agent\UAV\data\IR-image\1734763665800.jpg,116.16928783111426,38.812230542892486,481.9048607850038,116.1694246,38.8121198,487.76,-4.885797944502315,13.201568633074714,1.0,0.84,-100.20201212930967,5676.659542171807,lk,481.6070514561143,C,0.5,A_up,up,"up=0.000,stable=0.000,down=0.000",0.0,0.0,0.0,1,1.0029601304307019,1.0009260990696185,0.002034031361083377,2.794597918290906,False,8,-3.953159496737691,0.35817708143489885,0.35790158168423125,0.9992308280877048,0,0,-0.5620681911410657,-0.047128805286104136,1,False,543,-0.07790689023875523,-5.013937772166514,12.942600668247309,0.9704501037485898,,0.3942985874164151,,,17.08984107574609,5.8551392149962
1734763666000,F:\agent\UAV\data\IR-image\1734763666000.jpg,116.16931230743103,38.81220017942649,481.89543502394656,116.1694808,38.8121197,488.33,8.441366754916032,7.217283175240823,1.0,0.252,-100.04285833947166,5168.802823350989,lk,481.44931284077006,C,0.7333333333333333,A_up,transition,"up=0.000,stable=0.500,down=0.400",0.0,0.4,0.5,1,1.003637807168152,1.0005412503071927,0.003096556860959332,2.795397736033316,False,9,-5.6840346893193425,0.3581287365154088,0.35778435977115153,0.9990383995777383,0,3,-0.5181310734549243,-0.047128805286104136,2,False,543,-0.15915378983800782,7.980411523146074,7.203963158519031,0.9868066227529197,,0.392675049835816,,,17.12334439931136,6.434564976053423
1734763666200,F:\agent\UAV\data\IR-image\1734763666200.jpg,116.16933421361483,38.81215242323743,481.83898482559783,116.169537,38.8121196,488.97,13.896338350345957,7.41178855643733,1.0,0.6719999999999999,-99.60305563491669,5281.21055640638,lk,482.3454891636953,A_up,0.7469696969696968,A_up,transition,"up=0.000,stable=0.545,down=0.364",0.0,0.36363636363636365,0.5454545454545454,1,1.0005750508285571,1.000671146403952,9.609557539480562e-05,2.793945794574057,False,10,-5.957606533264918,0.35817708143489885,0.35845034446234975,1.0007629271709853,0,0,-0.2585459619517678,-0.056356252683882016,1,False,543,-0.4398027045549807,13.389793292282263,7.219892803350007,0.9738878485746681,,0.36795978934969753,,,17.945254346524038,7.131015174402194
1734763666400,F:\agent\UAV\data\IR-image\1734763666400.jpg,116.16938896043271,38.812107890010125,481.82771357506107,116.1695933,38.8121197,489.59,11.569888020562985,15.029231470401953,1.0,0.05376,-99.45079262166125,3119.9307705552783,lk,481.68031015187444,A_up,0.7583333333333333,A_up,transition,"up=0.000,stable=0.583,down=0.333",0.0,0.3333333333333333,0.5833333333333334,1,0.9987053097444216,1.0001581860619704,0.001452876317548757,2.7939692160944594,False,10,-4.266320296254292,0.3581287365154088,0.35795602316926645,0.9995177339081392,0,1,-0.2042877013768134,-0.056356252683882016,2,False,543,-0.15226301325543143,11.510737639403544,14.872743501482034,0.9365216329693794,,0.362106088839937,,,17.7533951344766,7.762286424938907
1734763666600,F:\agent\UAV\data\IR-image\1734763666600.jpg,116.16943942338331,38.81216301901734,481.8164423245243,116.1696498,38.8121196,490.14,-18.83874067561021,8.918804762993432,0.998158379373849,0.05376,-99.27967250694576,5661.239113469337,lk,481.6891945278659,A_up,0.7448717948717948,A_up,transition,"up=0.000,stable=0.538,down=0.385",0.0,0.38461538461538464,0.5384615384615384,1,1.0020434985577125,1.0010913543148687,0.0009521442428437332,2.793871624803068,False,10,-4.618956143159676,0.35808039159591865,0.3579626255066076,0.9996711182961285,0,1,-0.1761931108991348,-0.056356252683882016,2,False,542,-0.17112011471548588,-19.19521027809725,8.818442474972926,0.9469714323058724,,0.36525609550153604,,,18.85637887325341,8.323557675475683
1734763666800,F:\agent\UAV\data\IR-image\1734763666800.jpg,116.16947401234776,38.812151438588344,481.80517107398754,116.1697062,38.8121196,490.75,2.315908397667158,8.436060259411136,1.0,0.2688,-99.31391263588036,3776.3579028028144,lk,481.6977006274107,A_up,0.7547619047619046,A_up,transition,"up=0.000,stable=0.571,down=0.357",0.0,0.35714285714285715,0.5714285714285714,1,1.0012052526085946,1.0006020709438475,0.0006031816647471544,2.793758807542902,False,10,-4.450516208167733,0.3580481082902306,0.35796894673149804,0.999778908038055,0,0,-0.1454723169173917,-0.056356252683882016,2,False,542,0.03424012893460131,2.6618174036308346,8.221739689161552,0.9605705664493144,,0.3834316147840582,,,20.426752736502788,8.944828926012462
1734763667000,F:\agent\UAV\data\IR-image\1734763667000.jpg,116.16951400383876,38.812112228600874,481.7938998234508,116.1697627,38.8121195,491.42,10.614428384952475,11.047447982004712,1.0,0.2688,-99.10099918871413,2167.10215749397,lk,481.7096103812935,A_up,0.7633333333333332,A_up,transition,"up=0.000,stable=0.600,down=0.333",0.0,0.3333333333333333,0.6,1,1.0010218137364233,1.0002362757886192,0.0007855379478041158,2.79355323611411,False,10,-5.543381400849958,0.3580158249845426,0.35797779734890334,0.9998937822493157,0,0,-0.09875679018614392,-0.056356252683882016,2,False,542,-0.2129134471662311,10.61778377215586,11.10864609164878,0.9867641638964415,,0.3765054028481245,,,21.56314756500714,9.626100176549244
1734763667200,F:\agent\UAV\data\IR-image\1734763667200.jpg,116.16956755485475,38.812120164374136,481.782628572914,116.1698192,38.8121194,492.09,-4.358359035559204,11.954224938340246,1.0,0.2688,-98.80226709595901,2128.5589935021007,lk,481.7076471437225,A_up,0.7708333333333333,A_up,stable,"up=0.000,stable=0.625,down=0.312",0.0,0.3125,0.625,1,1.0044319277678575,1.0006629360987378,0.0037689916691197034,2.7934656893030487,False,10,-7.4858502576928325,0.357996811166723,0.357976338388056,0.9999428129580252,0,0,-0.07238928346913553,-0.056356252683882016,2,False,542,-0.2987320927551139,-4.390187784609736,11.735429273306579,0.9873696438036859,,0.40727188155869953,,,21.803659108401337,10.307371427085968
1734763667400,F:\agent\UAV\data\IR-image\1734763667400.jpg,116.1696056176742,38.812134884902285,481.77135732237724,116.1698757,38.8121193,492.77,-5.829260585486907,7.895523751605992,1.0,0.2688,-98.63094644624759,4396.074432343842,lk,481.7058813624989,A_up,0.7774509803921568,A_up,stable,"up=0.000,stable=0.647,down=0.294",0.0,0.29411764705882354,0.6470588235294118,1,1.004901095348014,1.0006229898496681,0.004278105498345841,2.7934749115360145,False,10,-9.494071251380541,0.35797779734890334,0.3579750261649668,0.9999922587826477,0,0,-0.06270832609391164,-0.056356252683882016,2,False,542,-0.17132064971141917,-6.922980348059639,8.020354958983347,0.9485998770222068,,0.3813106528832577,,,23.465038404909205,10.99864267762274
1734763667600,F:\agent\UAV\data\IR-image\1734763667600.jpg,116.16965552303824,38.81212100197796,481.7600860718405,116.1699323,38.8121191,493.49,2.524709383185268,12.044395417276633,1.0,0.2688,-98.78079908594503,4651.611163157821,lk,481.7023393298245,A_up,0.7833333333333332,A_up,stable,"up=0.000,stable=0.667,down=0.278",0.0,0.2777777777777778,0.6666666666666666,1,1.0014630811558665,1.0004894091827052,0.0009736719731612276,2.793645449196983,False,10,-9.967516062137776,0.35797706786847966,0.3579723939379412,0.9999869434917542,0,0,-0.08084290666988636,-0.056356252683882016,2,False,542,0.14985263969744395,2.436948552427225,11.831833501446653,0.9973760508000851,,0.3735273572965525,,,23.98194217527451,11.729913928159533
1734763667800,F:\agent\UAV\data\IR-image\1734763667800.jpg,116.1696957194534,38.8121384817991,481.7488148213037,116.1699891,38.8121188,494.14,-6.8108799530273245,8.146598989184326,1.0,0.2688,-99.10787183347587,3367.017826560652,lk,481.71517434981456,A_up,0.7885964912280701,A_up,stable,"up=0.000,stable=0.684,down=0.263",0.0,0.2631578947368421,0.6842105263157895,1,1.0030414840991932,1.000791440853759,0.002250043245434208,2.7936211494670338,False,10,-10.005547638948036,0.35797779734890334,0.35798193215782714,1.0000115504619405,0,0,-0.06538186986477967,-0.056356252683882016,2,False,542,0.3270727475308404,-6.79816241013657,8.14569619880561,0.9802962500602007,,0.3095143736572936,,,25.513641484570634,12.391185178696276
1734763668000,F:\agent\UAV\data\IR-image\1734763668000.jpg,116.16975588575505,38.81215144383518,481.73754357076695,116.1700459,38.8121185,494.74,-6.28784672676403,13.057535028054758,1.0,0.2688,-99.6493516715924,2606.652834799057,lk,481.7169966309612,A_up,0.7783333333333333,A_up,stable,"up=0.000,stable=0.650,down=0.300",0.0,0.3,0.65,1,1.0033141632706624,1.001016023221726,0.002298140048936359,2.793600100534508,False,10,-9.853144599084324,0.35797986475336524,0.3579832863682829,1.000009558121153,0,0,-0.05048128022650644,-0.056356252683882016,2,False,542,0.5414798381165291,-6.187953037218847,12.948936621545357,0.942644075024873,,0.22515476687112823,,,25.393542357184472,13.002456429233064
1734763668200,F:\agent\UAV\data\IR-image\1734763668200.jpg,116.16979517696912,38.81216093629628,481.7262723202302,116.1701029,38.8121181,495.3,-4.443927269908215,8.15407076415812,1.0,0.2688,-100.2871666994653,2500.2191436678086,lk,481.71849263772555,A_up,0.7933333333333332,A_up,stable,"up=0.000,stable=0.700,down=0.300",0.0,0.3,0.7,1,1.000662760998662,1.000868394367408,0.00020563336874590554,2.7935841038737523,False,10,-9.89427474457323,0.35798193215782714,0.35798439811111465,1.0000068884853284,0,0,-0.036451786429665844,-0.056356252683882016,2,False,542,0.6378150278729046,-4.5003100697757645,8.096151688080965,1.000136253144592,,0.2045837197219953,,,27.084414586305595,13.573727679769831
1734763668400,F:\agent\UAV\data\IR-image\1734763668400.jpg,116.16982995447529,38.812147980179894,481.7150010696934,116.1701599,38.8121177,495.86,2.586822482080777,8.309997614260908,1.0,0.2688,-100.62986531202066,3482.357522077403,lk,481.69320359968947,A_up,0.8083333333333332,A_up,stable,"up=0.000,stable=0.750,down=0.250",0.0,0.25,0.75,1,0.9962325874470193,1.0001953402379298,0.003962752790910518,2.7936108309213292,False,10,-8.722949044262288,0.35797986475336524,0.35796560480922046,0.9999601655133464,0,0,-0.02978896116400165,-0.056356252683882016,2,False,542,0.34269861255535683,3.20968882303157,8.132075118089148,0.9237653847783804,,0.2753951408085413,,,28.78532804449917,14.144998930306599
1734763668600,F:\agent\UAV\data\IR-image\1734763668600.jpg,116.16989668269954,38.81219098503684,481.70372981915665,116.170217,38.8121175,496.36,-15.976164604166627,12.651103192332869,0.959409594095941,0.016128,-100.72778271709656,4845.60414579614,lk,481.6857005277482,A_up,0.8233333333333333,A_up,stable,"up=0.000,stable=0.800,down=0.200",0.0,0.2,0.8,1,1.0015397836793163,1.000959568380306,0.0005802152990102005,2.7936458397847073,False,10,-8.484863669620788,0.35797779734890334,0.357960028974508,0.9999503645909693,0,1,-0.024553998957628664,-0.056356252683882016,2,False,520,0.09791740507590886,-15.512906816356178,12.30909560140671,0.9522581730037928,,0.34303024478140287,,,28.931378969499505,14.656270180843364
1734763668800,F:\agent\UAV\data\IR-image\1734763668800.jpg,116.16992721000285,38.81218659275161,481.6924585686199,116.1702741,38.8121173,496.9,0.20997848083800363,6.729133094782242,1.0,0.2688,-100.61826111756822,2760.960764630884,lk,481.67770583236893,A_up,0.8383333333333333,A_up,stable,"up=0.000,stable=0.850,down=0.150",0.0,0.15,0.85,1,0.9982963373934953,0.9998606937944958,0.0015643564010004996,2.7936848270732653,False,10,-7.105794654374317,0.35797706786847966,0.35795408779463395,0.9999358057375504,0,0,-0.0200048255993579,-0.056356252683882016,2,False,520,-0.1095215995283335,0.8671544964115583,6.823008236347192,0.9630806441884487,,0.38265226292423904,,,31.027757473226416,15.207541431380093
1734763669000,F:\agent\UAV\data\IR-image\1734763669000.jpg,116.1699796516016,38.812162679694,481.6811873180831,116.1703311,38.8121172,497.63,5.2854120396988264,13.00669685979733,1.0,0.2688,-100.2303837513185,2378.356991586089,lk,481.66921611314194,A_up,0.8383333333333333,A_up,stable,"up=0.000,stable=0.850,down=0.150",0.0,0.15,0.85,1,1.004590779542002,1.0007212297650043,0.003869549776997605,2.7937283694214363,False,10,-8.791632253912226,0.357976338388056,0.3579477787426169,0.9999202191810562,0,0,-0.01624080085980495,-0.056356252683882016,2,False,520,-0.3878773662497222,5.6647265538775855,12.660809415914684,0.9925253091845662,,0.37356425388134085,,,30.86789272292387,15.948812681916877
1734763669200,F:\agent\UAV\data\IR-image\1734763669200.jpg,116.17003022879769,38.81213270192574,481.66991606754635,116.170388,38.8121171,498.34,7.2954883339927505,12.796844632236855,1.0,0.1568,-99.81403666152612,2238.817684241673,lk,481.66011440972164,A_up,0.8383333333333333,A_up,stable,"up=0.000,stable=0.850,down=0.150",0.0,0.15,0.85,2,1.005585689728677,0.999589825741726,0.005995863986951067,2.7937793871330054,False,10,-9.333985180389682,0.3579756822765114,0.3579410149005172,0.9999031571760023,0,0,-0.013765321180073897,-0.056356252683882016,2,False,520,-0.41634708979238305,7.097240341522877,13.018325698709901,0.9553626291221008,,0.3762881178408861,,,31.04716502603768,16.670083932453622
1734763669400,F:\agent\UAV\data\IR-image\1734763669400.jpg,116.17008775983697,38.81210883086609,481.6586448170096,116.170445,38.812117,499.06,5.142885359492766,14.075076477037669,1.0,0.1568,-99.68208237809749,4028.482562658479,lk,481.6507985523259,A_up,0.8383333333333333,A_up,stable,"up=0.000,stable=0.850,down=0.150",0.0,0.15,0.85,2,1.0067957961332756,1.0004795866359135,0.006316209497362113,2.7938345643371734,False,10,-10.222640474564338,0.3579750261649668,0.35793409191198,0.9998856505342696,0,0,-0.012006602311373626,-0.056356252683882016,2,False,520,-0.1319542834286274,4.283765329312473,13.961567596469507,0.9435285994783044,,0.3918219894403592,,,30.96597685157498,17.401355182990415
1734763669600,F:\agent\UAV\data\IR-image\1734763669600.jpg,116.17013093420903,38.81211833710698,481.6473735664728,116.170502,38.8121168,499.84,-4.53939755266714,8.84038475485346,1.0,0.2688,-99.79226881857744,3448.1495037322866,lk,481.64125619264496,A_up,0.8533333333333333,A_up,stable,"up=0.000,stable=0.900,down=0.100",0.0,0.1,0.9,1,1.0013572877077785,1.0003124549808768,0.001044832726901701,2.793891122385694,False,10,-10.172595183310047,0.357973710051454,0.3579270006004793,0.9998695170911629,0,0,-0.010485550597877591,-0.056356252683882016,2,False,520,0.1101864404799567,-5.152378285319514,8.75922952957768,1.0068740837275982,,0.3781788766209502,,,32.151008160099906,18.192626433527153
1734763669800,F:\agent\UAV\data\IR-image\1734763669800.jpg,116.17018963820958,38.81213855959015,481.63610231593606,116.170559,38.8121166,500.62,-8.455482405168198,11.943830486360298,1.0,0.2688,-99.83322544324749,3841.9523398576675,lk,481.63153382315386,A_up,0.8533333333333333,A_up,stable,"up=0.000,stable=0.900,down=0.100",0.0,0.1,0.9,1,1.000425146914795,1.0003200262859966,0.0001051206287983053,2.7939442620235857,False,10,-8.939373201443107,0.3579723939379412,0.3579197755164444,0.9998530098343115,0,0,-0.008374829915737791,-0.056356252683882016,2,False,520,0.04095662467005065,-8.12947764148106,11.692357401972373,0.9865413255989551,,0.3900790893530939,,,32.09592677686513,18.983897684063948
1734763670000,F:\agent\UAV\data\IR-image\1734763670000.jpg,116.17025137106958,38.81214601690547,481.6248310653993,116.1706161,38.8121164,501.34,-4.6003340217725395,13.315330130963218,1.0,0.2688,-99.66677975687355,4077.0679517611775,lk,481.6211347319783,A_up,0.7366666666666666,A_up,stable,"up=0.000,stable=0.900,down=0.100",0.0,0.1,0.9,1,1.0048668150905407,1.00032351100222,0.00454330408832071,2.793999727146912,False,10,-9.669525727913431,0.35797067033471963,0.3579120475332918,0.9998362357414002,0,0,-0.006664618717252324,-0.056356252683882016,2,False,520,-0.16644568637393814,-4.576684231991294,13.341808902357485,1.0165952617302536,,0.4074266490060836,,,31.772632914627753,19.715168934600683
1734763670200,F:\agent\UAV\data\IR-image\1734763670200.jpg,116.1702942538742,38.81216123083331,481.6135598148625,116.1706731,38.8121162,502.04,-6.137702601932233,8.401611497338024,1.0,0.1568,-99.27694485921408,2800.5237579343375,lk,481.61036899963307,A_up,0.7366666666666666,A_up,stable,"up=0.000,stable=0.900,down=0.100",0.0,0.1,0.9,2,1.0119375313280736,1.0003241982090487,0.011613333119024905,2.7940574901961193,False,10,-14.927591553498225,0.35796894673149804,0.357904047084331,0.999818700343257,0,0,-0.0053501188720019854,-0.056356252683882016,2,False,520,-0.38983489765946727,-6.389078744128142,8.608746102608421,0.9987544566392899,,0.3823245659004897,,,33.20437554693219,20.426440185137494
1734763670400,F:\agent\UAV\data\IR-image\1734763670400.jpg,116.17035039619785,38.812169958540586,481.60228856432576,116.17073,38.8121161,502.79,-4.53865790039481,11.908015110673205,1.0,0.1568,-98.7740688707514,2993.3907334348187,lk,481.59923541511455,A_up,0.8533333333333333,A_down,stable,"up=0.000,stable=0.900,down=0.100",0.0,0.1,0.9,2,1.0190295679805614,1.0004023284825123,0.01862723949804912,2.794117468714049,False,10,-25.367353344279874,0.35796727577035925,0.35789577326961636,0.9998002540858266,0,0,-0.004417068845270933,-0.056356252683882016,2,False,520,-0.5028759884626826,-3.8756983650928305,11.91292795571124,0.9981171633116901,,0.3824610250303522,,,33.43109535350121,21.18771143567426
1734763670600,F:\agent\UAV\data\IR-image\1734763670600.jpg,116.17041156885762,38.8121699985869,481.591017313789,116.170787,38.8121161,503.49,-1.9840390266959957,13.49045623765386,1.0,0.1568,-98.54346483164231,2461.200073116868,lk,481.5885264942016,A_up,0.8683333333333332,A_down,stable,"up=0.000,stable=0.950,down=0.050",0.0,0.05,0.95,2,1.0111215602814685,1.0007152835584416,0.010406276723026853,2.794178447134469,False,10,-29.690116103674207,0.35796560480922046,0.35788781503951717,0.9997826892621576,0,0,-0.0036559120757146957,-0.056356252683882016,2,False,520,-0.23060403910910007,-2.3867102225230497,13.620467721706518,1.012572183087468,,0.3961711782030761,,,33.07627855946943,21.898982686211014
1734763670800,F:\agent\UAV\data\IR-image\1734763670800.jpg,116.17045489695117,38.81215296022482,481.57974606325223,116.1708438,38.812116,504.18,3.9675078469339837,9.935629831720178,1.0,0.04704,-98.25579587736269,3266.4884365845373,lk,481.57772139781946,A_up,0.8683333333333332,A_down,stable,"up=0.000,stable=0.950,down=0.050",0.0,0.05,0.95,2,1.0060155674238076,0.9994150859882752,0.006600481435532379,2.7942402069636882,False,10,-33.15680829556176,0.35796411515791404,0.3578797853375564,0.9997644182285689,0,3,-0.0030289694692555713,-0.056356252683882016,2,False,520,-0.28766895427962325,4.765971483294379,9.9578028376811,1.0046583289280533,,0.40603409343748353,,,33.94573775627056,22.600253936747777
1734763671000,F:\agent\UAV\data\IR-image\1734763671000.jpg,116.17051865408662,38.8121680809155,481.56847481271546,116.1709005,38.812116,504.96,-6.547181177917082,13.416492481895204,1.0,0.1568,-97.79559014711286,4341.022785947984,lk,481.5668319894072,A_up,0.8683333333333332,A_down,stable,"up=0.000,stable=0.950,down=0.050",0.0,0.05,0.95,2,1.019252326300564,1.000707265035731,0.018545061264833018,2.7943026522892356,False,10,-39.60627017750569,0.3579626255066076,0.35787169297993293,0.9997459720088208,0,0,-0.0025196937853024792,-0.056356252683882016,2,False,520,-0.4602057302498199,-5.561788654344696,13.280774601662813,0.9773795021232218,,0.37958648102357984,,,33.5875916801123,23.391525187284515
1734763671200,F:\agent\UAV\data\IR-image\1734763671200.jpg,116.17056603379683,38.812092925618785,481.5572035621787,116.170957,38.8121159,505.74,21.889689680902563,13.14553728291861,0.6788461538461539,0.009408,-97.53413838895207,1858.5344022744898,lk,481.55587059031944,A_up,0.8683333333333332,A_down,stable,"up=0.000,stable=0.950,down=0.050",0.0,0.05,0.95,2,1.0143390134765549,0.9994972516962792,0.01484176178027563,2.794365667005052,False,10,-43.419203895912105,0.35796132724055785,0.35786354712314133,0.9997268416726179,0,1,-0.0021080605731071955,-0.056356252683882016,2,False,353,-0.26145175816079463,19.73949559461761,13.295424246341724,0.9266774471849203,,0.33453377592377365,,,33.97099892946441,24.18279643782131
1734763671400,F:\agent\UAV\data\IR-image\1734763671400.jpg,116.17061708422328,38.81211844526976,481.54593231164193,116.1710134,38.8121158,506.55,-9.28800953077507,9.927145874042708,0.9943342776203966,0.2688,-97.21942180454619,2811.0050593465567,lk,481.54485340036166,A_up,0.8683333333333332,A_down,stable,"up=0.000,stable=0.950,down=0.050",0.0,0.05,0.95,1,1.0041433437794447,0.9999611716578313,0.0041821721216134256,2.7944290438616513,False,10,-42.26086983086652,0.357960028974508,0.357855359805909,0.9997075953734307,0,0,-0.0017583427548970576,-0.056356252683882016,2,False,351,-0.3147165844058876,-6.172933281704445,10.00665120653099,0.8990270677953959,,0.31328559218673036,,,34.339568804185916,25.004067688358077
1734763671600,F:\agent\UAV\data\IR-image\1734763671600.jpg,116.17062283560584,38.812118436948694,481.53466106110517,116.1710695,38.8121155,507.44,-17.202735137406933,10.006229367170022,0.235,0.05376,-97.196159999338,1498.8944675442206,orb+phase,481.533785170427,A_up,0.8683333333333332,A_down,stable,"up=0.000,stable=0.950,down=0.050",0.0,0.05,0.95,1,0.9979528898327158,0.9998745668944962,0.0019216770617803691,2.794492668899736,False,10,-40.76134686384388,0.3579580260718872,0.3578471345588158,0.9996902108487737,0,1,-0.0014508949681726335,-0.056356252683882016,3,True,235,-0.023261805208187884,-17.202735137406933,10.006229367170022,0.9154834336601197,,0.28665175748756155,,,38.70208303826334,25.90533893889483
1734763671800,F:\agent\UAV\data\IR-image\1734763671800.jpg,116.1706285869884,38.81211842862763,481.5233898105684,116.1711253,38.8121149,508.4,-8.372711693978715,7.985685949158778,0.30410654827968925,0.2688,-97.41567455950282,1792.9795721232797,orb+phase,481.5226711643847,A_up,0.8533333333333333,A_down,stable,"up=0.000,stable=0.900,down=0.100",0.0,0.1,0.9,1,1.002061659538771,1.0048704578610927,0.002808798322321726,2.794556508132883,False,10,-41.48022292976645,0.35795602316926645,0.35783887529365477,0.9996727310953606,0,0,-0.0011798552993127487,-0.056356252683882016,3,True,274,0.2195145601648267,-8.372711693978715,7.985685949158778,0.9461268136277795,,0.2916325509431772,,,43.03889683681059,26.876610189431574
1734763672000,F:\agent\UAV\data\IR-image\1734763672000.jpg,116.17063433837096,38.81211842030656,481.51211856003164,116.171181,38.8121143,509.4,-22.19205325759242,12.275151492883055,0.43402061855670104,0.05376,-97.54634845902667,2065.641582486629,orb+phase,481.5115154092459,A_up,0.8533333333333333,A_down,stable,"up=0.000,stable=0.900,down=0.100",0.0,0.1,0.9,1,1.0009965698065026,1.0033836291031297,0.002387059296627081,2.794620670600057,False,10,-39.77791235915969,0.35795505548195017,0.35783058500306003,0.9996522734433166,0,1,-0.0009640060608262502,-0.056356252683882016,3,True,421,0.1306738995238552,-22.19205325759242,12.275151492883055,0.9564935453236103,,0.32162723527289927,,,47.36706287636751,27.88788143996834
1734763672200,F:\agent\UAV\data\IR-image\1734763672200.jpg,116.17068525968949,38.81212615217255,480.97758723133865,116.1712364,38.8121138,510.4,-3.897924970610518,10.507693479847546,0.8084677419354839,0.96,-97.95015672768461,3708.42373921033,lk,479.35025259706026,A_down,0.8383333333333333,A_down,stable,"up=0.000,stable=0.850,down=0.150",0.0,0.15,0.85,1,1.0037994673252337,1.0014175979272701,0.0023818693979635874,2.797808420953335,False,10,-36.1958106833787,0.35795408779463395,0.35622446362967514,0.995168027900966,0,0,-0.5383140769631041,-0.17158939549176866,1,False,401,0.4038082686579373,-4.7515680803729765,10.337839736268847,0.9628221603110433,,0.24039348069345579,,,47.772643357110134,29.42241276866133
1734763672400,F:\agent\UAV\data\IR-image\1734763672400.jpg,116.1707312463394,38.81211326320625,480.4459795766263,116.1712917,38.8121132,511.41,2.483568621637062,10.21148988177606,0.8553615960099751,0.96,-98.78593617776161,2058.6615684294707,lk,479.23953434572866,A_down,0.8383333333333333,A_down,stable,"up=0.000,stable=0.850,down=0.150",0.0,0.15,0.85,1,1.0035494327589438,1.000995254633862,0.002554178125081741,2.8031632001728854,False,10,-29.292849115138562,0.3579509332686254,0.3561421844413761,0.9949469364118351,0,0,-0.8995010985642011,-0.333605070239905,1,False,343,0.8357794500770053,1.4640560484104412,10.072662390416298,0.8858828593045474,,0.18388949084328488,,,48.559843880299844,30.96402042337371
1734763672600,F:\agent\UAV\data\IR-image\1734763672600.jpg,116.17078884887982,38.812123711792026,479.93885010081726,116.1713467,38.8121126,512.44,-5.413664029474603,11.721730193148801,0.9125364431486881,0.96,-100.17598430709187,4147.206051958166,lk,479.35697855326237,A_down,0.8233333333333333,A_down,stable,"up=0.050,stable=0.800,down=0.150",0.05,0.15,0.8,1,1.0037061599390453,0.9988605329097937,0.00484562702925162,2.807027052678819,False,10,-25.925608034413628,0.3579477787426169,0.35622946195840766,0.9951995322048225,0,0,-0.9962670959142201,-0.5461189501140113,1,False,313,1.390048129330247,-6.98750058172476,11.513007612922422,0.68528021434322,-1.0658374877765309,0.29220955014170613,,,48.350136015623484,32.50114989918279
1734763672800,F:\agent\UAV\data\IR-image\1734763672800.jpg,116.17081675373966,38.812100648086854,479.8296263107945,116.1714015,38.8121122,513.49,6.069688533659473,6.5007127660493325,0.987220447284345,0.288,-100.75248898513507,4342.598660533092,lk,478.6149579430946,A_down,0.8233333333333333,A_down,stable,"up=0.050,stable=0.800,down=0.150",0.05,0.15,0.8,1,1.0020676204757863,1.0000387299938749,0.0020288904819114606,2.810845973459128,False,10,-24.107536566341967,0.3579443968215671,0.35567803658118696,0.993668401403948,0,3,-1.097942559005162,-0.5461189501140113,2,False,309,0.5765046780432099,5.614672636828402,6.438031792228458,0.9292092427611351,,0.2210138225927949,,,50.68093247638215,33.66037368920553
1734763673000,F:\agent\UAV\data\IR-image\1734763673000.jpg,116.17082795402835,38.812029727480066,479.7204025207717,116.171456,38.812112,514.57,21.418192359032673,5.312191352303103,0.8867313915857605,0.192,-100.84324895333762,2010.6954465139563,lk,479.3877227017335,A_down,0.8083333333333332,A_down,stable,"up=0.100,stable=0.750,down=0.150",0.1,0.15,0.75,1,0.9985794603792728,0.9983317899699866,0.00024767040928619366,2.8106821405852718,False,10,-14.669712817478143,0.3579410149005172,0.356252309172401,0.995282167570024,0,1,-0.9608138036992386,-0.5461189501140113,2,False,274,0.09075996820254732,21.895597512276424,5.404284997943279,0.8942470021545887,,0.28848081741307396,,,55.17996475681821,34.84959747922835
1734763673200,F:\agent\UAV\data\IR-image\1734763673200.jpg,116.17083426839216,38.81202941631503,479.6111787307489,116.1715104,38.812112,515.65,-14.43008708056118,13.548670918775088,0.3203371970495258,0.192,-100.35983130075799,3016.515542849861,orb+phase,477.83592912924934,A_down,0.7933333333333332,A_down,stable,"up=0.100,stable=0.700,down=0.200",0.1,0.2,0.7,1,1.0064946906598833,1.0051265839676893,0.0013681066921940044,2.8127222601878272,False,10,-11.04273007389269,0.3579375534062486,0.3550991089184589,0.9920700008680896,0,1,-1.1988432194685856,-0.5461189501140113,3,True,304,-0.4834176525796364,-14.43008708056118,13.548670918775088,0.8861096024513244,,0.27804445670335554,,,59.29800457495705,36.03882126925106
1734763673400,F:\agent\UAV\data\IR-image\1734763673400.jpg,116.17084058275596,38.81202910514999,479.50195494072614,116.1715648,38.8121122,516.52,17.35801139169621,22.244428077463596,0.27129337539432175,0.192,-99.47664094625584,4046.865353225318,orb+phase,479.4728618430242,A_down,0.7783333333333333,A_down,stable,"up=0.150,stable=0.650,down=0.200",0.15,0.2,0.65,1,1.001643552812871,0.9980664818034866,0.003577071009384536,2.8119506849964866,False,10,-9.871080378310245,0.35793409191198,0.35631557949462545,0.9954781831238568,0,1,-0.958347180867122,-0.5461189501140113,3,True,258,-0.8831903545021457,17.35801139169621,22.244428077463596,0.7784017886966467,,0.23159253469202667,,,63.425606634056024,37.018045059273845
1734763673600,F:\agent\UAV\data\IR-image\1734763673600.jpg,116.17084689711976,38.81202879398495,479.39273115070336,116.1716193,38.8121123,517.23,2.5066985966400352,7.5018848915621845,0.3408624229979466,0.96,-99.56692871728895,2687.0754265784376,orb+phase,478.9777006825021,A_down,0.7783333333333333,A_down,stable,"up=0.150,stable=0.650,down=0.200",0.15,0.2,0.65,1,0.9987033261130382,0.9995994394261092,0.0008961133130709342,2.811330964934035,False,10,-10.221637127097166,0.35793054625622966,0.35594760530902403,0.9944599840166027,0,0,-0.7436348951154628,-0.5461189501140113,3,True,332,0.09028777103310423,2.5066985966400352,7.5018848915621845,0.9691858503036201,,0.29077160300221294,,,67.56506363602094,37.83726884929666
1734763673800,F:\agent\UAV\data\IR-image\1734763673800.jpg,116.17088746134579,38.81208538893977,479.2835073606806,116.1716735,38.8121121,518.03,-18.93065798170528,4.874940002709764,0.8044354838709677,0.192,-100.68473471977387,5035.557760403072,lk,478.4369202869964,A_down,0.7633333333333332,A_down,transition,"up=0.150,stable=0.600,down=0.250",0.15,0.25,0.6,1,0.9971065262813994,1.001890436352441,0.004783910071041619,2.811835152295824,False,10,-7.888287892685196,0.3579270006004793,0.35554572963401027,0.9933470485253304,0,1,-0.7202371980152407,-0.5461189501140113,2,False,399,1.117806002484921,-18.619773988623365,5.063598281049821,0.6593316871672869,-0.8158224494528654,0.2582034690422006,,,68.1701361641643,38.7464926393194
1734763674000,F:\agent\UAV\data\IR-image\1734763674000.jpg,116.17092457372524,38.81206042796615,478.65809751047567,116.1717273,38.8121119,518.86,6.128479934984341,8.799355402202309,0.9373433583959899,0.96,-101.24112712086638,5526.347541059841,lk,478.6888452034847,A_down,0.7633333333333332,A_down,transition,"up=0.150,stable=0.600,down=0.250",0.15,0.25,0.6,1,1.0001835728096944,1.000460454137678,0.00027688132798364684,2.8120455453274324,False,10,-7.5034049962892,0.3579233880584618,0.3557329451778945,0.9938801348175395,0,0,-0.646818794357273,-0.8038641028955198,1,False,374,0.5563924010925136,6.101205732480707,8.378515075760447,0.9012741297483444,,0.22713439096696675,,,69.78638938806331,40.20190248952434
1734763674200,F:\agent\UAV\data\IR-image\1734763674200.jpg,116.17095351222345,38.812028786751696,478.2023121436545,116.171781,38.8121119,519.62,8.549856582415885,7.210968458830735,0.9491978609625669,0.96,-101.09982139624854,4910.024204706997,lk,478.10369158753133,A_down,0.7633333333333332,A_down,transition,"up=0.150,stable=0.600,down=0.250",0.15,0.25,0.6,1,1.0010185262754079,1.0003529709543706,0.0006655553210372922,2.815545104301475,False,10,-6.1843014159715,0.3579159115248681,0.3552980939770145,0.9926859425257161,0,0,-0.5646417486039468,-0.9578002420860229,1,False,355,-0.14130572461783872,8.401497451526836,7.248072457903447,0.9452238384634256,,0.3516691372205969,,,72.28992505695325,41.41768785634548
1734763674400,F:\agent\UAV\data\IR-image\1734763674400.jpg,116.17101623738589,38.8120443686336,478.0107520952373,116.1718345,38.8121121,520.39,-7.360314154205923,12.458955843271951,0.9549295774647887,0.288,-100.6023381263656,3789.327145899794,lk,477.6485160464363,A_down,0.7633333333333332,A_down,transition,"up=0.150,stable=0.600,down=0.250",0.15,0.25,0.6,1,0.99956300339454,1.0006171991337856,0.0010541957392455892,2.8180466968240228,False,10,-4.296262540678162,0.35790804730881143,0.35495983471438675,0.9917626535178716,0,3,-0.5023321114302348,-0.9578002420860229,2,False,339,-0.49748326988294234,-7.421465064182144,12.920034951488674,0.9343476409092546,,0.30321919883135706,,,71.2963352413163,42.37924790476268
1734763674600,F:\agent\UAV\data\IR-image\1734763674600.jpg,116.1710583124269,38.81204782085705,477.6601208993997,116.1718877,38.8121125,521.17,-2.580621828033088,8.232983901573618,0.8436578171091446,0.5599999999999999,-99.72303276275655,1990.2230421116576,lk,477.3303205379292,A_down,0.7633333333333332,A_down,transition,"up=0.150,stable=0.600,down=0.250",0.15,0.25,0.6,2,1.006638049341447,1.000953630773915,0.00568441856753199,2.8188759816994584,False,10,-5.673707766808303,0.3579028143842811,0.3547233708265861,0.9911164611455633,0,0,-0.4512502228031394,-1.0486676291384596,1,False,286,-0.8793053636090495,-3.752192903641685,8.774269797124902,0.8571839839220047,,0.2800817479728721,,,72.22033402278635,43.509879100600244
1734763674800,F:\agent\UAV\data\IR-image\1734763674800.jpg,116.17114045982589,38.812064113040066,477.450387373572,116.1719408,38.8121128,521.95,-8.097339870509416,17.12810941043739,0.8741258741258742,0.0576,-99.55120586333032,4641.800218162535,lk,477.0226296389751,A_down,0.7633333333333332,A_down,transition,"up=0.150,stable=0.600,down=0.250",0.15,0.25,0.6,1,0.999526535644796,1.000856367134115,0.0013298314893190888,2.8211324504566746,False,10,-4.469924949253835,0.35789867747692383,0.3544947133368908,0.9904890284478559,0,1,-0.4642659232309825,-1.0486676291384596,2,False,250,-0.17182689942622417,-7.387798586828467,17.189379209913852,0.866161476355046,,0.28283383179223165,,,69.55555577560357,44.49961262642802
1734763675000,F:\agent\UAV\data\IR-image\1734763675000.jpg,116.17118008125448,38.81205315927404,477.03988484846764,116.1719936,38.812113,522.7,2.0165439556640763,8.308933327280613,0.972,0.96,-99.4157858047972,2657.9396534994153,lk,477.2182252985106,A_down,0.6466666666666666,A_up,transition,"up=0.150,stable=0.600,down=0.250",0.15,0.25,0.6,1,0.9980582591142912,0.9992101424019659,0.001151883287674682,2.821699812111993,False,10,-4.221072288817421,0.35789179415456673,0.3546400683430243,0.9909142208213412,0,0,-0.3504404150698974,-1.1621125395365186,1,False,243,-0.13542005853312192,2.228093048020469,8.67909406608888,0.9012074551545084,,0.3264612564817071,,,70.79977326133927,45.66011515153241
1734763675200,F:\agent\UAV\data\IR-image\1734763675200.jpg,116.17123936337092,38.812048114048935,476.67155372326846,116.1720462,38.8121133,523.5,-0.5534027724417001,12.683343319347273,0.9876543209876543,0.96,-99.2830680829883,2286.4513871113863,lk,476.5500615349864,A_down,0.6466666666666666,A_up,transition,"up=0.150,stable=0.600,down=0.250",0.15,0.25,0.6,1,1.001070889387621,1.0007327542559432,0.00033813513167779696,2.823951759154873,False,10,-1.656747380545091,0.35788380018853677,0.3541435289608321,0.9895489227907655,0,0,-0.2975427646901494,-1.2414002142551777,1,False,240,-0.13271772180890393,-0.7232436168777667,12.504907714948132,0.9649225480854511,,0.35490200720960274,,,70.2822043053605,46.82844627673154
1734763675400,F:\agent\UAV\data\IR-image\1734763675400.jpg,116.17127124033105,38.812032855549894,476.3492741274434,116.1720986,38.8121136,524.27,3.660799696900142,6.595782040902179,0.9916666666666667,0.6719999999999999,-99.23514527484222,4398.063278605789,lk,476.37047841100014,A_down,0.6466666666666666,A_up,transition,"up=0.150,stable=0.600,down=0.250",0.15,0.25,0.6,1,1.0000348996623425,0.9995913692857221,0.0004435303766203713,2.82581054004904,False,10,-0.8917022901971183,0.35787573915874465,0.3540100735142722,0.9891983020319862,0,0,-0.226796043359343,-1.2866013354015482,1,False,238,-0.04792280814607299,3.017155434107167,6.9204633070274895,0.9043782562948763,,0.33735933623393066,,,72.24570694856507,47.9207258725566
1734763675600,F:\agent\UAV\data\IR-image\1734763675600.jpg,116.17131968073407,38.811997304383965,475.971770217372,116.1721507,38.8121138,525.07,9.153716454379321,11.614171960387466,0.9915966386554622,0.96,-99.63671123370153,3240.2195854926113,lk,475.56401863804604,A_down,0.6316666666666666,A_up,transition,"up=0.150,stable=0.550,down=0.300",0.15,0.3,0.55,1,1.0038442541039005,1.0015217675223504,0.0023224865815500984,2.828155239948393,False,10,-3.324700188704827,0.35787573915874465,0.3534107608019016,0.9875236629134491,0,0,-0.29026990981003564,-1.3617679381798273,1,False,236,0.40156595885930896,8.973631288691706,10.655615595047607,0.9393617396242917,,0.2597511304775253,,,73.1586880635509,49.09822978262804
1734763675800,F:\agent\UAV\data\IR-image\1734763675800.jpg,116.17136779321896,38.81197689131174,475.5779516931425,116.1722028,38.812114,525.76,4.428039174893513,10.737485061021232,1.0,0.96,-99.99294831713246,2199.235078448616,lk,475.3428270430503,A_down,0.6466666666666666,A_up,transition,"up=0.150,stable=0.600,down=0.250",0.15,0.25,0.6,1,1.0025795319507096,1.0002588774965298,0.002320654454179838,2.83059976066622,False,10,-5.900631712561223,0.35786762005153716,0.3532463844260473,0.9870867455825583,0,0,-0.308637495242408,-1.439600493654388,1,False,236,0.3562370834309205,4.388507096603917,10.070849833873154,0.929932442959398,,0.2715409325901419,,,73.93715504861636,50.182048306857496
1734763676000,F:\agent\UAV\data\IR-image\1734763676000.jpg,116.17137558088893,38.81197642172669,475.29003159441163,116.1722547,38.8121143,526.43,-23.152430656201545,1.4377259821685016,0.3002070393374741,0.192,-100.32826284734787,2973.1237194191567,orb+phase,472.90681206829424,A_down,0.6466666666666666,A_up,transition,"up=0.150,stable=0.600,down=0.250",0.15,0.25,0.6,1,1.0114259018793799,1.0077499278342212,0.0036759740451586254,2.836091508904305,False,10,-11.113026503919293,0.35786762005153716,0.35143608366355705,0.9820281689998835,0,1,-0.8197892146442882,-1.439600493654388,3,True,290,0.33531453021541663,-23.152430656201545,1.4377259821685016,0.8402580302208662,,0.2851186004409101,,,77.6979211637846,51.13996840558832
1734763676200,F:\agent\UAV\data\IR-image\1734763676200.jpg,116.17143866788507,38.81195197814511,474.6412135190381,116.1723064,38.8121147,527.14,4.9167307743046536,14.529682753923169,0.75,0.96,-100.39506165505681,4314.419760842909,lk,474.17360628658844,A_down,0.7633333333333332,A_up,transition,"up=0.150,stable=0.600,down=0.250",0.15,0.25,0.6,1,1.000692202417769,1.001183517014686,0.0004913145969172028,2.8382199203795895,False,10,-10.955018921121097,0.3578594534645252,0.3523774894279144,0.9846812373306376,0,0,-0.8876794255060076,-1.6676458478351475,1,False,372,0.06679880770892788,5.2827739077022215,14.173594322307594,0.9615621252916753,,0.3179702485213056,,,77.33031529041541,52.49878648096188
1734763676400,F:\agent\UAV\data\IR-image\1734763676400.jpg,116.17147720744634,38.81192615545069,473.95226285247736,116.172358,38.812115,527.73,6.4014371672906805,8.704138101814635,0.9623655913978495,0.96,-100.36264027741954,4651.197117493218,lk,473.87103452277825,A_down,0.7633333333333332,A_up,transition,"up=0.150,stable=0.600,down=0.250",0.15,0.25,0.6,1,0.9998794478904867,0.9995042271945802,0.000375220695906453,2.841933757815776,False,10,-11.085651429194897,0.3578512471823624,0.3521526361735585,0.9840754753443689,0,0,-0.8128247524463745,-1.8895842272615082,1,False,358,-0.03242137763725595,6.481650130375272,8.943833866502274,0.9792744752019644,,0.3530172922910424,,,79.15156106565621,53.77773714752266
1734763676600,F:\agent\UAV\data\IR-image\1734763676600.jpg,116.17151130153101,38.811913512295064,473.2434701061316,116.1724095,38.8121154,528.34,2.565999162205685,6.8695816742509805,0.9860335195530726,0.96,-100.15901877071406,3165.0238383251344,lk,472.8272581119311,A_down,0.7633333333333332,A_up,transition,"up=0.100,stable=0.600,down=0.300",0.1,0.3,0.6,1,1.001838417617858,1.0012874154951028,0.000551002122755273,2.8463493832550304,False,10,-8.852727502639612,0.3578430049262353,0.35137696391702194,0.9819305088538863,0,0,-0.8140328995116874,-2.0977963576086216,1,False,353,-0.2036215067054912,2.6873433392322,7.014050089903719,0.9601718664169312,,0.3551379349955823,,,80.9965639047131,55.09652989386842
1734763676800,F:\agent\UAV\data\IR-image\1734763676800.jpg,116.17156245646973,38.811890593863154,472.8239108346099,116.1724608,38.8121158,528.97,5.030120445546913,11.458144804429708,0.9631728045325779,0.2688,-99.8827383525601,3352.5894248153927,lk,472.64269974586523,A_up,0.7633333333333332,A_up,transition,"up=0.100,stable=0.600,down=0.300",0.1,0.3,0.6,1,1.001645941020056,1.0006320195585534,0.001013921461502587,2.8500946448988937,False,10,-9.820456134990529,0.3578347301483574,0.3512398111678495,0.9815699304039782,0,0,-0.6848441374890513,-2.0977963576086216,2,False,340,-0.27628041815395465,4.532359839459275,11.98430365876797,0.9869430259801447,,0.36861705128103495,,,81.765152698016,56.14608916539015
1734763677000,F:\agent\UAV\data\IR-image\1734763677000.jpg,116.17160351108332,38.81188970709332,472.40435156308814,116.172512,38.8121162,529.57,-1.3205689217186318,7.849632597591437,0.9794117647058823,0.2688,-99.88027790312752,4095.908963059783,lk,472.2305368737191,A_up,0.7783333333333333,A_up,stable,"up=0.050,stable=0.650,down=0.300",0.05,0.3,0.65,1,1.0005302247588486,1.000595939958041,6.571519919251756e-05,2.8518653142011225,False,10,-10.954649015262731,0.3570730822488427,0.35093351635051534,0.9828058562699253,0,0,-0.5584270938350642,-2.0977963576086216,2,False,333,-0.0024604494325702287,-1.5942655211584338,7.78126053870281,0.9884960228577256,,0.36311965057393536,,,82.64587651991339,57.16564843691191
1734763677200,F:\agent\UAV\data\IR-image\1734763677200.jpg,116.1716431303087,38.8118757084992,471.9847922915664,116.1725631,38.8121165,530.19,2.7565530045694686,8.207302069256684,0.978978978978979,0.2688,-100.02132178559978,4253.08145188122,lk,471.8064360179933,A_up,0.7783333333333333,A_up,stable,"up=0.050,stable=0.650,down=0.300",0.05,0.3,0.65,1,1.0004556504943234,1.0013693294228818,0.0009136789285584257,2.8536857023836015,False,10,-10.661399323349881,0.35628394433351324,0.350618349937152,0.9840980923039919,0,0,-0.43986198720580205,-2.0977963576086216,2,False,326,0.14104388247226649,3.1207520743839154,7.707388240875815,0.9668029705062509,,0.34887565903773066,,,84.08653955374703,58.20520770843365
1734763677400,F:\agent\UAV\data\IR-image\1734763677400.jpg,116.17170275730757,38.8118850453123,471.5652330200447,116.1726141,38.8121167,530.8,-5.276429709093577,11.7124031573058,0.9601226993865031,0.08063999999999999,-100.0015495855451,4106.503057193672,lk,471.38924808243155,A_up,0.7783333333333333,A_up,stable,"up=0.000,stable=0.650,down=0.350",0.0,0.35,0.65,1,1.0010787985877108,1.0011380032123416,5.920462463082643e-05,2.855303072144661,False,10,-11.132550543336633,0.35624088556540434,0.35030832079296553,0.9833467605409104,0,3,-0.2874065894183673,-2.0977963576086216,2,False,313,-0.019772200054679754,-5.213275155855399,11.5956923488786,0.9712467551231384,,0.38396667840424925,,,83.05762384408222,59.23476697995528
1734763677600,F:\agent\UAV\data\IR-image\1734763677600.jpg,116.17174680923219,38.81188248142906,471.14567374852294,116.172665,38.812117,531.36,-0.9047432589500204,8.5901397943735,0.987220447284345,0.2688,-99.77505700154418,2685.226579122981,lk,470.96599312086397,A_up,0.7783333333333333,A_up,stable,"up=0.000,stable=0.650,down=0.350",0.0,0.35,0.65,1,1.0002070727458894,1.0001870313875036,2.0041358385736174e-05,2.857536983164888,False,10,-9.449804949699496,0.3562269627940414,0.34999378299759326,0.9825022234488971,0,0,-0.2362739511316363,-2.0977963576086216,2,False,309,-0.2264925840009245,-0.8378998230210755,9.133652769839472,0.9708104749210179,,0.3682796659995802,,,83.72055932615817,60.214326251477075
1734763677800,F:\agent\UAV\data\IR-image\1734763677800.jpg,116.17180237619696,38.81188134396115,470.7261144770012,116.1727158,38.8121174,531.92,-1.7486381653606031,11.262692620907842,0.9805825242718447,0.2688,-99.42491825823078,3392.1049812482297,lk,470.55688148718195,A_up,0.7783333333333333,A_up,stable,"up=0.000,stable=0.650,down=0.350",0.0,0.35,0.65,1,1.0049630268922116,1.0017313455409296,0.0032316813512820453,2.859890073737877,False,10,-10.53542987477168,0.3561833240355256,0.3496897556783555,0.9817690275793977,0,0,-0.20417449128967746,-2.0977963576086216,2,False,303,-0.35013874331340755,-2.848448176951422,11.685070567118629,0.9417749347165227,,0.3461024865973741,,,83.38183663992389,61.193885522998755
1734763678000,F:\agent\UAV\data\IR-image\1734763678000.jpg,116.17184546770409,38.81188567034329,470.30655520547947,116.1727664,38.8121176,532.42,-2.9519029349468155,7.945703911708279,0.9933993399339934,0.2688,-99.57314830000374,4164.029985903353,lk,470.14294291356623,A_up,0.7783333333333333,A_up,stable,"up=0.000,stable=0.650,down=0.350",0.0,0.35,0.65,1,0.9995520132104116,1.0002162013565015,0.0006641881460898169,2.8622487743938074,False,10,-5.064210140169247,0.3560448948752001,0.3493821412657981,0.9812867598853302,0,0,-0.17235943627434835,-2.0977963576086216,2,False,301,0.14823004177295812,-2.6863581891294643,7.709871800425674,0.9686493204906583,,0.3431170874973759,,,83.85733021697787,62.11344479452049
1734763678200,F:\agent\UAV\data\IR-image\1734763678200.jpg,116.17187507894793,38.81187750082788,469.88699593395773,116.172817,38.8121177,532.93,1.4076706837862503,5.348243273538344,0.9833887043189369,0.2688,-100.10219697988015,3487.763934272378,lk,469.78997185907065,A_up,0.6616666666666666,A_up,stable,"up=0.000,stable=0.650,down=0.350",0.0,0.35,0.65,1,0.9982856044303997,1.0008305330480458,0.002544928617646103,2.8646869409161453,False,10,-3.939118811719248,0.3558402752434593,0.3491198342702697,0.9811138832764459,0,0,-0.15293654292321435,-2.0977963576086216,2,False,296,0.5290486798764148,1.9357095944420735,4.229025012399433,0.9815457426011562,,0.24695193750812905,,,85.871119864948,63.043004066042215
1734763678400,F:\agent\UAV\data\IR-image\1734763678400.jpg,116.17190648319759,38.81183558371771,469.467436662436,116.1728674,38.8121178,533.5,11.710785705175283,7.638199684438462,0.9594594594594594,0.08063999999999999,-100.20853929410019,3264.775774773955,lk,469.39235702157504,A_up,0.6616666666666666,A_up,stable,"up=0.000,stable=0.650,down=0.350",0.0,0.35,0.65,1,0.9999170357355747,1.0002231811145375,0.0003061453789627855,2.867113263209336,False,10,-3.9531013865898603,0.35570549087954073,0.34882435068295403,0.9806549508708119,0,3,-0.13089425644574249,-2.0977963576086216,2,False,284,0.10634231422003818,11.690981859671751,7.436543842332213,0.9790578136220575,,0.360552154481411,,,88.97532566701545,64.032563337564
1734763678600,F:\agent\UAV\data\IR-image\1734763678600.jpg,116.17196766260254,38.81183832651201,469.04787739091427,116.1729176,38.8121179,534.06,-3.2854692153580345,12.309035012865309,0.9295774647887324,0.2688,-99.81859713318516,2749.7219764127944,lk,468.98364485562826,A_up,0.6466666666666666,A_up,transition,"up=0.000,stable=0.600,down=0.400",0.0,0.4,0.6,1,1.0022936279745311,1.001113523294341,0.0011801046801902526,2.869553394222189,False,10,-4.160801608650707,0.3556118831075986,0.34852062022426644,0.980058982221394,0,0,-0.11043634156573034,-2.0977963576086216,2,False,264,-0.38994216091502126,-3.4974744150576953,12.823326405879612,0.9959162085317075,,0.35726491396781057,,,87.98153263957165,65.01212260908568
1734763678800,F:\agent\UAV\data\IR-image\1734763678800.jpg,116.17201242071783,38.811863767398286,468.62831811939253,116.1729678,38.812118,534.57,-9.577591668469097,7.144033235627603,0.9583333333333334,0.2688,-99.64965183098455,2546.996911213091,lk,468.58457124490076,A_up,0.7633333333333332,A_up,transition,"up=0.000,stable=0.600,down=0.400",0.0,0.4,0.6,1,1.0011167754997687,1.0009736132952398,0.0001431622045289238,2.871993698060587,False,10,-3.9115718204062153,0.3554219118055124,0.34822405256385536,0.9797484088555696,0,0,-0.08932844482734481,-2.0977963576086216,2,False,253,-0.16894530220061071,-9.78666431465166,7.349445009905281,0.9775150107219815,,0.39263988414313644,,,87.47189226019105,65.94168188060752
1734763679000,F:\agent\UAV\data\IR-image\1734763679000.jpg,116.17207179171321,38.81188323080347,468.2087588478708,116.173018,38.812118,535.05,-8.321442982494887,10.945883284189847,0.9565217391304348,0.2688,-99.73550486788291,3502.3324762935845,lk,468.16913589980663,A_up,0.7483333333333333,A_down,transition,"up=0.000,stable=0.550,down=0.450",0.0,0.45,0.55,1,1.002433853069538,1.0012239294710414,0.0012099235984965873,2.874458064976979,False,10,-4.789779804473379,0.35519860144773674,0.3479153258401764,0.9794952019014862,0,0,-0.07146297404750612,-2.0977963576086216,2,False,242,0.08585303689835158,-9.051072202767557,10.598079100078877,0.9619999695569277,,0.34720631141681224,,,86.03911709067039,66.84124115212916
1734763679200,F:\agent\UAV\data\IR-image\1734763679200.jpg,116.17210992573058,38.811916192742125,467.78919957634906,116.1730681,38.8121179,535.54,-11.611383097152896,5.0468019351762905,0.9628099173553719,0.2688,-99.93565924196933,1997.4374109950288,lk,467.75360238052406,A_up,0.7333333333333333,A_down,transition,"up=0.000,stable=0.500,down=0.500",0.0,0.5,0.5,1,1.0025302942279697,1.0011703635381386,0.0013599306898310903,2.876946695076333,False,10,-5.743631074214913,0.35502947181642286,0.34760652615930715,0.9790920296866117,0,0,-0.0568540504538646,-2.0977963576086216,2,False,233,0.20015437408641723,-12.177564617756389,4.527853104042663,0.9691512699238956,,0.31592597771668807,,,85.99634680576146,67.7508004236509
1734763679400,F:\agent\UAV\data\IR-image\1734763679400.jpg,116.17215444748415,38.811919244550275,467.3696403048273,116.1731181,38.8121179,536.09,-2.637422729412833,8.181588747171418,0.9742489270386266,0.2688,-100.13988794827661,1713.907237192383,lk,467.33832588133475,A_up,0.7333333333333333,A_down,transition,"up=0.000,stable=0.500,down=0.500",0.0,0.5,0.5,1,1.001690669875794,1.0009460975563913,0.0007445723194026144,2.879458854012029,False,10,-6.020461736323439,0.35484160277048643,0.34729791748041267,0.978740696606105,0,0,-0.04536381235129738,-2.0977963576086216,2,False,227,0.20422870630728096,-3.0250463750528525,7.454975882827313,0.9856731358915567,,0.3399420529603958,,,86.3672480617927,68.7203596951727
1734763679600,F:\agent\UAV\data\IR-image\1734763679600.jpg,116.17221301640552,38.81193515653524,466.9500810333056,116.1731681,38.8121179,536.62,-7.2295353142973795,10.817145828771515,0.9647577092511013,0.2688,-100.25097948869066,1699.153228519773,lk,466.9231067252366,A_up,0.7333333333333333,A_down,transition,"up=0.000,stable=0.500,down=0.500",0.0,0.5,0.5,1,1.0012598674590691,1.001593003765895,0.0003331363068259652,2.882001506904433,False,10,-6.4997164976375155,0.3546817195848052,0.3469893514154769,0.9783119124990904,0,0,-0.038102529039292676,-2.0977963576086216,2,False,219,0.11109154041404885,-6.990243175976559,10.31536889156314,0.94229143448174,,0.3385432852082886,,,85.21052726930627,69.66991896669441
1734763679800,F:\agent\UAV\data\IR-image\1734763679800.jpg,116.17225410667315,38.81192163699413,466.53052176178386,116.1732181,38.812118,537.14,2.6073162748867844,8.235747133297707,0.954337899543379,0.08063999999999999,-100.50849396395935,3802.02175194826,lk,466.5081286433026,A_up,0.7333333333333333,A_down,transition,"up=0.000,stable=0.500,down=0.500",0.0,0.5,0.5,1,0.9972205746563532,0.9995365706262849,0.0023159959699317056,2.8845567924824316,False,10,-2.9221373025669353,0.3545673908399576,0.3466809645024543,0.9777576095793225,0,3,-0.03215738637652521,-2.0977963576086216,2,False,209,0.2575144752686917,3.9659868023766194,7.904855927089727,0.9675666242837906,,0.29576889927557204,,,86.33097125842819,70.60947823821613
1734763680000,F:\agent\UAV\data\IR-image\1734763680000.jpg,116.17229466817403,38.81188471186457,466.1109624902621,116.1732681,38.8121181,537.65,9.826692577908773,9.459614633452816,1.0,0.08063999999999999,-100.68045664306261,2553.7226565535275,lk,466.092974567921,A_up,0.7483333333333333,A_down,transition,"up=0.000,stable=0.550,down=0.450",0.0,0.45,0.55,1,0.9985724646138419,0.9994836222101622,0.0009111575963203222,2.887121473615975,False,10,-2.4651422089954624,0.35431912114886144,0.3463724468016181,0.9775719856115113,0,3,-0.026996873229165885,-2.0977963576086216,2,False,209,0.17196267910325364,10.739258612093067,8.905277615397154,0.9437980048358441,,0.32368740206584334,,,88.2442956309459,71.53903750973785
1734763680200,F:\agent\UAV\data\IR-image\1734763680200.jpg,116.17232844137916,38.811842822834855,465.6914032187404,116.1733181,38.8121183,538.17,11.651403641877891,8.083054122778378,0.9904306220095693,0.2688,-100.63581867207262,2181.37000476703,lk,465.67778402748644,A_up,0.7633333333333332,A_down,transition,"up=0.000,stable=0.600,down=0.400",0.0,0.4,0.6,1,0.9993221215959631,0.9995982097583743,0.00027608816241120326,2.889695681476421,False,10,-2.9433932380932584,0.35407680123755214,0.3460639020021336,0.9773696011503373,0,0,-0.022635996337783126,-2.0977963576086216,2,False,207,-0.04463797099000032,11.536072303260596,8.008571689910411,0.986743627814576,,0.3877470880979672,,,91.05500390715336,72.47859678125957
1734763680400,F:\agent\UAV\data\IR-image\1734763680400.jpg,116.17237148764794,38.811814721070704,465.27184394721866,116.1733681,38.8121185,538.7,6.987854279693238,9.46828008663374,0.9903381642512077,0.2688,-100.36780499736554,1717.9667079514923,lk,465.26072690247366,A_up,0.7633333333333332,A_down,transition,"up=0.000,stable=0.600,down=0.400",0.0,0.4,0.6,1,1.0012035806288813,1.0000584785240332,0.0011451021048480836,2.892277292869089,False,10,-3.53483610019889,0.35371041715808693,0.34575397006853037,0.9775057597865416,0,0,-0.018726979940254296,-2.0977963576086216,2,False,205,-0.26801367470708115,7.174665896123088,9.700495729344198,0.9971726249903441,,0.3811704402323812,,,92.72220054910812,73.42815605278139
1734763680600,F:\agent\UAV\data\IR-image\1734763680600.jpg,116.17241360430089,38.811791714105176,464.8522846756969,116.1734181,38.8121188,539.24,5.464540697346706,8.91896177320217,0.9902439024390244,0.2688,-100.18585980079804,3091.406608511472,lk,464.8430865088354,A_up,0.7783333333333333,A_down,stable,"up=0.000,stable=0.650,down=0.350",0.0,0.35,0.65,1,1.0028066533356357,1.000376824788145,0.002429828547490631,2.894866908988655,False,10,-3.767655355476867,0.35332857261397443,0.3454436046845385,0.9776837523467128,0,0,-0.015361961645055544,-2.0977963576086216,2,False,203,-0.18194519656749286,4.11016973887979,9.388809753721716,0.976178140938282,,0.3679719693027437,,,94.32728986940599,74.38771532430309
1734763680800,F:\agent\UAV\data\IR-image\1734763680800.jpg,116.17245582263025,38.811789824306146,464.3226502059598,116.1734682,38.8121189,539.76,-1.0901094929525925,7.753528793735256,0.9753694581280788,0.96,-100.06480971847775,2778.456538911909,lk,464.01928145470094,A_down,0.7783333333333333,A_down,stable,"up=0.000,stable=0.650,down=0.350",0.0,0.35,0.65,1,1.0022698336058735,1.0008565404324736,0.0014132931733998877,2.8980975899860084,False,10,-4.2942293628680686,0.3528119369269809,0.34483140199568096,0.9773802014727422,0,0,-0.11398393366380333,-2.1261795618402104,1,False,198,-0.12105008232030134,-2.1251946560762462,7.679986773009517,0.9888178617693484,,0.3727651118533686,,,95.04271530702539,75.43734979404019
1734763681000,F:\agent\UAV\data\IR-image\1734763681000.jpg,116.17250494934925,38.81179849101682,463.7990353787775,116.1735183,38.812119,540.29,-4.659925073031047,8.839571354129191,0.918,0.96,-99.99641725497425,2022.499641538551,lk,463.54543948618266,A_down,0.7783333333333333,A_down,stable,"up=0.000,stable=0.650,down=0.350",0.0,0.35,0.65,1,1.0015029769497346,1.000685408080807,0.0008175688689275873,2.901892510082833,False,10,-3.8620836081887533,0.35226506280073644,0.34447927095962505,0.9778979164745738,0,0,-0.18588088375668121,-2.161354182256478,1,False,459,-0.06839246350349686,-5.165395675576008,8.662909233819477,0.9842800352722406,,0.3865408764104359,,,94.7581806877699,76.49096462122247
1734763681200,F:\agent\UAV\data\IR-image\1734763681200.jpg,116.17256156890583,38.81183563486867,463.36676454232617,116.1735684,38.8121191,540.79,-13.851844491433837,9.072878891926791,0.869281045751634,0.288,-100.02550885776031,2013.6381267207773,lk,462.7764231973573,A_down,0.7783333333333333,A_down,stable,"up=0.000,stable=0.650,down=0.350",0.0,0.35,0.65,1,1.0017910603865925,1.001791904565393,8.4417880041876e-07,2.9059305723029816,False,10,-3.518588423395091,0.3517943599185578,0.34390778400718247,0.977581858011592,0,3,-0.299601662866678,-2.161354182256478,2,False,399,0.029091602786071664,-13.657766075026473,8.847330760087516,0.9781881414353848,,0.34338342607952654,,,92.75559291252218,77.4232354576738
1734763681400,F:\agent\UAV\data\IR-image\1734763681400.jpg,116.17260881967296,38.811848560910875,462.7502141514122,116.1736187,38.8121191,541.29,-5.885714882970319,8.100973160703347,0.9373433583959899,0.96,-100.15054626717448,3825.642613314987,lk,462.45669305985206,A_down,0.7783333333333333,A_down,stable,"up=0.000,stable=0.650,down=0.350",0.0,0.35,0.65,1,1.0005544226111067,1.0014195847391327,0.0008651621280260091,2.9090595124952263,False,10,-2.993581423230753,0.35140652379028947,0.34367017967481384,0.977984631497358,0,0,-0.3653988279185114,-2.2625003390813117,1,False,374,0.12503740941416094,-5.305903728515204,7.973056541700373,0.962147624604404,,0.32807941565988585,,,92.52686827661977,78.53978584858777
1734763681600,F:\agent\UAV\data\IR-image\1734763681600.jpg,116.17265424550106,38.81186001656998,462.117971324752,116.173669,38.8121192,541.79,-5.339932936382866,7.711728165620968,0.9786096256684492,0.96,-100.21218991281515,3672.9143858678553,lk,461.8245688392407,A_down,0.7633333333333332,A_down,transition,"up=0.000,stable=0.600,down=0.400",0.0,0.4,0.6,1,1.001051283057687,1.0014229992564194,0.00037171619873244133,2.913364564546148,False,10,-2.893759741906885,0.35130838754243576,0.3432004227273321,0.9769206625784752,0,0,-0.41215330735531097,-2.3730249985094916,1,False,366,0.06164364564066696,-5.415200116664948,7.472995393073319,1.0043193580582739,,0.36997250537388027,,,92.52528423574438,79.67202867524799
1734763681800,F:\agent\UAV\data\IR-image\1734763681800.jpg,116.1726954902454,38.81184354476239,461.47634813663245,116.1737194,38.8121192,542.27,3.514667850841761,8.270840675715306,0.9754098360655737,0.96,-100.60081451910897,2469.6476651815233,lk,461.3029654543849,A_down,0.7783333333333333,A_down,stable,"up=0.000,stable=0.650,down=0.350",0.0,0.35,0.65,1,0.9968509681360667,1.0008864140412816,0.004035445905214985,2.9175214204225317,False,10,-2.719569850879403,0.3510866637591824,0.34281279826069,0.9764335523032922,0,0,-0.4158955611362103,-2.4841596928856404,1,False,357,0.3886246062938167,3.9833084658463918,7.44130726117902,0.9955001821741462,,0.28125075227580965,,,93.86146494618477,80.79365186336753
1734763682000,F:\agent\UAV\data\IR-image\1734763682000.jpg,116.17272932750207,38.811813205346574,460.8445349003057,116.1737699,38.8121191,542.75,8.13209963794867,7.305135193333115,0.969187675070028,0.96,-100.89999253058646,3348.4677107195457,lk,460.8876644063013,A_down,0.7783333333333333,A_down,stable,"up=0.000,stable=0.650,down=0.350",0.0,0.35,0.65,1,0.999361615864667,0.9997309728585096,0.0003693569938426622,2.921297718937525,False,10,-3.077529576848824,0.3507759331438337,0.34250417133852423,0.9764186735071197,0,0,-0.348264231571477,-2.5776890246096764,1,False,346,0.2991780114774933,7.97198189363462,6.815488077946128,1.0009663130156696,,0.2977436368819326,,,96.3621325258877,81.90546509969431
1734763682200,F:\agent\UAV\data\IR-image\1734763682200.jpg,116.17277233963459,38.811792261712355,460.2144695725146,116.1738205,38.8121191,543.22,4.73441026712959,8.966373812074892,0.9479768786127167,0.96,-101.03218875270339,2621.543717337689,lk,460.12624820670953,A_down,0.7783333333333333,A_down,stable,"up=0.000,stable=0.650,down=0.350",0.0,0.35,0.65,1,1.0009647789309164,1.000050271021226,0.0009145079096903874,2.925140484591028,False,10,-3.823577318381992,0.3504633353650588,0.34193833231824833,0.975675050179128,0,0,-0.3028777587039144,-2.6581271541694984,1,False,328,0.13219622211693802,4.310266371414912,8.606197395106875,0.9896115379408001,,0.3419232724409085,,,97.81867655971787,83.00553042748544
1734763682400,F:\agent\UAV\data\IR-image\1734763682400.jpg,116.1728229365705,38.81178261788919,459.56122548048165,116.1738711,38.8121192,543.68,0.8112863835747248,10.106782379478318,0.9664634146341463,0.96,-101.1888659119516,3378.4077521976005,lk,459.2888200727045,A_down,0.7633333333333332,A_down,transition,"up=0.000,stable=0.600,down=0.400",0.0,0.4,0.6,1,0.9993780921581158,1.0010659920582825,0.0016878999001667117,2.9293515610713854,False,10,-2.9855167610954836,0.3501510518952794,0.34131600577049304,0.9747679006618302,0,0,-0.31803333390280386,-2.743327847618764,1,False,317,0.1566771592482069,1.285131212851411,9.745797784852812,0.9783662078902126,,0.3239948817063123,,,98.22662086138938,84.1187745195183
1734763682600,F:\agent\UAV\data\IR-image\1734763682600.jpg,116.17287152781306,38.81175343696332,458.90696920103215,116.1739219,38.8121193,544.13,7.009915113059776,10.800887782747964,0.9716088328075709,0.96,-101.16135407353235,3267.255530308922,lk,458.82147035831997,A_down,0.7783333333333333,A_down,stable,"up=0.000,stable=0.650,down=0.350",0.0,0.35,0.65,1,1.0006142848626842,1.0004009782231815,0.00021330663950269724,2.9333675196036157,False,10,-1.9819883666605522,0.3498417693379744,0.3409686993897576,0.9746369052357361,0,0,-0.276647466252939,-2.8166262302315275,1,False,308,-0.027511838419240778,6.67235131715745,10.823777927591806,0.9893490470945835,,0.3646473530679941,,,99.68742291611163,85.22303079896784
1734763682800,F:\agent\UAV\data\IR-image\1734763682800.jpg,116.1729036112717,38.81175172947186,458.34364395498585,116.1739727,38.8121194,544.58,-0.7636404702824962,5.070516251173331,1.0,0.16799999999999998,-100.79572690565399,3025.3007720775067,lk,458.0673565178892,A_down,0.7783333333333333,A_down,stable,"up=0.000,stable=0.650,down=0.350",0.0,0.35,0.65,2,1.0056198614569019,1.000534213166764,0.005085648290137801,2.9375733958601575,False,10,-3.4993901407429338,0.3495359484720768,0.34040828704644965,0.9738863442643687,0,3,-0.2645275191544556,-2.8166262302315275,2,False,308,-0.3656271678783578,-1.176365425406857,5.514418955320963,0.9688036466017366,,0.38639850937761366,,,101.25106564042741,86.23635604501419
1734763683000,F:\agent\UAV\data\IR-image\1734763683000.jpg,116.17295691772803,38.81171993871784,457.6834379814135,116.1740237,38.8121195,545.04,7.8113305403906566,11.942313341323654,0.9902597402597403,0.5599999999999999,-100.11944672891542,2172.6969106068836,lk,457.43149755118884,A_down,0.7933333333333332,A_down,stable,"up=0.000,stable=0.700,down=0.300",0.0,0.3,0.7,2,1.01032498910278,1.0003901267369646,0.009934862365815311,2.9412662799213916,False,10,-7.461842363172948,0.34925098776803387,0.3399357546588484,0.9733279691813714,0,0,-0.27633995425526336,-2.8799876787294485,1,False,305,-0.6762801767385739,6.818948305464346,12.70325040741514,0.9502269628457725,,0.354099573683925,,,102.55401194172399,87.35656201858649
1734763683200,F:\agent\UAV\data\IR-image\1734763683200.jpg,116.17300668081292,38.81174309191825,457.1074404456676,116.1740748,38.8121197,545.51,-9.202643212983162,8.08809581693032,0.9606557377049181,0.16799999999999998,-99.38906109258438,2935.847180376938,lk,456.14724428470197,A_down,0.7933333333333332,A_down,stable,"up=0.000,stable=0.700,down=0.300",0.0,0.3,0.7,2,1.009439843300922,1.001986765079865,0.007453078221056897,2.9467110681376187,False,10,-10.858036794036796,0.3489720924766119,0.33898137437315884,0.9713710112675482,0,3,-0.4488151086751486,-2.8799876787294485,2,False,293,-0.7303856363310377,-8.892731547226958,8.935674378259108,0.9336596100591124,,0.338189106550999,,,101.57987776554835,88.40255955433241
1734763683400,F:\agent\UAV\data\IR-image\1734763683400.jpg,116.17307449108343,38.8117556247827,456.29756741474625,116.174126,38.8121198,546.04,-6.435931473496794,13.12122003581419,0.9965870307167235,0.5599999999999999,-98.79886314548595,2541.7889809094277,lk,455.78396827980475,A_down,0.7933333333333332,A_down,stable,"up=0.000,stable=0.700,down=0.300",0.0,0.3,0.7,2,1.0085761688921773,1.0009891752745805,0.007586993617596738,2.951113773549778,False,10,-14.389142707905208,0.34867248545361024,0.3387114093542756,0.9714314248617134,0,0,-0.5540971017974243,-3.020759448182216,1,False,292,-0.5901979470984345,-6.917254824041947,13.968750842280173,0.9590565133839846,,0.3424615323310718,,,99.70097124878964,89.74243258525371
1734763683600,F:\agent\UAV\data\IR-image\1734763683600.jpg,116.173127124032,38.81178895761043,455.3376782148101,116.1741774,38.8121196,546.58,-12.388318325957982,8.379271636216401,0.9794520547945206,0.96,-98.63042960861249,2418.710696475357,lk,454.60372007386366,A_down,0.7933333333333332,A_down,stable,"up=0.000,stable=0.700,down=0.300",0.0,0.3,0.7,1,1.0030991645616554,1.0014350767617926,0.0016640877998628234,2.957548029929301,False,10,-15.263730021840722,0.3483723363940609,0.33783431941464714,0.9697507067050993,0,0,-0.7080654906785071,-3.2302364280399543,1,False,286,-0.16843353687346443,-12.557820707198971,8.426984755897763,0.989681001007557,,0.3934486211219337,,,98.14655566416539,91.24232178518992
1734763683800,F:\agent\UAV\data\IR-image\1734763683800.jpg,116.17318187462993,38.81179478709915,454.343878943649,116.1742289,38.8121193,547.13,-3.753960679503564,10.200786567271507,0.9790209790209791,0.96,-98.67762355380172,3090.9378080362085,lk,453.6648514030544,A_down,0.7933333333333332,A_down,stable,"up=0.000,stable=0.700,down=0.300",0.0,0.3,0.7,1,1.0015213345431948,1.0007166221552672,0.0008047123879275642,2.964771767739973,False,10,-17.279502942068863,0.34806968920201586,0.3371366083216296,0.968589391091619,0,0,-0.8148636572311716,-3.4384696415148226,1,False,280,0.047193945189230396,-4.169846639217155,9.893252715651528,0.97895955205895,,0.3730492273316486,,,97.63151803914103,92.78612105635102
1734763684000,F:\agent\UAV\data\IR-image\1734763684000.jpg,116.17324314319049,38.81183563938451,453.656185015346,116.1742805,38.812119,547.68,-15.150686306722662,9.981103987591837,0.975,0.11199999999999999,-99.11287501746484,2919.0149245178327,lk,452.4407290324998,A_down,0.7783333333333333,A_down,stable,"up=0.000,stable=0.650,down=0.350",0.0,0.35,0.65,2,0.997220550167101,1.002292568803054,0.005072018635952968,2.9724373508116506,False,10,-16.303153477576853,0.3477609259997418,0.3362269137246092,0.9668335013717408,0,1,-0.9499151006625652,-3.4384696415148226,2,False,273,0.4352514636631154,-14.655636423543854,9.139037893389059,0.9495569854974747,,0.23648723593214527,,,95.24346572735365,94.02381498465394
1734763684200,F:\agent\UAV\data\IR-image\1734763684200.jpg,116.17327706466301,38.811825041456466,452.5261119953576,116.1743323,38.8121185,548.19,2.175265300097749,5.8541390508361815,0.9743589743589743,0.96,-99.72083552589633,3189.3045400258516,lk,452.3175675614192,A_down,0.7783333333333333,A_down,stable,"up=0.000,stable=0.650,down=0.350",0.0,0.35,0.65,1,0.9957978600236645,0.9997805835334885,0.003982723509823982,2.976731933467763,False,10,-14.012576093164142,0.3474522218198599,0.336135387478951,0.9674290920298785,0,0,-0.9153483395157309,-3.7051393108725437,1,False,266,0.6079605084314877,2.7095418942255947,4.775641072713029,0.9550859263166785,,0.2181775999488309,,,97.07831631098112,95.66388800464244
1734763684400,F:\agent\UAV\data\IR-image\1734763684400.jpg,116.17331135678027,38.81181959305604,451.3957218935738,116.1743843,38.8121181,548.72,0.5059794064064818,5.656872811409755,0.9473684210526315,0.96,-99.94034753994084,2085.3718560799125,lk,450.8135537435319,A_down,0.7633333333333332,A_down,transition,"up=0.000,stable=0.600,down=0.400",0.0,0.4,0.6,1,0.9976465542067179,1.0013774407657032,0.003730886558985347,2.9847278887305624,False,10,-13.216095992698833,0.34714363444794477,0.3350176942834936,0.9650693863831471,0,0,-0.9429719521153856,-3.9426732879634554,1,False,252,0.21951201404450488,1.2741953832291415,4.742910071178983,0.9787948292680084,,0.32913416059454903,,,98.71202012619166,97.32427810642622
1734763684600,F:\agent\UAV\data\IR-image\1734763684600.jpg,116.17337096352584,38.8118255046645,450.2638434781193,116.1744364,38.8121178,549.21,-4.165387325404652,11.257441324416959,0.9365079365079365,0.96,-99.8693729536039,2830.2822372823584,lk,449.87786301720394,A_down,0.7633333333333332,A_down,transition,"up=0.000,stable=0.600,down=0.400",0.0,0.4,0.6,1,1.0010128484317218,1.0002731905374538,0.0007396578942679977,2.9922069526406934,False,10,-13.35580438905514,0.3468351579589656,0.334322344848913,0.9639228814527131,0,0,-0.8919613377639166,-4.156499968744546,1,False,236,-0.07097458633695047,-5.265898433559471,11.235011045296403,0.9621122762560844,,0.3835316861514002,,,97.86817589409111,98.94615652188071
1734763684800,F:\agent\UAV\data\IR-image\1734763684800.jpg,116.17340836322944,38.81182437749446,449.11744419127797,116.1744888,38.8121176,549.64,-0.9571547036923107,6.149148806106211,0.9745762711864406,0.96,-99.6882466629721,3070.4327940684175,lk,448.8228887062895,A_down,0.7633333333333332,A_down,transition,"up=0.000,stable=0.600,down=0.400",0.0,0.4,0.6,1,1.0032840517120434,0.9999749571146768,0.003309094597366613,2.999567218464069,False,10,-12.30564925675696,0.3465267056520362,0.33353835098218926,0.9625184597377348,0,0,-0.8208179801617348,-4.356360707316491,1,False,230,-0.18112629063180136,-1.1624836820578253,6.282186196084012,0.9875912427902221,,0.407354878843762,,,99.12890067506598,100.52255580872202
1734763685000,F:\agent\UAV\data\IR-image\1734763685000.jpg,116.1734628974397,38.811835575363894,448.0472800279595,116.1745412,38.8121174,550.12,-5.498426124004311,9.750730928089524,0.9217391304347826,0.5599999999999999,-99.18316525499237,2197.1706776613,lk,447.45499763486265,A_down,0.7483333333333333,A_down,transition,"up=0.000,stable=0.550,down=0.450",0.0,0.45,0.55,2,1.0097363242619837,1.0013742327793527,0.008362091482631007,3.007353035775896,False,10,-12.018998590565364,0.34621817440187586,0.3325218160777371,0.9604400943197148,0,0,-0.7958695302600631,-4.484377432394639,1,False,212,-0.5050814079797292,-6.816309291027039,9.612646431407313,0.9662941241636872,,0.3578900706488639,,,98.54395317321988,102.07271997204049
1734763685200,F:\agent\UAV\data\IR-image\1734763685200.jpg,116.1735221716499,38.81183394694699,446.94258189473874,116.1745938,38.8121174,550.61,-1.5206452144157652,11.574783687534591,0.9528301886792453,0.5599999999999999,-98.77823214473273,2366.440842721462,lk,446.54714917706065,A_down,0.7633333333333332,A_down,transition,"up=0.000,stable=0.600,down=0.400",0.0,0.4,0.6,2,1.0064851750507016,1.000901406754497,0.00558376829620455,3.0143134940279963,False,10,-10.712146213357988,0.345908936035332,0.33184715735337966,0.9593483220089,0,0,-0.7333253932665684,-4.617132917038332,1,False,202,-0.4049331102596479,-1.817739833963401,11.761026619106303,0.9550308860838413,,0.36399675451684743,,,98.0539197566073,103.66741810526128
1734763685400,F:\agent\UAV\data\IR-image\1734763685400.jpg,116.17357006029243,38.81184515184627,445.7149920674093,116.1746466,38.8121174,551.09,-5.137884693319677,8.115458219472487,0.995049504950495,0.96,-98.57327129376696,2934.802674923986,lk,445.3286607158203,A_down,0.7633333333333332,A_down,transition,"up=0.000,stable=0.600,down=0.400",0.0,0.4,0.6,1,1.001844860144232,1.0013582456364016,0.0004866145078303852,3.0217607898434133,False,10,-7.760073335364239,0.34559878737653443,0.3309416495411012,0.9575891514356962,0,0,-0.7022956300734222,-4.80879657259843,1,False,201,-0.20496085096575928,-4.453177792109216,8.022054020422502,0.9720499385148287,,0.37524417706299573,,,98.06521391092846,105.37500793259073
1734763685600,F:\agent\UAV\data\IR-image\1734763685600.jpg,116.17362306445243,38.81183316103092,444.5008315237722,116.1746996,38.8121173,551.6,2.07640923633528,10.489797247923264,0.9601990049751243,0.96,-98.5720215882738,2201.8383189469214,lk,444.277768039736,A_down,0.7783333333333333,A_down,stable,"up=0.000,stable=0.650,down=0.350",0.0,0.35,0.65,1,1.0004280532764755,1.0006610418552824,0.00023298857880682533,3.0299780673294783,False,10,-6.571231424365041,0.34513750334010973,0.33016068890148065,0.9566062386912777,0,0,-0.6440690099887547,-4.968689961029059,1,False,193,-0.0012497054931713025,2.862467376927441,10.110406087371729,0.9783224198035896,,0.39278275368269533,,,98.48107254086611,107.09916847622782
1734763685800,F:\agent\UAV\data\IR-image\1734763685800.jpg,116.1736734415755,38.811801881208616,443.5070935315664,116.1747527,38.8121173,552.1,8.317759281564122,10.761037335943172,0.982,0.288,-98.65099426341547,2373.6227599691974,lk,443.0615954635741,A_down,0.7783333333333333,A_down,stable,"up=0.000,stable=0.650,down=0.350",0.0,0.35,0.65,1,1.0003982320253206,1.0006424971362806,0.0002442651109599847,3.0380379043643257,False,10,-6.062270617850699,0.344655336477653,0.32925690211660424,0.9553222227213441,0,3,-0.5761400671838146,-4.968689961029059,2,False,491,0.07897267514166614,8.025364320407675,10.579319176992271,0.9887214435264469,,0.3748024858068675,,,99.87228861527458,108.59290646843363
1734763686000,F:\agent\UAV\data\IR-image\1734763686000.jpg,116.17372314039811,38.81178100263957,442.2545366299197,116.174806,38.8121173,552.57,4.9360001465615255,10.104219736865389,0.9877800407331976,0.96,-99.04488142732056,2475.1990799970836,lk,442.0419183009439,A_down,0.7783333333333333,A_down,stable,"up=0.000,stable=0.650,down=0.350",0.0,0.35,0.65,1,1.0005332731161931,1.0004374530244031,9.582009178998874e-05,3.0446241321957785,False,10,-7.493803157198548,0.34419352748340376,0.3284991389812655,0.9544024298862069,0,0,-0.5405644117572024,-5.128911092602266,1,False,485,0.39388716390509737,5.3718560437264955,9.871875669578259,0.9784963821060956,,0.2669788803032134,,,101.00083785505109,110.31546337008035
1734763686200,F:\agent\UAV\data\IR-image\1734763686200.jpg,116.17376298936499,38.81176646213168,440.99453231677717,116.1748594,38.8121172,553.04,3.250470964061549,7.3291026097771805,0.9814432989690721,0.96,-99.36839383432712,2629.5858222208826,lk,440.5792014061974,A_down,0.7783333333333333,A_down,stable,"up=0.000,stable=0.650,down=0.350",0.0,0.35,0.65,1,1.001603110581053,1.0006815111246232,0.000921599456429778,3.0536374416706416,False,10,-9.986084981661762,0.34378898184099815,0.3274121351913433,0.9523636663340506,0,0,-0.5605181374730819,-5.274081729926372,1,False,476,0.32351240700655426,3.5376874550497064,7.005243612825581,0.9694719082675874,,0.29324734752299264,,,102.69146456693707,112.0454676832228
1734763686400,F:\agent\UAV\data\IR-image\1734763686400.jpg,116.17381098081177,38.81174730524227,439.7156925172723,116.174913,38.8121171,553.55,4.390072939792503,9.587035154594275,0.9705882352941176,0.96,-99.34585843847219,2957.074500351213,lk,439.29426616743075,A_down,0.7933333333333332,A_down,stable,"up=0.000,stable=0.700,down=0.300",0.0,0.3,0.7,1,1.0002296709540057,1.0004187882154867,0.00018911726148096442,3.0626989600596457,False,10,-11.067351640474392,0.34343530120107296,0.32645724810460747,0.9505640420856875,0,0,-0.5752719985317185,-5.414834161213112,1,False,462,-0.02253539585493131,3.9422659872088275,9.480635751852958,0.9782832993660122,,0.3994219430605881,,,103.96095061953073,113.83430748272764
1734763686600,F:\agent\UAV\data\IR-image\1734763686600.jpg,116.17385592970273,38.81174751782718,438.4019059572928,116.1749667,38.8121171,554.05,-1.6772798975976002,7.795811865402527,0.9783549783549783,0.96,-99.21827584321694,2911.9782035624607,lk,437.92918074518616,A_down,0.7933333333333332,A_down,stable,"up=0.000,stable=0.700,down=0.300",0.0,0.3,0.7,1,1.0012792129192942,1.0006667591252303,0.0006124537940639385,3.0720572992601434,False,10,-11.148223792348388,0.34300661049401104,0.32544279819097294,0.9487945369981586,0,0,-0.6067077572058679,-5.561955164701172,1,False,452,-0.12758259525524798,-1.8676977943448492,7.730007026969901,0.9914415935985744,,0.42476369673386216,,,104.64849600790899,115.64809404270716
1734763686800,F:\agent\UAV\data\IR-image\1734763686800.jpg,116.173916560632,38.81178067666817,437.28951492435255,116.1750206,38.8121171,554.57,-12.820790792714092,10.05591879346224,0.8893805309734514,0.288,-98.905836499625,2289.7512633255783,lk,436.86634051974863,A_down,0.7933333333333332,A_down,stable,"up=0.000,stable=0.700,down=0.300",0.0,0.3,0.7,1,1.0014747319161754,0.999570116326869,0.0019046155893064354,3.081186366021314,False,10,-10.344132779498024,0.34265848479960714,0.324652958846612,0.9474534361420377,0,3,-0.5612986501029127,-5.561955164701172,2,False,402,-0.3124393435919505,-14.129579454264046,9.939140618963194,0.9751457378268242,,0.38861364632612094,,,102.71287644471751,117.2804850756475
1734763687000,F:\agent\UAV\data\IR-image\1734763687000.jpg,116.17397670286938,38.811791011601436,435.90995597043207,116.1750746,38.8121172,555.08,-5.392431649430193,11.094548345248825,0.9502487562189055,0.96,-98.62199895775942,2224.293038344299,lk,435.5467565323123,A_down,0.7783333333333333,A_down,stable,"up=0.000,stable=0.650,down=0.350",0.0,0.35,0.65,1,1.0026371105132368,1.0012176939220176,0.0014194165912191359,3.0891810694758814,False,10,-7.302504529796354,0.34222125182838625,0.3236723228803388,0.9457984305505691,0,0,-0.5791465059913321,-5.728739378044571,1,False,382,-0.28383754186558224,-5.720600087629066,10.807322349503494,0.9756641443818808,,0.38444353683735244,,,101.80642415081113,119.17004402956798
1734763687200,F:\agent\UAV\data\IR-image\1734763687200.jpg,116.17403489312382,38.811793570504854,434.5219933636126,116.1751288,38.8121173,555.56,-2.7786188632644553,10.980069444147887,0.9712041884816754,0.96,-98.47249015533683,2558.2259910500716,lk,434.2038584189145,A_down,0.7783333333333333,A_down,stable,"up=0.000,stable=0.650,down=0.350",0.0,0.35,0.65,1,1.0007714351840706,1.0014670353672435,0.0006956001831728287,3.0992559685386323,False,10,-4.838192078265698,0.3416271690443707,0.3226743612488122,0.9445219540103472,0,0,-0.582249811614588,-5.879602819323505,1,False,371,-0.14950880242259257,-2.4106907633445758,10.969581923584684,0.9502325695008039,,0.3788924655673327,,,101.38605245954811,121.03800663638737
1734763687400,F:\agent\UAV\data\IR-image\1734763687400.jpg,116.17409010021446,38.8117949661582,433.1290641210788,116.1751831,38.8121174,556.02,-2.2824168633944737,10.272027736074904,0.9595687331536388,0.96,-98.44331109895379,3111.9483307282544,lk,432.8689760208806,A_down,0.7633333333333332,A_down,transition,"up=0.000,stable=0.600,down=0.400",0.0,0.4,0.6,1,1.0017584443753278,1.00109882562787,0.0006596187474579018,3.1092463582552736,False,10,-4.7854444264303995,0.3411423525801253,0.32168235641795623,0.9429563757915446,0,0,-0.5591943755756006,-6.016222353759974,1,False,356,-0.029179056383042228,-2.026806842053645,10.21792499295995,0.9856364774517715,,0.4052887731231749,,,101.26148230648232,122.8909358789212
1734763687600,F:\agent\UAV\data\IR-image\1734763687600.jpg,116.17412462995483,38.8117759758576,431.9258196503268,116.1752375,38.8121174,556.52,5.061337297059424,6.045827533211877,0.9971910112359551,0.288,-98.64757166653192,2925.5635938873047,lk,431.4068327043055,A_down,0.7633333333333332,A_down,transition,"up=0.000,stable=0.600,down=0.400",0.0,0.4,0.6,1,0.9997335099581841,1.001369407497922,0.0016358975397379183,3.119364762329627,False,10,-4.473003089008883,0.3406884932181036,0.3205957788770563,0.9410232081769071,0,3,-0.5427887552595507,-6.016222353759974,2,False,355,0.20426056757812652,5.688255656946637,5.834981321619608,0.9928278336301446,,0.35299457563087344,,,103.62825294999439,124.5941803496732
1734763687800,F:\agent\UAV\data\IR-image\1734763687800.jpg,116.174177457237,38.811762566285246,430.4762274920389,116.1752921,38.8121174,557.05,2.5230406389472364,10.382567442980587,0.9887323943661972,0.96,-98.78525204959972,2501.1153080209992,lk,430.2576031097792,A_down,0.7483333333333333,A_down,transition,"up=0.000,stable=0.550,down=0.450",0.0,0.45,0.55,1,0.9999962541923024,1.0011645738281039,0.0011683196358014403,3.127898269167075,False,10,-4.289193816838339,0.340172020852649,0.31974174011588014,0.9399413253166444,0,0,-0.5164399911196256,-6.168475109343035,1,False,351,0.13768038306779667,2.8570738006386023,10.21696348645105,0.9876711369492114,,0.37122076138621196,,,104.32593417778878,126.57377250796105
1734763688000,F:\agent\UAV\data\IR-image\1734763688000.jpg,116.17422187237497,38.81173657159353,429.0391074089368,116.1753468,38.8121175,557.62,6.893604413074627,8.908801678238888,0.9829059829059829,0.96,-99.00942005692615,2198.2126667637285,lk,428.81281885957003,A_down,0.7483333333333333,A_down,transition,"up=0.000,stable=0.550,down=0.450",0.0,0.45,0.55,1,0.9992625250774428,1.001133567110792,0.0018710420333490907,3.1384852050153014,False,10,-3.7340294497390736,0.33945856451600365,0.3186680627957933,0.9387539337831903,0,0,-0.48759569663053526,-6.294477734274523,1,False,345,0.22416800732643014,7.472112846100686,8.503252318404094,0.974337818287313,,0.3385099991573952,,,106.2742262683739,128.58089259106322
1734763688200,F:\agent\UAV\data\IR-image\1734763688200.jpg,116.1742776477081,38.811733275416415,427.66647775200784,116.1754015,38.8121175,558.24,-0.9904480855634574,10.599785015804002,0.9710144927536232,0.6719999999999999,-99.31750325187303,3652.6187261290747,lk,427.7644575688821,A_down,0.7333333333333333,A_down,transition,"up=0.050,stable=0.500,down=0.450",0.05,0.45,0.5,1,1.0026882958807466,0.9989502496827152,0.0037380461980314195,3.1483525242651145,False,10,-4.180257255173808,0.33884639186371723,0.31788898333053356,0.9381507106570794,0,0,-0.369045142394441,-6.365930041942377,1,False,335,0.3080831949468872,-1.901329103678222,10.846536247118848,0.9246253017801791,,0.29090857331175357,,,106.33551467517333,130.57352224799217
1734763688400,F:\agent\UAV\data\IR-image\1734763688400.jpg,116.17433035975205,38.81170747389872,426.2568445369434,116.1754564,38.8121174,558.88,6.410885046829208,11.03324671640894,0.9671641791044776,0.96,-99.50142874995969,2723.9518901532883,lk,426.0542752468052,A_down,0.7483333333333333,A_down,transition,"up=0.050,stable=0.550,down=0.400",0.05,0.4,0.55,1,1.0029985168492572,1.0003397174053201,0.0026587994439370988,3.1583851722837424,False,10,-5.332289633608034,0.33827286438446136,0.31661807802258773,0.9359842640606784,0,0,-0.33980167228992286,-6.451864852507887,1,False,324,0.18392549808665845,5.876973569145662,10.716188922913659,0.9594595545902849,,0.3453683839470614,,,107.68736084913311,132.6231554630566
1734763688600,F:\agent\UAV\data\IR-image\1734763688600.jpg,116.17438304871035,38.81173747592487,424.96647156644184,116.1755113,38.8121173,559.52,-11.774120751177804,7.94182923880021,1.0,0.288,-99.70910800110549,3871.496720535448,lk,424.7247712166803,A_down,0.7483333333333333,A_down,transition,"up=0.050,stable=0.550,down=0.400",0.05,0.4,0.55,1,0.9974832103010864,1.000262814511915,0.002779604210828568,3.168741336063569,False,10,-3.7174268906359464,0.3374854638681384,0.3156300700733714,0.9352404884516559,0,3,-0.30542071756610767,-6.451864852507887,2,False,324,0.20767925114580463,-10.978646586306013,8.103752224428547,0.9505637547932565,,0.3090303640929051,,,106.48964002477123,134.55352843355814
1734763688800,F:\agent\UAV\data\IR-image\1734763688800.jpg,116.1744287091716,38.81175537787395,423.50414552032566,116.1755663,38.8121173,560.22,-7.5186268278193324,6.831813231075273,0.9814814814814815,0.96,-99.68731171216719,3031.3775550741607,lk,423.1183077535828,A_down,0.7333333333333333,A_down,transition,"up=0.050,stable=0.500,down=0.450",0.05,0.45,0.5,1,1.0031154301213985,1.001598765128633,0.0015166649927653708,3.178797147516713,False,10,-4.393043211105823,0.3366817610231194,0.3144362424235848,0.933927164536819,0,0,-0.358421124056008,-6.5578404876920855,1,False,318,-0.021796288938309517,-7.1924615610858496,6.3780216833242775,0.9855411767959594,,0.38901651464402676,,,106.46466583535963,136.71585447967436
1734763689000,F:\agent\UAV\data\IR-image\1734763689000.jpg,116.17450535022152,38.811735221127115,422.1925774227872,116.1756214,38.8121174,560.86,3.637908968665613,16.80886923508882,0.9559748427672956,0.288,-99.45034115019493,2232.0429098434656,lk,421.7047216100018,A_down,0.7333333333333333,A_down,transition,"up=0.050,stable=0.500,down=0.450",0.05,0.45,0.5,1,0.9998464695419396,1.0015527913708409,0.0017063218289012916,3.1902080165230027,False,10,-3.211510305593279,0.3361811506017801,0.3133857496720669,0.9321931021745021,0,3,-0.3890402642180675,-6.5578404876920855,2,False,304,-0.2369705619722549,4.549754387535472,16.524202345421628,0.9452442891895771,,0.3591794380918145,,,105.62506315989313,138.6674225772128
1734763689200,F:\agent\UAV\data\IR-image\1734763689200.jpg,116.17454931907967,38.811706779858206,420.75783689535643,116.1756766,38.8121174,561.41,7.708853141756549,8.93430219306697,0.993421052631579,0.6719999999999999,-99.6004275602605,3242.6752587354845,lk,420.8733591314754,A_down,0.7333333333333333,A_down,transition,"up=0.050,stable=0.500,down=0.450",0.05,0.45,0.5,1,0.999858202700865,0.999294112549708,0.0005640901511569929,3.199421346004747,False,10,-2.8200409850782258,0.3355765408812223,0.31276793075700343,0.9320315715028126,0,0,-0.29213398959331016,-6.631526263536189,1,False,302,0.15008641006556664,6.4753179846129,8.935743477512204,0.9311736058443785,,0.3608458288363181,,,107.8174222415758,140.65216310464353
1734763689400,F:\agent\UAV\data\IR-image\1734763689400.jpg,116.17459072133799,38.81169755485279,419.34530910699374,116.1757319,38.8121173,562.03,1.4759167700852913,7.220968493681312,0.9668874172185431,0.6719999999999999,-99.9297031600967,2979.235516756437,lk,419.3440446941205,A_down,0.7483333333333333,A_down,transition,"up=0.050,stable=0.550,down=0.400",0.05,0.4,0.55,1,0.9984775778062349,0.9992397616718954,0.0007621838656605151,3.2100180886242717,False,10,-1.441366293661069,0.3346700195662033,0.311631435653024,0.9311602995002607,0,0,-0.23108214682360995,-6.6827862053146685,1,False,292,0.3292755998361999,0.7186310775884976,7.1280319304302395,0.9618799079209566,,0.30723549937829375,,,109.33873428342535,142.68469089300623
1734763689600,F:\agent\UAV\data\IR-image\1734763689600.jpg,116.17462414763335,38.81169598877954,417.9064403287257,116.1757872,38.8121173,562.66,-0.6865733960221405,4.735744201095088,0.9897260273972602,0.96,-99.97873462020978,3359.1421202924475,lk,417.7929129624863,A_down,0.7483333333333333,A_down,transition,"up=0.050,stable=0.550,down=0.400",0.05,0.4,0.55,1,1.0000255463704362,1.0006603861092325,0.0006348397387963001,3.2209417117890897,False,10,-1.5581281103050195,0.3339303479155511,0.31047872723965253,0.9297709213244992,0,0,-0.22999458019842223,-6.7439318788552765,1,False,289,0.049031460113085824,-0.09670100282312433,4.363334073743658,0.9859630325809121,,0.37790112994844094,,,111.12885729191096,144.75355967127427
1734763689800,F:\agent\UAV\data\IR-image\1734763689800.jpg,116.17469977339724,38.81172597678335,416.459482507745,116.1758426,38.8121173,563.26,-12.953709128573564,13.757294687958279,0.9411764705882353,0.96,-99.87263771192708,3566.394294304252,lk,416.2293177489436,A_down,0.7333333333333333,A_down,transition,"up=0.050,stable=0.500,down=0.450",0.05,0.45,0.5,1,1.0019314086975952,1.0010122772978465,0.0009191313997487516,3.2323307492136375,False,10,-2.3542696887618098,0.3330300835299632,0.3093167567112957,0.9287952410565516,0,0,-0.2509297823561951,-6.804057684949283,1,False,272,-0.10609690828268899,-12.694094039041033,13.620232450860414,0.9803704015910626,,0.4124956097221002,,,108.15815631933351,146.80051749225498
1734763690000,F:\agent\UAV\data\IR-image\1734763690000.jpg,116.17473303981453,38.81168893286195,415.01607421886143,116.175898,38.8121173,563.85,11.069639318447855,6.7194474576090215,0.9816176470588235,0.96,-99.92402690432877,3966.1824095485267,lk,414.99698913469416,A_down,0.7333333333333333,A_down,transition,"up=0.050,stable=0.500,down=0.450",0.05,0.45,0.5,1,0.9995845869681854,0.9998927179033397,0.0003081309351542494,3.2434051790125595,False,10,-2.4790110593400345,0.3321844867155584,0.30840096372433445,0.9284026679680885,0,0,-0.21340336731003617,-6.855846187787697,1,False,267,0.05138919240169301,10.908391120099395,6.7107779734919575,1.0041799968108536,,0.41835398238617927,,,111.61135271772494,148.8339257811386
1734763690200,F:\agent\UAV\data\IR-image\1734763690200.jpg,116.17478498383534,38.81167923535073,413.59018358852677,116.1759534,38.8121173,564.49,1.2316811096667948,9.943253139297326,0.9550561797752809,0.5599999999999999,-99.59822723087224,3587.903399633019,lk,413.3511533030939,A_down,0.7333333333333333,A_down,transition,"up=0.050,stable=0.500,down=0.450",0.05,0.45,0.5,2,1.0064574283739596,1.0005993785701381,0.00585804980382143,3.2548103662344383,False,10,-4.010157147276699,0.33139440344724047,0.3071778768830157,0.9269253604999996,0,0,-0.21343763660962622,-6.890825656836857,1,False,255,-0.3257996734565363,0.9832600691938183,9.641331516645977,0.9749836243689061,,0.38021049613598734,,,112.34554875250754,150.89981641147324
1734763690400,F:\agent\UAV\data\IR-image\1734763690400.jpg,116.17485086512428,38.81167344239469,412.1411381673738,116.1760089,38.8121174,565.1,-0.45295875932055196,13.338380835338455,0.9490196078431372,0.5599999999999999,-98.64472479914267,3435.315995924836,lk,411.816065470268,A_down,0.7333333333333333,A_down,transition,"up=0.050,stable=0.500,down=0.450",0.05,0.45,0.5,2,1.0141855106205901,1.0004888225288928,0.013696688091697329,3.2664403274345477,False,10,-8.499097873491863,0.3305511692212909,0.30603709133651774,0.9258387802937645,0,0,-0.2525485904963034,-6.9359586797261805,1,False,242,-0.9535024317295686,-1.1143516998604355,13.409275220734628,0.9072716511785984,,0.3426170729799196,,,111.82342786089679,152.9588618326262
1734763690600,F:\agent\UAV\data\IR-image\1734763690600.jpg,116.17490670732894,38.811683218565626,410.64994124237677,116.1760645,38.8121177,565.67,-5.098637973582413,10.01561559056671,0.9710743801652892,0.5599999999999999,-97.75861410500812,3539.239582354119,lk,410.1951728777127,A_down,0.7333333333333333,A_down,transition,"up=0.050,stable=0.500,down=0.450",0.05,0.45,0.5,2,1.0091283970926053,1.000575695923198,0.008552701169407317,3.2787764091310527,False,10,-13.11134107753145,0.3297087955090424,0.30483254081994654,0.9245508308303118,0,0,-0.34443454963184195,-7.001410425520337,1,False,235,-0.8861106941345452,-4.918646727008934,9.913196844474726,0.9298473647329957,,0.3485744634526782,,,111.34335639336474,155.0200587576232
1734763690800,F:\agent\UAV\data\IR-image\1734763690800.jpg,116.1749715021085,38.81168392695106,409.04916519665824,116.1761201,38.8121177,566.25,-2.3228366087329277,12.777881242340072,0.9446808510638298,0.96,-97.52262103029065,3670.502622721632,lk,408.4824476480123,A_down,0.7333333333333333,A_down,transition,"up=0.050,stable=0.500,down=0.450",0.05,0.45,0.5,1,1.0011269555380737,1.0007501844493862,0.00037677108868749976,3.2918288217790646,False,10,-12.27640431830273,0.3288780205489349,0.3035597457750091,0.9230162151557995,0,0,-0.46745981017062377,-7.126036205834178,1,False,222,-0.23599307471746667,-2.717303271041885,12.462237157083223,0.9745702874846757,,0.39269664511084557,,,110.59174866975378,157.20083480334176
1734763691000,F:\agent\UAV\data\IR-image\1734763691000.jpg,116.17502782666593,38.81172629068255,407.6239579554914,116.1761758,38.8121175,566.77,-16.083459144259848,8.64146661553292,0.9864864864864865,0.288,-97.75893916653095,3317.587987315618,lk,406.9293873463969,A_down,0.7483333333333333,A_down,transition,"up=0.050,stable=0.550,down=0.400",0.05,0.4,0.55,1,0.9985918412081491,1.0005303160632144,0.0019384748550652642,3.3055843266059965,False,10,-11.730862629474748,0.3279556370863044,0.30240560416367146,0.9220930210267763,0,3,-0.542821101644904,-7.126036205834178,2,False,219,0.23631813624029546,-15.227601279639543,8.574533038216742,0.9676620968151838,,0.2779759003169602,,,108.56148233559793,159.1460420445086
1734763691200,F:\agent\UAV\data\IR-image\1734763691200.jpg,116.17507333665546,38.811738751864965,405.9026550757796,116.1762315,38.8121172,567.3,-5.692188347101194,7.116125092637219,0.9817351598173516,0.96,-98.37685248294073,3709.8478249810637,lk,405.50036416339924,A_down,0.7633333333333332,A_down,transition,"up=0.050,stable=0.600,down=0.350",0.05,0.35,0.6,1,1.001151984591374,1.0004354598978131,0.0007165246935607605,3.317654550255924,False,10,-12.199668274148593,0.3269346916479754,0.30134363952691634,0.921724268562438,0,0,-0.5986482150384518,-7.305591337825855,1,False,215,0.617913316409783,-5.6292103772711926,6.765968990310057,0.9378998789470643,,0.19998658876284026,,,108.81438329028614,161.39734492422036
1734763691400,F:\agent\UAV\data\IR-image\1734763691400.jpg,116.17512425412467,38.81175649664425,404.1571934383552,116.1762871,38.8121169,567.85,-7.745862313646171,8.226678179195403,0.9813953488372092,0.96,-98.76997077282563,3728.573128132187,lk,403.65936859676435,A_down,0.7783333333333333,A_down,stable,"up=0.050,stable=0.650,down=0.300",0.05,0.3,0.65,1,1.0007875348478623,1.0006410473938463,0.00014648745401601992,3.3326730078228186,False,10,-13.052363252083882,0.3259500231477902,0.299975521632504,0.9203113984639634,0,0,-0.6692427720494152,-7.479048598844672,1,False,211,0.39311828988489966,-7.467660996737038,7.983589109642281,0.9408707600552588,,0.2576455898815766,,,108.43113293120392,163.69280656164483
1734763691600,F:\agent\UAV\data\IR-image\1734763691600.jpg,116.17517007925943,38.81177905909049,402.3786569541816,116.1763428,38.8121167,568.39,-9.183597404750287,6.614927877709647,0.981042654028436,0.96,-98.88412646562011,3754.455125291935,lk,401.88466364130045,A_down,0.7933333333333332,A_down,stable,"up=0.050,stable=0.700,down=0.250",0.05,0.25,0.7,1,1.0007689186183406,1.0005591054446106,0.0002098131737300335,3.347824719568377,False,10,-13.284357837689429,0.32504787851879247,0.2986566669590457,0.9188082331747291,0,0,-0.7164976032479444,-7.654876071653912,1,False,207,0.11415569279448935,-9.07878272164129,6.38803835337194,0.9774311661720276,,0.3662180594401434,,,108.32353928779747,166.01134304581836
1734763691800,F:\agent\UAV\data\IR-image\1734763691800.jpg,116.17518617727144,38.81177817253856,400.8476817398508,116.1763985,38.8121167,568.92,30.91957442594486,11.837443240257102,0.466,0.192,-98.66372706936623,2815.9610070753006,orb+phase,399.77747874560646,A_down,0.7933333333333332,A_down,stable,"up=0.050,stable=0.700,down=0.250",0.05,0.25,0.7,1,1.0030514638713401,1.001936321578822,0.0011151422925181897,3.363877848085939,False,10,-13.6573598276366,0.3241626408634754,0.29709073306171213,0.9164866508686764,0,1,-0.8209606724668674,-7.654876071653912,3,True,466,-0.22039939625388263,30.91957442594486,11.837443240257102,0.9188829110004008,,0.3553915868396871,,,111.58168925294316,168.07231826014913
1734763692000,F:\agent\UAV\data\IR-image\1734763692000.jpg,116.17523281730493,38.81176474799242,398.91093090448203,116.1764542,38.8121167,569.42,3.0269552833671014,8.757408432061936,0.9899193548387096,0.96,-98.7144618146473,3049.7348112975715,lk,398.43647283810765,A_down,0.8083333333333332,A_down,stable,"up=0.050,stable=0.750,down=0.200",0.05,0.2,0.75,1,1.0010658444520986,1.0008593912815198,0.00020645317057876866,3.377072936379051,False,10,-14.175927421415487,0.3231733420645755,0.2960941776045388,0.9162085452746724,0,0,-0.8529922404970876,-7.905159501153812,1,False,491,0.05073474528105505,2.952818672912599,8.763574744779731,0.9626972451806068,,0.4067860924405977,,,112.83001966619794,170.50906909551793
1734763692200,F:\agent\UAV\data\IR-image\1734763692200.jpg,116.17528859728955,38.81178027867608,396.96870065899736,116.17651,38.8121167,569.93,-7.2187026199757724,9.689391765053585,0.9775967413441955,0.96,-98.62548015900954,3746.994443812928,lk,396.4302578286168,A_down,0.8083333333333332,A_down,stable,"up=0.000,stable=0.750,down=0.250",0.0,0.25,0.75,1,1.0012466336411745,1.001482537979273,0.00023590433809839162,3.3941440233550586,False,10,-12.1109769179097,0.3221783588333842,0.29460327849306506,0.9144105133561137,0,0,-0.8702860998818096,-8.128933671885212,1,False,480,-0.08898165563775727,-6.950597052436933,9.78039191871295,0.9753949297592044,,0.37112204646109603,,,112.24433997706515,172.9612993410026
1734763692400,F:\agent\UAV\data\IR-image\1734763692400.jpg,116.1753524823775,38.811798926498916,395.0396750120094,116.1765658,38.8121166,570.43,-8.609457400456051,11.705565180424742,0.9770833333333333,0.96,-98.57448260797327,3625.670087783189,lk,394.8838668302581,A_down,0.8083333333333332,A_down,stable,"up=0.000,stable=0.750,down=0.250",0.0,0.25,0.75,1,1.0002294162725054,1.0006273349752979,0.000397918702792488,3.4104307058489485,False,10,-6.702372409155916,0.32113906764750627,0.29345409310937626,0.9137913218066697,0,0,-0.7766137405328664,-8.319644201688895,1,False,469,-0.05099755103627941,-8.283543835401645,11.784724061152787,0.967835528543219,,0.3932218973641284,,,110.9026077611968,175.39032498799054
1734763692600,F:\agent\UAV\data\IR-image\1734763692600.jpg,116.17540116517841,38.81180136184983,393.11336407049134,116.1766216,38.8121166,570.97,-2.451935253357533,8.470593794220179,1.0,0.96,-98.7562006592479,2987.1028679564233,lk,392.955629138718,A_down,0.7933333333333332,A_down,stable,"up=0.000,stable=0.700,down=0.300",0.0,0.3,0.7,1,0.9997935254391789,1.0013603255712717,0.0015668001320928715,3.4266902837865967,False,10,-3.0584192656405222,0.3201687594964682,0.2920211420809833,0.9120850595799762,0,0,-0.6816553143993929,-8.487177166104575,1,False,469,0.18171805127462262,-2.123860731326886,8.274215179990279,0.974951901845634,,0.3595750230597332,,,111.40182124498986,177.85663592950868
1734763692800,F:\agent\UAV\data\IR-image\1734763692800.jpg,116.17545742972254,38.81180121738276,391.1986800132535,116.1766773,38.8121164,571.53,-1.9334685519665413,10.637386592798748,0.9786780383795309,0.96,-99.05806369388804,2775.670015690838,lk,391.08799657035695,A_down,0.8083333333333332,A_down,stable,"up=0.000,stable=0.750,down=0.250",0.0,0.25,0.75,1,1.000502101580424,1.0009610302033682,0.0004589286229441658,3.442998417483082,False,10,-2.80062760797117,0.3192049014558367,0.2906332291586113,0.9104911228902968,0,0,-0.5818757349973112,-8.627629210117062,1,False,459,0.3018630346401483,-1.6129878687718247,10.487096834480155,0.9754038381623105,,0.32128897646907717,,,111.35344907329484,180.33131998674645
1734763693000,F:\agent\UAV\data\IR-image\1734763693000.jpg,116.17550561177339,38.811792109782495,389.2796575203711,116.1767331,38.8121162,572.09,1.4825324372719706,8.963381930943626,0.9869281045751634,0.96,-99.22447599186003,4123.386464188658,lk,389.0730482951609,A_down,0.8233333333333333,A_down,stable,"up=0.000,stable=0.800,down=0.200",0.0,0.2,0.8,1,1.0022446334796675,1.0009781911630948,0.0012664423165726912,3.4596228045064024,False,10,-4.196048607632435,0.3182785230631634,0.2891358400059313,0.9084365392400396,0,0,-0.5171605038761413,-8.753692853853167,1,False,453,0.16641229797198542,0.9340308693467136,8.826281040526794,0.9746603464242071,,0.34188798611285165,,,112.29408838273498,182.81034247962896
1734763693200,F:\agent\UAV\data\IR-image\1734763693200.jpg,116.17554454105435,38.81177912089211,387.3587263282558,116.1767887,38.812116,572.66,3.2150598713545264,6.699140013860131,0.9801324503311258,0.96,-99.38082520248352,3579.7140936352216,lk,387.1383403220959,A_down,0.8233333333333333,A_down,stable,"up=0.000,stable=0.800,down=0.200",0.0,0.2,0.8,1,1.0014199162628843,1.000912739366149,0.0005071768967352952,3.4764707944280366,False,10,-4.277669084435252,0.31725353067656065,0.2876980806509478,0.9068396497823549,0,0,-0.4579193031282216,-8.865075959249085,1,False,444,0.15634921062348403,2.9573733773607955,6.551375781767433,0.9783199647441506,,0.3657209211960435,,,114.12190010907355,185.30127367174418
1734763693400,F:\agent\UAV\data\IR-image\1734763693400.jpg,116.17559481028694,38.81177634599024,385.4277922142955,116.1768444,38.8121158,573.23,-0.817839711639408,9.19131345271444,0.972972972972973,0.96,-99.25750359118156,3285.368556784243,lk,385.1604427151059,A_down,0.8233333333333333,A_down,stable,"up=0.000,stable=0.800,down=0.200",0.0,0.2,0.8,1,1.0022559895718501,1.0009580178514912,0.001297971720358948,3.4937277232085218,False,10,-4.814923992162947,0.3161240740479796,0.28622822534087516,0.9054300157394308,0,0,-0.42661110063261276,-8.968635126873645,1,False,432,-0.12332161130195456,-0.9220795450935952,9.183175546824543,0.9937178825028241,,0.41440253134351224,,,114.66041408355953,187.80220778570452
1734763693600,F:\agent\UAV\data\IR-image\1734763693600.jpg,116.17563877843615,38.81180118702516,383.6340651889208,116.1769001,38.8121158,573.77,-10.152672978620217,5.948335385131486,0.9675925925925926,0.288,-99.08227904081056,3054.789867671393,lk,383.17057437158473,A_down,0.8083333333333332,A_down,stable,"up=0.000,stable=0.750,down=0.250",0.0,0.25,0.75,1,1.0022157382340176,1.0010260797949673,0.0011896584390502785,3.511434761110425,False,10,-5.337459628980686,0.3150331562484781,0.2847494740947371,0.9038714447889569,0,3,-0.4171988116305556,-8.968635126873645,2,False,418,-0.17522455037100215,-10.402491695007711,5.944272550516729,0.9924807718023658,,0.39778673177352175,,,114.74867386796926,190.1359348110792
1734763693800,F:\agent\UAV\data\IR-image\1734763693800.jpg,116.17568848536533,38.81180696830693,381.6402105398569,116.1769557,38.8121157,574.31,-3.705995570047719,8.601414813026224,0.9521531100478469,0.96,-98.86310886807563,3199.8936947391944,lk,381.3488041044524,A_down,0.8083333333333332,A_down,stable,"up=0.000,stable=0.750,down=0.250",0.0,0.25,0.75,1,1.001316182795753,1.0013559886592602,3.9805863507158534e-05,3.52811432510961,False,10,-4.6599809108218855,0.31391099604782585,0.28339564329408623,0.9027897934830851,0,0,-0.4351733523916437,-9.094979597304896,1,False,398,-0.2191701727349344,-3.396016343783913,8.527438260779405,0.9556781500577927,,0.3979482358554378,,,115.03821994726864,192.66978946014302
1734763694000,F:\agent\UAV\data\IR-image\1734763694000.jpg,116.17574459983105,38.81182934495091,379.6406470917132,116.1770114,38.8121157,574.84,-9.796046519566914,9.462024789985833,0.964824120603015,0.96,-98.77678515165739,3646.4129100440455,lk,379.39451289812234,A_down,0.7933333333333332,A_down,stable,"up=0.000,stable=0.700,down=0.300",0.0,0.3,0.7,1,1.000825226138549,1.0010513079540535,0.00022608181550443085,3.5469022778788526,False,10,-4.545137364214196,0.3130768402145352,0.28194333085035767,0.9005563319763821,0,0,-0.4363541934667978,-9.208123982077822,1,False,384,-0.08632371641823273,-9.59504974729964,9.544396632627922,0.9843626610934735,,0.3988307152176276,,,114.28586779556956,195.1993529082868
1734763694200,F:\agent\UAV\data\IR-image\1734763694200.jpg,116.17579341700372,38.811815567993584,377.63082371594083,116.1770672,38.8121157,575.37,3.2681794703431706,9.421829319029655,0.9635416666666666,0.96,-98.67334054018836,3487.5577261555845,lk,377.39763923490955,A_down,0.7933333333333332,A_down,stable,"up=0.000,stable=0.700,down=0.300",0.0,0.3,0.7,1,1.000767752133823,1.0009764291428638,0.0002086770090408141,3.56586633149014,False,10,-4.342319927244894,0.3121996832050137,0.2804593736692354,0.8983333063956531,0,0,-0.4318131664306293,-9.314225793474073,1,False,370,-0.10344461146903351,3.5398717007291225,9.339754086648128,0.9738896816968918,,0.3913176998612471,,,115.30111326839035,197.73917628405917
1734763694400,F:\agent\UAV\data\IR-image\1734763694400.jpg,116.17586264399448,38.81182533359977,375.767978557246,116.1771229,38.8121157,575.89,-5.886939238549132,13.800646605212023,0.9486486486486486,0.288,-98.55453574915589,2635.008614348769,lk,375.3485176951622,A_down,0.7783333333333333,A_down,stable,"up=0.000,stable=0.650,down=0.350",0.0,0.35,0.65,1,1.000439171034072,1.0010635841874667,0.0006244131533945652,3.5851401604361337,False,10,-4.396854653897316,0.31105508144633826,0.2789365889884018,0.8967433924930835,0,3,-0.4295076960878532,-9.314225793474073,2,False,351,-0.11880479103247055,-5.19333337112954,13.87569968532253,0.9572391986846924,,0.39528482453897595,,,113.8670916721262,200.12202144275398
1734763694600,F:\agent\UAV\data\IR-image\1734763694600.jpg,116.1759000199439,38.811805826007664,373.7200182824748,116.1771785,38.8121158,576.43,5.845707720329415,6.551791365336896,0.9772079772079773,0.96,-98.42352643622569,2501.4701846733324,lk,373.636967666376,A_down,0.7783333333333333,A_down,stable,"up=0.000,stable=0.650,down=0.350",0.0,0.35,0.65,1,0.9991306571747551,1.0003299839713413,0.0011993267965861865,3.6026463124009407,False,10,-4.1298946440960895,0.30989774197547415,0.2776646672825584,0.8959880298338323,0,0,-0.39052525922505765,-9.428539236658978,1,False,343,-0.13100931293019802,6.242004309841832,6.437230664760676,0.9701224182732403,,0.40585683280369267,,,116.01115936479306,202.70998171752512
1734763694800,F:\agent\UAV\data\IR-image\1734763694800.jpg,116.17596189725337,38.81179424672527,371.67118477996024,116.1772341,38.8121158,577.01,2.010614415724433,12.946345883454853,0.9416909620991254,0.96,-98.4463647297657,2350.1515806328416,lk,371.3850860595162,A_down,0.7633333333333332,A_down,transition,"up=0.000,stable=0.600,down=0.400",0.0,0.4,0.6,1,1.0018354600367159,1.0011815037281178,0.0006539563085981026,3.6228232992345113,False,10,-4.596435771814962,0.30885886021781506,0.2759912034359972,0.8935835716073072,0,0,-0.39995813721162676,-9.529400522886414,1,False,323,0.022838293540021738,2.04730282334242,12.673676645500649,0.9615210282616318,,0.4028782653622329,,,115.88272646749142,205.33881522003975
1734763695000,F:\agent\UAV\data\IR-image\1734763695000.jpg,116.17600396677359,38.81177399507457,369.6311123710103,116.1772897,38.8121159,577.59,5.905392107964246,7.9197255061952205,0.9659442724458205,0.96,-98.66130373037232,3063.393862913464,lk,369.5854142335539,A_down,0.7633333333333332,A_down,transition,"up=0.000,stable=0.600,down=0.400",0.0,0.4,0.6,1,1.0022892652752424,0.9997325199770877,0.00255674529815475,3.6425526429184316,False,10,-4.5871217796976795,0.30778942030367507,0.2746537948763072,0.8923431955696359,0,0,-0.3427712064112143,-9.613393022758157,1,False,312,0.21493900060661875,4.92230190451852,7.935220406341301,0.927908879891038,,0.32844492062577046,,,117.70974218789452,207.95888762898971
1734763695200,F:\agent\UAV\data\IR-image\1734763695200.jpg,116.17604598136192,38.811741982272565,367.5693370729358,116.1773453,38.8121159,578.2,10.103749502637868,8.597238292379643,0.9775641025641025,0.96,-98.88374351386992,3412.681469372948,lk,367.2367554446274,A_down,0.7483333333333333,A_down,transition,"up=0.000,stable=0.550,down=0.450",0.0,0.45,0.55,1,1.0027338313380882,1.001196975533757,0.0015368558043311609,3.663160049478524,False,10,-5.0374484944999285,0.3066074841097667,0.27290841201106075,0.890090510358705,0,0,-0.3641169838526821,-9.701720550372256,1,False,305,0.22243978349759877,9.617560100406251,8.222739603527799,0.978502259682864,,0.2890728590427898,,,120.01070350547538,210.63066292706424
1734763695400,F:\agent\UAV\data\IR-image\1734763695400.jpg,116.17609722906816,38.81173244458451,365.4985130935483,116.1774008,38.812116,578.81,1.6126570885327283,9.935320866119469,0.9934426229508196,0.96,-98.92002775994249,3636.1992808318146,lk,365.34636009524735,A_down,0.7483333333333333,A_down,transition,"up=0.000,stable=0.550,down=0.450",0.0,0.45,0.55,1,1.0008593425708099,1.0003137832770683,0.0005455592937415599,3.6838099050190234,False,10,-4.505734601428454,0.30543481607823214,0.2715035831500504,0.888908431056233,0,0,-0.3438505868524544,-9.785603617948201,1,False,303,0.03628424607256307,1.220747781155353,9.891123966573105,0.9816702408716083,,0.39452902527409606,,,120.73079728909698,213.31148690645165
1734763695600,F:\agent\UAV\data\IR-image\1734763695600.jpg,116.17613755260159,38.8117338270902,363.4147973137074,116.1774563,38.8121161,579.41,-1.8236805119521478,6.261418084238471,0.9900990099009901,0.96,-98.68126713688238,2959.0137405513224,lk,363.203010816783,A_down,0.7483333333333333,A_down,transition,"up=0.000,stable=0.550,down=0.450",0.0,0.45,0.55,1,1.0026291668761838,1.0005888807903993,0.0020402860857844374,3.704921049194673,False,10,-4.628065587705257,0.3041961432974778,0.2699107740444843,0.8872919002807169,0,0,-0.3376944305589973,-9.86775159266656,1,False,300,-0.23876062306009743,-2.290409268884275,6.0995949441114306,0.9504641802981496,,0.4010267889534589,,,121.91205335608294,215.99520268629254
1734763695800,F:\agent\UAV\data\IR-image\1734763695800.jpg,116.17618658559641,38.81172655420822,361.3162683984546,116.1775117,38.8121163,580.0,0.9632396607142937,9.213401168332723,0.9733333333333334,0.96,-98.5425979126767,2999.1070759592944,lk,361.0933294314665,A_down,0.7633333333333332,A_down,transition,"up=0.000,stable=0.600,down=0.400",0.0,0.4,0.6,1,1.0007427127703934,1.000709195021298,3.3517749095324234e-05,3.726472969566376,False,10,-4.396844553358619,0.3029826749693403,0.2683429849052438,0.8856710534105562,0,0,-0.33812438279983326,-9.94933486199902,1,False,292,-0.13866922420567826,1.3034133813630433,9.090383643264886,0.9987114981282502,,0.4135605093324557,,,122.72022920656883,218.6837316015454
1734763696000,F:\agent\UAV\data\IR-image\1734763696000.jpg,116.176231875322,38.81172831677565,359.2035852794497,116.1775672,38.8121164,580.57,-2.1758451536273924,7.664129769002045,0.9863013698630136,0.96,-98.5798565896407,3406.5211606178336,lk,359.0304352811665,A_down,0.7633333333333332,A_down,transition,"up=0.000,stable=0.600,down=0.400",0.0,0.4,0.6,1,1.000211127321023,1.0004917548591823,0.00028062753815927266,3.74832895358792,False,10,-4.153186364650708,0.3018746218452939,0.2668099652432449,0.8838436421461785,0,0,-0.32882082337823704,-10.02972743905687,1,False,288,0.03725867696400528,-1.779033572665469,7.66198128307056,0.9733629271853715,,0.39908582268981263,,,123.48355661828309,221.36641472055032
1734763696200,F:\agent\UAV\data\IR-image\1734763696200.jpg,116.17627992595115,38.81172944875841,357.0787619254781,116.1776227,38.8121165,581.15,-2.086097867070123,8.493800752241668,0.9861111111111112,0.96,-98.70747002962499,3445.379536847435,lk,356.89589811276153,A_down,0.7783333333333333,A_down,stable,"up=0.000,stable=0.650,down=0.350",0.0,0.35,0.65,1,0.9990621225323033,1.0007029122503723,0.0016407897180690245,3.7705809554143412,False,10,-3.52581123194409,0.3006595805797102,0.26522370477129764,0.882139542202222,0,0,-0.3186756339371186,-10.107651973349972,1,False,284,0.12761343998428923,-1.5709402815037379,8.399902207880075,0.9704576559364796,,0.3538824939751066,,,124.04864995768902,224.0712380745219
1734763696400,F:\agent\UAV\data\IR-image\1734763696400.jpg,116.1763233939116,38.811728540468394,354.9498228138823,116.1776782,38.8121165,581.74,-1.1168649190849465,7.316309789079355,0.9647887323943662,0.96,-98.53300405179147,2911.174536710149,lk,354.8569061790073,A_down,0.7783333333333333,A_down,stable,"up=0.000,stable=0.650,down=0.350",0.0,0.35,0.65,1,0.9984683998874194,1.0003368804646051,0.0018684805771856938,3.793046952059788,False,10,-2.8107913980608163,0.2993160942957749,0.2637084478083324,0.8810366459871813,0,0,-0.2920407360343802,-10.17809469076596,1,False,274,-0.17446597783351372,-0.537034082198943,7.313935025397711,0.9564232830889523,,0.41884259617654607,,,125.0617257554641,226.79017718611772
1734763696600,F:\agent\UAV\data\IR-image\1734763696600.jpg,116.17637098547537,38.811722991810704,352.81260690931566,116.1777337,38.8121165,582.35,0.4826358944977187,8.775034326600746,0.9781021897810219,0.96,-98.10666289698418,2774.8676851775863,lk,352.6623756760226,A_down,0.7933333333333332,A_down,stable,"up=0.000,stable=0.700,down=0.300",0.0,0.3,0.7,1,0.9996225345305478,1.000587018549137,0.0009644840185891734,3.8158905586673733,False,10,-2.9661075511772026,0.29787370001037894,0.262077603875093,0.8798279400496295,0,0,-0.2727942355728601,-10.244675358605809,1,False,268,-0.4263411548072827,0.5391796991687556,8.571277977905225,0.9733465686440468,,0.3896077804383822,,,125.91818342587928,229.53739309068436
1734763696800,F:\agent\UAV\data\IR-image\1734763696800.jpg,116.17642718520365,38.811734376884154,350.7636718375945,116.1777892,38.8121165,582.96,-6.091729094561401,10.42974695809744,0.9402985074626866,0.288,-97.71001353985416,2703.3677740674834,lk,350.49738277642484,A_down,0.7933333333333332,A_down,stable,"up=0.000,stable=0.700,down=0.300",0.0,0.3,0.7,1,1.0011287675841931,1.0007484335371428,0.0003803340470502903,3.8392690607094715,False,10,-2.7025116102015434,0.2965924553331255,0.2604687105236389,0.8782041007452017,0,3,-0.26960529453219806,-10.244675358605809,2,False,252,-0.39664935713001775,-6.099904453202953,10.260267867095166,0.9709535347297787,,0.37668790604220703,,,125.42682676441069,232.19632816240556
1734763697000,F:\agent\UAV\data\IR-image\1734763697000.jpg,116.17647499068832,38.81172938375435,348.6010099212159,116.1778448,38.8121165,583.56,0.3858438153934003,8.831331126945088,0.9642857142857143,0.96,-97.45033161982144,2822.1808511776385,lk,348.5269653385915,A_down,0.7933333333333332,A_down,stable,"up=0.000,stable=0.700,down=0.300",0.0,0.3,0.7,1,1.0010434094725498,1.0004301509846116,0.0006132584879381398,3.861579082497637,False,10,-2.2560736209490844,0.29534872804880197,0.25900441402829777,0.8769444031108241,0,0,-0.24562687762613677,-10.316350262615064,1,False,243,-0.25968192003272517,0.06902104694700029,8.71255831211812,0.974335934408009,,0.40899333666311577,,,126.25067391746934,234.95899007878404
1734763697200,F:\agent\UAV\data\IR-image\1734763697200.jpg,116.17652037301654,38.81171799982924,346.44905142855504,116.1779005,38.8121164,584.16,2.892858279941379,8.449177480673825,0.9753086419753086,0.96,-97.35290644965454,3558.3980498886112,lk,346.39634715709224,A_down,0.7933333333333332,A_down,stable,"up=0.000,stable=0.700,down=0.300",0.0,0.3,0.7,1,1.001692335982916,1.0002724375233936,0.0014198984595223951,3.885496291589412,False,10,-1.8840125337856723,0.29402868580122066,0.2574210659132355,0.8754964340019058,0,0,-0.21363487499746725,-10.37186071955865,1,False,237,-0.09742517016690429,2.318712643445622,8.343134159565352,0.9660271236672997,,0.41412482265150174,,,127.5218804825052,237.71094857144493
1734763697400,F:\agent\UAV\data\IR-image\1734763697400.jpg,116.1765698381046,38.81172507492102,344.28791745018776,116.1779562,38.8121162,584.77,-4.268909451764955,8.742494603991474,0.9704641350210971,0.96,-97.68515493758102,3541.373931320674,lk,344.09983733469625,A_down,0.7933333333333332,A_down,stable,"up=0.000,stable=0.700,down=0.300",0.0,0.3,0.7,1,1.0046181856127747,1.0006808534655822,0.003937332147192496,3.9100191692798125,False,10,-3.153747362505592,0.2927376175951798,0.2557144370436958,0.8735277657322383,0,0,-0.22265153668740822,-10.4265700093185,1,False,230,0.33224848792647543,-4.749570251134344,8.40546361156538,0.9700468080118299,,0.3101117805344984,,,127.75092795619206,240.48208254981222
1734763697600,F:\agent\UAV\data\IR-image\1734763697600.jpg,116.17662469786114,38.81175955221486,342.20260344832406,116.1780119,38.8121158,585.36,-14.903394416987226,8.90035362283902,0.9608695652173913,0.288,-97.89505654783163,3292.4284809484243,lk,341.90047802927245,A_down,0.8083333333333332,A_down,stable,"up=0.000,stable=0.750,down=0.250",0.0,0.25,0.75,1,1.002994549960976,1.0008145470425394,0.0021800029184366743,3.9350673790518975,False,10,-3.2573758166443905,0.2913271856197973,0.25408000463303404,0.8721465663854197,0,3,-0.24123505995351024,-10.4265700093185,2,False,221,0.20990161025060736,-15.058913979421845,8.857694096268887,0.9550815661437809,,0.31257918951450847,,,126.55233968331926,243.15739655167596
1734763697800,F:\agent\UAV\data\IR-image\1734763697800.jpg,116.17666465861579,38.81177826429071,340.11728944646035,116.1780678,38.8121156,585.94,-8.333723961423686,5.335496103852563,0.9728506787330317,0.288,-97.9150842588869,3513.8880147397153,lk,339.88656292085966,A_down,0.8233333333333333,A_down,stable,"up=0.000,stable=0.800,down=0.200",0.0,0.2,0.8,1,1.0004528422679622,1.0004337478425904,1.9094425371735113e-05,3.959219074821521,False,10,-3.139918716446747,0.28988453458227126,0.2525833832681693,0.871324107138542,0,3,-0.24192508519769262,-10.4265700093185,2,False,215,0.020027711055278178,-7.9512600337409935,5.232339756526528,0.9672547086142004,,0.3874661596782971,,,127.22891136450697,245.8227105535397
1734763698000,F:\agent\UAV\data\IR-image\1734763698000.jpg,116.17671400588102,38.81175222182933,337.9080423013248,116.1781236,38.8121156,586.53,8.355987275754558,10.531612298213702,0.9488372093023256,0.96,-97.96417827202345,3871.150556492425,lk,337.8486124592024,A_down,0.8383333333333333,A_down,stable,"up=0.000,stable=0.850,down=0.150",0.0,0.15,0.85,1,1.0000106950590992,1.0001815893591108,0.00017089430001160366,3.983475094820828,False,10,-3.0535410548622233,0.28841696032843955,0.25106890026503226,0.8705067135411295,0,0,-0.2261667951136701,-10.49956933611446,1,False,204,0.04909401313654221,8.361478957784584,10.284820895520653,0.9669672599062323,,0.3858112234302098,,,128.6432431190064,248.62195769867515
1734763698200,F:\agent\UAV\data\IR-image\1734763698200.jpg,116.17675573263824,38.811738386263364,335.7144402111785,116.1781797,38.8121155,587.11,3.979189190590148,7.6365773036035876,0.9754901960784313,0.96,-98.17557809576405,3658.2475076483097,lk,335.64458557018827,A_down,0.8383333333333333,A_down,stable,"up=0.000,stable=0.850,down=0.150",0.0,0.15,0.85,1,1.0014845325715185,0.9998310282088507,0.001653504362667757,4.009654791630074,False,10,-3.8383741820615924,0.28696315299591146,0.2494309991851628,0.8692091530954031,0,0,-0.20790956988082598,-10.55488386710615,1,False,199,0.2113998237406008,4.139786755217585,7.608351484987622,0.9789801110979169,,0.3521880194020923,,,130.3096099502694,251.39555978882152
1734763698400,F:\agent\UAV\data\IR-image\1734763698400.jpg,116.17679554637637,38.81170190612607,333.50589468602095,116.1782358,38.8121154,587.69,12.781461261587026,8.385691541277083,0.954,0.96,-98.39032282248701,2660.5823164366093,lk,333.2517860673615,A_down,0.8533333333333333,A_down,stable,"up=0.000,stable=0.900,down=0.100",0.0,0.1,0.9,1,0.999355569969735,1.0008783409432822,0.0015227709735472494,4.03661069602455,False,10,-4.10594303512135,0.28548884971780614,0.24765281357902244,0.8674693033504354,0,0,-0.2443344619860568,-10.613940670219257,1,False,477,0.2147447267229623,12.920824163979034,8.253325304987698,0.9791703291004523,,0.3278254391916562,,,132.99030852443062,254.1841053139791
1734763698600,F:\agent\UAV\data\IR-image\1734763698600.jpg,116.17684119718741,38.81169422777965,331.27840934229914,116.1782921,38.8121153,588.27,1.3928044219156845,8.522726019928484,0.9811320754716981,0.96,-98.35872133688866,3940.225586860031,lk,331.06302813527645,A_down,0.8533333333333333,A_down,stable,"up=0.000,stable=0.900,down=0.100",0.0,0.1,0.9,1,1.0006331871023608,1.000601590689497,3.159641286387682e-05,4.0639921868846995,False,10,-4.409197010468719,0.28407255869441167,0.2460262594755294,0.8660683756511299,0,0,-0.2700128842103595,-10.679017897166455,1,False,468,-0.03160148559834028,0.930672875629682,8.632399835636193,0.9882303083315491,,0.3845305701252073,,,134.14827181994062,256.99159065770084
1734763698800,F:\agent\UAV\data\IR-image\1734763698800.jpg,116.17689310080739,38.81169281291643,329.02929835519836,116.1783485,38.8121151,588.86,-1.4000814424539385,10.073782139755508,0.9893162393162394,0.96,-98.79641918736114,3736.631038307548,lk,328.76274017027123,A_down,0.8683333333333332,A_down,stable,"up=0.000,stable=0.950,down=0.050",0.0,0.05,0.95,1,1.0015468952597921,1.0009373542405828,0.000609541019209292,4.092031168224058,False,10,-4.514968926421976,0.28266948707222195,0.24431682291616955,0.8643197589053774,0,0,-0.2983300666389255,-10.751023630210613,1,False,463,0.43769785047247634,-1.6394157827228923,10.133769251246889,0.9884087137877942,,0.2570150437313714,,,134.56050716771526,259.83070164480165
1734763699000,F:\agent\UAV\data\IR-image\1734763699000.jpg,116.17694499139033,38.811702532437515,326.76072435114463,116.178405,38.8121148,589.48,-5.864191505619033,9.35909382313082,0.978401727861771,0.96,-99.43578905039783,3574.343503425931,lk,326.51352278131014,A_down,0.8683333333333332,A_down,stable,"up=0.000,stable=0.950,down=0.050",0.0,0.05,0.95,1,1.002743227995138,1.0006982937163358,0.0020449342788022573,4.120636618709474,False,10,-5.030433582452036,0.28120135225979653,0.2426453389571474,0.8628882365152072,0,0,-0.3176541828258337,-10.827437544337256,1,False,453,0.639369863036689,-6.20964473876802,9.573819811647212,0.9770325753837824,-0.40173304082411043,0.3890351810841821,,,134.55119279670612,262.7192756488554
1734763699200,F:\agent\UAV\data\IR-image\1734763699200.jpg,116.17699442386997,38.81170435845576,324.46726675166235,116.1784617,38.8121144,590.12,-2.735291668980551,9.126842824082303,0.9757174392935982,0.96,-99.92403494925364,3150.189237247071,lk,324.19215199561256,A_down,0.8833333333333333,A_down,stable,"up=0.000,stable=1.000,down=0.000",0.0,0.0,1.0,1,1.002493980352297,1.0008667035091718,0.001627276843125136,4.150005326433781,False,10,-5.250854791724595,0.2796979813288186,0.24092023490527611,0.8613585044864711,0,0,-0.34480345852682603,-10.910826694461887,1,False,442,0.4882458988558033,-2.999495124369389,9.27250692521065,0.9556989280506969,,0.24047058465657756,,,135.05961400507354,265.65273324833765
1734763699400,F:\agent\UAV\data\IR-image\1734763699400.jpg,116.1770429900991,38.81171008705817,322.15324472397776,116.1785184,38.8121142,590.75,-4.256350611975847,8.604459943727136,0.9864253393665159,0.96,-100.07549179559928,3448.7200285877198,lk,321.94830659314323,A_down,0.8833333333333333,A_down,stable,"up=0.000,stable=1.000,down=0.000",0.0,0.0,1.0,1,1.000392276236179,1.000888761455415,0.0004964852192359537,4.179887233783424,False,10,-3.874094094208989,0.27830062813548007,0.23925274308560568,0.8596917106817833,0,0,-0.3527261168414384,-10.99716479580353,1,False,436,0.1514568463456374,-4.0595089872612675,8.686980284938699,0.9813140157610178,,0.3557916695717722,,,135.50314959470106,268.59675527602224
1734763699600,F:\agent\UAV\data\IR-image\1734763699600.jpg,116.17708962005923,38.811721494899516,319.8266588237317,116.1785753,38.812114,591.38,-6.385561432880991,7.6540942504761915,0.9747706422018348,0.96,-99.88334738852717,4007.9301660977303,lk,319.66642232053437,A_down,0.8833333333333333,A_down,stable,"up=0.000,stable=1.000,down=0.000",0.0,0.0,1.0,1,0.9999879500777369,1.000892217598703,0.0009042675209660622,4.210250972632248,False,10,-2.895649398410827,0.2768279353592778,0.237556983050702,0.8581394892187869,0,0,-0.3431675566568515,-11.08062394118124,1,False,425,-0.19214440707210162,-6.1756177866544135,7.585728018950164,0.9827860412653535,,0.3820674327434972,,,135.9230120937673,271.5533411762683
1734763699800,F:\agent\UAV\data\IR-image\1734763699800.jpg,116.17713373356584,38.81171509476436,317.4956058230251,116.1786322,38.8121139,592.04,0.8716761771146366,8.127457500096,0.9741176470588235,0.96,-99.55000279925562,3440.172660444966,lk,317.3948046115506,A_down,0.8833333333333333,A_down,stable,"up=0.000,stable=1.000,down=0.000",0.0,0.0,1.0,1,0.9997885638598834,1.000519541868633,0.0007309780087496609,4.240900604622542,False,10,-2.6653256364924824,0.2753224991561522,0.2358688525123947,0.8567002451137096,0,0,-0.3097644361585594,-11.156092320376134,1,False,414,-0.3333445892715456,1.046952122220489,8.103141665334363,0.9685598172247409,,0.38597667519934475,,,137.19751336954215,274.5443941769749
1734763700000,F:\agent\UAV\data\IR-image\1734763700000.jpg,116.17718553868835,38.811702840650184,315.15221505246666,116.1786892,38.8121138,592.71,2.8521418663947884,10.942849217076912,0.9879227053140096,0.96,-99.3685067089275,2529.2982843491345,lk,314.98145598646164,A_down,0.8833333333333333,A_down,stable,"up=0.000,stable=1.000,down=0.000",0.0,0.0,1.0,1,1.0003357320892652,1.0009243361735332,0.0005886040842679741,4.2723508815258935,False,10,-2.7472157982422156,0.273781103443684,0.23407539602652447,0.8549727979114274,0,0,-0.29938028059331145,-11.229713616540117,1,False,409,-0.18149609032812491,3.1419399631687384,10.883271647744607,0.9588293995708227,,0.35581055366492365,,,138.0649483840183,277.5577849475334
1734763700200,F:\agent\UAV\data\IR-image\1734763700200.jpg,116.17724108194935,38.81170172220644,312.8032688503664,116.1787463,38.8121137,593.34,-1.8161417942732783,11.415492307405316,0.9779951100244498,0.96,-99.3221581266337,2640.994432842722,lk,312.67910528466035,A_down,0.8833333333333333,A_down,stable,"up=0.000,stable=1.000,down=0.000",0.0,0.0,1.0,1,1.0011703669557783,1.0006120615758394,0.0005583053799389504,4.3042745295325435,False,10,-2.62933331913772,0.2722059975805556,0.2323644265644389,0.8536344850214914,0,0,-0.277276104987493,-11.297292679675197,1,False,400,-0.04634858229380559,-1.8523065491661441,11.574313933812277,0.9583386758808047,,0.39428665256127715,,,138.22972547388179,280.5367311496336
1734763700400,F:\agent\UAV\data\IR-image\1734763700400.jpg,116.17728742283565,38.811698802766195,310.4516461365909,116.1788036,38.8121135,593.97,-0.6164815985108589,8.661455706788331,0.9875,0.96,-99.34262837927962,3424.3522748321293,lk,310.3659341336137,A_down,0.8833333333333333,A_down,stable,"up=0.000,stable=1.000,down=0.000",0.0,0.0,1.0,1,1.0002009841000308,1.0002215193277733,2.0535227742479734e-05,4.33661736280764,False,10,-2.869761407926758,0.27070717859726734,0.230645415991062,0.8520107120402394,0,0,-0.24642572576152588,-11.357718017293923,1,False,395,0.020470252645916027,-1.0437956479261743,8.666215157506144,0.9630806271918118,,0.39592041476862505,,,139.22582653204674,283.5183538634091
1734763700600,F:\agent\UAV\data\IR-image\1734763700600.jpg,116.17732104079508,38.81166901605621,308.18010253313213,116.1788608,38.8121133,594.66,11.004225747556347,6.464396091271965,0.9949367088607595,0.288,-99.42031412328078,3235.98999883648,lk,308.09149853832446,A_down,0.8833333333333333,A_down,stable,"up=0.000,stable=1.000,down=0.000",0.0,0.0,1.0,1,1.000081525581723,0.999705644558279,0.0003758810234439913,4.369219493652266,False,10,-2.6794918999223505,0.269126879474864,0.22895519136803838,0.8507332742637563,0,3,-0.19808707338842169,-11.357718017293923,2,False,393,0.07768574400115796,10.237403905946678,6.5806798332448295,0.9618444521445781,,0.35709943078109063,,,142.2641156796872,286.47989746686784
1734763700800,F:\agent\UAV\data\IR-image\1734763700800.jpg,116.17734049451113,38.811667964040026,305.90855892967335,116.1789181,38.812113,595.35,-25.371725490670485,14.491025616905631,0.359,0.192,-99.68607465584151,2375.7143399242213,orb+phase,305.6795768995802,A_down,0.8833333333333333,A_down,stable,"up=0.000,stable=1.000,down=0.000",0.0,0.0,1.0,1,1.0026981177831107,1.0005140553360106,0.0021840624471001213,4.401660576647429,False,10,-3.0079092882405822,0.2675764750742443,0.22716279533314837,0.8489640027962758,0,1,-0.19643001628327283,-11.357718017293923,3,True,359,0.2657605325607386,-25.371725490670485,14.491025616905631,0.9041307513602078,,0.2856551327276975,,,145.37211636409208,289.4414410703267
1734763701000,F:\agent\UAV\data\IR-image\1734763701000.jpg,116.17737715816912,38.81168639819697,303.5353363765693,116.1789755,38.8121128,595.96,-9.013838104760111,4.0911331561966335,0.9153225806451613,0.96,-100.12331980723093,3183.7012574233026,lk,303.4533083749477,A_down,0.8833333333333333,A_down,stable,"up=0.000,stable=1.000,down=0.000",0.0,0.0,1.0,1,0.9972783193276982,1.0007699590010757,0.0034916396733775112,4.434526419300341,False,10,-1.3380571824767602,0.26601683500727125,0.2255083655987607,0.847722158609235,0,0,-0.19062705250695444,-11.418578455092394,1,False,454,0.4372451513894234,-8.716103306831371,4.345385355141019,0.8695296905934811,,0.2297445223084651,,,146.37853077163453,292.4246636234307
1734763701200,F:\agent\UAV\data\IR-image\1734763701200.jpg,116.17742221346795,38.8116765995138,301.16553094637777,116.1790329,38.8121126,596.6,2.170639006404599,8.903612009956476,0.9889867841409692,0.96,-100.11774616071489,3427.965010327063,lk,301.06133772133717,A_down,0.8833333333333333,A_down,stable,"up=0.000,stable=1.000,down=0.000",0.0,0.0,1.0,1,1.0015639987030323,1.000915887868183,0.0006481108348492803,4.469631478496977,False,10,-1.0490569763220878,0.264466076289815,0.22373079594382908,0.8459716235917298,0,0,-0.18853928503898487,-11.469834061401054,1,False,449,-0.005573646516039176,2.023818919870223,8.947090474569052,0.9805359274148941,,0.40867840198916383,,,147.73767943720352,295.43446905362225
1734763701400,F:\agent\UAV\data\IR-image\1734763701400.jpg,116.1774621613653,38.811661499821525,298.8039328769961,116.1790903,38.8121126,597.28,4.69784599567555,7.662943605902797,0.9866369710467706,0.96,-100.01678359339797,3471.4849329951307,lk,298.75711947045113,A_down,0.8833333333333333,A_down,stable,"up=0.000,stable=1.000,down=0.000",0.0,0.0,1.0,1,0.9993760005019957,1.0005192186622989,0.001143218160303161,4.504906594706777,False,10,-0.7379016394416053,0.2628930258417127,0.22201843863086118,0.8445200777769509,0,0,-0.1659201098372023,-11.51091781200324,1,False,443,-0.10096256731691867,4.791423236123535,7.840204885488106,0.985027646459639,,0.4229088700376451,,,149.72102395945052,298.4760671230039
1734763701600,F:\agent\UAV\data\IR-image\1734763701600.jpg,116.17751358939648,38.811651731499616,296.43848863499255,116.1791477,38.8121127,598.01,1.7944284014189975,11.054138751809944,0.981941309255079,0.96,-100.12884362746304,2422.223636140665,lk,296.3265266483834,A_down,0.8833333333333333,A_down,stable,"up=0.000,stable=1.000,down=0.000",0.0,0.0,1.0,1,1.0000783847024877,1.0009268754142076,0.0008484907117198848,4.540904609130981,False,10,-0.7587963890584933,0.26127315719936595,0.22021216728824222,0.8428426771763932,0,0,-0.1640938317710834,-11.55031998837516,1,False,435,0.11206003406507276,2.244087716366437,11.146383106112665,0.95133948745206,,0.355816196417436,,,150.5786496498948,301.57151136500744
1734763701800,F:\agent\UAV\data\IR-image\1734763701800.jpg,116.17755546065978,38.81162344770085,294.0740941267244,116.1792051,38.8121126,598.79,10.163520816284574,9.358706529635185,0.9379310344827586,0.96,-100.1932683385444,2834.947634887695,lk,294.0303027409504,A_down,0.8833333333333333,A_down,stable,"up=0.000,stable=1.000,down=0.000",0.0,0.0,1.0,1,1.000273945049032,1.0003630192107922,8.90741617600721e-05,4.577321154594082,False,10,-0.8950827119557196,0.2597365622759683,0.21850575089361787,0.8412591164637693,0,0,-0.14839129610061264,-11.584868977313157,1,False,408,0.0644247110813557,9.621462133961415,9.54348822761537,0.9668304932303726,,0.3839522930793464,,,152.93083818551955,304.7159058732756
1734763702000,F:\agent\UAV\data\IR-image\1734763702000.jpg,116.17760760754932,38.81161646268794,291.6994455753044,116.1792625,38.8121126,599.61,0.5787299396001231,11.163073280828712,0.9730392156862745,0.96,-100.05270058604641,3136.6110348566535,lk,291.58677573301816,A_down,0.8833333333333333,A_down,stable,"up=0.000,stable=1.000,down=0.000",0.0,0.0,1.0,1,1.0024005627366586,1.0006584697135539,0.001742093023104685,4.614631977071841,False,10,-1.4870238653516739,0.25821273997076666,0.2166898676369609,0.8391912330177561,0,0,-0.15401258031914722,-11.622015683543465,1,False,397,-0.14056775249798145,0.07437604257535213,11.276278012359569,0.9495695673860609,,0.3995542792836204,,,153.63351193884077,307.9105544246956
1734763702200,F:\agent\UAV\data\IR-image\1734763702200.jpg,116.1776579911255,38.81159888613304,289.31823578807575,116.1793199,38.8121126,600.4,5.146115357189899,11.452662826458095,0.9571788413098237,0.96,-100.37330640972867,3645.0780245315655,lk,289.20956558869824,A_down,0.8833333333333333,A_down,stable,"up=0.000,stable=1.000,down=0.000",0.0,0.0,1.0,1,0.9997090902073744,1.0007800388203616,0.001070948612987177,4.652641265069923,False,10,-1.0540586911293057,0.25656775147846567,0.21492326711050364,0.8376862090890743,0,0,-0.15415714414302784,-11.65891576728804,1,False,380,0.3206058236822509,5.43507583045357,11.438638355131161,0.9670435273554177,,0.29943502647802234,,,154.9110482048329,311.0817642119242
1734763702400,F:\agent\UAV\data\IR-image\1734763702400.jpg,116.17772148190078,38.811620332083265,286.98645263461816,116.1793776,38.8121126,601.04,-12.411915139700113,12.807426739960476,0.9236842105263158,0.288,-100.4307446507845,3504.2455867476674,lk,286.7604019021196,A_down,0.8683333333333332,A_down,stable,"up=0.000,stable=0.950,down=0.050",0.0,0.05,0.95,1,1.0005981153504284,1.0011729166053935,0.0005748012549651182,4.691658652202032,False,10,-1.1588464347191945,0.2548972208383649,0.21310319501110261,0.8360357728114868,0,3,-0.17082400625486116,-11.65891576728804,2,False,351,0.0574382410558386,-12.221771428563613,12.76422165782401,0.9731668153777718,,0.36568941004225053,,,153.57874950424588,314.0535473653818
1734763702600,F:\agent\UAV\data\IR-image\1734763702600.jpg,116.17775301724113,38.8116032838218,284.65466948116057,116.1794354,38.8121127,601.61,6.168290357727358,5.144978448320728,0.9943019943019943,0.20159999999999997,-100.30729786305865,2589.186782964133,lk,284.6410839869242,A_down,0.8683333333333332,A_down,stable,"up=0.000,stable=0.950,down=0.050",0.0,0.05,0.95,1,0.9976885170254552,0.9997397037509915,0.0020511867255362803,4.729484465145326,False,10,-0.46942845808946815,0.2533316939506017,0.21152824457869746,0.8349853162073922,0,3,-0.13295563307900693,-11.65891576728804,2,False,349,-0.123446787725847,6.719581658654249,5.198630237857998,0.9633419584482908,,0.3784089421387762,,,156.3876192276195,316.95533051883945
1734763702800,F:\agent\UAV\data\IR-image\1734763702800.jpg,116.17780109713215,38.81157059540768,282.2518667580573,116.179493,38.8121129,602.28,11.95271714166472,12.028327464577046,0.9742120343839542,0.96,-100.40590422143882,3343.551973961061,lk,282.1935580449149,A_down,0.8683333333333332,A_down,stable,"up=0.000,stable=0.950,down=0.050",0.0,0.05,0.95,1,1.0006549125629456,1.0009560244767668,0.00030111191382120595,4.76849657841922,False,10,0.10993232297628332,0.2518261417666008,0.20970938955319512,0.8327546460508433,0,0,-0.1289068392848094,-11.70136825156206,1,False,340,0.09860635838016235,11.188949390190203,12.027032563600017,0.9754511578939855,,0.3704566376982257,,,158.51161184458482,320.02813324194267
1734763703000,F:\agent\UAV\data\IR-image\1734763703000.jpg,116.17783581657787,38.81155981086232,279.87154000885363,116.1795505,38.8121127,602.97,3.163628984187767,5.811150489477143,0.961764705882353,0.5599999999999999,-101.2938031516963,3733.3710556514466,lk,279.787416695212,A_down,0.8683333333333332,A_down,stable,"up=0.000,stable=0.950,down=0.050",0.0,0.05,0.95,2,1.0053865638834303,1.0003047650133445,0.005081798870085752,4.809548367231439,False,10,-2.149317458992583,0.2502499497250975,0.2079212890837132,0.830854468950412,0,0,-0.1262738022591634,-11.72528500235067,1,False,327,0.8878989302574777,2.6935259075531803,5.6956281060104175,0.9382285491097718,-0.5147689366396113,0.38550870429025963,,,160.7851123784017,323.0984599911464
1734763703200,F:\agent\UAV\data\IR-image\1734763703200.jpg,116.177885440488,38.811558783692654,277.44800328625917,116.1796079,38.8121123,603.69,-2.238346110175087,10.05846502632653,0.9541284403669725,0.96,-101.93088508888164,2567.4913944984883,lk,277.1968301032148,A_down,0.8533333333333333,A_down,stable,"up=0.000,stable=0.900,down=0.100",0.0,0.1,0.9,1,1.0059162692238712,1.0011798396213984,0.00473642960247278,4.8518032482292135,False,10,-3.3225493727507804,0.24854190638209261,0.205996119931886,0.8288184593514809,0,0,-0.1778444105279391,-11.77216278071313,1,False,312,0.6370819371853447,-3.077406604115822,9.93623083530099,0.9379043745808303,,0.21381219336763024,,,161.43445001033504,326.2419967137409
1734763703400,F:\agent\UAV\data\IR-image\1734763703400.jpg,116.1779334664111,38.81157991755844,275.0108068656971,116.1796651,38.8121122,604.39,-11.96994015434177,7.394343190202449,0.9743589743589743,0.96,-102.38517832424583,2584.724752877569,lk,274.82909057661914,A_down,0.8533333333333333,A_down,stable,"up=0.000,stable=0.900,down=0.100",0.0,0.1,0.9,1,1.0017099742271487,1.0004956730158223,0.001214301211326374,4.895210852880766,False,10,-3.926714018902731,0.24683953652727592,0.20423655740259425,0.8274061776162264,0,0,-0.20428279492290358,-11.822632172178452,1,False,304,0.45429323536419575,-11.873492236149502,7.383304315473538,0.9650257647037506,,0.2094084060518071,,,161.28823766142483,329.3791931343029
1734763703600,F:\agent\UAV\data\IR-image\1734763703600.jpg,116.17797897511352,38.811584906355826,272.5560370467121,116.1797222,38.812112,605.12,-4.6979223780491,8.115435122775125,0.9703947368421053,0.96,-102.56368855051974,2638.946161407596,lk,272.32942591514194,A_down,0.8533333333333333,A_down,stable,"up=0.000,stable=0.900,down=0.100",0.0,0.1,0.9,1,1.0014268118319207,1.0007647355111953,0.0006620763207254576,4.9397387515872575,False,10,-4.25366066861961,0.24517154119584947,0.20237895599638978,0.8254585952727855,0,0,-0.23490539474988736,-11.879020539013634,1,False,295,0.1785102262739095,-4.372678350776653,8.030545798180498,1.0119780395179987,,0.3366386969573796,,,162.0132859562702,332.5639629532879
1734763703800,F:\agent\UAV\data\IR-image\1734763703800.jpg,116.17803022081883,38.81158806594832,270.088469168712,116.179779,38.8121118,605.85,-4.360735810090318,10.324585625742827,0.9728813559322034,0.96,-102.6342433628845,3559.4088132725656,lk,269.9289597012978,A_down,0.8533333333333333,A_down,stable,"up=0.000,stable=0.900,down=0.100",0.0,0.1,0.9,1,0.99953037955488,1.000373272868754,0.0008428933138739936,4.985029034898363,False,10,-4.017331554705839,0.2434810809366585,0.2005950729487541,0.8238630787126283,0,0,-0.24378598530381623,-11.937502078361378,1,False,287,0.07055481236476582,-3.4113756361481933,10.322314100245194,0.9611222194507718,,0.3487200965755619,,,162.32763255598582,335.76153083128804
1734763704000,F:\agent\UAV\data\IR-image\1734763704000.jpg,116.1780800554817,38.81161533289897,267.60428326453945,116.1798355,38.8121116,606.59,-15.117608785680147,7.418599235481167,0.9407665505226481,0.96,-102.75965843560327,3413.1876204430678,lk,267.4131896103463,A_down,0.8533333333333333,A_down,stable,"up=0.000,stable=0.900,down=0.100",0.0,0.1,0.9,1,1.0000523292457242,1.0008952168046417,0.0008428875589174822,5.03163511931343,False,10,-3.361222267235948,0.24178278693121175,0.19872550294976193,0.8219174965763804,0,0,-0.26483840330178055,-11.999964098778003,1,False,270,0.1254150727187685,-14.71686114844988,7.396095918869321,0.9828087545931339,,0.3594534093281254,,,161.79985343158864,338.9857167354606
