timestamp,image_path,pred_lon,pred_lat,pred_alt,gt_lon,gt_lat,gt_alt,pixel_dx,pixel_dy,inlier_ratio,scale_confidence,yaw_deg,blur_score,method,raw_alt_estimate,flight_phase,phase_confidence,phase_from_vision,scale_trend,scale_trend_ratio,up_ratio,down_ratio,stable_ratio,scale_method,divergence_ratio,affine_scale,consistency_diff,pixels_per_meter_used,is_alt_fixed,cumulative_window_n,delta_alt_cumulative,mpp_history_median,mpp_current_raw,mpp_ratio,alt_fixed_triggered,physics_flag,ekf_innovation_alt,ekf_v_alt,ekf_update_mode,is_keyframe_reset,num_tracked,affine_rotation_deg,phase_dx,phase_dy,phase_response,fourier_rotation_deg,fourier_response,map_pixel_dx,map_pixel_dy,horizontal_error,altitude_error
1734763664200,F:\agent\UAV\data\IR-image\1734763664200.jpg,116.168975,38.8121207,483.54,116.168975,38.8121207,483.54,0.0,0.0,0.8336933045356372,0.0,-101.32000000000026,2069.682235590285,initial,483.54,C,1.0,C,transition,"up=0.000,stable=0.000,down=0.000",0.0,0.0,0.0,4,,,,,False,0,,,,,0,0,0.0,0.0,3,True,500,,,,0.0,,0.0,,,0.0,0.0
1734763664400,F:\agent\UAV\data\IR-image\1734763664400.jpg,116.16903229772265,38.81212276330237,484.1763787559718,116.1690312,38.8121209,484.06,-3.2004424972495826,13.459261937601752,0.7379032258064516,0.588,-100.72981881959346,2790.3574093147745,lk,484.35925764079195,C,0.5,A_down,down,"up=0.000,stable=0.000,down=0.000",0.0,0.0,0.0,1,1.0022532825643715,1.0011416679282554,0.0011116146361160872,2.778187893414795,False,1,-1.0871027016129633,0.3596424451980839,0.35994685685958244,1.0008464286281082,0,0,0.8192576407919319,3.173958850991893e-08,1,False,366,-0.590181180406808,-4.902612266898075,12.86064304112844,0.9015306564047932,,0.2940217964060139,,,0.22797762338474453,0.11637875597182301
1734763664600,F:\agent\UAV\data\IR-image\1734763664600.jpg,116.16903252577329,38.81212277151452,484.17637876231976,116.1690873,38.8121209,484.58,-3.9541460123271577,8.881526857376372,0.47584789311408016,0.588,-100.50863547477073,5070.417090787356,orb+phase,484.96501906288836,C,0.5,A_down,down,"up=0.000,stable=0.000,down=0.000",0.0,0.0,0.0,1,1.0013033534456777,1.0014863895317314,0.000183036086053745,2.774635711852621,False,2,-1.717348059037365,0.35994685685958244,0.36039702255054584,1.0012506448726652,0,0,0.8029718215241815,3.173958850991893e-08,3,True,463,-0.22118334482273688,-3.9541460123271577,8.881526857376372,0.9160795072093606,,0.3273996934585739,,,4.750407824557416,0.40362123768022684
1734763664800,F:\agent\UAV\data\IR-image\1734763664800.jpg,116.16909715784925,38.812141638507846,484.52149866805803,116.1691435,38.8121208,485.11,-8.457865410245915,14.24866648510124,0.655241935483871,0.588,-100.09707447855871,4387.137644921206,lk,485.0589526489199,C,0.5,A_down,down,"up=0.000,stable=0.000,down=0.000",0.0,0.0,0.0,1,1.0015584370083521,1.00195032057132,0.0003918835629679318,2.774461262198711,False,3,-2.468060130057343,0.3601719397050641,0.36046682837857996,1.0008187441635719,0,0,0.833465836129335,0.0022580172236881415,1,False,325,-0.41156099621202186,-9.51435437134569,13.431331609642456,0.9636174551211297,,0.33784805121831596,,,4.635886798732721,0.5885013319419841
1734763665000,F:\agent\UAV\data\IR-image\1734763665000.jpg,116.1691468938074,38.81214786676559,484.77001025800064,116.1691998,38.8121208,485.62,-3.905626375567806,11.353829793794887,0.8615384615384616,0.588,-99.88533180029341,5091.775491268848,lk,484.91816252266625,C,0.5,A_down,down,"up=0.000,stable=0.000,down=0.000",0.0,0.0,0.0,1,0.9987297826386642,1.000677913645677,0.0019481310070127433,2.773287118637552,False,4,-1.8567319200598649,0.36036220156981674,0.36036220156981674,1.0,0,0,0.6932359231765872,0.0065486387386203375,1,False,280,-0.2117426782652965,-4.075293427578458,11.336306467035257,0.960501543385908,,0.36920993981766514,,,5.483724364109704,0.8499897419993658
1734763665200,F:\agent\UAV\data\IR-image\1734763665200.jpg,116.16921211173337,38.8121564213733,484.9186315829332,116.169256,38.8121206,486.12,-5.263207236976029,14.847406178437382,0.7571428571428571,0.588,-99.98346666279079,5265.783913881323,lk,485.1652075559712,C,0.5,A_down,down,"up=0.000,stable=0.000,down=0.000",0.0,0.0,0.0,1,1.0003348117127113,1.0007925710357282,0.00045775932301683753,2.772407319444367,False,5,-2.0193185517659065,0.3603796120601813,0.3605457906761219,1.0004611210245513,0,0,0.5978450006984986,0.012202520730244866,1,False,212,0.09813486249737662,-5.054840465476673,14.703667359766229,0.9469876596704125,,0.36287649325095117,,,5.506875727933246,1.201368417066817
1734763665400,F:\agent\UAV\data\IR-image\1734763665400.jpg,116.16921304155946,38.81215656148113,484.9210720870792,116.1693123,38.8121203,486.59,-10.208207673871698,7.772019187273969,0.441,0.588,-100.14882849716643,3039.052411629995,orb+phase,485.2460902569312,C,0.5,A_down,down,"up=0.000,stable=0.000,down=0.000",0.0,0.0,0.0,1,1.0006457708864478,1.0005394278597612,0.0001063430266865506,2.7719942148958685,False,6,-2.3315845863955054,0.36039702255054584,0.3606058978662408,1.000579570037002,0,0,0.5204264593293146,0.012202520730244866,3,True,441,0.16536183437564075,-10.208207673871698,7.772019187273969,0.8870111646130681,,0.30175940168555826,,,9.498420920278928,1.6689279129207648
1734763665600,F:\agent\UAV\data\IR-image\1734763665600.jpg,116.16923079644634,38.81222278580826,484.92351259122523,116.1693685,38.81212,487.15,-20.805367070346847,0.34174933339522795,0.5529531568228105,0.1176,-100.27991901954842,5662.808925111211,orb,485.7898809971799,C,0.5,A_down,down,"up=0.000,stable=0.000,down=0.000",0.0,0.0,0.0,1,1.0004586478410524,1.0028291400905138,0.002370492249461398,2.7715323887419494,False,7,-2.552834590814457,0.36043192546456293,0.3610100106495811,1.00160386787123,0,1,0.5988760725555835,0.012202520730244866,2,False,543,0.13109052238197655,-20.57290385269755,0.013960553138701925,0.9474481770768761,,0.325671344762668,,,16.522128515243722,2.2264874087747444
1734763665800,F:\agent\UAV\data\IR-image\1734763665800.jpg,116.169289380924,38.812231182165334,485.0871154780859,116.1694246,38.8121198,487.76,-4.885797944502315,13.201568633074714,1.0,0.588,-100.20201212930967,5676.659542171807,lk,485.39882260470836,C,0.5,A_down,down,"up=0.000,stable=0.000,down=0.000",0.0,0.0,0.0,1,1.0029601304307019,1.0009260990696185,0.002034031361083377,2.7717122107259726,False,8,-3.9765204897057074,0.36046682837857996,0.3607193994204197,1.000700677626776,0,0,0.5649360502130776,0.03428095469189037,1,False,543,-0.07790689023875523,-5.013937772166514,12.942600668247309,0.9704501037485898,,0.3942985874164151,,,17.048574863357274,2.6728845219141135
1734763666000,F:\agent\UAV\data\IR-image\1734763666000.jpg,116.16931401769433,38.81220061677124,485.09397166902426,116.1694808,38.8121197,488.33,8.441366754916032,7.217283175240823,1.0,0.18144,-100.04285833947166,5168.802823350989,lk,485.5430549471757,C,0.7333333333333333,A_down,transition,"up=0.400,stable=0.500,down=0.000",0.4,0.0,0.5,1,1.003637807168152,1.0005412503071927,0.003096556860959332,2.7710036991153024,False,9,-5.7217619469863035,0.36050630952735097,0.3608265842785795,1.0008884026236557,0,3,0.521051533813079,0.03428095469189037,2,False,543,-0.15915378983800782,7.980411523146074,7.203963158519031,0.9868066227529197,,0.392675049835816,,,17.022837957799698,3.236028330975728
1734763666200,F:\agent\UAV\data\IR-image\1734763666200.jpg,116.16933606674047,38.81215254441839,485.2032674286959,116.169537,38.8121196,488.97,13.896338350345957,7.41178855643733,1.0,0.6719999999999999,-99.60305563491669,5281.21055640638,lk,485.56337310091476,A_down,0.7469696969696968,A_down,transition,"up=0.364,stable=0.545,down=0.000",0.36363636363636365,0.0,0.5454545454545454,1,1.0005750508285571,1.000671146403952,9.609557539480562e-05,2.7711344997327605,False,10,-5.997351667817552,0.3605457906761219,0.3608416835163048,1.0008206803347448,0,0,0.4912737759539709,0.05163695578146983,1,False,543,-0.4398027045549807,13.389793292282263,7.219892803350007,0.9738878485746681,,0.36795978934969753,,,17.79084803872307,3.7667325713041464
1734763666400,F:\agent\UAV\data\IR-image\1734763666400.jpg,116.16939118533332,38.81210770652609,485.2135948198522,116.1695933,38.8121197,489.59,11.569888020562985,15.029231470401953,1.0,0.1344,-99.45079262166125,3119.9307705552783,lk,485.46678078493073,A_down,0.7583333333333333,A_down,transition,"up=0.333,stable=0.583,down=0.000",0.3333333333333333,0.0,0.5833333333333334,1,0.9987053097444216,1.0001581860619704,0.001452876317548757,2.7708109697977363,False,10,-4.296300418751145,0.3605758442711814,0.36076990187904534,1.0005381880426742,0,1,0.43520631047346114,0.05163695578146983,2,False,543,-0.15226301325543143,11.510737639403544,14.872743501482034,0.9365216329693794,,0.362106088839937,,,17.56269264860094,4.376405180147799
1734763666600,F:\agent\UAV\data\IR-image\1734763666600.jpg,116.16944200153297,38.81216322399602,485.22392221100847,116.1696498,38.8121196,490.14,-18.83874067561021,8.918804762993432,0.998158379373849,0.1344,-99.27967250694576,5661.239113469337,lk,485.72099027813647,A_down,0.7448717948717948,A_down,transition,"up=0.385,stable=0.538,down=0.000",0.38461538461538464,0.0,0.5384615384615384,1,1.0020434985577125,1.0010913543148687,0.0009521442428437332,2.7706686286843145,False,10,-4.651622110469625,0.3606058978662408,0.36095881518382855,1.0009786787173367,0,1,0.4498287781235035,0.05163695578146983,2,False,542,-0.17112011471548588,-19.19521027809725,8.818442474972926,0.9469714323058724,,0.36525609550153604,,,18.64644845316882,4.916077788991515
1734763666800,F:\agent\UAV\data\IR-image\1734763666800.jpg,116.16947683980926,38.81215155866479,485.38001797009633,116.1697062,38.8121196,490.75,2.315908397667158,8.436060259411136,1.0,0.6719999999999999,-99.31391263588036,3776.3579028028144,lk,485.6043439897151,A_down,0.7547619047619046,A_down,transition,"up=0.357,stable=0.571,down=0.000",0.35714285714285715,0.0,0.5714285714285714,1,1.0012052526085946,1.0006020709438475,0.0006031816647471544,2.770716515614669,False,10,-4.482191189020915,0.36066264864333025,0.3608721306326008,1.0005808252949357,0,0,0.43110737590274084,0.09457884482190668,1,False,542,0.03424012893460131,2.6618174036308346,8.221739689161552,0.9605705664493144,,0.3834316147840582,,,20.187868957274087,5.369982029903667
1734763667000,F:\agent\UAV\data\IR-image\1734763667000.jpg,116.16951712953433,38.812112052347786,485.52099952088764,116.1697627,38.8121195,491.42,10.614428384952475,11.047447982004712,1.0,0.6719999999999999,-99.10099918871413,2167.10215749397,lk,485.7355071951645,A_down,0.7633333333333332,A_down,transition,"up=0.333,stable=0.600,down=0.000",0.3333333333333333,0.0,0.6,1,1.0010218137364233,1.0002362757886192,0.0007855379478041158,2.7700185072881287,False,10,-5.584859879437064,0.3607193994204197,0.36096960328908945,1.0006936246541542,0,0,0.38880453797315795,0.13775820801483932,1,False,542,-0.2129134471662311,10.61778377215586,11.10864609164878,0.9867641638964415,,0.3765054028481245,,,21.293271510555037,5.899000479112374
1734763667200,F:\agent\UAV\data\IR-image\1734763667200.jpg,116.16957108750262,38.81212004857256,485.67715018156275,116.1698192,38.8121194,492.09,-4.358359035559204,11.954224938340246,1.0,0.6719999999999999,-98.80226709595901,2128.5589935021007,lk,486.0866065924915,A_down,0.7708333333333333,A_down,stable,"up=0.312,stable=0.625,down=0.000",0.3125,0.0,0.625,1,1.0044319277678575,1.0006629360987378,0.0037689916691197034,2.76898291016785,False,10,-7.544364473265814,0.3607446506497325,0.36123051938085304,1.0013468494411364,0,0,0.4208712921448523,0.19129422358769402,1,False,542,-0.2987320927551139,-4.390187784609736,11.735429273306579,0.9873696438036859,,0.40727188155869953,,,21.497532370954215,6.412849818437223
1734763667400,F:\agent\UAV\data\IR-image\1734763667400.jpg,116.16960944291368,38.812134883422516,485.8602730359144,116.1698757,38.8121193,492.77,-5.829260585486907,7.895523751605992,1.0,0.6719999999999999,-98.63094644624759,4396.074432343842,lk,486.3452024660677,A_down,0.7774509803921568,A_down,stable,"up=0.294,stable=0.647,down=0.000",0.29411764705882354,0.0,0.6470588235294118,1,1.004901095348014,1.0006229898496681,0.004278105498345841,2.7677286638834744,False,10,-9.571795066478431,0.36076990187904534,0.3614226923814146,1.0018094372589543,0,0,0.4742392584329309,0.25983649953108234,1,False,542,-0.17132064971141917,-6.922980348059639,8.020354958983347,0.9485998770222068,,0.3813106528832577,,,23.134510848712623,6.909726964085564
1734763667600,F:\agent\UAV\data\IR-image\1734763667600.jpg,116.16965973703999,38.812120890731066,486.07272400072685,116.1699323,38.8121191,493.49,2.524709383185268,12.044395417276633,1.0,0.6719999999999999,-98.78079908594503,4651.611163157821,lk,486.53375829086235,A_down,0.7833333333333332,A_down,stable,"up=0.278,stable=0.667,down=0.000",0.2777777777777778,0.0,0.6666666666666666,1,1.0014630811558665,1.0004894091827052,0.0009736719731612276,2.7663563566175475,False,10,-10.053423270964794,0.3607982430788124,0.3615628158030418,1.002119114321913,0,0,0.5185922002864913,0.3432223295563021,1,False,542,0.14985263969744395,2.436948552427225,11.831833501446653,0.9973760508000851,,0.3735273572965525,,,23.61673192331644,7.4172759992731585
1734763667800,F:\agent\UAV\data\IR-image\1734763667800.jpg,116.16970024865294,38.8121385091454,486.3228434056683,116.1699891,38.8121188,494.14,-6.8108799530273245,8.146598989184326,1.0,0.6719999999999999,-99.10787183347587,3367.017826560652,lk,486.83843128045066,A_down,0.7885964912280701,A_down,stable,"up=0.263,stable=0.684,down=0.000",0.2631578947368421,0.0,0.6842105263157895,1,1.0030414840991932,1.000791440853759,0.002250043245434208,2.7647270331520026,False,10,-10.096777556703683,0.3608265842785795,0.3617892305628349,1.0026678917967757,0,0,0.5761300441971002,0.44388474902285924,1,False,542,0.3270727475308404,-6.79816241013657,8.14569619880561,0.9802962500602007,,0.3095143736572936,,,25.122948452862442,7.817156594331664
1734763668000,F:\agent\UAV\data\IR-image\1734763668000.jpg,116.16976088985245,38.81215157404117,486.6123638361612,116.1700459,38.8121185,494.74,-6.28784672676403,13.057535028054758,1.0,0.6719999999999999,-99.6493516715924,2606.652834799057,lk,487.1559095543754,A_down,0.7783333333333333,A_down,stable,"up=0.300,stable=0.650,down=0.000",0.3,0.0,0.65,1,1.0033141632706624,1.001016023221726,0.002298140048936359,2.762908725930477,False,10,-9.94874510820297,0.3608341338974421,0.36202516144475305,1.003300761860987,0,0,0.6261934571597294,0.5602539382506005,1,False,542,0.5414798381165291,-6.187953037218847,12.948936621545357,0.942644075024873,,0.22515476687112823,,,24.966710376687733,8.127636163838815
1734763668200,F:\agent\UAV\data\IR-image\1734763668200.jpg,116.16980049017963,38.81216114185832,486.94041448510785,116.1701029,38.8121181,495.3,-4.443927269908215,8.15407076415812,1.0,0.6719999999999999,-100.2871666994653,2500.2191436678086,lk,487.4354122622767,A_down,0.7933333333333332,A_down,stable,"up=0.300,stable=0.700,down=0.000",0.3,0.0,0.7,1,1.000662760998662,1.000868394367408,0.00020563336874590554,2.7609232586230137,False,10,-9.996932614832032,0.3608416835163048,0.36223287115527425,1.003855396154382,0,0,0.6636434970624805,0.6891343255101923,1,False,542,0.6378150278729046,-4.5003100697757645,8.096151688080965,1.000136253144592,,0.2045837197219953,,,26.635453588154842,8.35958551489216
1734763668400,F:\agent\UAV\data\IR-image\1734763668400.jpg,116.16983554229755,38.81214808124315,487.28746449231255,116.1701599,38.8121177,495.86,2.586822482080777,8.309997614260908,1.0,0.6719999999999999,-100.62986531202066,3482.357522077403,lk,487.56680840879886,A_down,0.8083333333333332,A_down,stable,"up=0.250,stable=0.750,down=0.000",0.25,0.0,0.75,1,0.9962325874470193,1.0001953402379298,0.003962752790910518,2.759081581192427,False,10,-8.820067198306056,0.36085690707445284,0.36233051691964857,1.0040836404023485,0,0,0.6351466169058995,0.8162858700326162,1,False,542,0.34269861255535683,3.20968882303157,8.132075118089148,0.9237653847783804,,0.2753951408085413,,,28.305897017794294,8.572535507687462
1734763668600,F:\agent\UAV\data\IR-image\1734763668600.jpg,116.16990280514625,38.81219143336346,487.45072166631905,116.170217,38.8121175,496.36,-15.976164604166627,12.651103192332869,0.959409594095941,0.040319999999999995,-100.72778271709656,4845.60414579614,lk,488.11367325506683,A_down,0.8233333333333333,A_down,stable,"up=0.200,stable=0.800,down=0.000",0.2,0.0,0.8,1,1.0015397836793163,1.000959568380306,0.0005802152990102005,2.7569386053698506,False,10,-8.586092784769848,0.3608721306326008,0.3627369141948858,1.005167435786787,0,1,0.6417672342469132,0.8162858700326162,2,False,520,0.09791740507590886,-15.512906816356178,12.30909560140671,0.9522581730037928,,0.34303024478140287,,,28.437270740460036,8.909278333680959
1734763668800,F:\agent\UAV\data\IR-image\1734763668800.jpg,116.1699335775894,38.81218700457485,487.8484172832296,116.1702741,38.8121173,496.9,0.20997848083800363,6.729133094782242,1.0,0.6719999999999999,-100.61826111756822,2760.960764630884,lk,487.9396676463554,A_down,0.8383333333333333,A_down,stable,"up=0.150,stable=0.850,down=0.000",0.15,0.0,0.85,1,0.9982963373934953,0.9998606937944958,0.0015643564010004996,2.7564556538818836,False,10,-7.193147292647895,0.3609154729082147,0.3626076036243876,1.0046884404886771,0,0,0.5640274867399171,0.9564493416895018,1,False,520,-0.1095215995283335,0.8671544964115583,6.823008236347192,0.9630806441884487,,0.38265226292423904,,,30.505237971454203,9.051582716770383
1734763669000,F:\agent\UAV\data\IR-image\1734763669000.jpg,116.16998645012833,38.81216289190187,488.2539718447277,116.1703311,38.8121172,497.63,5.2854120396988264,13.00669685979733,1.0,0.6719999999999999,-100.2303837513185,2378.356991586089,lk,488.6609590817757,A_down,0.8383333333333333,A_down,stable,"up=0.150,stable=0.850,down=0.000",0.15,0.0,0.85,1,1.004590779542002,1.0007212297650043,0.003869549776997605,2.7540277078940827,False,10,-8.907687789247648,0.36095881518382855,0.36314362431763053,1.0060527933988517,0,0,0.568676048031648,1.0840608220834578,1,False,520,-0.3878773662497222,5.6647265538775855,12.660809415914684,0.9925253091845662,,0.37356425388134085,,,30.29090427415763,9.376028155272309
1734763669200,F:\agent\UAV\data\IR-image\1734763669200.jpg,116.17003744303294,38.81213266383195,488.58265272351855,116.170388,38.8121171,498.34,7.2954883339927505,12.796844632236855,1.0,0.39199999999999996,-99.81403666152612,2238.817684241673,lk,488.6144490098234,A_down,0.8383333333333333,A_down,stable,"up=0.150,stable=0.850,down=0.000",0.15,0.0,0.85,2,1.005585689728677,0.999589825741726,0.005995863986951067,2.752228064023605,False,10,-9.46577501916334,0.360964209236459,0.363109060811416,1.0059420062157796,0,0,0.4570934552590984,1.1511696378413263,1,False,520,-0.41634708979238305,7.097240341522877,13.018325698709901,0.9553626291221008,,0.3762881178408861,,,30.422851678249856,9.757347276481426
1734763669400,F:\agent\UAV\data\IR-image\1734763669400.jpg,116.17009544863396,38.81210859295224,488.92816981574623,116.170445,38.812117,499.06,5.142885359492766,14.075076477037669,1.0,0.39199999999999996,-99.68208237809749,4028.482562658479,lk,489.28814210461394,A_down,0.8383333333333333,A_down,stable,"up=0.150,stable=0.850,down=0.000",0.15,0.0,0.85,2,1.0067957961332756,1.0004795866359135,0.006316209497362113,2.7504036860016474,False,10,-10.374480876319495,0.36096960328908945,0.36360970926219405,1.0073139287880433,0,0,0.43930294193557984,1.220004201478878,1,False,520,-0.1319542834286274,4.283765329312473,13.961567596469507,0.9435285994783044,,0.3918219894403592,,,30.300887816321556,10.131830184253772
1734763669600,F:\agent\UAV\data\IR-image\1734763669600.jpg,116.1701389804651,38.81211817874127,489.35609702325,116.170502,38.8121168,499.84,-4.53939755266714,8.84038475485346,1.0,0.6719999999999999,-99.79226881857744,3448.1495037322866,lk,489.7651450288314,A_down,0.8533333333333333,A_down,stable,"up=0.100,stable=0.900,down=0.000",0.1,0.0,0.9,1,1.0013572877077785,1.0003124549808768,0.001044832726901701,2.7482242148279057,False,10,-10.331522063907213,0.36098980696933525,0.3639641893316392,1.0082395189694555,0,0,0.4680189546480733,1.3288501775556671,1,False,520,0.1101864404799567,-5.152378285319514,8.75922952957768,1.0068740837275982,,0.3781788766209502,,,31.453769224593106,10.48390297674996
1734763669800,F:\agent\UAV\data\IR-image\1734763669800.jpg,116.17019817597254,38.81213857222625,489.79876924042793,116.170559,38.8121166,500.62,-8.455482405168198,11.943830486360298,1.0,0.6719999999999999,-99.83322544324749,3841.9523398576675,lk,490.1545675493328,A_down,0.8533333333333333,A_down,stable,"up=0.100,stable=0.900,down=0.000",0.1,0.0,0.9,1,1.000425146914795,1.0003200262859966,0.0001051206287983053,2.7456105773334136,False,10,-9.087592429594347,0.3610100106495811,0.3642535848785057,1.008984721013936,0,0,0.484427238785031,1.434242152790645,1,False,520,0.04095662467005065,-8.12947764148106,11.692357401972373,0.9865413255989551,,0.3900790893530939,,,31.358486390955406,10.821230759572074
1734763670000,F:\agent\UAV\data\IR-image\1734763670000.jpg,116.17026044397103,38.81214609459865,490.26221353600164,116.1706161,38.8121164,501.34,-4.6003340217725395,13.315330130963218,1.0,0.6719999999999999,-99.66677975687355,4077.0679517611775,lk,490.65683567576457,A_down,0.7366666666666666,A_down,stable,"up=0.100,stable=0.900,down=0.000",0.1,0.0,0.9,1,1.0048668150905407,1.00032351100222,0.00454330408832071,2.742911567259973,False,10,-9.839391956737495,0.3611202650152171,0.36462684053648664,1.0097102706798295,0,0,0.502938556239144,1.5407051694524287,1,False,520,-0.16644568637393814,-4.576684231991294,13.341808902357485,1.0165952617302536,,0.4074266490060836,,,30.99178281795477,11.077786463998336
1734763670200,F:\agent\UAV\data\IR-image\1734763670200.jpg,116.17030370772855,38.812161446361614,490.69344024349255,116.1706731,38.8121162,502.04,-6.137702601932233,8.401611497338024,1.0,0.39199999999999996,-99.27694485921408,2800.5237579343375,lk,491.1378041206858,A_down,0.7366666666666666,A_down,stable,"up=0.100,stable=0.900,down=0.000",0.1,0.0,0.9,2,1.0119375313280736,1.0003241982090487,0.011613333119024905,2.74007951349196,False,10,-15.205207021349656,0.36123051938085304,0.3649842675439548,1.0103915587462977,0,0,0.5252574425269358,1.6157729281558908,1,False,520,-0.38983489765946727,-6.389078744128142,8.608746102608421,0.9987544566392899,,0.3823245659004897,,,32.39857340428494,11.346559756507475
1734763670400,F:\agent\UAV\data\IR-image\1734763670400.jpg,116.17036036565564,38.81217025525131,491.1763113836519,116.17073,38.8121161,502.79,-4.53865790039481,11.908015110673205,1.0,0.39199999999999996,-98.7740688707514,2993.3907334348187,lk,491.93072113223906,A_down,0.8533333333333333,A_up,stable,"up=0.100,stable=0.900,down=0.000",0.1,0.0,0.9,2,1.0190295679805614,1.0004023284825123,0.01862723949804912,2.7370408607971832,False,10,-25.863231456118413,0.36132660588113386,0.36557351608531485,1.0117536603589554,0,0,0.6242297251351374,1.7126683352035905,1,False,520,-0.5028759884626826,-3.8756983650928305,11.91292795571124,0.9981171633116901,,0.3824610250303522,,,32.5877245967061,11.6136886163481
1734763670600,F:\agent\UAV\data\IR-image\1734763670600.jpg,116.1704221164168,38.81217029504955,491.7311004380392,116.170787,38.8121161,503.49,-1.9840390266959957,13.49045623765386,1.0,0.39199999999999996,-98.54346483164231,2461.200073116868,lk,492.6738369062327,A_down,0.8683333333333332,A_up,stable,"up=0.050,stable=0.950,down=0.000",0.05,0.0,0.95,2,1.0111215602814685,1.0007152835584416,0.010406276723026853,2.733354409041033,False,10,-30.302167299749343,0.3614226923814146,0.36612575532284825,1.013012638776069,0,0,0.7850512863831796,1.8399823337401884,1,False,520,-0.23060403910910007,-2.3867102225230497,13.620467721706518,1.012572183087468,,0.3961711782030761,,,32.18410766039407,11.758899561960789
1734763670800,F:\agent\UAV\data\IR-image\1734763670800.jpg,116.17046585879326,38.81215308805954,492.09909690478725,116.1708438,38.812116,504.18,3.9675078469339837,9.935629831720178,1.0,0.11759999999999998,-98.25579587736269,3266.4884365845373,lk,492.9139260206455,A_down,0.8683333333333332,A_up,stable,"up=0.050,stable=0.950,down=0.000",0.05,0.0,0.95,2,1.0060155674238076,0.9994150859882752,0.006600481435532379,2.729963123379657,False,10,-33.88106653544364,0.3614927540922282,0.36630417520589126,1.0133098687572464,0,3,0.8163619586792379,1.8399823337401884,2,False,520,-0.28766895427962325,4.765971483294379,9.9578028376811,1.0046583289280533,,0.40603409343748353,,,33.004922154671384,12.080903095212761
1734763671000,F:\agent\UAV\data\IR-image\1734763671000.jpg,116.17053024237738,38.81216835989681,492.8111881754645,116.1709005,38.812116,504.96,-6.547181177917082,13.416492481895204,1.0,0.39199999999999996,-97.79559014711286,4341.022785947984,lk,493.9258129706706,A_down,0.8683333333333332,A_up,stable,"up=0.050,stable=0.950,down=0.000",0.05,0.0,0.95,2,1.019252326300564,1.000707265035731,0.018545061264833018,2.726976548303334,False,10,-40.50261961435383,0.3615628158030418,0.36705614912073464,1.015193302733557,0,0,0.9882047601096815,2.03666902612641,1,False,520,-0.4602057302498199,-5.561788654344696,13.280774601662813,0.9773795021232218,,0.37958648102357984,,,32.60456015807278,12.148811824535471
1734763671200,F:\agent\UAV\data\IR-image\1734763671200.jpg,116.17057809814747,38.81209242393706,493.2185219806898,116.170957,38.8121159,505.74,21.889689680902563,13.14553728291861,0.6788461538461539,0.023519999999999996,-97.53413838895207,1858.5344022744898,lk,494.3789784379367,A_down,0.8683333333333332,A_up,stable,"up=0.050,stable=0.950,down=0.000",0.05,0.0,0.95,2,1.0143390134765549,0.9994972516962792,0.01484176178027563,2.72240681774754,False,10,-44.4706369517632,0.36167602318293834,0.36739291461660695,1.015806664161359,0,1,1.0650718116515918,2.03666902612641,2,False,353,-0.26145175816079463,19.73949559461761,13.295424246341724,0.9266774471849203,,0.33453377592377365,,,32.93312598752895,12.521478019310223
1734763671400,F:\agent\UAV\data\IR-image\1734763671400.jpg,116.17062967704409,38.81211821573493,494.3405175981019,116.1710134,38.8121158,506.55,-9.28800953077507,9.927145874042708,0.9943342776203966,0.6719999999999999,-97.21942180454619,2811.0050593465567,lk,495.78232277295126,A_down,0.8683333333333332,A_up,stable,"up=0.050,stable=0.950,down=0.000",0.05,0.0,0.95,1,1.0041433437794447,0.9999611716578313,0.0041821721216134256,2.718515130896147,False,10,-43.3210139194323,0.3617892305628349,0.36843579626800876,1.0183713752198589,0,0,1.3653290516108996,2.424050250227609,1,False,351,-0.3147165844058876,-6.172933281704445,10.00665120653099,0.8990270677953959,,0.31328559218673036,,,33.248304219067776,12.209482401898129
1734763671600,F:\agent\UAV\data\IR-image\1734763671600.jpg,116.17063547254418,38.81211820660688,494.8253276481474,116.1710695,38.8121155,507.44,-17.202735137406933,10.006229367170022,0.235,0.040319999999999995,-97.196159999338,1498.8944675442206,orb+phase,496.8886093299111,A_down,0.8683333333333332,A_up,stable,"up=0.050,stable=0.950,down=0.000",0.05,0.0,0.95,1,0.9979528898327158,0.9998745668944962,0.0019216770617803691,2.7106792899311323,False,10,-41.88638627349374,0.36190719600379395,0.3692579223297739,1.0203110808714146,0,1,1.5,2.424050250227609,3,True,235,-0.023261805208187884,-17.202735137406933,10.006229367170022,0.9154834336601197,,0.28665175748756155,,,37.606997026907706,12.614672351852619
1734763671800,F:\agent\UAV\data\IR-image\1734763671800.jpg,116.17064126804426,38.81211819747884,495.3101376981929,116.1711253,38.8121149,508.4,-8.372711693978715,7.985685949158778,0.30410654827968925,0.20159999999999997,-97.41567455950282,1792.9795721232797,orb+phase,498.6438782777932,A_down,0.8533333333333333,A_up,stable,"up=0.100,stable=0.900,down=0.000",0.1,0.0,0.9,1,1.002061659538771,1.0048704578610927,0.002808798322321726,2.705438194831973,False,10,-42.66786487604891,0.36202516144475305,0.37056233332381733,1.0235817086442127,0,2,1.5,2.424050250227609,3,True,274,0.2195145601648267,-8.372711693978715,7.985685949158778,0.9461268136277795,,0.2916325509431772,,,41.93997617153446,13.089862301807102
1734763672000,F:\agent\UAV\data\IR-image\1734763672000.jpg,116.17064706354435,38.812118188350794,495.79494774823837,116.171181,38.8121143,509.4,-22.19205325759242,12.275151492883055,0.43402061855670104,0.040319999999999995,-97.54634845902667,2065.641582486629,orb+phase,498.6788033965498,A_down,0.8533333333333333,A_up,stable,"up=0.100,stable=0.900,down=0.000",0.1,0.0,0.9,1,1.0009965698065026,1.0033836291031297,0.002387059296627081,2.7012555305089174,False,10,-40.957822699502465,0.36212901630001365,0.3705882875850885,1.0233598273110116,0,1,1.5,2.424050250227609,3,True,421,0.1306738995238552,-22.19205325759242,12.275151492883055,0.9564935453236103,,0.32162723527289927,,,46.26431000343761,13.605052251761606
1734763672200,F:\agent\UAV\data\IR-image\1734763672200.jpg,116.17069856892226,38.812126011932676,496.27975779828387,116.1712364,38.8121138,510.4,-3.897924970610518,10.507693479847546,0.8084677419354839,0.20159999999999997,-97.95015672768461,3708.42373921033,lk,498.49636162976844,A_up,0.8383333333333333,A_up,stable,"up=0.150,stable=0.850,down=0.000",0.15,0.0,0.85,1,1.0037994673252337,1.0014175979272701,0.0023818693979635874,2.6983802013246656,False,10,-37.30678410979713,0.36223287115527425,0.37045270776602457,1.022692133335483,0,2,1.5,2.424050250227609,2,False,401,0.4038082686579373,-4.7515680803729765,10.337839736268847,0.9628221603110433,,0.24039348069345579,,,46.619512484209835,14.12024220171611
1734763672400,F:\agent\UAV\data\IR-image\1734763672400.jpg,116.17074508648328,38.81211296630938,496.76456784832936,116.1712917,38.8121132,511.41,2.483568621637062,10.21148988177606,0.8553615960099751,0.20159999999999997,-98.78593617776161,2058.6615684294707,lk,498.52434959010895,A_up,0.8383333333333333,A_up,stable,"up=0.150,stable=0.850,down=0.000",0.15,0.0,0.85,1,1.0035494327589438,1.000995254633862,0.002554178125081741,2.6963907615008567,False,10,-30.25647817325119,0.3622816940374614,0.37047350674569834,1.022611721329176,0,2,1.5,2.424050250227609,2,False,343,0.8357794500770053,1.4640560484104412,10.072662390416298,0.8858828593045474,,0.18388949084328488,,,47.360687731343624,14.645432151670661
1734763672600,F:\agent\UAV\data\IR-image\1734763672600.jpg,116.17080336796859,38.81212354212678,497.24937789837486,116.1713467,38.8121126,512.44,-5.413664029474603,11.721730193148801,0.9125364431486881,0.20159999999999997,-100.17598430709187,4147.206051958166,lk,498.3075586786845,A_up,0.8233333333333333,A_up,stable,"up=0.150,stable=0.800,down=0.050",0.15,0.05,0.8,1,1.0037061599390453,0.9988605329097937,0.00484562702925162,2.6952761329853465,False,10,-26.83607220121043,0.36233051691964857,0.3703124006949065,1.0220292892884537,0,2,1.5,2.424050250227609,2,False,313,1.390048129330247,-6.98750058172476,11.513007612922422,0.68528021434322,-1.0658374877765309,0.29220955014170613,,,47.092077504892984,15.190622101625195
1734763672800,F:\agent\UAV\data\IR-image\1734763672800.jpg,116.17083159672855,38.812100186170134,497.73418794842036,116.1714015,38.8121122,513.49,6.069688533659473,6.5007127660493325,0.987220447284345,0.06047999999999999,-100.75248898513507,4342.598660533092,lk,498.99418095525505,A_up,0.8233333333333333,A_up,stable,"up=0.150,stable=0.800,down=0.050",0.15,0.05,0.8,1,1.0020676204757863,1.0000387299938749,0.0020288904819114606,2.693827415072938,False,10,-25.00709518197403,0.3624690602720181,0.370822657340986,1.0230463727378523,0,2,1.5,2.424050250227609,2,False,309,0.5765046780432099,5.614672636828402,6.438031792228458,0.9292092427611351,,0.2210138225927949,,,49.3966655809695,15.755812051579653
1734763673000,F:\agent\UAV\data\IR-image\1734763673000.jpg,116.17084291170463,38.81202834026632,498.21899799846585,116.171456,38.812112,514.57,21.418192359032673,5.312191352303103,0.8867313915857605,0.1344,-100.84324895333762,2010.6954465139563,lk,498.56450635129926,A_up,0.8083333333333332,A_up,stable,"up=0.150,stable=0.750,down=0.100",0.15,0.1,0.75,1,0.9985794603792728,0.9983317899699866,0.00024767040928619366,2.6933813170068213,False,10,-15.235394580768839,0.3626076036243876,0.37050334885100367,1.0217749025329181,0,1,1.3912937727893677,2.424050250227609,2,False,274,0.09075996820254732,21.895597512276424,5.404284997943279,0.8942470021545887,,0.28848081741307396,,,53.92873153298788,16.351002001534198
1734763673200,F:\agent\UAV\data\IR-image\1734763673200.jpg,116.17084927705653,38.81202802436159,498.70380804851135,116.1715104,38.812112,515.65,-14.43008708056118,13.548670918775088,0.3203371970495258,0.1344,-100.35983130075799,3016.515542849861,orb+phase,500.5497277763362,A_up,0.7933333333333332,A_up,stable,"up=0.200,stable=0.700,down=0.100",0.2,0.1,0.7,1,1.0064946906598833,1.0051265839676893,0.0013681066921940044,2.690794687047445,False,10,-11.482325232026612,0.3626722589096367,0.371978646785006,1.0256606002988722,0,1,1.3867533452940393,2.424050250227609,3,True,304,-0.4834176525796364,-14.43008708056118,13.548670918775088,0.8861096024513244,,0.27804445670335554,,,58.038334422579425,16.94619195148863
1734763673400,F:\agent\UAV\data\IR-image\1734763673400.jpg,116.17085564240844,38.81202770845685,499.18861809855684,116.1715648,38.8121122,516.52,17.35801139169621,22.244428077463596,0.27129337539432175,0.1344,-99.47664094625584,4046.865353225318,orb+phase,499.2189056564873,A_up,0.7783333333333333,A_up,stable,"up=0.200,stable=0.650,down=0.150",0.2,0.15,0.65,1,1.001643552812871,0.9980664818034866,0.003577071009384536,2.690301389894097,False,10,-10.276352207568351,0.3627369141948858,0.37098965931027067,1.0227513241482529,0,1,0.9936405494218548,2.424050250227609,3,True,258,-0.8831903545021457,17.35801139169621,22.244428077463596,0.7784017886966467,,0.23159253469202667,,,62.15827565061538,17.331381901443137
1734763673600,F:\agent\UAV\data\IR-image\1734763673600.jpg,116.17086200776035,38.81202739255212,499.67342814860234,116.1716193,38.8121123,517.23,2.5066985966400352,7.5018848915621845,0.3408624229979466,0.6719999999999999,-99.56692871728895,2687.0754265784376,orb+phase,500.10601646994485,A_up,0.7783333333333333,A_up,stable,"up=0.200,stable=0.650,down=0.150",0.2,0.15,0.65,1,0.9987033261130382,0.9995994394261092,0.0008961133130709342,2.688885696013837,False,10,-10.654063219373406,0.3629229875031509,0.371648907056552,1.0240434468299568,0,0,0.7721756328760989,2.424050250227609,3,True,332,0.09028777103310423,2.5066985966400352,7.5018848915621845,0.9691858503036201,,0.29077160300221294,,,66.29050158771034,17.556571851397678
1734763673800,F:\agent\UAV\data\IR-image\1734763673800.jpg,116.17090311884265,38.812084806652955,500.15823819864784,116.1716735,38.8121121,518.03,-18.93065798170528,4.874940002709764,0.8044354838709677,0.1344,-100.68473471977387,5035.557760403072,lk,501.0416975556939,A_up,0.7633333333333332,A_up,transition,"up=0.250,stable=0.600,down=0.150",0.25,0.15,0.6,1,0.9971065262813994,1.001890436352441,0.004783910071041619,2.6864054182748447,False,10,-8.231854662672717,0.363109060811416,0.3723442493268304,1.0254336493140026,0,1,0.7494120342678912,2.424050250227609,2,False,399,1.117806002484921,-18.619773988623365,5.063598281049821,0.6593316871672869,-0.8158224494528654,0.2582034690422006,,,66.81773483913568,17.871761801352136
1734763674000,F:\agent\UAV\data\IR-image\1734763674000.jpg,116.17094072975088,38.81205948272601,501.24190008626886,116.1717273,38.8121119,518.86,6.128479934984341,8.799355402202309,0.9373433583959899,0.6719999999999999,-101.24112712086638,5526.347541059841,lk,501.15023603445553,A_up,0.7633333333333332,A_up,transition,"up=0.250,stable=0.600,down=0.150",0.25,0.15,0.6,1,1.0001835728096944,1.000460454137678,0.00027688132798364684,2.684212287375096,False,10,-7.83958504950271,0.36312634256452325,0.37242490863841016,1.0256069719652319,0,0,0.6738676935007675,2.6229121670376383,1,False,374,0.5563924010925136,6.101205732480707,8.378515075760447,0.9012741297483444,,0.22713439096696675,,,68.40025781917807,17.618099913731157
1734763674200,F:\agent\UAV\data\IR-image\1734763674200.jpg,116.17097006414396,38.81202735882718,502.0759707955598,116.171781,38.8121119,519.62,8.549856582415885,7.210968458830735,0.9491978609625669,0.6719999999999999,-101.09982139624854,4910.024204706997,lk,502.1792578623705,A_up,0.7633333333333332,A_up,transition,"up=0.250,stable=0.600,down=0.150",0.25,0.15,0.6,1,1.0010185262754079,1.0003529709543706,0.0006655553210372922,2.678662017387274,False,10,-6.4850418345484115,0.3633766667899123,0.3731896161705878,1.0270048967848255,0,0,0.5891774726742938,2.7390841186107227,1,False,355,-0.14130572461783872,8.401497451526836,7.248072457903447,0.9452238384634256,,0.3516691372205969,,,70.88868924588903,17.54402920444022
1734763674400,F:\agent\UAV\data\IR-image\1734763674400.jpg,116.1710337663738,38.81204319693239,502.6237876192819,116.1718345,38.8121121,520.39,-7.360314154205923,12.458955843271951,0.9549295774647887,0.20159999999999997,-100.6023381263656,3789.327145899794,lk,503.0046754007022,A_up,0.7633333333333332,A_up,transition,"up=0.250,stable=0.600,down=0.150",0.25,0.15,0.6,1,0.99956300339454,1.0006171991337856,0.0010541957392455892,2.6744391311110025,False,10,-4.517479452789097,0.36378694929691663,0.373803017161345,1.0275327850099796,0,3,0.5250819839032488,2.7390841186107227,2,False,339,-0.49748326988294234,-7.421465064182144,12.920034951488674,0.9343476409092546,,0.30321919883135706,,,69.80041963633163,17.76621238071806
1734763674600,F:\agent\UAV\data\IR-image\1734763674600.jpg,116.17107651122369,38.81204670949637,503.32251408098375,116.1718877,38.8121125,521.17,-2.580621828033088,8.232983901573618,0.8436578171091446,0.39199999999999996,-99.72303276275655,1990.2230421116576,lk,503.6864147846344,A_up,0.7633333333333332,A_up,transition,"up=0.250,stable=0.600,down=0.150",0.25,0.15,0.6,2,1.006638049341447,1.000953630773915,0.00568441856753199,2.6718063148973465,False,10,-5.974746698508354,0.36410888710507244,0.37430964513339826,1.028015679895729,0,0,0.4730714970356189,2.8118661040957433,1,False,286,-0.8793053636090495,-3.752192903641685,8.774269797124902,0.8571839839220047,,0.2800817479728721,,,70.66421986282889,17.847485919016208
1734763674800,F:\agent\UAV\data\IR-image\1734763674800.jpg,116.17116009414663,38.812063300201835,503.8848873018029,116.1719408,38.8121128,521.95,-8.097339870509416,17.12810941043739,0.8741258741258742,0.040319999999999995,-99.55120586333032,4641.800218162535,lk,504.3363282548107,A_up,0.7633333333333332,A_up,transition,"up=0.250,stable=0.600,down=0.150",0.25,0.15,0.6,1,0.999526535644796,1.000856367134115,0.0013298314893190888,2.6679511256318436,False,10,-4.717406643425749,0.36444021270749616,0.3747926219881406,1.028406330914293,0,1,0.4875551740093442,2.8118661040957433,2,False,250,-0.17182689942622417,-7.387798586828467,17.189379209913852,0.866161476355046,,0.28283383179223165,,,67.86692355992123,18.06511269819714
1734763675000,F:\agent\UAV\data\IR-image\1734763675000.jpg,116.17120040744543,38.81205213581663,504.6409124393803,116.1719936,38.812113,522.7,2.0165439556640763,8.308933327280613,0.972,0.6719999999999999,-99.4157858047972,2657.9396534994153,lk,504.47096768194984,A_up,0.6466666666666666,A_down,transition,"up=0.250,stable=0.600,down=0.150",0.25,0.15,0.6,1,0.9980582591142912,0.9992101424019659,0.001151883287674682,2.6656092328047927,False,10,-4.461707810083636,0.36480555404022075,0.37489267796486364,1.027650686270886,0,0,0.3683024941381632,2.9119320395633794,1,False,243,-0.13542005853312192,2.228093048020469,8.67909406608888,0.9012074551545084,,0.3264612564817071,,,69.05768794999524,18.05908756061973
1734763675200,F:\agent\UAV\data\IR-image\1734763675200.jpg,116.17126083112487,38.812046987598706,505.3562350157645,116.1720462,38.8121133,523.5,-0.5534027724417001,12.683343319347273,0.9876543209876543,0.6719999999999999,-99.2830680829883,2286.4513871113863,lk,505.4960397215227,A_up,0.6466666666666666,A_down,transition,"up=0.250,stable=0.600,down=0.150",0.25,0.15,0.6,1,1.001070889387621,1.0007327542559432,0.00033813513167779696,2.6618060619728383,False,10,-1.7554829633890137,0.3652788918146348,0.3756544502503694,1.0284044839935613,0,0,0.31354129487846194,2.9843648661293165,1,False,240,-0.13271772180890393,-0.7232436168777667,12.504907714948132,0.9649225480854511,,0.35490200720960274,,,68.44572358800153,18.143764984235474
1734763675400,F:\agent\UAV\data\IR-image\1734763675400.jpg,116.17129332313556,38.81203139074598,506.04370850611485,116.1720986,38.8121136,524.27,3.660799696900142,6.595782040902179,0.9916666666666667,0.6719999999999999,-99.23514527484222,4398.063278605789,lk,506.00917563329847,A_up,0.6466666666666666,A_down,transition,"up=0.250,stable=0.600,down=0.150",0.25,0.15,0.6,1,1.0000348996623425,0.9995913692857221,0.0004435303766203713,2.6583586186920676,False,10,-0.9469720940391514,0.3658496357040816,0.3760357821970015,1.0278424398956052,0,0,0.23932826819566344,3.036742298379703,1,False,238,-0.04792280814607299,3.017155434107167,6.9204633070274895,0.9043782562948763,,0.33735933623393066,,,70.36857624485873,18.226291493885128
1734763675600,F:\agent\UAV\data\IR-image\1734763675600.jpg,116.17134278922508,38.811995013246666,506.7610165377968,116.1721507,38.8121138,525.07,9.153716454379321,11.614171960387466,0.9915966386554622,0.6719999999999999,-99.63671123370153,3240.2195854926113,lk,507.21287897565156,A_up,0.6316666666666666,A_down,transition,"up=0.300,stable=0.550,down=0.150",0.3,0.15,0.55,1,1.0038442541039005,1.0015217675223504,0.0023224865815500984,2.654340697070254,False,10,-3.538104038607035,0.36621496526436975,0.376930302592424,1.0292596926516067,0,0,0.30761157524682403,3.103342635112764,1,False,236,0.40156595885930896,8.973631288691706,10.655615595047607,0.9393617396242917,,0.2597511304775253,,,71.235796420111,18.30898346220323
1734763675800,F:\agent\UAV\data\IR-image\1734763675800.jpg,116.17139197328744,38.81197410004472,507.49646900166226,116.1722028,38.812114,525.76,4.428039174893513,10.737485061021232,1.0,0.6719999999999999,-99.99294831713246,2199.235078448616,lk,507.7620240331768,A_up,0.6466666666666666,A_down,transition,"up=0.250,stable=0.600,down=0.150",0.25,0.15,0.6,1,1.0025795319507096,1.0002588774965298,0.002320654454179838,2.6504148542252204,False,10,-6.293622309813606,0.36668016216331295,0.3773383943844111,1.0290668362264745,0,0,0.3278999066959045,3.1749901962826854,1,False,236,0.3562370834309205,4.388507096603917,10.070849833873154,0.929932442959398,,0.2715409325901419,,,71.95488430507451,18.26353099833773
1734763676000,F:\agent\UAV\data\IR-image\1734763676000.jpg,116.17139983971563,38.811973621350305,508.1314670409188,116.1722547,38.8121143,526.43,-23.152430656201545,1.4377259821685016,0.3002070393374741,0.1344,-100.32826284734787,2973.1237194191567,orb+phase,510.679361491859,A_up,0.6466666666666666,A_down,transition,"up=0.250,stable=0.600,down=0.150",0.25,0.15,0.6,1,1.0114259018793799,1.0077499278342212,0.0036759740451586254,2.6436609591184626,False,10,-11.880910781482331,0.36722453186867077,0.37950638525500197,1.0334450787474174,0,1,0.8751894290296605,3.1749901962826854,3,True,290,0.33531453021541663,-23.152430656201545,1.4377259821685016,0.8402580302208662,,0.2851186004409101,,,75.70223556364355,18.29853295908117
1734763676200,F:\agent\UAV\data\IR-image\1734763676200.jpg,116.17146455906412,38.81194849512648,509.1095136569014,116.1723064,38.8121147,527.14,4.9167307743046536,14.529682753923169,0.75,0.6719999999999999,-100.39506165505681,4314.419760842909,lk,509.65386253869,A_up,0.7633333333333332,A_down,transition,"up=0.250,stable=0.600,down=0.150",0.25,0.15,0.6,1,1.000692202417769,1.001183517014686,0.0004913145969172028,2.6399862882066296,False,10,-11.733729422455202,0.3679143554423079,0.37874429571282225,1.0294360361598138,0,0,0.9486920220737716,3.386270380852149,1,False,372,0.06679880770892788,5.2827739077022215,14.173594322307594,0.9615621252916753,,0.3179702485213056,,,75.24529562128399,18.030486343098573
1734763676400,F:\agent\UAV\data\IR-image\1734763676400.jpg,116.17150412167021,38.81192188462883,510.13452409108606,116.172358,38.812115,527.73,6.4014371672906805,8.704138101814635,0.9623655913978495,0.6719999999999999,-100.36264027741954,4651.197117493218,lk,510.2560797664331,A_up,0.7633333333333332,A_down,transition,"up=0.250,stable=0.600,down=0.150",0.25,0.15,0.6,1,0.9998794478904867,0.9995042271945802,0.000375220695906453,2.6351212202101992,False,10,-11.91487845712588,0.3688468592988913,0.3791918275703295,1.0280467842158179,0,0,0.8694462280020616,3.5969837014586945,1,False,358,-0.03242137763725595,6.481650130375272,8.943833866502274,0.9792744752019644,,0.3530172922910424,,,77.03667976508862,17.595475908913954
1734763676600,F:\agent\UAV\data\IR-image\1734763676600.jpg,116.17153917109462,38.81190882678334,511.1805435275225,116.1724095,38.8121154,528.34,2.565999162205685,6.8695816742509805,0.9860335195530726,0.6719999999999999,-100.15901877071406,3165.0238383251344,lk,511.6598191737022,A_up,0.7633333333333332,A_down,transition,"up=0.300,stable=0.600,down=0.100",0.3,0.1,0.6,1,1.001838417617858,1.0012874154951028,0.000551002122755273,2.629609756080517,False,10,-9.549610516081737,0.3697851615123402,0.3802350028158229,1.0282592228978176,0,0,0.8725901193303116,3.7949246049054066,1,False,353,-0.2036215067054912,2.6873433392322,7.014050089903719,0.9601718664169312,,0.3551379349955823,,,78.82951925058995,17.15945647247753
1734763676800,F:\agent\UAV\data\IR-image\1734763676800.jpg,116.1715919234562,38.811885113131,512.2410133051839,116.1724608,38.8121158,528.97,5.030120445546913,11.458144804429708,0.9631728045325779,0.6719999999999999,-99.8827383525601,3352.5894248153927,lk,512.6328481401869,A_down,0.7633333333333332,A_down,transition,"up=0.300,stable=0.600,down=0.100",0.3,0.1,0.6,1,1.001645941020056,1.0006320195585534,0.001013921461502587,2.6241120854028517,False,10,-10.632879530186957,0.3703825542304655,0.38095809979930045,1.0285530337431996,0,0,0.859079936566161,3.9789589365779374,1,False,340,-0.27628041815395465,4.532359839459275,11.98430365876797,0.9869430259801447,,0.36861705128103495,,,79.5330187579092,16.72898669481617
1734763677000,F:\agent\UAV\data\IR-image\1734763677000.jpg,116.17163430110485,38.811884203228736,513.3315038555855,116.172512,38.8121162,529.57,-1.3205689217186318,7.849632597591437,0.9794117647058823,0.6719999999999999,-99.88027790312752,4095.908963059783,lk,513.7844276381513,A_down,0.7783333333333333,A_down,stable,"up=0.300,stable=0.650,down=0.050",0.3,0.05,0.65,1,1.0005302247588486,1.000595939958041,6.571519919251756e-05,2.618560221174,False,10,-11.896880528522258,0.37046310725586146,0.3818138848682908,1.0306394277597795,0,0,0.8490375014599749,4.160179796683154,1,False,333,-0.0024604494325702287,-1.5942655211584338,7.78126053870281,0.9884960228577256,,0.36311965057393536,,,80.30362442011962,16.238496144414512
1734763677200,F:\agent\UAV\data\IR-image\1734763677200.jpg,116.17167526352175,38.811869658474066,514.4595230516866,116.1725631,38.8121165,530.19,2.7565530045694686,8.207302069256684,0.978978978978979,0.6719999999999999,-100.02132178559978,4253.08145188122,lk,515.0957956289931,A_down,0.7783333333333333,A_down,stable,"up=0.300,stable=0.650,down=0.050",0.3,0.05,0.65,1,1.0004556504943234,1.0013693294228818,0.0009136789285584257,2.6127479197244208,False,10,-11.614151356147287,0.370488427798351,0.3827884151968508,1.0331993835046163,0,0,0.8654897682138198,4.343326043539921,1,False,326,0.14104388247226649,3.1207520743839154,7.707388240875815,0.9668029705062509,,0.34887565903773066,,,81.67574519269787,15.73047694831348
1734763677400,F:\agent\UAV\data\IR-image\1734763677400.jpg,116.17173704435154,38.81187938193791,515.3281882603945,116.1726141,38.8121167,530.8,-5.276429709093577,11.7124031573058,0.9601226993865031,0.20159999999999997,-100.0015495855451,4106.503057193672,lk,516.2293620885498,A_down,0.7783333333333333,A_down,stable,"up=0.350,stable=0.650,down=0.000",0.35,0.0,0.65,1,1.0010787985877108,1.0011380032123416,5.920462463082643e-05,2.60713262204294,False,10,-12.165691404928236,0.37053284108741047,0.38363081405208543,1.0353490204167493,0,3,0.8101217986411484,4.343326043539921,2,False,313,-0.019772200054679754,-5.213275155855399,11.5956923488786,0.9712467551231384,,0.38396667840424925,,,80.44300484338707,15.471811739605414
1734763677600,F:\agent\UAV\data\IR-image\1734763677600.jpg,116.17178263073279,38.81187672698313,516.5164301428695,116.172665,38.812117,531.36,-0.9047432589500204,8.5901397943735,0.987220447284345,0.6719999999999999,-99.77505700154418,2685.226579122981,lk,516.7627869451853,A_down,0.7783333333333333,A_down,stable,"up=0.350,stable=0.650,down=0.000",0.35,0.0,0.65,1,1.0002070727458894,1.0001870313875036,2.0041358385736174e-05,2.603041349849742,False,10,-10.353399920074981,0.3705753104544529,0.3840272235301492,1.0363000790829793,0,0,0.752685468763957,4.53564688300127,1,False,309,-0.2264925840009245,-0.8378998230210755,9.133652769839472,0.9708104749210179,,0.3682796659995802,,,80.98586578026375,14.843569857130547
1734763677800,F:\agent\UAV\data\IR-image\1734763677800.jpg,116.17184021896936,38.81187555570237,517.7369790428813,116.1727158,38.8121174,531.92,-1.7486381653606031,11.262692620907842,0.9805825242718447,0.6719999999999999,-99.42491825823078,3392.1049812482297,lk,518.4497336514959,A_down,0.7783333333333333,A_down,stable,"up=0.350,stable=0.650,down=0.000",0.35,0.0,0.65,1,1.0049630268922116,1.0017313455409296,0.0032316813512820453,2.5965118411121284,False,10,-11.580576176294683,0.37070547246303726,0.3852808615169272,1.0393179764977525,0,0,0.8259644513764215,4.7230213245152965,1,False,303,-0.35013874331340755,-2.848448176951422,11.685070567118629,0.9417749347165227,,0.3461024865973741,,,80.48907399230733,14.183020957118629
1734763678000,F:\agent\UAV\data\IR-image\1734763678000.jpg,116.17188485626377,38.811880075935676,518.9381614105303,116.1727664,38.8121176,532.42,-2.9519029349468155,7.945703911708279,0.9933993399339934,0.6719999999999999,-99.57314830000374,4164.029985903353,lk,519.0168963796231,A_down,0.7783333333333333,A_down,stable,"up=0.350,stable=0.650,down=0.000",0.35,0.0,0.65,1,0.9995520132104116,1.0002162013565015,0.0006641881460898169,2.5907992867982483,False,10,-5.58510721280229,0.37090615832562834,0.38570234296504,1.0398919896779435,0,0,0.7106492352430678,4.87722896100147,1,False,301,0.14823004177295812,-2.6863581891294643,7.709871800425674,0.9686493204906583,,0.3431170874973759,,,80.81793491022768,13.481838589469703
1734763678200,F:\agent\UAV\data\IR-image\1734763678200.jpg,116.17191548693266,38.81187156568424,520.1328697979038,116.172817,38.8121177,532.93,1.4076706837862503,5.348243273538344,0.9833887043189369,0.6719999999999999,-100.10219697988015,3487.763934272378,lk,520.3472556471138,A_down,0.6616666666666666,A_down,stable,"up=0.350,stable=0.650,down=0.000",0.35,0.0,0.65,1,0.9982856044303997,1.0008305330480458,0.002544928617646103,2.585057449023424,False,10,-4.35849786932374,0.37131928318341134,0.38669098647556094,1.0413975357281857,0,0,0.6322809164593082,5.010270238881717,1,False,296,0.5290486798764148,1.9357095944420735,4.229025012399433,0.9815457426011562,,0.24695193750812905,,,82.76674159011266,12.797130202096128
1734763678400,F:\agent\UAV\data\IR-image\1734763678400.jpg,116.17194802855403,38.81182776630196,521.1349238456802,116.1728674,38.8121178,533.5,11.710785705175283,7.638199684438462,0.9594594594594594,0.20159999999999997,-100.20853929410019,3264.775774773955,lk,521.4124727089079,A_down,0.6616666666666666,A_down,stable,"up=0.350,stable=0.650,down=0.000",0.35,0.0,0.65,1,0.9999170357355747,1.0002231811145375,0.0003061453789627855,2.579509729843712,False,10,-4.38816205166546,0.371813776920779,0.38748259214267167,1.0421415670813918,0,3,0.530495777511419,5.010270238881717,2,False,284,0.10634231422003818,11.690981859671751,7.436543842332213,0.9790578136220575,,0.360552154481411,,,85.93882237030097,12.365076154319809
1734763678600,F:\agent\UAV\data\IR-image\1734763678600.jpg,116.17201175859527,38.81183065380403,522.3427811413941,116.1729176,38.8121179,534.06,-3.2854692153580345,12.309035012865309,0.9295774647887324,0.6719999999999999,-99.81859713318516,2749.7219764127944,lk,522.6589474495443,A_down,0.6466666666666666,A_down,transition,"up=0.400,stable=0.600,down=0.000",0.4,0.0,0.6,1,1.0022936279745311,1.001113523294341,0.0011801046801902526,2.5747055984127454,False,10,-4.631741198019534,0.3721614480559182,0.3884088976854464,1.043656992722919,0,0,0.5018148565131924,5.132709841579503,1,False,264,-0.38994216091502126,-3.4974744150576953,12.823326405879612,0.9959162085317075,,0.35726491396781057,,,84.7360209886174,11.717218858605861
1734763678800,F:\agent\UAV\data\IR-image\1734763678800.jpg,116.17205834529437,38.81185732685764,523.5513326395028,116.1729678,38.812118,534.57,-9.577591668469097,7.144033235627603,0.9583333333333334,0.6719999999999999,-99.64965183098455,2546.996911213091,lk,523.8422793076761,A_down,0.7633333333333332,A_down,transition,"up=0.400,stable=0.600,down=0.000",0.4,0.0,0.6,1,1.0011167754997687,1.0009736132952398,0.0001431622045289238,2.568753167495824,False,10,-4.3684869581855965,0.3723845789826203,0.38928827921111603,1.045393126306889,0,0,0.4805518678995213,5.240405607729969,1,False,253,-0.16894530220061071,-9.78666431465166,7.349445009905281,0.9775150107219815,,0.39263988414313644,,,83.96075620296313,11.018667360497261
1734763679000,F:\agent\UAV\data\IR-image\1734763679000.jpg,116.1721203345211,38.811877774644316,524.7765903327067,116.173018,38.812118,535.05,-8.321442982494887,10.945883284189847,0.9565217391304348,0.6719999999999999,-99.73550486788291,3502.3324762935845,lk,525.1883904925442,A_down,0.7483333333333333,A_up,transition,"up=0.450,stable=0.550,down=0.000",0.45,0.0,0.55,1,1.002433853069538,1.0012239294710414,0.0012099235984965873,2.562652169965566,False,10,-5.366656710255331,0.372807262404499,0.3902886286053587,1.0468911632464182,0,0,0.497609319967637,5.345953940154498,1,False,242,0.08585303689835158,-9.051072202767557,10.598079100078877,0.9619999695569277,,0.34720631141681224,,,82.23643293972376,10.273409667293208
1734763679200,F:\agent\UAV\data\IR-image\1734763679200.jpg,116.1721601037585,38.81191247232467,526.0239401217107,116.1730681,38.8121179,535.54,-11.611383097152896,5.0468019351762905,0.9628099173553719,0.6719999999999999,-99.93565924196933,1997.4374109950288,lk,526.4759599718426,A_down,0.7333333333333333,A_up,transition,"up=0.500,stable=0.500,down=0.000",0.5,0.0,0.5,1,1.0025302942279697,1.0011703635381386,0.0013599306898310903,2.5565013969970383,False,10,-6.45646408986178,0.3734963166659664,0.39124547330224585,1.0475216376823155,0,0,0.5145906051161546,5.4532026681293795,1,False,233,0.20015437408641723,-12.177564617756389,4.527853104042663,0.9691512699238956,,0.31592597771668807,,,81.92144556339038,9.516059878289298
1734763679400,F:\agent\UAV\data\IR-image\1734763679400.jpg,116.17220666736021,38.81191571212609,527.300837345979,116.1731181,38.8121179,536.09,-2.637422729412833,8.181588747171418,0.9742489270386266,0.6719999999999999,-100.13988794827661,1713.907237192383,lk,527.7031994394965,A_down,0.7333333333333333,A_up,transition,"up=0.500,stable=0.500,down=0.000",0.5,0.0,0.5,1,1.001690669875794,1.0009460975563913,0.0007445723194026144,2.5502140617040374,False,10,-6.790071262275037,0.37405633114737163,0.3921574843395649,1.04839151669127,0,0,0.543487680258977,5.566469415716758,1,False,227,0.20422870630728096,-3.0250463750528525,7.454975882827313,0.9856731358915567,,0.3399420529603958,,,82.10804857212325,8.789162654021084
1734763679600,F:\agent\UAV\data\IR-image\1734763679600.jpg,116.17226812994866,38.8119325393372,528.6206062465211,116.1731681,38.8121179,536.62,-7.2295353142973795,10.817145828771515,0.9647577092511013,0.6719999999999999,-100.25097948869066,1699.153228519773,lk,529.2021079771177,A_down,0.7333333333333333,A_up,transition,"up=0.500,stable=0.500,down=0.000",0.5,0.0,0.5,1,1.0012598674590691,1.001593003765895,0.0003331363068259652,2.543613824752387,False,10,-7.355265982039201,0.3745511335607694,0.39327138359580016,1.0499804922683367,0,0,0.6131183267413007,5.693097572827838,1,False,219,0.11109154041404885,-6.990243175976559,10.31536889156314,0.94229143448174,,0.3385432852082886,,,80.65496710786317,7.999393753478898
1734763679800,F:\agent\UAV\data\IR-image\1734763679800.jpg,116.17231117120706,38.81191827128792,529.7592257610867,116.1732181,38.812118,537.14,2.6073162748867844,8.235747133297707,0.954337899543379,0.20159999999999997,-100.50849396395935,3802.02175194826,lk,529.8023245271954,A_down,0.7333333333333333,A_up,transition,"up=0.500,stable=0.500,down=0.000",0.5,0.0,0.5,1,0.9972205746563532,0.9995365706262849,0.0023159959699317056,2.5377570078715017,False,10,-3.3181734586829292,0.37484264997650213,0.39371742866921916,1.050353871668286,0,3,0.4889506668282593,5.693097572827838,2,False,209,0.2575144752686917,3.9659868023766194,7.904855927089727,0.9675666242837906,,0.29576889927557204,,,81.65800557851843,7.380774238913318
1734763680000,F:\agent\UAV\data\IR-image\1734763680000.jpg,116.1723537132102,38.81187918817976,530.8978452756522,116.1732681,38.8121181,537.65,9.826692577908773,9.459614633452816,1.0,0.20159999999999997,-100.68045664306261,2553.7226565535275,lk,530.9010917070648,A_down,0.7483333333333333,A_up,transition,"up=0.450,stable=0.550,down=0.000",0.45,0.0,0.55,1,0.9985724646138419,0.9994836222101622,0.0009111575963203222,2.5329599044436204,False,10,-2.8077835373397693,0.37527356410761653,0.3945339667792593,1.0513236329807647,0,3,0.35455365902555513,5.693097572827838,2,False,209,0.17196267910325364,10.739258612093067,8.905277615397154,0.9437980048358441,,0.32368740206584334,,,83.5614484780502,6.752154724347747
1734763680200,F:\agent\UAV\data\IR-image\1734763680200.jpg,116.17238912065156,38.8118347515274,532.1692050449539,116.1733181,38.8121183,538.17,11.651403641877891,8.083054122778378,0.9904306220095693,0.6719999999999999,-100.63581867207262,2181.37000476703,lk,532.0976745922385,A_down,0.7633333333333332,A_up,transition,"up=0.400,stable=0.600,down=0.000",0.4,0.0,0.6,1,0.9993221215959631,0.9995982097583743,0.00027608816241120326,2.5279702665555215,False,10,-3.362725878250763,0.37584511622368544,0.3954231956763967,1.0520908177533943,0,0,0.26450545597299424,5.768958749998329,1,False,207,-0.04463797099000032,11.536072303260596,8.008571689910411,0.986743627814576,,0.3877470880979672,,,86.44539210345711,6.0007949550461035
1734763680400,F:\agent\UAV\data\IR-image\1734763680400.jpg,116.1724344665714,38.81180487057574,533.4188272469379,116.1733681,38.8121185,538.7,6.987854279693238,9.46828008663374,0.9903381642512077,0.6719999999999999,-100.36780499736554,1717.9667079514923,lk,533.5411821026046,A_down,0.7633333333333332,A_up,transition,"up=0.400,stable=0.600,down=0.000",0.4,0.0,0.6,1,1.0012035806288813,1.0000584785240332,0.0011451021048480836,2.522030784086637,False,10,-4.051844973346206,0.37648304239471275,0.3964959241997252,1.053157458773483,0,0,0.2315633363791676,5.823468949659101,1,False,205,-0.26801367470708115,7.174665896123088,9.700495729344198,0.9971726249903441,,0.3811704402323812,,,88.09083689210298,5.281172753062151
1734763680600,F:\agent\UAV\data\IR-image\1734763680600.jpg,116.17247891828815,38.811780346320035,534.6712865061959,116.1734181,38.8121188,539.24,5.464540697346706,8.91896177320217,0.9902439024390244,0.6719999999999999,-100.18585980079804,3091.406608511472,lk,534.9008468158204,A_down,0.7783333333333333,A_up,stable,"up=0.350,stable=0.650,down=0.000",0.35,0.0,0.65,1,1.0028066533356357,1.000376824788145,0.002429828547490631,2.5160706417539767,False,10,-4.332831164612632,0.37713434848841754,0.3975063457663299,1.0540178781369687,0,0,0.2349388705065394,5.874183850977829,1,False,203,-0.18194519656749286,4.11016973887979,9.388809753721716,0.976178140938282,,0.3679719693027437,,,89.6557405878444,4.568713493804125
1734763680800,F:\agent\UAV\data\IR-image\1734763680800.jpg,116.17252361010243,38.81177835821411,535.9433248641818,116.1734682,38.8121189,539.76,-1.0901094929525925,7.753528793735256,0.9753694581280788,0.6719999999999999,-100.06480971847775,2778.456538911909,lk,536.3231403456022,A_up,0.7783333333333333,A_up,stable,"up=0.350,stable=0.650,down=0.000",0.35,0.0,0.65,1,1.0022698336058735,1.0008565404324736,0.0014132931733998877,2.5099464080735,False,10,-4.95453061484848,0.37804134504861664,0.39856330932695283,1.0542849731838115,0,0,0.27728609706491625,5.931567973581623,1,False,198,-0.12105008232030134,-2.1251946560762462,7.679986773009517,0.9888178617693484,,0.3727651118533686,,,90.17851156308298,3.8166751358181727
1734763681000,F:\agent\UAV\data\IR-image\1734763681000.jpg,116.17257587019306,38.81178772296366,537.2274602283002,116.1735183,38.812119,540.29,-4.659925073031047,8.839571354129191,0.918,0.6719999999999999,-99.99641725497425,2022.499641538551,lk,537.5371770552022,A_up,0.7783333333333333,A_up,stable,"up=0.350,stable=0.650,down=0.000",0.35,0.0,0.65,1,1.0015029769497346,1.000685408080807,0.0008175688689275873,2.5038567926736732,False,10,-4.471763601707831,0.37896806164157587,0.39946550886343146,1.0540875321605383,0,0,0.29767350973907014,5.990423202126372,1,False,459,-0.06839246350349686,-5.165395675576008,8.662909233819477,0.9842800352722406,,0.3865408764104359,,,89.58015517102918,3.0625397716997895
1734763681200,F:\agent\UAV\data\IR-image\1734763681200.jpg,116.17263630738026,38.811827819724165,538.4255448687254,116.1735684,38.8121191,540.79,-13.851844491433837,9.072878891926791,0.869281045751634,0.040319999999999995,-100.02550885776031,2013.6381267207773,lk,539.1115130577416,A_up,0.7783333333333333,A_up,stable,"up=0.350,stable=0.650,down=0.000",0.35,0.0,0.65,1,1.0017910603865925,1.001791904565393,8.4417880041876e-07,2.497311296349199,False,10,-4.088549360907473,0.3793491064126657,0.400635461304343,1.056112837836822,0,1,0.41037342796767007,5.990423202126372,2,False,399,0.029091602786071664,-13.657766075026473,8.847330760087516,0.9781881414353848,,0.34338342607952654,,,87.01296463583343,2.3644551312745534
1734763681400,F:\agent\UAV\data\IR-image\1734763681400.jpg,116.17268673940478,38.81184183857129,539.8199150563188,116.1736187,38.8121191,541.29,-5.885714882970319,8.100973160703347,0.9373433583959899,0.6719999999999999,-100.15054626717448,3825.642613314987,lk,540.1805819987451,A_up,0.7783333333333333,A_up,stable,"up=0.350,stable=0.650,down=0.000",0.35,0.0,0.65,1,1.0005544226111067,1.0014195847391327,0.0008651621280260091,2.4914787947760995,False,10,-3.489494290873248,0.3798706940354124,0.4014299294579089,1.0567541422937108,0,0,0.47369279695942623,6.106804829939202,1,False,374,0.12503740941416094,-5.305903728515204,7.973056541700373,0.962147624604404,,0.32807941565988585,,,86.43413488210767,1.4700849436811723
1734763681600,F:\agent\UAV\data\IR-image\1734763681600.jpg,116.1727352805575,38.811854297000444,541.2388591677716,116.173669,38.8121192,541.79,-5.339932936382866,7.711728165620968,0.9786096256684492,0.6719999999999999,-100.21218991281515,3672.9143858678553,lk,541.5950124976367,A_up,0.7633333333333332,A_up,transition,"up=0.400,stable=0.600,down=0.000",0.4,0.0,0.6,1,1.001051283057687,1.0014229992564194,0.00037171619873244133,2.48476878612594,False,10,-3.386656294346658,0.38059655130756165,0.4024810496838383,1.0575005167574199,0,0,0.5145553108152399,6.223554761242906,1,False,366,0.06164364564066696,-5.415200116664948,7.472995393073319,1.0043193580582739,,0.36997250537388027,,,86.09673679616664,0.5511408322283842
1734763681800,F:\agent\UAV\data\IR-image\1734763681800.jpg,116.17277938090099,38.811836453794236,542.6632901335739,116.1737194,38.8121192,542.27,3.514667850841761,8.270840675715306,0.9754098360655737,0.6719999999999999,-100.60081451910897,2469.6476651815233,lk,542.8835799394192,A_up,0.7783333333333333,A_up,stable,"up=0.350,stable=0.650,down=0.000",0.35,0.0,0.65,1,0.9968509681360667,1.0008864140412816,0.004035445905214985,2.4782331369350676,False,10,-3.19580453119093,0.38138599233379566,0.40343863600680924,1.0578223744875053,0,0,0.5004637813402724,6.330702184693732,1,False,357,0.3886246062938167,3.9833084658463918,7.44130726117902,0.9955001821741462,,0.28125075227580965,,,87.30455842916894,0.3932901335739416
1734763682000,F:\agent\UAV\data\IR-image\1734763682000.jpg,116.17281551590226,38.81180344084897,544.0700036382165,116.1737699,38.8121191,542.75,8.13209963794867,7.305135193333115,0.969187675070028,0.6719999999999999,-100.89999253058646,3348.4677107195457,lk,544.0378104247797,A_up,0.7783333333333333,A_up,stable,"up=0.350,stable=0.650,down=0.000",0.35,0.0,0.65,1,0.999361615864667,0.9997309728585096,0.0003693569938426622,2.4720774213430143,False,10,-3.631308662270563,0.3823011500325708,0.4042963911312196,1.0575338083518055,0,0,0.4066869083543452,6.415529033140991,1,False,346,0.2991780114774933,7.97198189363462,6.815488077946128,1.0009663130156696,,0.2977436368819326,,,89.83263329673669,1.3200036382164626
1734763682200,F:\agent\UAV\data\IR-image\1734763682200.jpg,116.17286176398835,38.81178059666874,545.4720291556962,116.1738205,38.8121191,543.22,4.73441026712959,8.966373812074892,0.9479768786127167,0.6719999999999999,-101.03218875270339,2621.543717337689,lk,545.593306646352,A_up,0.7783333333333333,A_up,stable,"up=0.350,stable=0.650,down=0.000",0.35,0.0,0.65,1,1.0009647789309164,1.000050271021226,0.0009145079096903874,2.4658630168066598,False,10,-4.529803234077671,0.3832096146244681,0.4054523429727082,1.0580432418691716,0,0,0.35482991330218283,6.488062049588105,1,False,328,0.13219622211693802,4.310266371414912,8.606197395106875,0.9896115379408001,,0.3419232724409085,,,91.19856033003924,2.252029155696164
1734763682400,F:\agent\UAV\data\IR-image\1734763682400.jpg,116.1729164136254,38.81177008426524,546.8963674635446,116.1738711,38.8121192,543.68,0.8112863835747248,10.106782379478318,0.9664634146341463,0.6719999999999999,-101.1888659119516,3378.4077521976005,lk,547.2383133938274,A_up,0.7633333333333332,A_up,transition,"up=0.400,stable=0.600,down=0.000",0.4,0.0,0.6,1,0.9993780921581158,1.0010659920582825,0.0016878999001667117,2.459389613286038,False,10,-3.5511221490119054,0.3838290187911173,0.40667481368824826,1.0595207599703758,0,0,0.37466544928361145,6.565924720736425,1,False,317,0.1566771592482069,1.285131212851411,9.745797784852812,0.9783662078902126,,0.3239948817063123,,,91.37414275608644,3.216367463544657
1734763682600,F:\agent\UAV\data\IR-image\1734763682600.jpg,116.17296898866252,38.811738061977636,548.3200934498745,116.1739219,38.8121193,544.13,7.009915113059776,10.800887782747964,0.9716088328075709,0.6719999999999999,-101.16135407353235,3267.255530308922,lk,548.4377751782013,A_up,0.7783333333333333,A_up,stable,"up=0.350,stable=0.650,down=0.000",0.35,0.0,0.65,1,1.0006142848626842,1.0004009782231815,0.00021330663950269724,2.453146368976403,False,10,-2.367135565037716,0.3846540425235382,0.4075661820112395,1.0595655756985818,0,0,0.327233924591269,6.634196113086868,1,False,308,-0.027511838419240778,6.67235131715745,10.823777927591806,0.9893490470945835,,0.3646473530679941,,,92.81105885962472,4.190093449874553
1734763682800,F:\agent\UAV\data\IR-image\1734763682800.jpg,116.17300348277446,38.811736244721665,549.646932672492,116.1739727,38.8121194,544.58,-0.7636404702824962,5.070516251173331,1.0,0.11759999999999998,-100.79572690565399,3025.3007720775067,lk,549.9782573114152,A_up,0.7783333333333333,A_up,stable,"up=0.350,stable=0.650,down=0.000",0.35,0.0,0.65,2,1.0056198614569019,1.000534213166764,0.005085648290137801,2.4467917745518353,False,10,-4.196478084623803,0.3854916022409836,0.40871097627944347,1.0602331513928664,0,3,0.31446561098027814,6.634196113086868,2,False,308,-0.3656271678783578,-1.176365425406857,5.514418955320963,0.9688036466017366,,0.38639850937761366,,,94.16636165076852,5.06693267249193
1734763683000,F:\agent\UAV\data\IR-image\1734763683000.jpg,116.17306150469048,38.811701160268974,551.0730330437524,116.1740237,38.8121195,545.04,7.8113305403906566,11.942313341323654,0.9902597402597403,0.39199999999999996,-100.11944672891542,2172.6969106068836,lk,551.3936049485371,A_up,0.7933333333333332,A_up,stable,"up=0.300,stable=0.700,down=0.000",0.3,0.0,0.7,2,1.01032498910278,1.0003901267369646,0.009934862365815311,2.4408328878173395,False,10,-8.980900366619082,0.38619666472030045,0.409762778067701,1.0610210172697065,0,0,0.3302654920364603,6.693771795605353,1,False,305,-0.6762801767385739,6.818948305464346,12.70325040741514,0.9502269628457725,,0.354099573683925,,,95.4681597075612,6.033033043752425
1734763683200,F:\agent\UAV\data\IR-image\1734763683200.jpg,116.17311573975161,38.81172691532709,552.4117874028734,116.1740748,38.8121197,545.51,-9.202643212983162,8.08809581693032,0.9606557377049181,0.11759999999999998,-99.38906109258438,2935.847180376938,lk,553.5721790976995,A_up,0.7933333333333332,A_up,stable,"up=0.300,stable=0.700,down=0.000",0.3,0.0,0.7,2,1.009439843300922,1.001986765079865,0.007453078221056897,2.433559598178103,False,10,-13.121876789474346,0.38708678930911633,0.4113817641922691,1.0627636373912814,0,3,0.5399572958990575,6.693771795605353,2,False,293,-0.7303856363310377,-8.892731547226958,8.935674378259108,0.9336596100591124,,0.338189106550999,,,93.87575306997171,6.901787402873424
1734763683400,F:\agent\UAV\data\IR-image\1734763683400.jpg,116.17319018519727,38.811740936799985,553.7505417619944,116.174126,38.8121198,546.04,-6.435931473496794,13.12122003581419,0.9965870307167235,0.0784,-98.79886314548595,2541.7889809094277,lk,554.6571923066805,A_up,0.7933333333333332,A_up,stable,"up=0.300,stable=0.700,down=0.000",0.3,0.0,0.7,2,1.0085761688921773,1.0009891752745805,0.007586993617596738,2.42711810727823,False,10,-17.453333595612445,0.38794574491405903,0.4121880811730286,1.0624889860935063,0,1,0.668718514559373,6.693771795605353,2,False,292,-0.5901979470984345,-6.917254824041947,13.968750842280173,0.9590565133839846,,0.3424615323310718,,,91.37374453539964,7.710541761994477
1734763683600,F:\agent\UAV\data\IR-image\1734763683600.jpg,116.17324788796253,38.81177822307752,555.0892961211155,116.1741774,38.8121196,546.58,-12.388318325957982,8.379271636216401,0.9794520547945206,0.1344,-98.63042960861249,2418.710696475357,lk,556.4166760226258,A_up,0.7933333333333332,A_up,stable,"up=0.300,stable=0.700,down=0.000",0.3,0.0,0.7,1,1.0030991645616554,1.0014350767617926,0.0016640877998628234,2.4204472097365026,False,10,-18.593055912916604,0.3888485884482812,0.41349562433083853,1.063384660803097,0,1,0.8579768572183184,6.693771795605353,2,False,286,-0.16843353687346443,-12.557820707198971,8.426984755897763,0.989681001007557,,0.3934486211219337,,,89.03410268540583,8.509296121115426
1734763683800,F:\agent\UAV\data\IR-image\1734763683800.jpg,116.17330811106062,38.81178483536974,557.0484992115997,116.1742289,38.8121193,547.13,-3.753960679503564,10.200786567271507,0.9790209790209791,0.6719999999999999,-98.67762355380172,3090.9378080362085,lk,557.6845700445836,A_up,0.7933333333333332,A_up,stable,"up=0.300,stable=0.700,down=0.000",0.3,0.0,0.7,1,1.0015213345431948,1.0007166221552672,0.0008047123879275642,2.41405624553121,False,10,-21.145760074084063,0.38978845390823735,0.41443784740355866,1.0632378749246487,0,0,0.9910353973251631,7.01035871631841,1,False,280,0.047193945189230396,-4.169846639217155,9.893252715651528,0.97895955205895,,0.3730492273316486,,,88.02352396318018,9.918499211599737
1734763684000,F:\agent\UAV\data\IR-image\1734763684000.jpg,116.17337582066692,38.81183082740157,558.4505709548635,116.1742805,38.812119,547.68,-15.150686306722662,9.981103987591837,0.975,0.0784,-99.11287501746484,2919.0149245178327,lk,559.9467967531914,A_up,0.7783333333333333,A_up,stable,"up=0.350,stable=0.650,down=0.000",0.35,0.0,0.65,2,0.997220550167101,1.002292568803054,0.005072018635952968,2.4046017174536374,False,10,-20.069175002231216,0.39076705095380226,0.4161189991115561,1.0648773945906485,0,1,1.1602019535072259,7.01035871631841,2,False,273,0.4352514636631154,-14.655636423543854,9.139037893389059,0.9495569854974747,,0.23648723593214527,,,84.68169477404895,10.770570954863501
1734763684200,F:\agent\UAV\data\IR-image\1734763684200.jpg,116.17341288098788,38.811818970584724,560.4405509011465,116.1743323,38.8121185,548.19,2.175265300097749,5.8541390508361815,0.9743589743589743,0.6719999999999999,-99.72083552589633,3189.3045400258516,lk,560.6571605910613,A_up,0.7783333333333333,A_up,stable,"up=0.350,stable=0.650,down=0.000",0.35,0.0,0.65,1,0.9957978600236645,0.9997805835334885,0.003982723509823982,2.3987599976027445,False,10,-17.31903633725164,0.39170147882090534,0.4166468990672902,1.063684774235408,0,0,1.120954904727114,7.309309950038047,1,False,266,0.6079605084314877,2.7095418942255947,4.775641072713029,0.9550859263166785,,0.2181775999488309,,,86.34441581627648,12.250550901146426
1734763684400,F:\agent\UAV\data\IR-image\1734763684400.jpg,116.17345044519469,38.81181290105039,562.3796672205497,116.1743843,38.8121181,548.72,0.5059794064064818,5.656872811409755,0.9473684210526315,0.6719999999999999,-99.94034753994084,2085.3718560799125,lk,563.1107424472073,A_up,0.7633333333333332,A_up,transition,"up=0.400,stable=0.600,down=0.000",0.4,0.0,0.6,1,0.9976465542067179,1.0013774407657032,0.003730886558985347,2.3898609160662656,False,10,-16.437364773887506,0.3927144339676825,0.41847025448630115,1.0655840944230182,0,0,1.1600718730069275,7.560182297881824,1,False,252,0.21951201404450488,1.2741953832291415,4.742910071178983,0.9787948292680084,,0.32913416059454903,,,87.7416289390493,13.659667220549636
1734763684600,F:\agent\UAV\data\IR-image\1734763684600.jpg,116.17351680066959,38.81181970478259,564.2945765160944,116.1744364,38.8121178,549.21,-4.165387325404652,11.257441324416959,0.9365079365079365,0.6719999999999999,-99.8693729536039,2830.2822372823584,lk,564.8043830334761,A_up,0.7633333333333332,A_up,transition,"up=0.400,stable=0.600,down=0.000",0.4,0.0,0.6,1,1.0010128484317218,1.0002731905374538,0.0007396578942679977,2.3816901571311035,False,10,-16.713509025808627,0.39349440613250963,0.41972886696466405,1.0666704797407462,0,0,1.1024546120404466,7.782311667217434,1,False,236,-0.07097458633695047,-5.265898433559471,11.235011045296403,0.9621122762560844,,0.3835316861514002,,,86.29745046603524,15.08457651609433
1734763684800,F:\agent\UAV\data\IR-image\1734763684800.jpg,116.17355803213752,38.81181852205226,566.2131980750038,116.1744888,38.8121176,549.64,-0.9571547036923107,6.149148806106211,0.9745762711864406,0.6719999999999999,-99.6882466629721,3070.4327940684175,lk,566.6186151955721,A_up,0.7633333333333332,A_up,transition,"up=0.400,stable=0.600,down=0.000",0.4,0.0,0.6,1,1.0032840517120434,0.9999749571146768,0.003309094597366613,2.373807854667281,False,10,-15.493235896247738,0.3941256977242392,0.4210770958960997,1.0683827477565742,0,0,1.01920003491216,7.990867701965458,1,False,230,-0.18112629063180136,-1.1624836820578253,6.282186196084012,0.9875912427902221,,0.407354878843762,,,87.23330081266265,16.573198075003802
1734763685000,F:\agent\UAV\data\IR-image\1734763685000.jpg,116.17361889720421,38.81183139908501,568.0345125152875,116.1745412,38.8121174,550.12,-5.498426124004311,9.750730928089524,0.9217391304347826,0.39199999999999996,-99.18316525499237,2197.1706776613,lk,568.8135839213862,A_up,0.7483333333333333,A_up,transition,"up=0.450,stable=0.550,down=0.000",0.45,0.0,0.55,2,1.0097363242619837,1.0013742327793527,0.008362091482631007,2.3657292860316224,False,10,-15.224946693786856,0.39497858122782803,0.42270826549035945,1.0702055391872924,0,0,0.9946340363583204,8.123869650611047,1,False,212,-0.5050814079797292,-6.816309291027039,9.612646431407313,0.9662941241636872,,0.3578900706488639,,,86.00747900390968,17.91451251528747
1734763685200,F:\agent\UAV\data\IR-image\1734763685200.jpg,116.17368534926659,38.81182964037553,569.8918277835334,116.1745938,38.8121174,550.61,-1.5206452144157652,11.574783687534591,0.9528301886792453,0.39199999999999996,-98.77823214473273,2366.440842721462,lk,570.4278198447973,A_up,0.7633333333333332,A_up,transition,"up=0.400,stable=0.600,down=0.000",0.4,0.0,0.6,2,1.0064851750507016,1.000901406754497,0.00558376829620455,2.358369646589576,False,10,-13.647026830844165,0.395959559938061,0.4239078691681992,1.070583746568741,0,0,0.9217620288823127,8.263396940607844,1,False,202,-0.4049331102596479,-1.817739833963401,11.761026619106303,0.9550308860838413,,0.36399675451684743,,,84.96695396216177,19.281827783533345
1734763685400,F:\agent\UAV\data\IR-image\1734763685400.jpg,116.17373891012988,38.81184262036504,571.8946860019482,116.1746466,38.8121174,551.09,-5.137884693319677,8.115458219472487,0.995049504950495,0.6719999999999999,-98.57327129376696,2934.802674923986,lk,572.4293310376174,A_up,0.7633333333333332,A_up,transition,"up=0.400,stable=0.600,down=0.000",0.4,0.0,0.6,1,1.001844860144232,1.0013582456364016,0.0004866145078303852,2.3507393233258185,False,10,-9.94402871997901,0.3970011349830276,0.425395272684205,1.0715215529607776,0,0,0.8886045258245758,8.472492540262952,1,False,201,-0.20496085096575928,-4.453177792109216,8.022054020422502,0.9720499385148287,,0.37524417706299573,,,84.37254914022478,20.8046860019482
1734763685600,F:\agent\UAV\data\IR-image\1734763685600.jpg,116.17379852872304,38.8118289039664,573.8823157589068,116.1746996,38.8121173,551.6,2.07640923633528,10.489797247923264,0.9601990049751243,0.6719999999999999,-98.5720215882738,2201.8383189469214,lk,574.2023816651806,A_up,0.7783333333333333,A_up,stable,"up=0.350,stable=0.650,down=0.000",0.35,0.0,0.65,1,1.0004280532764755,1.0006610418552824,0.00023298857880682533,2.3426560718792615,False,10,-8.474783309832043,0.3980348275466414,0.4267128979600237,1.0720491485384451,0,0,0.8190872776552851,8.648993954934367,1,False,193,-0.0012497054931713025,2.862467376927441,10.110406087371729,0.9783224198035896,,0.39278275368269533,,,84.40184497624716,22.282315758906748
1734763685800,F:\agent\UAV\data\IR-image\1734763685800.jpg,116.17385528405214,38.81179280641665,575.6121145498936,116.1747527,38.8121173,552.1,8.317759281564122,10.761037335943172,0.982,0.20159999999999997,-98.65099426341547,2373.6227599691974,lk,576.1903106795271,A_up,0.7783333333333333,A_up,stable,"up=0.350,stable=0.650,down=0.000",0.35,0.0,0.65,1,1.0003982320253206,1.0006424971362806,0.0002442651109599847,2.33476705527049,False,10,-7.868005856520457,0.39901440909519215,0.4281902080126059,1.0731196624792898,0,3,0.7370431116311238,8.648993954934367,2,False,491,0.07897267514166614,8.025364320407675,10.579319176992271,0.9887214435264469,,0.3748024858068675,,,85.71970781183973,23.512114549893568
1734763686000,F:\agent\UAV\data\IR-image\1734763686000.jpg,116.1739114205446,38.81176865951847,577.6443046954297,116.174806,38.8121173,552.57,4.9360001465615255,10.104219736865389,0.9877800407331976,0.6719999999999999,-99.04488142732056,2475.1990799970836,lk,577.9569919002968,A_up,0.7783333333333333,A_up,stable,"up=0.350,stable=0.650,down=0.000",0.35,0.0,0.65,1,1.0005332731161931,1.0004374530244031,9.582009178998874e-05,2.327947360253857,False,10,-9.777075875379108,0.40005048508388724,0.4295030999259065,1.0736222450420059,0,0,0.6956525490487593,8.827932409424344,1,False,485,0.39388716390509737,5.3718560437264955,9.871875669578259,0.9784963821060956,,0.2669788803032134,,,86.66419547408101,25.074304695429646
1734763686200,F:\agent\UAV\data\IR-image\1734763686200.jpg,116.17395622098314,38.81175182180334,579.6887009342399,116.1748594,38.8121172,553.04,3.250470964061549,7.3291026097771805,0.9814432989690721,0.6719999999999999,-99.36839383432712,2629.5858222208826,lk,580.2628669462215,A_up,0.7783333333333333,A_up,stable,"up=0.350,stable=0.650,down=0.000",0.35,0.0,0.65,1,1.001603110581053,1.0006815111246232,0.000921599456429778,2.3195246975594865,False,10,-13.113461792014553,0.40103269538112596,0.43121668846994354,1.0752656664567757,0,0,0.7266458713561406,8.992745832473549,1,False,476,0.32351240700655426,3.5376874550497064,7.005243612825581,0.9694719082675874,,0.29324734752299264,,,88.17319124007962,26.64870093423997
1734763686400,F:\agent\UAV\data\IR-image\1734763686400.jpg,116.17401065429753,38.81172952842853,581.7556547558951,116.174913,38.8121171,553.55,4.390072939792503,9.587035154594275,0.9705882352941176,0.6719999999999999,-99.34585843847219,2957.074500351213,lk,582.3403688749884,A_up,0.7933333333333332,A_up,stable,"up=0.300,stable=0.700,down=0.000",0.3,0.0,0.7,1,1.0002296709540057,1.0004187882154867,0.00018911726148096442,2.3111511027596587,False,10,-14.628194813274305,0.40195548957087357,0.43276056375999516,1.076638023334397,0,0,0.7511955094404357,9.153053863163372,1,False,462,-0.02253539585493131,3.9422659872088275,9.480635751852958,0.9782832993660122,,0.3994219430605881,,,89.27392029247159,28.205654755895125
1734763686600,F:\agent\UAV\data\IR-image\1734763686600.jpg,116.17406166490535,38.81172991041872,583.8637922039065,116.1749667,38.8121171,554.05,-1.6772798975976002,7.795811865402527,0.9783549783549783,0.6719999999999999,-99.21827584321694,2911.9782035624607,lk,584.5223086918224,A_up,0.7933333333333332,A_up,stable,"up=0.300,stable=0.700,down=0.000",0.3,0.0,0.7,1,1.0012792129192942,1.0006667591252303,0.0006124537940639385,2.3026655790381096,False,10,-14.83234129439905,0.40295984284532377,0.4343820510476577,1.0779785101673156,0,0,0.7977795932736171,9.3208752891937,1,False,452,-0.12758259525524798,-1.8676977943448492,7.730007026969901,0.9914415935985744,,0.42476369673386216,,,89.4576111315509,29.813792203906587
1734763686800,F:\agent\UAV\data\IR-image\1734763686800.jpg,116.17413127966044,38.81176912865834,585.7279672617453,116.1750206,38.8121171,554.57,-12.820790792714092,10.05591879346224,0.8893805309734514,0.040319999999999995,-98.905836499625,2289.7512633255783,lk,586.2947887274938,A_up,0.7933333333333332,A_up,stable,"up=0.300,stable=0.700,down=0.000",0.3,0.0,0.7,1,1.0014747319161754,0.999570116326869,0.0019046155893064354,2.294475689145764,False,10,-13.85546110582847,0.4038675135690144,0.43569925229367873,1.0788172795661735,0,1,0.7419753080142755,9.3208752891937,2,False,402,-0.3124393435919505,-14.129579454264046,9.939140618963194,0.9751457378268242,,0.38861364632612094,,,86.22348237472833,31.157967261745284
1734763687000,F:\agent\UAV\data\IR-image\1734763687000.jpg,116.17420052485315,38.81178149605598,587.9132898352606,116.1750746,38.8121172,555.08,-5.392431649430193,11.094548345248825,0.9502487562189055,0.6719999999999999,-98.62199895775942,2224.293038344299,lk,588.4413361142456,A_up,0.7783333333333333,A_up,stable,"up=0.350,stable=0.650,down=0.000",0.35,0.0,0.65,1,1.0026371105132368,1.0012176939220176,0.0014194165912191359,2.287094817430054,False,10,-9.837504183345798,0.4048743670519639,0.43729443804221757,1.0800743974638747,0,0,0.77044561766877,9.511837723999497,1,False,382,-0.28383754186558224,-5.720600087629066,10.807322349503494,0.9756641443818808,,0.38444353683735244,,,84.43323512272684,32.83328983526053
1734763687200,F:\agent\UAV\data\IR-image\1734763687200.jpg,116.17426770653208,38.81178468306402,590.1123243474782,116.1751288,38.8121173,555.56,-2.7786188632644553,10.980069444147887,0.9712041884816754,0.6719999999999999,-98.47249015533683,2558.2259910500716,lk,590.575846480969,A_up,0.7783333333333333,A_up,stable,"up=0.350,stable=0.650,down=0.000",0.35,0.0,0.65,1,1.0007714351840706,1.0014670353672435,0.0006956001831728287,2.278450219215817,False,10,-6.563653097567998,0.40606357833047824,0.43888067859675667,1.0808176404325778,0,0,0.7792190373669428,9.687562965900597,1,False,371,-0.14950880242259257,-2.4106907633445758,10.969581923584684,0.9502325695008039,,0.3788924655673327,,,83.2728019364549,34.55232434747825
1734763687400,F:\agent\UAV\data\IR-image\1734763687400.jpg,116.17433154000229,38.81178649841513,592.3172564291049,116.1751831,38.8121174,556.02,-2.2824168633944737,10.272027736074904,0.9595687331536388,0.6719999999999999,-98.44331109895379,3111.9483307282544,lk,592.7016602473941,A_up,0.7633333333333332,A_up,transition,"up=0.400,stable=0.600,down=0.000",0.4,0.0,0.6,1,1.0017584443753278,1.00109882562787,0.0006596187474579018,2.269964834507393,False,10,-6.538011465182819,0.4071204978497439,0.440460456357629,1.0818921147030771,0,0,0.7527497712386548,9.84722994546675,1,False,356,-0.029179056383042228,-2.026806842053645,10.21792499295995,0.9856364774517715,,0.4052887731231749,,,82.44824382710735,36.29725642910489
1734763687600,F:\agent\UAV\data\IR-image\1734763687600.jpg,116.174370791071,38.811763902264374,594.2867024181983,116.1752375,38.8121174,556.52,5.061337297059424,6.045827533211877,0.9971910112359551,0.20159999999999997,-98.64757166653192,2925.5635938873047,lk,595.0007765177711,A_up,0.7633333333333332,A_up,transition,"up=0.400,stable=0.600,down=0.000",0.4,0.0,0.6,1,0.9997335099581841,1.001369407497922,0.0016358975397379183,2.2614961473538897,False,10,-6.1544046100914604,0.40813857914534146,0.442169022183557,1.0833796283347599,0,3,0.7357685311866362,9.84722994546675,2,False,355,0.20426056757812652,5.688255656946637,5.834981321619608,0.9928278336301446,,0.35299457563087344,,,84.76047584479221,37.76670241819829
1734763687800,F:\agent\UAV\data\IR-image\1734763687800.jpg,116.17443215752368,38.811747928873906,596.5611591505356,116.1752921,38.8121174,557.05,2.5230406389472364,10.382567442980587,0.9887323943661972,0.6719999999999999,-98.78525204959972,2501.1153080209992,lk,596.8998166787717,A_up,0.7483333333333333,A_up,transition,"up=0.450,stable=0.550,down=0.000",0.45,0.0,0.55,1,0.9999962541923024,1.0011645738281039,0.0011683196358014403,2.25415283939624,False,10,-5.937599588166827,0.40923687717357227,0.4435802753519835,1.0839205851036855,0,0,0.7047151699299548,10.026482787827579,1,False,351,0.13768038306779667,2.8570738006386023,10.21696348645105,0.9876711369492114,,0.37122076138621196,,,85.08476645887367,39.511159150535605
1734763688000,F:\agent\UAV\data\IR-image\1734763688000.jpg,116.17448359918691,38.81171665362534,598.8227477252243,116.1753468,38.8121175,557.62,6.893604413074627,8.908801678238888,0.9829059829059829,0.6719999999999999,-99.00942005692615,2198.2126667637285,lk,599.1656790688113,A_up,0.7483333333333333,A_up,transition,"up=0.450,stable=0.550,down=0.000",0.45,0.0,0.55,1,0.9992625250774428,1.001133567110792,0.0018710420333490907,2.2455933324286708,False,10,-5.206997452880119,0.41057227112998507,0.44526412888116695,1.0844963486104462,0,0,0.6698379736574225,10.17712678123454,1,False,345,0.22416800732643014,7.472112846100686,8.503252318404094,0.974337818287313,,0.3385099991573952,,,87.06550596156426,41.2027477252243
1734763688200,F:\agent\UAV\data\IR-image\1734763688200.jpg,116.17454902019105,38.81171281894066,601.0391943569846,116.1754015,38.8121175,558.24,-0.9904480855634574,10.599785015804002,0.9710144927536232,0.6719999999999999,-99.31750325187303,3652.6187261290747,lk,600.8803014912661,A_up,0.7333333333333333,A_up,transition,"up=0.450,stable=0.500,down=0.050",0.45,0.05,0.5,1,1.0026882958807466,0.9989502496827152,0.0037380461980314195,2.237639770233588,False,10,-5.871570651716111,0.4117849226826488,0.4465383338063906,1.0843969975814904,0,0,0.5080716293803107,10.28475971714041,1,False,335,0.3080831949468872,-1.901329103678222,10.846536247118848,0.9246253017801791,,0.29090857331175357,,,86.48993848104807,42.79919435698457
1734763688400,F:\agent\UAV\data\IR-image\1734763688400.jpg,116.17461091693305,38.81168150634172,603.2586679910313,116.1754564,38.8121174,558.88,6.410885046829208,11.03324671640894,0.9671641791044776,0.6719999999999999,-99.50142874995969,2723.9518901532883,lk,603.5756555861353,A_up,0.7483333333333333,A_up,transition,"up=0.400,stable=0.550,down=0.050",0.4,0.05,0.55,1,1.0029985168492572,1.0003397174053201,0.0026587994439370988,2.229477087704047,False,10,-7.542058918976339,0.4128418527519335,0.44854135990585514,1.0864725969907236,0,0,0.4718531477402621,10.382699904348593,1,False,324,0.18392549808665845,5.876973569145662,10.716188922913659,0.9594595545902849,,0.3453683839470614,,,87.8391839825099,44.37866799103131
1734763688600,F:\agent\UAV\data\IR-image\1734763688600.jpg,116.17467302169781,38.81171849086014,605.335207971901,116.1755113,38.8121173,559.52,-11.774120751177804,7.94182923880021,1.0,0.040319999999999995,-99.70910800110549,3871.496720535448,lk,605.6794933244619,A_up,0.7483333333333333,A_up,transition,"up=0.400,stable=0.550,down=0.050",0.4,0.05,0.55,1,0.9974832103010864,1.000262814511915,0.002779604210828568,2.221400284414814,False,10,-5.295216282990043,0.41396673586719857,0.45010480639584627,1.0872970395868737,0,1,0.4273081680072437,10.382699904348593,2,False,324,0.20767925114580463,-10.978646586306013,8.103752224428547,0.9505637547932565,,0.3090303640929051,,,85.09944862068072,45.81520797190103
1734763688800,F:\agent\UAV\data\IR-image\1734763688800.jpg,116.17472671687636,38.81174076230065,607.6271447447639,116.1755663,38.8121173,560.22,-7.5186268278193324,6.831813231075273,0.9814814814814815,0.6719999999999999,-99.68731171216719,3031.3775550741607,lk,608.2114359967061,A_up,0.7333333333333333,A_up,transition,"up=0.450,stable=0.500,down=0.050",0.45,0.05,0.5,1,1.0031154301213985,1.001598765128633,0.0015166649927653708,2.2135205356520182,False,10,-6.298174630414258,0.41527842325755737,0.45198639489084486,1.0883936404529282,0,0,0.5071775631614628,10.510466915287079,1,False,318,-0.021796288938309517,-7.1924615610858496,6.3780216833242775,0.9855411767959594,,0.38901651464402676,,,83.93355359004865,47.407144744763855
1734763689000,F:\agent\UAV\data\IR-image\1734763689000.jpg,116.17481894237473,38.81171599233754,609.7292381278213,116.1756214,38.8121174,560.86,3.637908968665613,16.80886923508882,0.9559748427672956,0.040319999999999995,-99.45034115019493,2232.0429098434656,lk,610.4337980110427,A_up,0.7333333333333333,A_up,transition,"up=0.450,stable=0.500,down=0.050",0.45,0.05,0.5,1,0.9998464695419396,1.0015527913708409,0.0017063218289012916,2.204940494672002,False,10,-4.638053430077543,0.41638294908942314,0.4536379215402184,1.089472857935867,0,1,0.555270180960747,10.510466915287079,2,False,304,-0.2369705619722549,4.549754387535472,16.524202345421628,0.9452442891895771,,0.3591794380918145,,,82.62210230997677,48.86923812782129
1734763689200,F:\agent\UAV\data\IR-image\1734763689200.jpg,116.17487086809048,38.81168080427749,612.0247028432946,116.1756766,38.8121174,561.41,7.708853141756549,8.93430219306697,0.993421052631579,0.6719999999999999,-99.6004275602605,3242.6752587354845,lk,611.8424525359167,A_up,0.7333333333333333,A_up,transition,"up=0.450,stable=0.500,down=0.050",0.45,0.05,0.5,1,0.999858202700865,0.999294112549708,0.0005640901511569929,2.197863816337706,False,10,-4.099470854201248,0.41755857677679564,0.4546847494074076,1.0889124896372506,0,0,0.41816986326148253,10.62145919057263,1,False,302,0.15008641006556664,6.4753179846129,8.935743477512204,0.9311736058443785,,0.3608458288363181,,,85.03258716111401,50.614702843294594
1734763689400,F:\agent\UAV\data\IR-image\1734763689400.jpg,116.17491981119933,38.81166946234437,614.2786469128216,116.1757319,38.8121173,562.03,1.4759167700852913,7.220968493681312,0.9668874172185431,0.6719999999999999,-99.9297031600967,2979.235516756437,lk,614.2770966895633,A_up,0.7483333333333333,A_up,transition,"up=0.400,stable=0.550,down=0.050",0.4,0.05,0.55,1,0.9984775778062349,0.9992397616718954,0.0007621838656605151,2.1898818888302665,False,10,-2.1105081364598166,0.4190995607254826,0.45649403145756423,1.0892257454704795,0,0,0.3321024520097353,10.69606369462126,1,False,292,0.3292755998361999,0.7186310775884976,7.1280319304302395,0.9618799079209566,,0.30723549937829375,,,86.20141235489606,52.24864691282164
1734763689600,F:\agent\UAV\data\IR-image\1734763689600.jpg,116.17495888903964,38.81166770862518,616.5399904836538,116.1757872,38.8121173,562.66,-0.6865733960221405,4.735744201095088,0.9897260273972602,0.6719999999999999,-99.97873462020978,3359.1421202924475,lk,616.7361471380651,A_up,0.7483333333333333,A_up,transition,"up=0.400,stable=0.550,down=0.050",0.4,0.05,0.55,1,1.0000255463704362,1.0006603861092325,0.0006348397387963001,2.181823673347839,False,10,-2.2976982910766663,0.4204029814303819,0.45832145080763226,1.0901955291759262,0,0,0.33272476933348116,10.767471726622308,1,False,289,0.049031460113085824,-0.09670100282312433,4.363334073743658,0.9859630325809121,,0.37790112994844094,,,87.46379721611929,53.87999048365384
1734763689800,F:\agent\UAV\data\IR-image\1734763689800.jpg,116.17505157121303,38.81170592518605,618.6934848289783,116.1758426,38.8121173,563.26,-12.953709128573564,13.757294687958279,0.9411764705882353,0.1344,-99.87263771192708,3566.394294304252,lk,619.1811471449323,A_up,0.7333333333333333,A_up,transition,"up=0.450,stable=0.500,down=0.050",0.45,0.05,0.5,1,1.0019314086975952,1.0010122772978465,0.0009191313997487516,2.1736833115729084,False,10,-3.4966860028738806,0.4218926806932296,0.460138428709077,1.0906527886499577,0,1,0.3668072000848497,10.767471726622308,2,False,272,-0.10609690828268899,-12.694094039041033,13.620232450860414,0.9803704015910626,,0.4124956097221002,,,82.40059990871359,55.433484828978294
1734763690000,F:\agent\UAV\data\IR-image\1734763690000.jpg,116.17509072621078,38.81165895441392,620.9818089788363,116.175898,38.8121173,563.85,11.069639318447855,6.7194474576090215,0.9816176470588235,0.6719999999999999,-99.92402690432877,3966.1824095485267,lk,620.9990607519376,A_up,0.7333333333333333,A_up,transition,"up=0.450,stable=0.500,down=0.050",0.45,0.05,0.5,1,0.9995845869681854,0.9998927179033397,0.0003081309351542494,2.1663338328468678,False,10,-3.7077606727374506,0.42330806732927934,0.4614893934703804,1.0901974922944262,0,0,0.3135295330112058,10.846106423402185,1,False,267,0.05138919240169301,10.908391120099395,6.7107779734919575,1.0041799968108536,,0.41835398238617927,,,86.54411241418104,57.13180897883626
1734763690200,F:\agent\UAV\data\IR-image\1734763690200.jpg,116.17515394217374,38.811646770851425,623.233480646781,116.1759534,38.8121173,564.49,1.2316811096667948,9.943253139297326,0.9550561797752809,0.39199999999999996,-99.59822723087224,3587.903399633019,lk,623.5935636024116,A_up,0.7333333333333333,A_up,transition,"up=0.450,stable=0.500,down=0.050",0.45,0.05,0.5,2,1.0064574283739596,1.0005993785701381,0.00585804980382143,2.158314965187169,False,10,-6.041253083866772,0.4246515709262021,0.4634174729514873,1.0912887286410677,0,0,0.31729912571654495,10.894371683719081,1,False,255,-0.3257996734565363,0.9832600691938183,9.641331516645977,0.9749836243689061,,0.38021049613598734,,,86.8074593653564,58.743480646780995
1734763690400,F:\agent\UAV\data\IR-image\1734763690400.jpg,116.17523539779583,38.81163955575235,625.4123549835248,116.1760089,38.8121174,565.1,-0.45295875932055196,13.338380835338455,0.9490196078431372,0.0784,-98.64472479914267,3435.315995924836,lk,626.0130989669763,A_up,0.7333333333333333,A_up,transition,"up=0.450,stable=0.500,down=0.050",0.45,0.05,0.5,2,1.0141855106205901,1.0004888225288928,0.013696688091697329,2.1503015315518885,False,10,-12.894919551814182,0.42605408532211436,0.46521552705244046,1.0919165971632885,0,1,0.37942626022777404,10.894371683719081,2,False,242,-0.9535024317295686,-1.1143516998604355,13.409275220734628,0.9072716511785984,,0.3426170729799196,,,85.52669069179561,60.312354983524756
1734763690600,F:\agent\UAV\data\IR-image\1734763690600.jpg,116.17530421669598,38.81165249048457,627.7690920982901,116.1760645,38.8121177,565.67,-5.098637973582413,10.01561559056671,0.9710743801652892,0.39199999999999996,-97.75861410500812,3539.239582354119,lk,628.4449798065021,A_up,0.7333333333333333,A_up,transition,"up=0.450,stable=0.500,down=0.050",0.45,0.05,0.5,2,1.0091283970926053,1.000575695923198,0.008552701169407317,2.142356819846737,False,10,-20.032826796611133,0.42745155298631476,0.46702275557266737,1.0925747077297892,0,0,0.5212369015309832,10.995067123412428,1,False,235,-0.8861106941345452,-4.918646727008934,9.913196844474726,0.9298473647329957,,0.3485744634526782,,,83.75727910613833,62.09909209829016
1734763690800,F:\agent\UAV\data\IR-image\1734763690800.jpg,116.17538501231452,38.81165368337321,629.9681055229726,116.1761201,38.8121177,566.25,-2.3228366087329277,12.777881242340072,0.9446808510638298,0.1344,-97.52262103029065,3670.502622721632,lk,631.1490931431442,A_up,0.7333333333333333,A_up,transition,"up=0.450,stable=0.500,down=0.050",0.45,0.05,0.5,1,1.0011269555380737,1.0007501844493862,0.00037677108868749976,2.133631886920126,False,10,-18.89737229582681,0.4288466539692562,0.4690322910171994,1.0937063089474963,0,1,0.7128633406131257,10.995067123412428,2,False,222,-0.23599307471746667,-2.717303271041885,12.462237157083223,0.9745702874846757,,0.39269664511084557,,,81.96785410446229,63.718105522972564
1734763691000,F:\agent\UAV\data\IR-image\1734763691000.jpg,116.17545509908871,38.811709553875474,632.167118947655,116.1761758,38.8121175,566.77,-16.083459144259848,8.64146661553292,0.9864864864864865,0.040319999999999995,-97.75893916653095,3317.587987315618,lk,633.2442997469861,A_up,0.7483333333333333,A_up,transition,"up=0.400,stable=0.550,down=0.050",0.4,0.05,0.55,1,0.9985918412081491,1.0005303160632144,0.0019384748550652642,2.1258143040031854,False,10,-18.19290914214494,0.43035989419792503,0.4705893233638045,1.0934785738825787,0,1,0.8331497526769454,10.995067123412428,2,False,219,0.23631813624029546,-15.227601279639543,8.574533038216742,0.9676620968151838,,0.2779759003169602,,,77.18150346509283,65.39711894765503
1734763691200,F:\agent\UAV\data\IR-image\1734763691200.jpg,116.17551126358373,38.81172630718979,634.908713965969,116.1762315,38.8121172,567.3,-5.692188347101194,7.116125092637219,0.9817351598173516,0.6719999999999999,-98.37685248294073,3709.8478249810637,lk,635.4568121797771,A_up,0.7633333333333332,A_up,transition,"up=0.350,stable=0.600,down=0.050",0.35,0.05,0.6,1,1.001151984591374,1.0004354598978131,0.0007165246935607605,2.1181503173904987,False,10,-19.052388432233144,0.43198862611496935,0.47223353039274596,1.0931619534516768,0,0,0.9244863306907973,11.275821475827623,1,False,215,0.617913316409783,-5.6292103772711926,6.765968990310057,0.9378998789470643,,0.19998658876284026,,,76.04946617123409,67.60871396596906
1734763691400,F:\agent\UAV\data\IR-image\1734763691400.jpg,116.17557488267148,38.81175020766343,637.625268490574,116.1762871,38.8121169,567.85,-7.745862313646171,8.226678179195403,0.9813953488372092,0.6719999999999999,-98.76997077282563,3728.573128132187,lk,638.3961189824836,A_up,0.7783333333333333,A_up,stable,"up=0.300,stable=0.650,down=0.050",0.3,0.05,0.65,1,1.0007875348478623,1.0006410473938463,0.00014648745401601992,2.108480702488791,False,10,-20.5629086858963,0.43357130740382643,0.47441784756701333,1.0942095094063562,0,0,1.0402200987267634,11.518191584364107,1,False,211,0.39311828988489966,-7.467660996737038,7.983589109642281,0.9408707600552588,,0.2576455898815766,,,73.9634925292055,69.77526849057392
1734763691600,F:\agent\UAV\data\IR-image\1734763691600.jpg,116.17563197285247,38.81178070953194,640.3599599422147,116.1763428,38.8121167,568.39,-9.183597404750287,6.614927877709647,0.981042654028436,0.6719999999999999,-98.88412646562011,3754.455125291935,lk,641.1633078452685,A_up,0.7933333333333332,A_up,stable,"up=0.250,stable=0.700,down=0.050",0.25,0.05,0.7,1,1.0007689186183406,1.0005591054446106,0.0002098131737300335,2.0991186449811265,False,10,-21.11214268973153,0.4350406516706682,0.47647425697342743,1.095240766911422,0,0,1.121578289418494,11.754141308655582,1,False,207,0.11415569279448935,-9.07878272164129,6.38803835337194,0.9774311661720276,,0.3662180594401434,,,72.03471969702694,71.9699599422147
1734763691800,F:\agent\UAV\data\IR-image\1734763691800.jpg,116.17564927675005,38.811779827651094,642.7107882039458,116.1763985,38.8121167,568.92,30.91957442594486,11.837443240257102,0.466,0.1344,-98.66372706936623,2815.9610070753006,orb+phase,644.426729299036,A_up,0.7933333333333332,A_up,stable,"up=0.250,stable=0.700,down=0.050",0.25,0.05,0.7,1,1.0030514638713401,1.001936321578822,0.0011151422925181897,2.089480378408925,False,10,-21.897925070954887,0.4364968451679482,0.47889943678853664,1.0971429509513946,0,1,1.2967074135483472,11.754141308655582,3,True,466,-0.22039939625388263,30.91957442594486,11.837443240257102,0.9188829110004008,,0.3553915868396871,,,74.9479309789315,73.7907882039458
1734763692000,F:\agent\UAV\data\IR-image\1734763692000.jpg,116.17570798273182,38.811761949544895,645.6564769415738,116.1764542,38.8121167,569.42,3.0269552833671014,8.757408432061936,0.9899193548387096,0.6719999999999999,-98.7144618146473,3049.7348112975715,lk,646.483557887087,A_up,0.8083333333333332,A_up,stable,"up=0.200,stable=0.750,down=0.050",0.2,0.05,0.75,1,1.0010658444520986,1.0008593912815198,0.00020645317057876866,2.081685640758646,False,10,-22.899985169475947,0.4380875583194871,0.4804279488871264,1.096648237923163,0,0,1.3573236921764646,12.091688986164305,1,False,491,0.05073474528105505,2.952818672912599,8.763574744779731,0.9626972451806068,,0.4067860924405977,,,75.73856731065241,76.23647694157387
1734763692200,F:\agent\UAV\data\IR-image\1734763692200.jpg,116.1757794388756,38.811783472143006,648.6086723654707,116.17651,38.8121167,569.93,-7.2187026199757724,9.689391765053585,0.9775967413441955,0.6719999999999999,-98.62548015900954,3746.994443812928,lk,649.5421968555108,A_up,0.8083333333333332,A_up,stable,"up=0.250,stable=0.750,down=0.000",0.25,0.0,0.75,1,1.0012466336411745,1.001482537979273,0.00023590433809839162,2.0719031506270023,False,10,-19.753910143813044,0.4396705674771928,0.4827009465961304,1.0978695921490575,0,0,1.3961922596650993,12.399831320109326,1,False,480,-0.08898165563775727,-6.950597052436933,9.78039191871295,0.9753949297592044,,0.37112204646109603,,,73.34629106133325,78.67867236547079
1734763692400,F:\agent\UAV\data\IR-image\1734763692400.jpg,116.17586241014394,38.811809434942916,651.0886386294926,116.1765658,38.8121166,570.43,-8.609457400456051,11.705565180424742,0.9770833333333333,0.1344,-98.57448260797327,3625.670087783189,lk,651.8446414240491,A_up,0.8083333333333332,A_up,stable,"up=0.250,stable=0.750,down=0.000",0.25,0.0,0.75,1,1.0002294162725054,1.0006273349752979,0.000397918702792488,2.0627851629017577,False,10,-11.038109888311409,0.441314739270593,0.48441198581436573,1.0976564857430415,0,1,1.2531805001775638,12.399831320109326,2,False,469,-0.05099755103627941,-8.283543835401645,11.784724061152787,0.967835528543219,,0.3932218973641284,,,69.86282156071489,80.65863862949266
1734763692600,F:\agent\UAV\data\IR-image\1734763692600.jpg,116.17592478164607,38.811813147728515,654.0599978432734,116.1766216,38.8121166,570.97,-2.451935253357533,8.470593794220179,1.0,0.6719999999999999,-98.7562006592479,2987.1028679564233,lk,654.2666024335044,A_up,0.7933333333333332,A_up,stable,"up=0.300,stable=0.700,down=0.000",0.3,0.0,0.7,1,0.9997935254391789,1.0013603255712717,0.0015668001320928715,2.0554314834602843,False,10,-5.081367705246873,0.4428746487677703,0.4862118425096546,1.0978543112875467,0,0,1.1070855730251878,12.684540835181844,1,False,469,0.18171805127462262,-2.123860731326886,8.274215179990279,0.974951901845634,,0.3595750230597332,,,69.16433635685931,83.08999784327341
1734763692800,F:\agent\UAV\data\IR-image\1734763692800.jpg,116.17599799955534,38.811813298059434,656.962272535888,116.1766773,38.8121164,571.53,-1.9334685519665413,10.637386592798748,0.9786780383795309,0.6719999999999999,-99.05806369388804,2775.670015690838,lk,657.1470092758223,A_up,0.8083333333333332,A_up,stable,"up=0.250,stable=0.750,down=0.000",0.25,0.0,0.75,1,1.000502101580424,1.0009610302033682,0.0004589286229441658,2.0464514870336252,False,10,-4.698029098312549,0.44442220211657524,0.4883523887529929,1.0988478667969304,0,0,0.951554907061336,12.89788285614913,1,False,459,0.3018630346401483,-1.6129878687718247,10.487096834480155,0.9754038381623105,,0.32128897646907717,,,67.82407023004545,85.43227253588805
1734763693000,F:\agent\UAV\data\IR-image\1734763693000.jpg,116.17606023925487,38.811800897132265,659.8503689786706,116.1767331,38.8121162,572.09,1.4825324372719706,8.963381930943626,0.9869281045751634,0.6719999999999999,-99.22447599186003,4123.386464188658,lk,660.2193966261577,A_up,0.8233333333333333,A_up,stable,"up=0.200,stable=0.800,down=0.000",0.2,0.0,0.8,1,1.0022446334796675,1.0009781911630948,0.0012664423165726912,2.0376290383341997,False,10,-7.105675007331926,0.4459012313437788,0.490635603437884,1.1003234998012734,0,0,0.8536401234010782,13.081102107813635,1,False,453,0.16641229797198542,0.9340308693467136,8.826281040526794,0.9746603464242071,,0.34188798611285165,,,68.02960093080704,87.76036897867061
1734763693200,F:\agent\UAV\data\IR-image\1734763693200.jpg,116.17610973178192,38.811782940859985,662.7319022353007,116.1767887,38.812116,572.66,3.2150598713545264,6.699140013860131,0.9801324503311258,0.6719999999999999,-99.38082520248352,3579.7140936352216,lk,663.1342693554659,A_up,0.8233333333333333,A_up,stable,"up=0.200,stable=0.800,down=0.000",0.2,0.0,0.8,1,1.0014199162628843,1.000912739366149,0.0005071768967352952,2.0289178251653333,False,10,-7.31251968660741,0.44753984685612286,0.49280176266888664,1.1011349405661186,0,0,0.7643255981952279,13.241413075304441,1,False,444,0.15634921062348403,2.9573733773607955,6.551375781767433,0.9783199647441506,,0.3657209211960435,,,69.51512907732332,90.07190223530074
1734763693400,F:\agent\UAV\data\IR-image\1734763693400.jpg,116.1761755793957,38.81177937271787,665.6250666549391,116.1768444,38.8121158,573.23,-0.817839711639408,9.19131345271444,0.972972972972973,0.6719999999999999,-99.25750359118156,3285.368556784243,lk,666.1140429073464,A_up,0.8233333333333333,A_up,stable,"up=0.200,stable=0.800,down=0.000",0.2,0.0,0.8,1,1.0022559895718501,1.0009580178514912,0.001297971720358948,2.020176007675573,False,10,-8.308801191059834,0.4493230831508507,0.49501615231300516,1.101693126562149,0,0,0.7206996905495089,13.391400529858029,1,False,432,-0.12332161130195456,-0.9220795450935952,9.183175546824543,0.9937178825028241,,0.41440253134351224,,,68.97506398382207,92.39506665493911
1734763693600,F:\agent\UAV\data\IR-image\1734763693600.jpg,116.1762327532887,38.81181532364803,668.3033467609107,116.1769001,38.8121158,573.77,-10.152672978620217,5.948335385131486,0.9675925925925926,0.20159999999999997,-99.08227904081056,3054.789867671393,lk,669.1107632354256,A_up,0.8083333333333332,A_up,stable,"up=0.250,stable=0.750,down=0.000",0.25,0.0,0.75,1,1.0022157382340176,1.0010260797949673,0.0011896584390502785,2.0113707925906157,False,10,-9.298032831084615,0.45104560064334553,0.4972431357885213,1.1024232030625778,0,3,0.7135399305083183,13.391400529858029,2,False,418,-0.17522455037100215,-10.402491695007711,5.944272550516729,0.9924807718023658,,0.39778673177352175,,,66.780711962081,94.53334676091072
1734763693800,F:\agent\UAV\data\IR-image\1734763693800.jpg,116.17629849610772,38.81182405672003,671.2936969679305,116.1769557,38.8121157,574.31,-3.705995570047719,8.601414813026224,0.9521531100478469,0.6719999999999999,-98.86310886807563,3199.8936947391944,lk,671.8453656856183,A_up,0.8083333333333332,A_up,stable,"up=0.250,stable=0.750,down=0.000",0.25,0.0,0.75,1,1.001316182795753,1.0013559886592602,3.9805863507158534e-05,2.0032367080564737,False,10,-8.188662276358714,0.45281215821553167,0.4992753289203337,1.1026102543003853,0,0,0.7517834830894117,13.578636542714058,1,False,398,-0.2191701727349344,-3.396016343783913,8.527438260779405,0.9556781500577927,,0.3979482358554378,,,65.52967339343871,96.98369696793054
1734763694000,F:\agent\UAV\data\IR-image\1734763694000.jpg,116.17637380110406,38.81185691730104,674.0094242764733,116.1770114,38.8121157,574.84,-9.796046519566914,9.462024789985833,0.964824120603015,0.1344,-98.77678515165739,3646.4129100440455,lk,674.7666252202248,A_up,0.7933333333333332,A_up,stable,"up=0.300,stable=0.700,down=0.000",0.3,0.0,0.7,1,1.000825226138549,1.0010513079540535,0.00022608181550443085,1.9942221086630556,False,10,-8.065545841543399,0.454161335473813,0.5014462344433835,1.1041147611569349,0,1,0.7604620844574583,13.578636542714058,2,False,384,-0.08632371641823273,-9.59504974729964,9.544396632627922,0.9843626610934735,,0.3988307152176276,,,62.289100360003836,99.16942427647325
1734763694200,F:\agent\UAV\data\IR-image\1734763694200.jpg,116.17643879475717,38.811837219305836,677.0720282597911,116.1770672,38.8121157,575.37,3.2681794703431706,9.421829319029655,0.9635416666666666,0.6719999999999999,-98.67334054018836,3487.5577261555845,lk,677.4441211861933,A_up,0.7933333333333332,A_up,stable,"up=0.300,stable=0.700,down=0.000",0.3,0.0,0.7,1,1.000767752133823,1.0009764291428638,0.0002086770090408141,1.9862330534814199,False,10,-7.778096124077799,0.4555893904324859,0.5034359894485811,1.105021319681468,0,0,0.7588039268607645,13.778716742569854,1,False,370,-0.10344461146903351,3.5398717007291225,9.339754086648128,0.9738896816968918,,0.3913176998612471,,,62.63710800758203,101.70202825979106
1734763694400,F:\agent\UAV\data\IR-image\1734763694400.jpg,116.17653415652684,38.81185199471628,679.827771608305,116.1771229,38.8121157,575.89,-5.886939238549132,13.800646605212023,0.9486486486486486,0.040319999999999995,-98.55453574915589,2635.008614348769,lk,680.5866471895672,A_up,0.7783333333333333,A_up,stable,"up=0.350,stable=0.650,down=0.000",0.35,0.0,0.65,1,1.000439171034072,1.0010635841874667,0.0006244131533945652,1.977169805302245,False,10,-7.954653062565962,0.45740774113259824,0.5057713269891982,1.1057340781702683,0,1,0.7617367042198566,13.778716742569854,2,False,351,-0.11880479103247055,-5.19333337112954,13.87569968532253,0.9572391986846924,,0.39528482453897595,,,58.838355741728044,103.93777160830507
1734763694600,F:\agent\UAV\data\IR-image\1734763694600.jpg,116.17658290958205,38.8118235104552,682.9142362310945,116.1771785,38.8121158,576.43,5.845707720329415,6.551791365336896,0.9772079772079773,0.6719999999999999,-98.42352643622569,2501.4701846733324,lk,683.0730656254482,A_up,0.7783333333333333,A_up,stable,"up=0.350,stable=0.650,down=0.000",0.35,0.0,0.65,1,0.9991306571747551,1.0003299839713413,0.0011993267965861865,1.969381086874327,False,10,-7.539340198262635,0.45922993975835463,0.5076190845920823,1.105370187447251,0,0,0.6976613526068149,13.96401935647097,1,False,343,-0.13100931293019802,6.242004309841832,6.437230664760676,0.9701224182732403,,0.40585683280369267,,,60.986328353970656,106.48423623109454
1734763694800,F:\agent\UAV\data\IR-image\1734763694800.jpg,116.17666842126566,38.811806665672606,685.7070401023886,116.1772341,38.8121158,577.01,2.010614415724433,12.946345883454853,0.9416909620991254,0.1344,-98.4463647297657,2350.1515806328416,lk,686.5354636994268,A_up,0.7633333333333332,A_up,transition,"up=0.400,stable=0.600,down=0.000",0.4,0.0,0.6,1,1.0018354600367159,1.0011815037281178,0.0006539563085981026,1.960348443621617,False,10,-8.476378536514122,0.4608139110897287,0.5101921319412661,1.1071543624513598,0,1,0.7224719669253545,13.96401935647097,2,False,323,0.022838293540021738,2.04730282334242,12.673676645500649,0.9615210282616318,,0.4028782653622329,,,59.86508498995563,108.69704010238866
1734763695000,F:\agent\UAV\data\IR-image\1734763695000.jpg,116.17672463857802,38.81177667763693,688.7950848306655,116.1772897,38.8121159,577.59,5.905392107964246,7.9197255061952205,0.9659442724458205,0.6719999999999999,-98.66130373037232,3063.393862913464,lk,688.8347984422758,A_up,0.7633333333333332,A_up,transition,"up=0.400,stable=0.600,down=0.000",0.4,0.0,0.6,1,1.0022892652752424,0.9997325199770877,0.00255674529815475,1.9526852200592275,False,10,-8.541181635153,0.46245343321093385,0.5119008601228803,1.1069241211350085,0,0,0.6235292242822652,14.126941473956919,1,False,312,0.21493900060661875,4.92230190451852,7.935220406341301,0.927908879891038,,0.32844492062577046,,,61.8044510812987,111.20508483066544
1734763695200,F:\agent\UAV\data\IR-image\1734763695200.jpg,116.17678106441446,38.81172864860936,691.6204731254569,116.1773453,38.8121159,578.2,10.103749502637868,8.597238292379643,0.9775641025641025,0.1344,-98.88374351386992,3412.681469372948,lk,692.5076499050767,A_up,0.7483333333333333,A_up,transition,"up=0.450,stable=0.550,down=0.000",0.45,0.0,0.55,1,1.0027338313380882,1.001196975533757,0.0015368558043311609,1.9437486153159103,False,10,-9.474905091037272,0.4643165000019639,0.5146303038547636,1.1083610077449044,0,1,0.6712229498216402,14.126941473956919,2,False,305,0.22243978349759877,9.617560100406251,8.222739603527799,0.978502259682864,,0.2890728590427898,,,65.14756405483575,113.42047312545685
1734763695400,F:\agent\UAV\data\IR-image\1734763695400.jpg,116.17685186693092,38.81171455451515,694.753904526595,116.1774008,38.812116,578.81,1.6126570885327283,9.935320866119469,0.9934426229508196,0.6719999999999999,-98.92002775994249,3636.1992808318146,lk,694.9826712164993,A_up,0.7483333333333333,A_up,transition,"up=0.450,stable=0.550,down=0.000",0.45,0.0,0.55,1,1.0008593425708099,1.0003137832770683,0.0005455592937415599,1.9359359933032512,False,10,-8.557824480122198,0.46611914131255394,0.5164695917957979,1.1080205595965467,0,0,0.6396322612775975,14.295779384695894,1,False,303,0.03628424607256307,1.220747781155353,9.891123966573105,0.9816702408716083,,0.39452902527409606,,,65.22838942924656,115.94390452659502
1734763695600,F:\agent\UAV\data\IR-image\1734763695600.jpg,116.1769062814356,38.81171715474551,697.8687029416203,116.1774563,38.8121161,579.41,-1.8236805119521478,6.261418084238471,0.9900990099009901,0.6719999999999999,-98.68126713688238,2959.0137405513224,lk,698.26239331541,A_up,0.7483333333333333,A_up,transition,"up=0.450,stable=0.550,down=0.000",0.45,0.0,0.55,1,1.0026291668761838,1.0005888807903993,0.0020402860857844374,1.927168283038522,False,10,-8.88096669636385,0.46802752329493336,0.5189068852763146,1.1087101921339761,0,0,0.6347457088538704,14.43834599914782,1,False,300,-0.23876062306009743,-2.290409268884275,6.0995949441114306,0.9504641802981496,,0.4010267889534589,,,65.10725791442253,118.45870294162034
1734763695800,F:\agent\UAV\data\IR-image\1734763695800.jpg,116.17697447339599,38.81170636199176,700.9898767924171,116.1775117,38.8121163,580.0,0.9632396607142937,9.213401168332723,0.9733333333333334,0.6719999999999999,-98.5425979126767,2999.1070759592944,lk,701.4309090178438,A_up,0.7633333333333332,A_up,transition,"up=0.400,stable=0.600,down=0.000",0.4,0.0,0.6,1,1.0007427127703934,1.000709195021298,3.3517749095324234e-05,1.9185108714546362,False,10,-8.524530234709538,0.46981080719050194,0.52126153680823,1.1095137209069468,0,0,0.6423249744782424,14.5725832374946,1,False,292,-0.13866922420567826,1.3034133813630433,9.090383643264886,0.9987114981282502,,0.4135605093324557,,,65.1497299546897,120.98987679241714
1734763696000,F:\agent\UAV\data\IR-image\1734763696000.jpg,116.17703716336679,38.811709609771206,704.125733985912,116.1775672,38.8121164,580.57,-2.1758451536273924,7.664129769002045,0.9863013698630136,0.6719999999999999,-98.5798565896407,3406.5211606178336,lk,704.4841779168416,A_up,0.7633333333333332,A_up,transition,"up=0.400,stable=0.600,down=0.000",0.4,0.0,0.6,1,1.000211127321023,1.0004917548591823,0.00028062753815927266,1.9099708632686088,False,10,-8.135906844724287,0.4714114268782752,0.523530543802531,1.1105597233172577,0,0,0.6304513158709142,14.703541343083275,1,False,288,0.03725867696400528,-1.779033572665469,7.66198128307056,0.9733629271853715,,0.39908582268981263,,,64.46000950727232,123.55573398591196
1734763696200,F:\agent\UAV\data\IR-image\1734763696200.jpg,116.17710454759465,38.81171189940233,707.2781813053036,116.1776227,38.8121165,581.15,-2.086097867070123,8.493800752241668,0.9861111111111112,0.6719999999999999,-98.70747002962499,3445.379536847435,lk,707.6637345980273,A_up,0.7783333333333333,A_up,stable,"up=0.350,stable=0.650,down=0.000",0.35,0.0,0.65,1,0.9990621225323033,1.0007029122503723,0.0016407897180690245,1.9014721200746159,False,10,-6.979281288885276,0.47332568897987964,0.5258934003300889,1.1110603387352673,0,0,0.617363063753487,14.831698681190488,1,False,284,0.12761343998428923,-1.5709402815037379,8.399902207880075,0.9704576559364796,,0.3538824939751066,,,63.55792006606404,126.12818130530366
1734763696400,F:\agent\UAV\data\IR-image\1734763696400.jpg,116.17716507877013,38.81171097778437,710.4352652430277,116.1776782,38.8121165,581.74,-1.1168649190849465,7.316309789079355,0.9647887323943662,0.6719999999999999,-98.53300405179147,2911.174536710149,lk,710.6452451246108,A_up,0.7783333333333333,A_up,stable,"up=0.350,stable=0.650,down=0.000",0.35,0.0,0.65,1,0.9984683998874194,1.0003368804646051,0.0018684805771856938,1.8930970640834637,False,10,-5.622612393095753,0.4754460522702204,0.5281090807900118,1.110765518544805,0,0,0.5700754052141974,14.948973242080791,1,False,274,-0.17446597783351372,-0.537034082198943,7.313935025397711,0.9564232830889523,,0.41884259617654607,,,63.32368856780114,128.69526524302773
1734763696600,F:\agent\UAV\data\IR-image\1734763696600.jpg,116.17723261034001,38.811702615420224,713.6069454077946,116.1777337,38.8121165,582.35,0.4826358944977187,8.775034326600746,0.9781021897810219,0.6719999999999999,-98.10666289698418,2774.8676851775863,lk,713.9341370169461,A_up,0.7933333333333332,A_up,stable,"up=0.300,stable=0.700,down=0.000",0.3,0.0,0.7,1,0.9996225345305478,1.000587018549137,0.0009644840185891734,1.8847472734439288,False,10,-5.996062028968932,0.47768684688098206,0.5305531887130507,1.1106715459662646,0,0,0.5385810704478899,15.061807419675928,1,False,268,-0.4263411548072827,0.5391796991687556,8.571277977905225,0.9733465686440468,,0.3896077804383822,,,63.26930982021967,131.25694540779455
1734763696800,F:\agent\UAV\data\IR-image\1734763696800.jpg,116.17731446499475,38.81172157684137,716.6193068917297,116.1777892,38.8121165,582.96,-6.091729094561401,10.42974695809744,0.9402985074626866,0.040319999999999995,-97.71001353985416,2703.3677740674834,lk,717.163342371369,A_up,0.7933333333333332,A_up,stable,"up=0.300,stable=0.700,down=0.000",0.3,0.0,0.7,1,1.0011287675841931,1.0007484335371428,0.0003803340470502903,1.8763535776912428,False,10,-5.521301527103903,0.4796636928378315,0.5329529411677476,1.111097106421879,0,1,0.5381849796947336,15.061807419675928,2,False,252,-0.39664935713001775,-6.099904453202953,10.260267867095166,0.9709535347297787,,0.37668790604220703,,,60.16907266790385,133.65930689172967
1734763697000,F:\agent\UAV\data\IR-image\1734763697000.jpg,116.17738313653993,38.81171399698033,719.8381026841421,116.1778448,38.8121165,583.56,0.3858438153934003,8.831331126945088,0.9642857142857143,0.6719999999999999,-97.45033161982144,2822.1808511776385,lk,720.019166382607,A_up,0.7933333333333332,A_up,stable,"up=0.300,stable=0.700,down=0.000",0.3,0.0,0.7,1,1.0010434094725498,1.0004301509846116,0.0006132584879381398,1.8686170267073805,False,10,-4.655788392768619,0.48156444774162843,0.5350752189200013,1.1111186081724262,0,0,0.4950383857141105,15.186425222649651,1,False,243,-0.25968192003272517,0.06902104694700029,8.71255831211812,0.974335934408009,,0.40899333666311577,,,60.02635202937389,136.27810268414214
1734763697200,F:\agent\UAV\data\IR-image\1734763697200.jpg,116.17744823983207,38.81169584994312,723.0402579527951,116.1779005,38.8121164,584.16,2.892858279941379,8.449177480673825,0.9753086419753086,0.6719999999999999,-97.35290644965454,3558.3980498886112,lk,723.170331971279,A_up,0.7933333333333332,A_up,stable,"up=0.300,stable=0.700,down=0.000",0.3,0.0,0.7,1,1.001692335982916,1.0002724375233936,0.0014198984595223951,1.8603935251134331,False,10,-3.9300374365055806,0.48355646620524806,0.537416976884144,1.1113841183876023,0,0,0.434496699666056,15.285162118278913,1,False,237,-0.09742517016690429,2.318712643445622,8.343134159565352,0.9660271236672997,,0.41412482265150174,,,61.01068140728043,138.8802579527951
1734763697400,F:\agent\UAV\data\IR-image\1734763697400.jpg,116.17752047048718,38.81170816693899,726.2611302260029,116.1779562,38.8121162,584.77,-4.268909451764955,8.742494603991474,0.9704641350210971,0.6719999999999999,-97.68515493758102,3541.373931320674,lk,726.6767812831368,A_up,0.7933333333333332,A_up,stable,"up=0.300,stable=0.700,down=0.000",0.3,0.0,0.7,1,1.0046181856127747,1.0006808534655822,0.003937332147192496,1.8520804121964802,False,10,-6.649523185630167,0.48531191416201014,0.5400227604809896,1.11273336739208,0,0,0.45918998994898175,15.383700159324537,1,False,230,0.33224848792647543,-4.749570251134344,8.40546361156538,0.9700468080118299,,0.3101117805344984,,,59.024311003348146,141.49113022600295
1734763697600,F:\agent\UAV\data\IR-image\1734763697600.jpg,116.17760218444025,38.81176643646581,729.3378702578678,116.1780119,38.8121158,585.36,-14.903394416987226,8.90035362283902,0.9608695652173913,0.040319999999999995,-97.89505654783163,3292.4284809484243,lk,729.9817914538535,A_up,0.8083333333333332,A_up,stable,"up=0.250,stable=0.750,down=0.000",0.25,0.0,0.75,1,1.002994549960976,1.0008145470425394,0.0021800029184366743,1.8437428775602995,False,10,-6.942458990086733,0.48728211563132373,0.542478846545356,1.1132746906635786,0,1,0.5041494827705719,15.383700159324537,2,False,221,0.20990161025060736,-15.058913979421845,8.857694096268887,0.9550815661437809,,0.31257918951450847,,,52.62448569420029,143.97787025786783
1734763697800,F:\agent\UAV\data\IR-image\1734763697800.jpg,116.17765932087089,38.811798649047944,732.4146102897328,116.1780678,38.8121156,585.94,-8.333723961423686,5.335496103852563,0.9728506787330317,0.20159999999999997,-97.9150842588869,3513.8880147397153,lk,732.911460886791,A_up,0.8233333333333333,A_up,stable,"up=0.200,stable=0.800,down=0.000",0.2,0.0,0.8,1,1.0004528422679622,1.0004337478425904,1.9094425371735113e-05,1.8359871750006544,False,10,-6.761556717068315,0.4894939960954384,0.5446560018023028,1.1126918943784332,0,3,0.5104580133973968,15.383700159324537,2,False,215,0.020027711055278178,-7.9512600337409935,5.232339756526528,0.9672547086142004,,0.3874661596782971,,,49.947061069097806,146.4746102897327
1734763698000,F:\agent\UAV\data\IR-image\1734763698000.jpg,116.17773280993828,38.81175487863465,735.4913503215977,116.1781236,38.8121156,586.53,8.355987275754558,10.531612298213702,0.9488372093023256,0.1344,-97.96417827202345,3871.150556492425,lk,735.8903122527855,A_up,0.8383333333333333,A_up,stable,"up=0.150,stable=0.850,down=0.000",0.15,0.0,0.85,1,1.0000106950590992,1.0001815893591108,0.00017089430001160366,1.8283839471368835,False,10,-6.643907076391793,0.4917186830533853,0.546869706132977,1.112159706312408,0,1,0.48154407413460376,15.383700159324537,2,False,204,0.04909401313654221,8.361478957784584,10.284820895520653,0.9669672599062323,,0.3858112234302098,,,52.49115921383911,148.9613503215977
1734763698200,F:\agent\UAV\data\IR-image\1734763698200.jpg,116.17779368307133,38.81173170899548,738.8243039157952,116.1781797,38.8121155,587.11,3.979189190590148,7.6365773036035876,0.9754901960784313,0.6719999999999999,-98.17557809576405,3658.2475076483097,lk,738.9277824825808,A_up,0.8383333333333333,A_up,stable,"up=0.150,stable=0.850,down=0.000",0.15,0.0,0.85,1,1.0014845325715185,0.9998310282088507,0.001653504362667757,1.8208578258229393,False,10,-8.442025221148205,0.4939089574909459,0.5491269725003936,1.1117979623004912,0,0,0.44678854454321026,15.521205083039861,1,False,199,0.2113998237406008,4.139786755217585,7.608351484987622,0.9789801110979169,,0.3521880194020923,,,54.22040608721015,151.7143039157952
1734763698400,F:\agent\UAV\data\IR-image\1734763698400.jpg,116.17785161655162,38.81166897156983,741.9285449324032,116.1782358,38.8121154,587.69,12.781461261587026,8.385691541277083,0.954,0.1344,-98.39032282248701,2660.5823164366093,lk,742.7106695453033,A_up,0.8533333333333333,A_up,stable,"up=0.100,stable=0.900,down=0.000",0.1,0.0,0.9,1,0.999355569969735,1.0008783409432822,0.0015227709735472494,1.812406047217976,False,10,-9.13154890609009,0.4961296440507632,0.5519381881148405,1.1124878239655582,0,1,0.5325761318143805,15.521205083039861,2,False,477,0.2147447267229623,12.920824163979034,8.253325304987698,0.9791703291004523,,0.3278254391916562,,,59.76815925818811,154.2385449324031
1734763698600,F:\agent\UAV\data\IR-image\1734763698600.jpg,116.17792012915206,38.811656178772104,745.3378062919315,116.1782921,38.8121153,588.27,1.3928044219156845,8.522726019928484,0.9811320754716981,0.6719999999999999,-98.35872133688866,3940.225586860031,lk,745.7524029415545,A_up,0.8533333333333333,A_up,stable,"up=0.100,stable=0.900,down=0.000",0.1,0.0,0.9,1,1.0006331871023608,1.000601590689497,3.159641286387682e-05,1.8047084167710763,False,10,-9.912986714041539,0.4982592323544275,0.5541986226128168,1.112269651269799,0,0,0.5951576766973403,15.681853826980932,1,False,468,-0.03160148559834028,0.930672875629682,8.632399835636193,0.9882303083315491,,0.3845305701252073,,,60.37401997146477,157.06780629193156
1734763698800,F:\agent\UAV\data\IR-image\1734763698800.jpg,116.17800014392469,38.81165436555408,748.7517035426015,116.1783485,38.8121151,588.86,-1.4000814424539385,10.073782139755508,0.9893162393162394,0.6719999999999999,-98.79641918736114,3736.631038307548,lk,749.3379959061538,A_up,0.8683333333333332,A_up,stable,"up=0.050,stable=0.950,down=0.000",0.05,0.0,0.95,1,1.0015468952597921,1.0009373542405828,0.000609541019209292,1.7962477100802028,False,10,-10.267092720526657,0.5003607816818586,0.556863221043064,1.1129233973359867,0,0,0.6658319122271905,15.83138172445718,1,False,463,0.43769785047247634,-1.6394157827228923,10.133769251246889,0.9884087137877942,,0.2570150437313714,,,59.46150001334115,159.89170354260148
1734763699000,F:\agent\UAV\data\IR-image\1734763699000.jpg,116.17808068579026,38.81167244027036,751.917979887493,116.178405,38.8121148,589.48,-5.864191505619033,9.35909382313082,0.978401727861771,0.1344,-99.43578905039783,3574.343503425931,lk,752.7589002729675,A_up,0.8683333333333332,A_up,stable,"up=0.050,stable=0.950,down=0.000",0.05,0.0,0.95,1,1.002743227995138,1.0006982937163358,0.0020449342788022573,1.7879065465594717,False,10,-11.571475603657753,0.5024411119459824,0.5594054327485848,1.1133751188910008,0,1,0.7170100287795549,15.83138172445718,2,False,453,0.639369863036689,-6.20964473876802,9.573819811647212,0.9770325753837824,-0.40173304082411043,0.3890351810841821,,,56.648798029298305,162.43797988749293
1734763699200,F:\agent\UAV\data\IR-image\1734763699200.jpg,116.17815736421927,38.81167645995491,755.4358480768943,116.1784617,38.8121144,590.12,-2.735291668980551,9.126842824082303,0.9757174392935982,0.6719999999999999,-99.92403494925364,3150.189237247071,lk,756.0219256344471,A_up,0.8833333333333333,A_up,stable,"up=0.000,stable=1.000,down=0.000",0.0,0.0,1.0,1,1.002493980352297,1.0008667035091718,0.001627276843125136,1.7802521929399948,False,10,-12.214713387553978,0.5046036582188898,0.5618303182115747,1.1134091262728438,0,0,0.7867551768299563,16.026947506425202,1,False,442,0.4882458988558033,-2.999495124369389,9.27250692521065,0.9556989280506969,,0.24047058465657756,,,55.37774633843143,165.31584807689433
1734763699400,F:\agent\UAV\data\IR-image\1734763699400.jpg,116.17823296993319,38.811687631534475,758.9585482374666,116.1785184,38.8121142,590.75,-4.256350611975847,8.604459943727136,0.9864253393665159,0.6719999999999999,-100.07549179559928,3448.7200285877198,lk,759.4340338869492,A_up,0.8833333333333333,A_up,stable,"up=0.000,stable=1.000,down=0.000",0.0,0.0,1.0,1,1.000392276236179,1.000888761455415,0.0004964852192359537,1.771854416157441,False,10,-9.119402433563964,0.5066952057906402,0.5643659931705606,1.1138175114365483,0,0,0.812255536266548,16.207013933715583,1,False,436,0.1514568463456374,-4.0595089872612675,8.686980284938699,0.9813140157610178,,0.3557916695717722,,,53.49241181315474,168.20854823746663
1734763699600,F:\agent\UAV\data\IR-image\1734763699600.jpg,116.17830553738791,38.81170936181923,762.4864545664177,116.1785753,38.812114,591.38,-6.385561432880991,7.6540942504761915,0.9747706422018348,0.6719999999999999,-99.88334738852717,4007.9301660977303,lk,762.8845755303186,A_up,0.8833333333333333,A_up,stable,"up=0.000,stable=1.000,down=0.000",0.0,0.0,1.0,1,0.9999879500777369,1.000892217598703,0.0009042675209660622,1.7636248776869536,False,10,-6.898070122928629,0.5089056082666742,0.5669302295290096,1.114018435481516,0,0,0.7973522378499638,16.37427089817409,1,False,425,-0.19214440707210162,-6.1756177866544135,7.585728018950164,0.9827860412653535,,0.3820674327434972,,,50.70258622596622,171.1064545664177
1734763699800,F:\agent\UAV\data\IR-image\1734763699800.jpg,116.17837392409864,38.811698257670436,766.0129458306734,116.1786322,38.8121139,592.04,0.8716761771146366,8.127457500096,0.9741176470588235,0.6719999999999999,-99.55000279925562,3440.172660444966,lk,766.2814339570023,A_up,0.8833333333333333,A_up,stable,"up=0.000,stable=1.000,down=0.000",0.0,0.0,1.0,1,0.9997885638598834,1.000519541868633,0.0007309780087496609,1.7555935152402709,False,10,-6.426119504609349,0.5110464960320732,0.5694545717287174,1.1142911186166875,0,0,0.726499484921078,16.524925829605188,1,False,414,-0.3333445892715456,1.046952122220489,8.103141665334363,0.9685598172247409,,0.38597667519934475,,,51.35002079740336,173.97294583067344
1734763700000,F:\agent\UAV\data\IR-image\1734763700000.jpg,116.17845719316037,38.81167607774857,769.3179309965944,116.1786892,38.8121138,592.71,2.8521418663947884,10.942849217076912,0.9879227053140096,0.1344,-99.3685067089275,2529.2982843491345,lk,770.0083489024037,A_up,0.8833333333333333,A_up,stable,"up=0.000,stable=1.000,down=0.000",0.0,0.0,1.0,1,1.0003357320892652,1.0009243361735332,0.0005886040842679741,1.747520739316951,False,10,-6.70384115253245,0.5132655819888219,0.5722241922102467,1.1148695963461444,0,1,0.7107132225253281,16.524925829605188,2,False,409,-0.18149609032812491,3.1419399631687384,10.883271647744607,0.9588293995708227,,0.35581055366492365,,,52.66032057035417,176.6079309965944
1734763700200,F:\agent\UAV\data\IR-image\1734763700200.jpg,116.17854816810741,38.81167477152718,772.6229161625155,116.1787463,38.8121137,593.34,-1.8161417942732783,11.415492307405316,0.9779951100244498,0.1344,-99.3221581266337,2640.994432842722,lk,773.1838332162704,A_up,0.8833333333333333,A_up,stable,"up=0.000,stable=1.000,down=0.000",0.0,0.0,1.0,1,1.0011703669557783,1.0006120615758394,0.0005583053799389504,1.7401532613856021,False,10,-6.492305703793796,0.5155499478252807,0.574584022397762,1.114506993592962,0,1,0.6658828766881015,16.524925829605188,2,False,400,-0.04634858229380559,-1.8523065491661441,11.574313933812277,0.9583386758808047,,0.39428665256127715,,,51.73777193720725,179.28291616251545
1734763700400,F:\agent\UAV\data\IR-image\1734763700400.jpg,116.17862220989517,38.81167001862201,776.2288243950924,116.1788036,38.8121135,593.97,-0.6164815985108589,8.661455706788331,0.9875,0.6719999999999999,-99.34262837927962,3424.3522748321293,lk,776.3723445505973,A_up,0.8833333333333333,A_up,stable,"up=0.000,stable=1.000,down=0.000",0.0,0.0,1.0,1,1.0002009841000308,1.0002215193277733,2.0535227742479734e-05,1.7328984858271594,False,10,-7.170414841987498,0.5176882385360562,0.5769535334884393,1.1144806672061478,0,0,0.5982695041928991,16.696547381993344,1,False,395,0.020470252645916027,-1.0437956479261743,8.666215157506144,0.9630806271918118,,0.39592041476862505,,,51.756848523051524,182.25882439509235
1734763700600,F:\agent\UAV\data\IR-image\1734763700600.jpg,116.17867220699966,38.81161330608517,779.568133871491,116.1788608,38.8121133,594.66,11.004225747556347,6.464396091271965,0.9949367088607595,0.040319999999999995,-99.42031412328078,3235.98999883648,lk,779.7922653138457,A_up,0.8833333333333333,A_up,stable,"up=0.000,stable=1.000,down=0.000",0.0,0.0,1.0,1,1.000081525581723,0.999705644558279,0.0003758810234439913,1.7250625318943849,False,10,-6.778005727743805,0.5200842110422723,0.5794950142385668,1.1142330452163363,0,1,0.4853428933797659,16.696547381993344,2,False,393,0.07768574400115796,10.237403905946678,6.5806798332448295,0.9618444521445781,,0.35709943078109063,,,57.94844546425588,184.90813387149103
1734763700800,F:\agent\UAV\data\IR-image\1734763700800.jpg,116.17869483189826,38.81161212297218,782.9074433478896,116.1789181,38.812113,595.35,-25.371725490670485,14.491025616905631,0.359,0.1344,-99.68607465584151,2375.7143399242213,orb+phase,783.4934738152295,A_up,0.8833333333333333,A_up,stable,"up=0.000,stable=1.000,down=0.000",0.0,0.0,1.0,1,1.0026981177831107,1.0005140553360106,0.0021840624471001213,1.7177008371192446,False,10,-7.698099650818159,0.5223960403053804,0.5822455312270189,1.1145672752164275,0,1,0.4891741316707794,16.696547381993344,3,True,359,0.2657605325607386,-25.371725490670485,14.491025616905631,0.9041307513602078,,0.2856551327276975,,,58.959000830315674,187.5574433478896
1734763701000,F:\agent\UAV\data\IR-image\1734763701000.jpg,116.17875140289492,38.81164937578565,786.5066625481388,116.1789755,38.8121128,595.96,-9.013838104760111,4.0911331561966335,0.9153225806451613,0.6719999999999999,-100.12331980723093,3183.7012574233026,lk,786.7224490886242,A_up,0.8833333333333333,A_up,stable,"up=0.000,stable=1.000,down=0.000",0.0,0.0,1.0,1,0.9972783193276982,1.0007699590010757,0.0034916396733775112,1.710427672773808,False,10,-3.4648052171284154,0.5247119720663099,0.5846451126992444,1.1142210275799853,0,0,0.4810621313677075,16.834694269762284,1,False,454,0.4372451513894234,-8.716103306831371,4.345385355141019,0.8695296905934811,,0.2297445223084651,,,55.06722785503648,190.54666254813878
1734763701200,F:\agent\UAV\data\IR-image\1734763701200.jpg,116.17882504296335,38.8116307623521,790.0874801483241,116.1790329,38.8121126,596.6,2.170639006404599,8.903612009956476,0.9889867841409692,0.6719999999999999,-100.11774616071489,3427.965010327063,lk,790.3725181876239,A_up,0.8833333333333333,A_up,stable,"up=0.000,stable=1.000,down=0.000",0.0,0.0,1.0,1,1.0015639987030323,1.000915887868183,0.0006481108348492803,1.702576728522554,False,10,-2.750599017784005,0.5270012405600504,0.5873576259397357,1.1145279759029483,0,0,0.48198322329790244,16.949259685757475,1,False,449,-0.005573646516039176,2.023818919870223,8.947090474569052,0.9805359274148941,,0.40867840198916383,,,56.523842347535364,193.48748014832404
1734763701400,F:\agent\UAV\data\IR-image\1734763701400.jpg,116.17888892946864,38.81160129313393,793.6423802298478,116.1790903,38.8121126,597.28,4.69784599567555,7.662943605902797,0.9866369710467706,0.6719999999999999,-100.01678359339797,3471.4849329951307,lk,793.781172454648,A_up,0.8833333333333333,A_up,stable,"up=0.000,stable=1.000,down=0.000",0.0,0.0,1.0,1,0.9993760005019957,1.0005192186622989,0.001143218160303161,1.6949624025289671,False,10,-1.9590630038758652,0.5293311347515313,0.5898907341031111,1.114407778752721,0,0,0.42878856549759803,17.040746500819214,1,False,443,-0.10096256731691867,4.791423236123535,7.840204885488106,0.985027646459639,,0.4229088700376451,,,59.47173300296464,196.36238022984787
1734763701600,F:\agent\UAV\data\IR-image\1734763701600.jpg,116.17897662355318,38.811582368976076,797.0505295300117,116.1791477,38.8121127,598.01,1.7944284014189975,11.054138751809944,0.981941309255079,0.1344,-100.12884362746304,2422.223636140665,lk,797.5215598669754,A_up,0.8833333333333333,A_up,stable,"up=0.000,stable=1.000,down=0.000",0.0,0.0,1.0,1,1.0000783847024877,1.0009268754142076,0.0008484907117198848,1.6873653352662747,False,10,-2.0397824468240375,0.5317530649403992,0.5926703665169977,1.1145593802706644,0,1,0.4300145565935054,17.040746500819214,2,False,435,0.11206003406507276,2.244087716366437,11.146383106112665,0.95133948745206,,0.355816196417436,,,60.80459790882799,199.04052953001167
1734763701800,F:\agent\UAV\data\IR-image\1734763701800.jpg,116.17904532779055,38.81152519704564,800.4586788301755,116.1792051,38.8121126,598.79,10.163520816284574,9.358706529635185,0.9379310344827586,0.1344,-100.1932683385444,2834.947634887695,lk,800.7257136250178,A_up,0.8833333333333333,A_up,stable,"up=0.000,stable=1.000,down=0.000",0.0,0.0,1.0,1,1.000273945049032,1.0003630192107922,8.90741617600721e-05,1.6802634085170802,False,10,-2.4359316034799274,0.5340140800438744,0.5950515021222502,1.114299274793206,0,1,0.3925560536596322,17.040746500819214,2,False,408,0.0644247110813557,9.621462133961415,9.54348822761537,0.9668304932303726,,0.3839522930793464,,,66.76720222842197,201.6686788301755
1734763702000,F:\agent\UAV\data\IR-image\1734763702000.jpg,116.17913583208583,38.811511693715545,803.8668281303393,116.1792625,38.8121126,599.61,0.5787299396001231,11.163073280828712,0.9730392156862745,0.1344,-100.05270058604641,3136.6110348566535,lk,804.3361718492647,A_up,0.8833333333333333,A_up,stable,"up=0.000,stable=1.000,down=0.000",0.0,0.0,1.0,1,1.0024005627366586,1.0006584697135539,0.001742093023104685,1.673100747219594,False,10,-4.097137909221004,0.5362460979020727,0.5977345789276167,1.1146646684537234,0,1,0.4129068929399864,17.040746500819214,2,False,397,-0.14056775249798145,0.07437604257535213,11.276278012359569,0.9495695673860609,,0.3995542792836204,,,67.71316606512535,204.25682813033927
1734763702200,F:\agent\UAV\data\IR-image\1734763702200.jpg,116.17922337642962,38.811475817335115,807.2749774305031,116.1793199,38.8121126,600.4,5.146115357189899,11.452662826458095,0.9571788413098237,0.1344,-100.37330640972867,3645.0780245315655,lk,807.7366112989271,A_up,0.8833333333333333,A_up,stable,"up=0.000,stable=1.000,down=0.000",0.0,0.0,1.0,1,0.9997090902073744,1.0007800388203616,0.001070948612987177,1.6660275260030928,False,10,-2.9405272787904533,0.5387198686825668,0.6002615823296142,1.1142369480404481,0,1,0.4193761371747087,17.040746500819214,2,False,380,0.3206058236822509,5.43507583045357,11.438638355131161,0.9670435273554177,,0.29943502647802234,,,71.29928882531495,206.87497743050312
1734763702400,F:\agent\UAV\data\IR-image\1734763702400.jpg,116.17933947538532,38.81152241359131,810.6831267306669,116.1793776,38.8121126,601.04,-12.411915139700113,12.807426739960476,0.9236842105263158,0.040319999999999995,-100.4307446507845,3504.2455867476674,lk,811.3216778292966,A_up,0.8683333333333332,A_up,stable,"up=0.050,stable=0.950,down=0.000",0.05,0.0,0.95,1,1.0005981153504284,1.0011729166053935,0.0005748012549651182,1.6589193459139684,False,10,-3.2735247342665637,0.5412508035131729,0.6029257895453995,1.1139489967163174,0,1,0.4720562837643456,17.040746500819214,2,False,351,0.0574382410558386,-12.221771428563613,12.76422165782401,0.9731668153777718,,0.36568941004225053,,,65.70890766544548,209.64312673066695
1734763702600,F:\agent\UAV\data\IR-image\1734763702600.jpg,116.17938797744647,38.81148691676588,814.0912760308307,116.1794354,38.8121127,601.61,6.168290357727358,5.144978448320728,0.9943019943019943,0.288,-100.30729786305865,2589.186782964133,lk,814.1301295383407,A_up,0.8683333333333332,A_up,stable,"up=0.050,stable=0.950,down=0.000",0.05,0.0,0.95,1,0.9976885170254552,0.9997397037509915,0.0020511867255362803,1.6521868867500895,False,10,-1.3425306289469916,0.5435674241738294,0.6050128630334468,1.1130410619308333,0,3,0.3692649845683036,17.040746500819214,2,False,349,-0.123446787725847,6.719581658654249,5.198630237857998,0.9633419584482908,,0.3784089421387762,,,69.70522491737881,212.4812760308307
1734763702800,F:\agent\UAV\data\IR-image\1734763702800.jpg,116.17947258366203,38.81141718233835,817.4994253309945,116.179493,38.8121129,602.28,11.95271714166472,12.028327464577046,0.9742120343839542,0.1344,-100.40590422143882,3343.551973961061,lk,817.8739107233533,A_up,0.8683333333333332,A_up,stable,"up=0.050,stable=0.950,down=0.000",0.05,0.0,0.95,1,1.0006549125629456,1.0009560244767668,0.00030111191382120595,1.6453154816866218,False,10,0.3183220886814603,0.5457628539676399,0.6077950174963944,1.113661388051215,0,1,0.36258388173212097,17.040746500819214,2,False,340,0.09860635838016235,11.188949390190203,12.027032563600017,0.9754511578939855,,0.3704566376982257,,,77.38060346827032,215.21942533099457
1734763703000,F:\agent\UAV\data\IR-image\1734763703000.jpg,116.17952856549896,38.81139470335383,821.1438268386994,116.1795505,38.8121127,602.97,3.163628984187767,5.811150489477143,0.961764705882353,0.39199999999999996,-101.2938031516963,3733.3710556514466,lk,821.2717516075636,A_up,0.8683333333333332,A_up,stable,"up=0.050,stable=0.950,down=0.000",0.05,0.0,0.95,2,1.0053865638834303,1.0003047650133445,0.005081798870085752,1.6384926013501078,False,10,-6.303386589975385,0.5479983393166853,0.6103200897998281,1.1137261666903107,0,0,0.3601103936173331,17.1428919641578,1,False,327,0.8878989302574777,2.6935259075531803,5.6956281060104175,0.9382285491097718,-0.5147689366396113,0.38550870429025963,,,79.86031170679018,218.17382683869937
1734763703200,F:\agent\UAV\data\IR-image\1734763703200.jpg,116.17961793072308,38.81139359717776,824.572405231531,116.1796079,38.8121123,603.69,-2.238346110175087,10.05846502632653,0.9541284403669725,0.1344,-101.93088508888164,2567.4913944984883,lk,825.5518529799405,A_up,0.8533333333333333,A_up,stable,"up=0.100,stable=0.900,down=0.000",0.1,0.0,0.9,1,1.0059162692238712,1.0011798396213984,0.00473642960247278,1.6309014175611336,False,10,-9.871787723072416,0.5505325803076171,0.6135008053776234,1.114376927583145,0,1,0.5179473498719744,17.1428919641578,2,False,312,0.6370819371853447,-3.077406604115822,9.93623083530099,0.9379043745808303,,0.21381219336763024,,,79.92094368408513,220.88240523153092
1734763703400,F:\agent\UAV\data\IR-image\1734763703400.jpg,116.17970446808799,38.81144215130952,828.0009836243626,116.1796651,38.8121122,604.39,-11.96994015434177,7.394343190202449,0.9743589743589743,0.1344,-102.38517832424583,2584.724752877569,lk,828.7970394051783,A_up,0.8533333333333333,A_up,stable,"up=0.100,stable=0.900,down=0.000",0.1,0.0,0.9,1,1.0017099742271487,1.0004956730158223,0.001214301211326374,1.6239854383084087,False,10,-11.81897149189568,0.5530684053638286,0.6159124340091836,1.1136279491575982,0,1,0.6031367689121225,17.1428919641578,2,False,304,0.45429323536419575,-11.873492236149502,7.383304315473538,0.9650257647037506,,0.2094084060518071,,,74.58415813206722,223.61098362436258
1734763703600,F:\agent\UAV\data\IR-image\1734763703600.jpg,116.17978600430628,38.81145468779351,831.9105255241875,116.1797222,38.812112,605.12,-4.6979223780491,8.115435122775125,0.9703947368421053,0.6719999999999999,-102.56368855051974,2638.946161407596,lk,832.3958037394127,A_up,0.8533333333333333,A_up,stable,"up=0.100,stable=0.900,down=0.000",0.1,0.0,0.9,1,1.0014268118319207,1.0007647355111953,0.0006620763207254576,1.6170992996704465,False,10,-12.971455987171655,0.5555309218279404,0.618586820614274,1.1135056507365098,0,0,0.7030262012646062,17.347028270661855,1,False,295,0.1785102262739095,-4.372678350776653,8.030545798180498,1.0119780395179987,,0.3366386969573796,,,73.29865544888085,226.7905255241875
1734763703800,F:\agent\UAV\data\IR-image\1734763703800.jpg,116.17988135818361,38.81146319498505,835.3799311783199,116.179779,38.8121118,605.85,-4.360735810090318,10.324585625742827,0.9728813559322034,0.1344,-102.6342433628845,3559.4088132725656,lk,836.1568518940201,A_up,0.8533333333333333,A_up,stable,"up=0.100,stable=0.900,down=0.000",0.1,0.0,0.9,1,0.99953037955488,1.000373272868754,0.0008428933138739936,1.6093918442879036,False,10,-12.42133120245508,0.5581343268958243,0.6213818068572177,1.1133194589789108,0,1,0.7377802522497632,17.347028270661855,2,False,287,0.07055481236476582,-3.4113756361481933,10.322314100245194,0.9611222194507718,,0.3487200965755619,,,72.66493178222505,229.52993117831988
1734763704000,F:\agent\UAV\data\IR-image\1734763704000.jpg,116.17997425485245,38.81152771447062,838.8493368324523,116.1798355,38.8121116,606.59,-15.117608785680147,7.418599235481167,0.9407665505226481,0.1344,-102.75965843560327,3413.1876204430678,lk,839.751101753689,A_up,0.8533333333333333,A_up,stable,"up=0.100,stable=0.900,down=0.000",0.1,0.0,0.9,1,1.0000523292457242,1.0008952168046417,0.0008428875589174822,1.6026037016421497,False,10,-10.532494831643493,0.5606178754800797,0.6240528385745784,1.1131518737967048,0,1,0.809915334617699,17.347028270661855,2,False,270,0.1254150727187685,-14.71686114844988,7.396095918869321,0.9828087545931339,,0.3594534093281254,,,66.02891074306572,232.25933683245228
