timestamp,image_path,pred_lon,pred_lat,pred_alt,gt_lon,gt_lat,gt_alt,pred_east_m,pred_north_m,pixel_dx,pixel_dy,rotation_deg,affine_scale,match_confidence,num_matches,num_inliers,matcher_backend,yaw_deg,method,flight_phase,is_keyframe_reset,horizontal_error,altitude_error
1734763664200,F:\agent\UAV\data\IR-image\1734763664200.jpg,116.168975,38.8121207,483.54,116.168975,38.8121207,483.54,0.0,0.0,0.0,0.0,0.0,1.0,1.0,0,0,orb,-99.34233382874201,scheme_b_initial,NA,False,0.0,0.0
1734763664400,F:\agent\UAV\data\IR-image\1734763664400.jpg,116.16903080185138,38.8121267074157,483.54,116.1690312,38.8121209,484.06,4.8403164385464965,0.6687455153241325,-4.057675774926963,13.10126553153168,-0.4852283613353713,1.0000022110459863,0.8942148760330578,605,541,orb,-99.34233382874201,scheme_b_pairwise,NA,False,0.6466768388853024,0.5199999999999818
1734763664600,F:\agent\UAV\data\IR-image\1734763664600.jpg,116.16907028936248,38.81213239759729,483.54,116.1690873,38.8121209,484.58,8.265508333136339,1.3021765297600303,-3.3150669339504475,9.197957930113262,-0.229286376747991,1.002264937911866,0.9056338028169014,710,643,orb,-99.34233382874201,scheme_b_pairwise,NA,False,1.9510979653321718,1.0399999999999636
1734763664800,F:\agent\UAV\data\IR-image\1734763664800.jpg,116.16913198949229,38.81215417640948,483.54,116.1691435,38.8121208,485.11,13.617448191982582,3.7265939030043116,-9.153391693692754,13.718312850824532,-0.2802988878940699,1.0010582272293405,0.9635036496350365,822,792,orb,-99.34233382874201,scheme_b_pairwise,NA,False,3.8429581552673926,1.5699999999999932
1734763665000,F:\agent\UAV\data\IR-image\1734763665000.jpg,116.16918079157543,38.81216021544606,483.54,116.1691998,38.8121208,485.62,17.85059672466775,4.398859455976323,-3.790769605212745,11.418019500852893,-0.22962606642950983,1.001005306255799,0.9726516052318668,841,818,orb,-99.34233382874201,scheme_b_pairwise,NA,False,4.682034953983955,2.079999999999984
1734763665200,F:\agent\UAV\data\IR-image\1734763665200.jpg,116.16924533384454,38.81216923693093,483.54,116.169256,38.8121206,486.12,23.44906699828808,5.4031311507650015,-5.332417627452401,15.048203562030892,0.15875109987818903,1.0007672907000282,0.8225058004640371,862,709,orb,-99.34233382874201,scheme_b_pairwise,NA,False,5.486579594487822,2.579999999999984
1734763665400,F:\agent\UAV\data\IR-image\1734763665400.jpg,116.16928373482945,38.81219889713794,483.54,116.1693123,38.8121203,486.59,26.78001236855302,8.704905395489854,-10.662498401095604,7.721100234280414,0.1368738714024024,1.0009316742533054,0.9175412293853074,667,612,orb,-99.34233382874201,scheme_b_pairwise,NA,False,9.083306965841393,3.0499999999999545
1734763665600,F:\agent\UAV\data\IR-image\1734763665600.jpg,116.169298656595,38.8122641250026,483.54,116.1693685,38.81212,487.15,28.074343386341642,15.96607128898454,-20.700643212367822,0.2763000592136109,0.11652410772831041,1.0020641237496268,0.95875,800,767,orb,-99.34233382874201,scheme_b_pairwise,NA,False,17.1304686098263,3.609999999999957
1734763665800,F:\agent\UAV\data\IR-image\1734763665800.jpg,116.16935506712902,38.81227280180114,483.54,116.1694246,38.8121198,487.76,32.96745765329333,16.931972503128787,-4.904750107225539,13.112098304652477,-0.06972560747393466,1.0007121794531355,0.9723225030084236,831,808,orb,-99.34233382874201,scheme_b_pairwise,NA,False,18.04825271030635,4.21999999999997
1734763666000,F:\agent\UAV\data\IR-image\1734763666000.jpg,116.16937887626882,38.81224260567965,483.54,116.1694808,38.8121197,488.33,35.03268968301513,13.570540258482907,8.368967386454301,7.251601508252293,-0.16232794042300697,1.0007203272935599,0.9424882629107981,852,803,orb,-99.34233382874201,scheme_b_pairwise,NA,False,16.2714750240406,4.789999999999964
1734763666200,F:\agent\UAV\data\IR-image\1734763666200.jpg,116.16939963241165,38.812194852303385,483.54,116.169537,38.8121196,488.97,36.83310126145671,8.254634412496973,13.90283888078369,7.408695656936743,-0.40942319058577387,1.0008647188572948,0.9577308120133482,899,861,orb,-99.34233382874201,scheme_b_pairwise,NA,False,14.549117936760364,5.430000000000007
1734763666400,F:\agent\UAV\data\IR-image\1734763666400.jpg,116.16945276313159,38.81215009391769,483.54,116.1695933,38.8121197,489.59,41.44172070201693,3.2721309164479058,11.699874256906583,15.034531986436775,-0.16968638820303977,1.0002179100147655,0.9542168674698795,830,792,orb,-99.34233382874201,scheme_b_pairwise,NA,False,12.636961181828473,6.0499999999999545
1734763666600,F:\agent\UAV\data\IR-image\1734763666600.jpg,116.16950232367671,38.81220523242142,483.54,116.1696498,38.8121196,490.14,45.74065909470546,9.410149152200198,-18.958964452681982,9.109769680925695,-0.12276943500489831,1.0025049619992554,0.8410672853828306,862,725,orb,-99.34233382874201,scheme_b_pairwise,NA,False,15.935540365824748,6.599999999999966
1734763666800,F:\agent\UAV\data\IR-image\1734763666800.jpg,116.1695349692962,38.81219283940695,483.54,116.1697062,38.8121196,490.75,48.57237748181231,8.030558781364075,2.5307118167440876,8.471475629671772,0.048898409037394994,1.0005571886958144,0.956081081081081,888,849,orb,-99.34233382874201,scheme_b_pairwise,NA,False,16.92428819803581,7.2099999999999795
1734763667000,F:\agent\UAV\data\IR-image\1734763667000.jpg,116.1695725162017,38.81215319722884,483.54,116.1697627,38.8121195,491.42,51.82923902808692,3.6175915141286,10.738385784440595,11.031128157780984,-0.2226698425632661,0.9994921840466022,0.9579545454545455,880,843,orb,-99.34233382874201,scheme_b_pairwise,NA,False,16.898884492876547,7.8799999999999955
1734763667200,F:\agent\UAV\data\IR-image\1734763667200.jpg,116.16962347599531,38.81216078389675,483.54,116.1698192,38.8121194,492.09,56.24954983530843,4.462139386322564,-4.353211499935071,11.857893088621097,-0.27713482466131084,1.0005882089532208,0.9617428267800212,941,905,orb,-99.34233382874201,scheme_b_pairwise,NA,False,17.57152150731686,8.549999999999955
1734763667400,F:\agent\UAV\data\IR-image\1734763667400.jpg,116.16965950804288,38.81217628330528,483.54,116.1698757,38.8121193,492.77,59.375010870527554,6.187533543390014,-6.202849760702065,7.870256686909272,-0.17178786101324556,1.001022445034843,0.963855421686747,747,720,orb,-99.34233382874201,scheme_b_pairwise,NA,False,19.774335003600232,9.229999999999961
1734763667600,F:\agent\UAV\data\IR-image\1734763667600.jpg,116.16970659710447,38.812162256763095,483.54,116.1699323,38.8121191,493.49,63.45956995257231,4.626098867615562,2.463501168208154,12.02426208117106,0.1496664225955932,1.0007022344156327,0.9548458149779736,908,867,orb,-99.34233382874201,scheme_b_pairwise,NA,False,20.135941094717552,9.949999999999989
1734763667800,F:\agent\UAV\data\IR-image\1734763667800.jpg,116.16974418393113,38.81217991700126,483.54,116.1699891,38.8121188,494.14,66.71989430503822,6.5920365797327065,-6.930521368621612,8.13417734462189,0.3324295581539878,1.000988611304782,0.9624309392265193,905,871,orb,-99.34233382874201,scheme_b_pairwise,NA,False,22.282099698894545,10.599999999999966
1734763668000,F:\agent\UAV\data\IR-image\1734763668000.jpg,116.1698015233093,38.81219303634207,483.54,116.1700459,38.8121185,494.74,71.69357757761996,8.052481599803224,-6.31117416906369,13.109907807251545,0.5396436133679219,1.0007266600799958,0.9315217391304348,920,857,orb,-99.34233382874201,scheme_b_pairwise,NA,False,22.738039407222097,11.199999999999989
1734763668200,F:\agent\UAV\data\IR-image\1734763668200.jpg,116.16983741235049,38.8122031868667,483.54,116.1701029,38.8121181,495.3,74.80663407436742,9.182438000593445,-4.548043916133452,8.107211074929921,0.6302504826920444,1.0004221865303675,0.9623059866962306,902,868,orb,-99.34233382874201,scheme_b_pairwise,NA,False,24.87259686252123,11.759999999999991
1734763668400,F:\agent\UAV\data\IR-image\1734763668400.jpg,116.16986904925231,38.812190270424956,483.54,116.1701599,38.8121177,495.86,77.55085513898759,7.744579706365853,2.731961592566961,8.255688457015253,0.3237627541947416,1.0003131660544735,0.932061978545888,839,782,orb,-99.34233382874201,scheme_b_pairwise,NA,False,26.460853655191567,12.319999999999993
1734763668600,F:\agent\UAV\data\IR-image\1734763668600.jpg,116.16993031275204,38.81223353862573,483.54,116.170217,38.8121175,496.36,82.86492120491899,12.561195816573623,-15.761685952514199,12.52341280547563,0.12773230667537108,1.000522894689147,0.9546485260770975,882,842,orb,-99.34233382874201,scheme_b_pairwise,NA,False,27.99096150215035,12.819999999999993
1734763668800,F:\agent\UAV\data\IR-image\1734763668800.jpg,116.16995805455412,38.81222883852266,483.54,116.1702741,38.8121173,496.9,85.27127685974872,12.037980341945117,0.35266983290921416,6.9031637102180525,-0.10904291436307867,0.9993210572270584,0.932285368802902,827,771,orb,-99.34233382874201,scheme_b_pairwise,NA,False,30.06112588102368,13.359999999999957
1734763669000,F:\agent\UAV\data\IR-image\1734763669000.jpg,116.17000696208918,38.8122054919663,483.54,116.1703311,38.8121172,497.63,89.51357241188234,9.439041688590443,5.265150809040847,12.933874408782458,-0.3861318700782888,0.9996713599808622,0.8976897689768977,909,816,orb,-99.34233382874201,scheme_b_pairwise,NA,False,29.75107592729874,14.089999999999975
1734763669200,F:\agent\UAV\data\IR-image\1734763669200.jpg,116.17005432791714,38.812175946200526,483.54,116.170388,38.8121171,498.34,93.62213852596186,6.1500070426458935,7.237408333091253,12.877932310051108,-0.43639658666156494,0.9996944570374336,0.9611872146118722,876,842,orb,-99.34233382874201,scheme_b_pairwise,NA,False,29.64185363244834,14.799999999999955
1734763669400,F:\agent\UAV\data\IR-image\1734763669400.jpg,116.17010774770765,38.812153474774824,483.54,116.170445,38.812117,499.06,98.2558322794575,3.648487933016092,4.81699265107153,13.973521023671935,-0.13921448203177375,1.0012608865940735,0.9741602067183462,774,754,orb,-99.34233382874201,scheme_b_pairwise,NA,False,29.500944761618207,15.519999999999982
1734763669600,F:\agent\UAV\data\IR-image\1734763669600.jpg,116.17014622692719,38.81216405779447,483.54,116.170502,38.8121168,499.84,101.59356381147263,4.826589679897095,-4.783762588858053,8.707544737614057,0.0941985356612569,1.000920809298027,0.9307958477508651,867,807,orb,-99.34233382874201,scheme_b_pairwise,NA,False,31.270213446752706,16.299999999999955
1734763669800,F:\agent\UAV\data\IR-image\1734763669800.jpg,116.17020025497403,38.81218390740093,483.54,116.170559,38.8121166,500.62,106.28001841421842,7.036247871530616,-8.255356408846922,11.973006919812576,0.0568756575478653,0.9998316881480416,0.9143763213530656,946,865,orb,-99.34233382874201,scheme_b_pairwise,NA,False,31.971366175354888,17.079999999999984
1734763670000,F:\agent\UAV\data\IR-image\1734763670000.jpg,116.17025722253038,38.812191227413095,483.54,116.1706161,38.8121164,501.34,111.22144943646747,7.85111162576696,-4.5084448016125975,13.31473883437252,-0.1501127140145893,1.0001220854549329,0.9729437229437229,924,899,orb,-99.34233382874201,scheme_b_pairwise,NA,False,32.18846642805784,17.799999999999955
1734763670200,F:\agent\UAV\data\IR-image\1734763670200.jpg,116.17029487664487,38.81220692979843,483.54,116.1706731,38.8121162,502.04,114.48761041128827,9.599101160962903,-6.329540817068505,8.249650606630553,-0.38984337532107727,1.0011994881330886,0.9705882352941176,850,825,orb,-99.34233382874201,scheme_b_pairwise,NA,False,34.28848615331902,18.5
1734763670400,F:\agent\UAV\data\IR-image\1734763670400.jpg,116.17034557369698,38.812214502811656,483.54,116.17073,38.8121161,502.79,118.8851307195685,10.442128993509188,-4.338617055596671,11.795464005066947,-0.4563776387964185,1.000838774029916,0.9507829977628636,894,850,orb,-99.34233382874201,scheme_b_pairwise,NA,False,35.05934063403938,19.25
1734763670600,F:\agent\UAV\data\IR-image\1734763670600.jpg,116.17040174794184,38.812214282670865,483.54,116.170787,38.8121161,503.49,123.75774899488765,10.417622920320683,-2.152330338683271,13.506609671038007,-0.23779123912223848,1.0005715151729675,0.9613992762364294,829,797,orb,-99.34233382874201,scheme_b_pairwise,NA,False,35.11970337815737,19.94999999999999
1734763670800,F:\agent\UAV\data\IR-image\1734763670800.jpg,116.17043881373634,38.81219609301589,483.54,116.1708438,38.812116,504.18,126.9728784223077,8.3927505291485,4.143215823136643,9.827411822973886,-0.2611767471136582,0.9998600835799558,0.9557109557109557,858,820,orb,-99.34233382874201,scheme_b_pairwise,NA,False,36.20209001096836,20.639999999999986
1734763671000,F:\agent\UAV\data\IR-image\1734763671000.jpg,116.17049688141601,38.81220888218556,483.54,116.1709005,38.812116,504.96,132.00973539912636,9.816440895850011,-6.238161705428297,13.30162402964578,-0.3907043299498214,1.0005779955698966,0.9555555555555556,765,731,orb,-99.34233382874201,scheme_b_pairwise,NA,False,36.46424797018421,21.41999999999996
1734763671200,F:\agent\UAV\data\IR-image\1734763671200.jpg,116.1705365849107,38.81213576364533,483.54,116.170957,38.8121159,505.74,135.4536619593013,1.6768849975786502,20.974493171183667,13.247248954214058,-0.3054552630441621,0.9983379504059672,0.8354978354978355,462,386,orb,-99.34233382874201,scheme_b_pairwise,NA,False,36.49326369154073,22.19999999999999
1734763671400,F:\agent\UAV\data\IR-image\1734763671400.jpg,116.17058281587096,38.81215523235225,483.54,116.1710134,38.8121158,506.55,139.46378834933856,3.844141451909998,-7.829750206501501,10.119135307918157,-0.26170841718423665,0.9995373553872973,0.8315789473684211,475,395,orb,-99.34233382874201,scheme_b_pairwise,NA,False,37.564218750656565,23.00999999999999
1734763671600,F:\agent\UAV\data\IR-image\1734763671600.jpg,116.17063582989742,38.81220874884181,483.54,116.1710695,38.8121155,507.44,144.06228566527045,9.80159706996826,-18.595363054758025,10.02171599832883,-0.031454278840119684,0.9996796807538378,0.8333333333333334,372,310,orb,-99.34233382874201,scheme_b_pairwise,NA,False,38.97920405285244,23.899999999999977
1734763671800,F:\agent\UAV\data\IR-image\1734763671800.jpg,116.17067157118376,38.812229095192485,483.54,116.1711253,38.8121149,508.4,147.16252573793452,12.06655282767724,-7.685754231964381,7.554552772095235,0.1854505151797932,1.004466185598873,0.8440366972477065,436,368,orb,-99.34233382874201,scheme_b_pairwise,NA,False,41.31260250753162,24.859999999999957
1734763672000,F:\agent\UAV\data\IR-image\1734763672000.jpg,116.17073504442074,38.81229232569497,483.54,116.171181,38.8121143,509.4,152.66826694090068,19.10537236381117,-22.003746563962466,12.041740970262367,0.11454351867414633,1.0023675128846337,0.9447761194029851,670,633,orb,-99.34233382874201,scheme_b_pairwise,NA,False,43.41493077782031,25.859999999999957
1734763672200,F:\agent\UAV\data\IR-image\1734763672200.jpg,116.17077772745483,38.81229759740288,483.54,116.1712364,38.8121138,510.4,156.370642157674,19.692218888361854,-3.312342536021333,9.986884683253834,0.4056505633909388,1.003681428751358,0.8689655172413793,580,504,orb,-99.34233382874201,scheme_b_pairwise,NA,False,44.68825364944981,26.859999999999957
1734763672400,F:\agent\UAV\data\IR-image\1734763672400.jpg,116.17081761680863,38.81228338566855,483.54,116.1712917,38.8121132,511.41,159.83069034908738,18.110168623166977,2.8051568724790172,10.303979439849627,0.8532823447206587,1.0012871904816674,0.8896551724137931,580,516,orb,-99.34233382874201,scheme_b_pairwise,NA,False,45.22582468123183,27.870000000000005
1734763672600,F:\agent\UAV\data\IR-image\1734763672600.jpg,116.17087167165089,38.81229530426605,483.54,116.1713467,38.8121126,512.44,164.51946921690475,19.436946896765402,-5.8111477637509665,12.381727656285534,1.3560831779159332,0.9958846079710206,0.803960396039604,505,406,orb,-99.34233382874201,scheme_b_pairwise,NA,False,45.899140613808534,28.900000000000034
1734763672800,F:\agent\UAV\data\IR-image\1734763672800.jpg,116.17089422474574,38.81227268910082,483.54,116.1714015,38.8121122,513.49,166.47575046920363,16.91942670378824,6.0812703248302,6.56531840157885,0.5907919310735973,1.0001641773979482,0.9522342064714946,649,618,orb,-99.34233382874201,scheme_b_pairwise,NA,False,47.4369322573536,29.94999999999999
1734763673000,F:\agent\UAV\data\IR-image\1734763673000.jpg,116.17090489235866,38.81220264798153,483.54,116.171456,38.812112,514.57,167.4010714216148,9.12244930371747,21.173270979765505,6.11549930189625,0.1619590484229616,0.9952159522472892,0.8907563025210085,476,424,orb,-99.34233382874201,scheme_b_pairwise,NA,False,48.80230279749006,31.03000000000003
1734763673200,F:\agent\UAV\data\IR-image\1734763673200.jpg,116.170967888654,38.81224032822623,483.54,116.1715104,38.812112,515.65,172.86544216043495,13.317014144030619,-14.107308296991675,13.223141057538726,-0.5511370774601039,1.004960795807616,0.8848484848484849,495,438,orb,-99.34233382874201,scheme_b_pairwise,NA,False,49.123391424993436,32.10999999999996
1734763673400,F:\agent\UAV\data\IR-image\1734763673400.jpg,116.1710449529677,38.81217360990926,483.54,116.1715648,38.8121122,516.52,179.55008890966914,5.889931098667423,17.524562414537513,21.898269631899836,-0.8619886818065312,0.9989119149488302,0.9184149184149184,429,394,orb,-99.34233382874201,scheme_b_pairwise,NA,False,45.55618384488444,32.97999999999996
1734763673600,F:\agent\UAV\data\IR-image\1734763673600.jpg,116.1710733642585,38.81216198077617,483.54,116.1716193,38.8121123,517.23,182.01451678338603,4.595376003122445,2.4625494803406127,7.4154635015786425,0.19786873021244245,0.9991472201614,0.9368231046931408,554,519,orb,-99.34233382874201,scheme_b_pairwise,NA,False,47.6234282122043,33.69
1734763673800,F:\agent\UAV\data\IR-image\1734763673800.jpg,116.17110648670673,38.81221783666172,483.54,116.1716735,38.8121121,518.03,184.88759584232625,10.813253182803216,-18.530454359565454,5.124251814024603,1.1518357572950317,1.0017772443188118,0.9420600858369099,466,439,orb,-99.34233382874201,scheme_b_pairwise,NA,False,50.515467030561446,34.48999999999995
1734763674000,F:\agent\UAV\data\IR-image\1734763674000.jpg,116.17113782380972,38.81219409802669,483.54,116.1717273,38.8121119,518.86,187.60581201108064,8.170668330399387,6.080480693362404,8.732596448949096,0.5882163266534169,1.0001068546658618,0.955108359133127,646,617,orb,-99.34233382874201,scheme_b_pairwise,NA,False,51.88581759198464,35.31999999999999
1734763674200,F:\agent\UAV\data\IR-image\1734763674200.jpg,116.17116153921512,38.8121636174109,483.54,116.171781,38.8121119,519.62,189.66291341181298,4.777566181442602,8.460386625700892,7.243512877566616,-0.11757449854782433,0.9996621990899561,0.9319213313161876,661,616,orb,-99.34233382874201,scheme_b_pairwise,NA,False,53.97962807723289,36.079999999999984
1734763674400,F:\agent\UAV\data\IR-image\1734763674400.jpg,116.17121669476779,38.81217994951403,483.54,116.1718345,38.8121121,520.39,194.4471691611741,6.595655901814599,-7.215412083028923,12.422299567244181,-0.5311720205635913,1.0000184699469854,0.8631415241057543,643,555,orb,-99.34233382874201,scheme_b_pairwise,NA,False,54.05803750453646,36.849999999999966
1734763674600,F:\agent\UAV\data\IR-image\1734763674600.jpg,116.17125296229115,38.812186296628326,483.54,116.1718877,38.8121125,521.17,197.59305563515764,7.302216665346289,-3.390345456891339,8.391058388304032,-0.7275064594327454,1.0019915797105865,0.8381818181818181,550,461,orb,-99.34233382874201,scheme_b_pairwise,NA,False,55.604883754317605,37.62999999999994
1734763674800,F:\agent\UAV\data\IR-image\1734763674800.jpg,116.17132596775015,38.81220214946605,483.54,116.1719408,38.8121128,521.95,203.9256326835934,9.066954560662117,-7.773137267845186,16.7349161815784,-0.2528219840557721,0.9985011094062668,0.8763796909492274,453,397,orb,-99.34233382874201,scheme_b_pairwise,NA,False,54.189929025516484,38.410000000000025
1734763675000,F:\agent\UAV\data\IR-image\1734763675000.jpg,116.17136139082314,38.81219085501021,483.54,116.1719936,38.812113,522.7,206.99827056608777,7.809655736464613,2.082232404267245,9.083016108049776,-0.06301162177817728,0.9998812408470727,0.8726968174204355,597,521,orb,-99.34233382874201,scheme_b_pairwise,NA,False,55.456860685466125,39.160000000000025
1734763675200,F:\agent\UAV\data\IR-image\1734763675200.jpg,116.17141194904788,38.81218569770929,483.54,116.1720462,38.8121133,523.5,211.38374883023465,7.2355449975186925,-0.40815334272872406,12.407829516709114,-0.14090697750163259,1.0005281167846474,0.9210526315789473,760,700,orb,-99.34233382874201,scheme_b_pairwise,NA,False,55.54041167087091,39.95999999999998
1734763675400,F:\agent\UAV\data\IR-image\1734763675400.jpg,116.1714372354591,38.81217184362133,483.54,116.1720986,38.8121136,524.27,213.57712107254514,5.693307926335993,3.2720478989677986,6.777590518528996,-0.05301770994637468,1.0001976524597695,0.9512578616352201,636,605,orb,-99.34233382874201,scheme_b_pairwise,NA,False,57.667943879915114,40.72999999999996
1734763675600,F:\agent\UAV\data\IR-image\1734763675600.jpg,116.17147570256581,38.812136244678946,483.54,116.1721507,38.8121138,525.07,216.91380192495131,1.730433660503273,9.455416459388914,11.047115219644695,0.31698381527162284,1.002396245921133,0.8809523809523809,630,555,orb,-99.34233382874201,scheme_b_pairwise,NA,False,58.5375700851908,41.53000000000003
1734763675800,F:\agent\UAV\data\IR-image\1734763675800.jpg,116.17151537501123,38.81211679598626,483.54,116.1722028,38.812114,525.76,220.35503523365523,-0.4345948089816556,4.4283749951918026,10.517502240621411,0.34006020459992037,1.0007106905818592,0.9184491978609626,748,687,orb,-99.34233382874201,scheme_b_pairwise,NA,False,59.56193326629383,42.21999999999997
1734763676000,F:\agent\UAV\data\IR-image\1734763676000.jpg,116.17153759793891,38.81218942533896,483.54,116.1722547,38.8121143,526.43,222.28267740843506,7.650504732729248,-23.27121800019114,1.6549252944007549,0.15818467353990331,1.0032464786747257,0.8966165413533834,532,477,orb,-99.34233382874201,scheme_b_pairwise,NA,False,62.69146913831768,42.88999999999993
1734763676200,F:\agent\UAV\data\IR-image\1734763676200.jpg,116.1715942935116,38.81216527002163,483.54,116.1723064,38.8121147,527.14,227.20051625763162,4.961534807562835,5.206695235772486,14.84591504568192,0.13398287299050762,1.0001243304369103,0.924219910846954,673,622,orb,-99.34233382874201,scheme_b_pairwise,NA,False,61.95530880567042,43.599999999999966
1734763676400,F:\agent\UAV\data\IR-image\1734763676400.jpg,116.17162339627832,38.81214186000753,483.54,116.172358,38.812115,527.73,229.72492354227657,2.355532037821665,6.067469977012138,8.179145231553377,-0.11016938848278252,0.9976547146285267,0.9111709286675639,743,677,orb,-99.34233382874201,scheme_b_pairwise,NA,False,63.71889191279308,44.19
1734763676600,F:\agent\UAV\data\IR-image\1734763676600.jpg,116.17164870371153,38.812127381561375,483.54,116.1724095,38.8121154,528.34,231.9201192552217,0.7437914124240512,3.4637175025439433,6.814310116436161,-0.2506085258648214,1.0034623628993373,0.8731642189586115,749,654,orb,-99.34233382874201,scheme_b_pairwise,NA,False,65.93174769060711,44.80000000000001
1734763676800,F:\agent\UAV\data\IR-image\1734763676800.jpg,116.17169057985238,38.812106397666845,483.54,116.1724608,38.8121158,528.97,235.5525036295515,-1.5921357269308696,4.814606577529219,11.124793449544256,-0.3258890022492275,0.999282870280584,0.9070385126162018,753,683,orb,-99.34233382874201,scheme_b_pairwise,NA,False,66.74300314091079,45.43000000000001
1734763677000,F:\agent\UAV\data\IR-image\1734763677000.jpg,116.17172174232564,38.81210712056986,483.54,116.172512,38.8121162,529.57,238.25557221716892,-1.5116621626478262,-1.4545340012978727,7.44988416193047,-0.047387346118236806,1.0005657558058447,0.9305724725943971,821,764,orb,-99.34233382874201,scheme_b_pairwise,NA,False,68.47838403574795,46.03000000000003
1734763677200,F:\agent\UAV\data\IR-image\1734763677200.jpg,116.17175385550897,38.81209313645745,483.54,116.1725631,38.8121165,530.19,241.04110648333946,-3.0683735566438624,3.0423186717234216,8.424266828429438,0.16496143501106805,1.00151218180446,0.9144385026737968,748,684,orb,-99.34233382874201,scheme_b_pairwise,NA,False,70.16415024217649,46.650000000000034
1734763677400,F:\agent\UAV\data\IR-image\1734763677400.jpg,116.17180462502202,38.812103231663464,483.54,116.1726141,38.8121167,530.8,245.4449121375214,-1.9445752235810139,-5.119116770476978,11.684939415321992,-0.010037014033005496,1.0015919598450698,0.9298469387755102,784,729,orb,-99.34233382874201,scheme_b_pairwise,NA,False,70.1519910047956,47.259999999999934
1734763677600,F:\agent\UAV\data\IR-image\1734763677600.jpg,116.17183948992364,38.81209991647886,483.54,116.172665,38.812117,531.36,248.469133597602,-2.3136215740617123,-0.3558544909353145,8.544188263481146,-0.237582965738779,1.0012403937911067,0.9404145077720207,772,726,orb,-99.34233382874201,scheme_b_pairwise,NA,False,71.55056808645614,47.81999999999999
1734763677800,F:\agent\UAV\data\IR-image\1734763677800.jpg,116.17188184968124,38.812100994292315,483.54,116.1727158,38.8121174,531.92,252.14346744014398,-2.193639379916986,-2.006515074394315,10.12194617015075,-0.5486051777580877,1.0007980133540986,0.9114927344782034,757,690,orb,-99.34233382874201,scheme_b_pairwise,NA,False,72.27966553602273,48.37999999999994
1734763678000,F:\agent\UAV\data\IR-image\1734763678000.jpg,116.17191635650504,38.81210608914309,483.54,116.1727664,38.8121176,532.42,255.13662882008717,-1.6264805911307567,-2.934661849562076,8.031581815780669,0.16537952416059656,1.0001571721016709,0.9459815546772069,759,718,orb,-99.34233382874201,scheme_b_pairwise,NA,False,73.6621339137887,48.87999999999994
1734763678200,F:\agent\UAV\data\IR-image\1734763678200.jpg,116.17193708004883,38.81209652752611,483.54,116.172817,38.8121177,532.93,256.93421272182894,-2.6908797940878397,2.1289451655163134,5.463669302734274,0.5293478273641685,1.0031599458513547,0.8962605548854041,829,743,orb,-99.34233382874201,scheme_b_pairwise,NA,False,76.27596941558684,49.38999999999993
1734763678400,F:\agent\UAV\data\IR-image\1734763678400.jpg,116.17195890981486,38.81205525873688,483.54,116.1728674,38.8121178,533.5,258.82775160490377,-7.284921409995877,11.861094802748198,7.337708922562172,0.049987781379484106,0.9999513839646331,0.944,875,826,orb,-99.34233382874201,scheme_b_pairwise,NA,False,79.02168471667788,49.95999999999998
1734763678600,F:\agent\UAV\data\IR-image\1734763678600.jpg,116.17201153005166,38.812058444163824,483.54,116.1729176,38.8121179,534.06,263.3920911544612,-6.930319683473759,-3.061859079954843,12.480045648788519,-0.32847057172445077,1.0016890078861485,0.9349593495934959,861,805,orb,-99.34233382874201,scheme_b_pairwise,NA,False,78.78326822156356,50.519999999999925
1734763678800,F:\agent\UAV\data\IR-image\1734763678800.jpg,116.17204622407839,38.812084615416545,483.54,116.1729678,38.812118,534.57,266.4014907303594,-4.016935830703391,-9.44028123269095,7.007500856662546,-0.17130549723015887,1.0020051965410228,0.9685746352413019,891,863,orb,-99.34233382874201,scheme_b_pairwise,NA,False,79.9351113545342,51.03000000000003
1734763679000,F:\agent\UAV\data\IR-image\1734763679000.jpg,116.17209398782659,38.81210667171171,483.54,116.173018,38.812118,535.05,270.54457290106797,-1.5616290523050664,-8.688129734028678,10.3561263473768,0.0009783742289923016,1.0008891484541305,0.9598965071151359,773,742,orb,-99.34233382874201,scheme_b_pairwise,NA,False,80.06984990929503,51.509999999999934
1734763679200,F:\agent\UAV\data\IR-image\1734763679200.jpg,116.17211910405418,38.81214237521397,483.54,116.1730681,38.8121179,535.54,272.7231832214035,2.4128848196211994,-12.000690903865916,4.223003211359071,0.08558958092109584,1.0010159030335184,0.9145860709592641,761,696,orb,-99.34233382874201,scheme_b_pairwise,NA,False,82.26963683882938,51.99999999999994
1734763679400,F:\agent\UAV\data\IR-image\1734763679400.jpg,116.1721511844036,38.8121462687424,483.54,116.1731181,38.8121179,536.09,275.5058694373169,2.846312404374838,-2.4683705273227474,7.509573924880783,0.11230377946414274,1.002165098031642,0.9537712895377128,822,784,orb,-99.34233382874201,scheme_b_pairwise,NA,False,83.83660052894726,52.55000000000001
1734763679600,F:\agent\UAV\data\IR-image\1734763679600.jpg,116.17220031932847,38.81216319909382,483.54,116.1731681,38.8121179,536.62,279.76788904163294,4.730999123560423,-7.161906041386715,10.945543770115876,0.18044417769909016,1.0011113706421773,0.8959778085991679,721,646,orb,-99.34233382874201,scheme_b_pairwise,NA,False,84.00332969163169,53.079999999999984
1734763679800,F:\agent\UAV\data\IR-image\1734763679800.jpg,116.17223398805069,38.812147387240486,483.54,116.1732181,38.812118,537.14,282.6883525316259,2.970823611074701,3.5443625491708985,8.890681669493574,0.3970235996030485,1.0008555032813238,0.8986710963455149,602,541,orb,-99.34233382874201,scheme_b_pairwise,NA,False,85.3297823290162,53.599999999999966
1734763680000,F:\agent\UAV\data\IR-image\1734763680000.jpg,116.17226623119,38.81210904684147,483.54,116.1732681,38.8121181,537.65,285.4851593282482,-1.2972296077393461,10.54664817952414,9.690907931083302,0.2644842749912354,1.0004762310994488,0.9422535211267605,710,669,orb,-99.34233382874201,scheme_b_pairwise,NA,False,86.81157241284532,54.10999999999996
1734763680200,F:\agent\UAV\data\IR-image\1734763680200.jpg,116.17228997942716,38.812068659226156,483.54,116.1733181,38.8121183,538.17,287.5451085943578,-5.793178944509451,11.51358887444485,7.753911666175497,-0.1276690938690039,0.9988680516779209,0.8975308641975308,810,727,orb,-99.34233382874201,scheme_b_pairwise,NA,False,89.25116562963494,54.62999999999994
1734763680400,F:\agent\UAV\data\IR-image\1734763680400.jpg,116.17232217695246,38.812040632226825,483.54,116.1733681,38.8121185,538.7,290.3379587801007,-8.913144510082915,7.3686509088476555,9.156824534237899,-0.3304432115207102,1.0005238255220343,0.9311163895486936,842,784,orb,-99.34233382874201,scheme_b_pairwise,NA,False,91.03550309808902,55.160000000000025
1734763680600,F:\agent\UAV\data\IR-image\1734763680600.jpg,116.17235168290281,38.812022381706605,483.54,116.1734181,38.8121188,539.24,292.89733867487416,-10.944792420523866,4.460773243118581,8.01430288663181,-0.44844688676226463,0.9989980668145051,0.897239263803681,652,585,orb,-99.34233382874201,scheme_b_pairwise,NA,False,93.01842828476693,55.69999999999999
1734763680800,F:\agent\UAV\data\IR-image\1734763680800.jpg,116.17237996535809,38.81202463096544,483.54,116.1734682,38.8121189,539.76,295.35059120718665,-10.69440492777806,-1.811307552412245,6.6805602053422035,-0.363360208349161,0.9999968219236184,0.9239904988123515,842,778,orb,-99.34233382874201,scheme_b_pairwise,NA,False,94.86973173546431,56.21999999999997
1734763681000,F:\agent\UAV\data\IR-image\1734763681000.jpg,116.17241607119166,38.81203532226107,483.54,116.1735183,38.812119,540.29,298.4824525236193,-9.504249898184154,-4.723341399636979,8.131864385440451,-0.19174975860449522,1.0009818993680506,0.9368295589988082,839,786,orb,-99.34233382874201,scheme_b_pairwise,NA,False,95.95355119313025,56.74999999999994
1734763681200,F:\agent\UAV\data\IR-image\1734763681200.jpg,116.1724630515012,38.812073122955944,483.54,116.1735684,38.8121191,540.79,302.55757832909467,-5.296276544318202,-13.511437134215555,9.36931030796785,0.07313027299180784,1.0037513860268705,0.9070063694267516,785,712,orb,-99.34233382874201,scheme_b_pairwise,NA,False,95.90799098211734,57.24999999999994
1734763681400,F:\agent\UAV\data\IR-image\1734763681400.jpg,116.17250244354325,38.81208373541729,483.54,116.1736187,38.8121191,541.29,305.9744891305603,-4.114897347803491,-4.828917928409965,8.92535017448671,0.23802015861382478,1.0055472541034303,0.8670360110803325,722,626,orb,-99.34233382874201,scheme_b_pairwise,NA,False,96.79664342582008,57.74999999999994
1734763681600,F:\agent\UAV\data\IR-image\1734763681600.jpg,116.17253675179688,38.81209598403146,483.54,116.173669,38.8121192,541.79,308.95042630678756,-2.7513816184521493,-5.132443053952102,7.621017582324214,0.04281420973461376,1.0022431609912845,0.9441141498216409,841,794,orb,-99.34233382874201,scheme_b_pairwise,NA,False,98.13627121197037,58.24999999999994
1734763681800,F:\agent\UAV\data\IR-image\1734763681800.jpg,116.17256769298258,38.81208045716986,483.54,116.1737194,38.8121192,542.27,311.6343001577533,-4.479831851342189,3.5642964812496984,8.220955764129542,0.33589778563594663,1.0009354083118718,0.7671068427370948,833,639,orb,-99.34233382874201,scheme_b_pairwise,NA,False,99.88125711126332,58.72999999999996
1734763682000,F:\agent\UAV\data\IR-image\1734763682000.jpg,116.17258997239536,38.8120519139975,483.54,116.1737699,38.8121191,542.75,313.56684191426376,-7.657257798061625,7.9197946713736656,6.800253711213884,0.19099017721272432,0.9993698755270072,0.9337579617834395,785,733,orb,-99.34233382874201,scheme_b_pairwise,NA,False,102.50606979957071,59.20999999999998
1734763682200,F:\agent\UAV\data\IR-image\1734763682200.jpg,116.17262015901936,38.81203283052913,483.54,116.1738205,38.8121191,543.22,316.18526422040617,-9.781629497843314,4.690683001066077,8.220079156804047,-0.001541006933039128,1.000414331767168,0.9289099526066351,844,784,orb,-99.34233382874201,scheme_b_pairwise,NA,False,104.44363735029307,59.68000000000001
1734763682400,F:\agent\UAV\data\IR-image\1734763682400.jpg,116.17266224220195,38.8120237410103,483.54,116.1738711,38.8121192,543.68,319.8356076310439,-10.793474733830655,1.1391811233502835,10.571217107050586,0.26153453407257354,1.0021261077380235,0.9399038461538461,832,782,orb,-99.34233382874201,scheme_b_pairwise,NA,False,105.27658984628589,60.13999999999993
1734763682600,F:\agent\UAV\data\IR-image\1734763682600.jpg,116.1726998703176,38.81199623577815,483.54,116.1739219,38.8121193,544.13,323.09951343809183,-13.855357176324087,6.993145015976438,10.435017861837366,-0.09110143475222451,1.000147758105237,0.9515011547344111,866,824,orb,-99.34233382874201,scheme_b_pairwise,NA,False,106.7620048192729,60.589999999999975
1734763682800,F:\agent\UAV\data\IR-image\1734763682800.jpg,116.17272041422319,38.811996205359684,483.54,116.1739727,38.8121194,544.58,324.8815153150803,-13.858743360395321,-0.8025888022667118,4.937063055846579,-0.3768946073712785,1.0012035836863544,0.8963675213675214,936,839,orb,-99.34233382874201,scheme_b_pairwise,NA,False,109.36421891491216,61.04000000000002
1734763683000,F:\agent\UAV\data\IR-image\1734763683000.jpg,116.17276117776736,38.811966851387886,483.54,116.1740237,38.8121195,545.04,328.4173917786645,-17.12642750089766,7.439220379206461,11.282054518616405,-0.7987672143411637,1.000071671458498,0.9406674907292955,809,761,orb,-99.34233382874201,scheme_b_pairwise,NA,False,110.69890888051088,61.49999999999994
1734763683200,F:\agent\UAV\data\IR-image\1734763683200.jpg,116.17280086912518,38.81198857799346,483.54,116.1740748,38.8121197,545.51,331.86026557294304,-14.707821768281999,-8.267431475285434,8.43351754387885,-0.604483655833081,1.0036733373971445,0.9208053691275168,745,686,orb,-99.34233382874201,scheme_b_pairwise,NA,False,111.33711916385573,61.96999999999997
1734763683400,F:\agent\UAV\data\IR-image\1734763683400.jpg,116.17285805987798,38.812001684306225,483.54,116.174126,38.8121198,546.04,336.82105690976596,-13.24882703126243,-6.301283196285738,13.074862487171686,-0.5705393655185326,1.000644273652103,0.9264367816091954,870,806,orb,-99.34233382874201,scheme_b_pairwise,NA,False,110.64155563361984,62.49999999999994
1734763683600,F:\agent\UAV\data\IR-image\1734763683600.jpg,116.17289903978367,38.81203689352024,483.54,116.1741774,38.8121196,546.58,340.37570081943585,-9.329337326812158,-12.47528156690288,8.059205302451232,-0.15269221860346646,1.0001409715348235,0.8453276047261009,931,787,orb,-99.34233382874201,scheme_b_pairwise,NA,False,111.14319901093968,63.04000000000002
1734763683800,F:\agent\UAV\data\IR-image\1734763683800.jpg,116.1729419358854,38.812044785730684,483.54,116.1742289,38.8121193,547.13,344.0965577667407,-8.450776460396872,-4.128710123038161,9.905153250741932,0.016079417036298924,1.0000797785900004,0.9538834951456311,824,786,orb,-99.34233382874201,scheme_b_pairwise,NA,False,111.81493941358146,63.589999999999975
1734763684000,F:\agent\UAV\data\IR-image\1734763684000.jpg,116.17299231689096,38.812087439579834,483.54,116.1742805,38.812119,547.68,348.4666638346426,-3.702549973142597,-15.142156271403792,9.940136376420185,0.47999262893464095,1.0012479116040816,0.9376391982182628,898,842,orb,-99.34233382874201,scheme_b_pairwise,NA,False,111.66827232022197,64.13999999999993
1734763684200,F:\agent\UAV\data\IR-image\1734763684200.jpg,116.17301451968069,38.812077600508665,483.54,116.1743323,38.8121185,548.19,350.39255922206456,-4.797835375617908,2.1560241064805723,5.833120376972943,0.5850801062779206,1.0007844004897384,0.9374325782092773,927,869,orb,-99.34233382874201,scheme_b_pairwise,NA,False,114.26807532352687,64.65000000000003
1734763684400,F:\agent\UAV\data\IR-image\1734763684400.jpg,116.17303495590966,38.81207112733826,483.54,116.1743843,38.8121181,548.72,352.1652211054,-5.51842870504653,1.18807918150668,5.237989256489584,0.19480249372927913,1.0023370084584582,0.952914798206278,892,850,orb,-99.34233382874201,scheme_b_pairwise,NA,False,117.02896553641177,65.18
1734763684600,F:\agent\UAV\data\IR-image\1734763684600.jpg,116.17308343916072,38.81208138462068,483.54,116.1744364,38.8121178,549.21,356.3707137792681,-4.376588025332798,-5.078726634211421,11.127461043170172,-0.04701287051842791,0.999110323611036,0.9217081850533808,843,777,orb,-99.34233382874201,scheme_b_pairwise,NA,False,117.29562439912982,65.67000000000002
1734763684800,F:\agent\UAV\data\IR-image\1734763684800.jpg,116.17310878133392,38.8120809571767,483.54,116.1744888,38.8121176,549.64,358.56892287932266,-4.424171090282394,-0.8698233429723246,6.109949338809088,-0.1569395562592927,1.0009425622058903,0.9485294117647058,952,903,orb,-99.34233382874201,scheme_b_pairwise,NA,False,119.63950737752938,66.09999999999997
1734763685000,F:\agent\UAV\data\IR-image\1734763685000.jpg,116.17315056638508,38.81209544259662,483.54,116.1745412,38.8121174,550.12,362.19340602761395,-2.8116541445407464,-6.117598396847939,9.303805289825277,-0.47642843963044035,1.0004881782589723,0.9634864546525324,849,818,orb,-99.34233382874201,scheme_b_pairwise,NA,False,120.51454818451812,66.57999999999998
1734763685200,F:\agent\UAV\data\IR-image\1734763685200.jpg,116.17319795719432,38.812093839140495,483.54,116.1745938,38.8121174,550.61,366.3041390481249,-2.9901508802175156,-1.378677975198059,11.466620442870294,-0.42016363386915995,1.0008639930029224,0.9559286463798531,953,911,orb,-99.34233382874201,scheme_b_pairwise,NA,False,120.96953151114377,67.07
1734763685400,F:\agent\UAV\data\IR-image\1734763685400.jpg,116.1732337561128,38.81210355511322,483.54,116.1746466,38.8121174,551.09,369.40937819782334,-1.9085687965129678,-4.4105020593361814,8.107601474038574,-0.18871045295815037,1.0012268209488913,0.8811111111111111,900,793,orb,-99.34233382874201,scheme_b_pairwise,NA,False,122.42386924089188,67.55000000000001
1734763685600,F:\agent\UAV\data\IR-image\1734763685600.jpg,116.17327347361349,38.81208881737535,483.54,116.1746996,38.8121173,551.6,372.8545196548688,-3.5491737765975584,2.974125132446204,10.289373410671885,-0.041359184406887316,1.0013065860985426,0.9550438596491229,912,871,orb,-99.34233382874201,scheme_b_pairwise,NA,False,123.6056307351617,68.06
1734763685800,F:\agent\UAV\data\IR-image\1734763685800.jpg,116.17331059490168,38.812057343824335,483.54,116.1747527,38.8121173,552.1,376.0744626664226,-7.052809474794078,8.23667818805302,10.514540760761179,0.056421464832517816,0.9999971952922234,0.9447576099210823,887,838,orb,-99.34233382874201,scheme_b_pairwise,NA,False,125.12726500510657,68.56
1734763686000,F:\agent\UAV\data\IR-image\1734763686000.jpg,116.17334863292001,38.81203568466066,483.54,116.174806,38.8121173,552.57,379.3739239013745,-9.463907576043283,5.174499865165842,10.236964701943293,0.3761762381642434,1.0008093139509158,0.9008350730688935,958,863,orb,-99.34233382874201,scheme_b_pairwise,NA,False,126.59760938140731,69.03000000000003
1734763686200,F:\agent\UAV\data\IR-image\1734763686200.jpg,116.1733757892757,38.81202189533608,483.54,116.1748594,38.8121172,553.04,381.7294972663672,-10.998935188004499,3.178173448989412,7.22354575194629,0.3044803770484015,1.000579589711955,0.9131313131313131,990,904,orb,-99.34233382874201,scheme_b_pairwise,NA,False,128.98186167393308,69.49999999999994
1734763686400,F:\agent\UAV\data\IR-image\1734763686400.jpg,116.17341227152676,38.81200459639897,483.54,116.174913,38.8121171,553.55,384.89400946759406,-12.92465286673948,3.8916557368578992,9.642040116947726,0.028942857512979904,1.0009967908793667,0.8969181721572795,941,844,orb,-99.34233382874201,scheme_b_pairwise,NA,False,130.629324740239,70.00999999999993
1734763686600,F:\agent\UAV\data\IR-image\1734763686600.jpg,116.17344478286358,38.8120059999164,483.54,116.1749667,38.8121171,554.05,387.7140800233089,-12.76841330634087,-1.7176910627351845,7.739415874827671,-0.12918235593742894,1.0008058000350457,0.9649464459591042,1027,991,orb,-99.34233382874201,scheme_b_pairwise,NA,False,132.44222190650072,70.50999999999993
1734763686800,F:\agent\UAV\data\IR-image\1734763686800.jpg,116.17349506716232,38.81204452397155,483.54,116.1750206,38.8121171,554.57,392.07579763310935,-8.479915486934761,-13.865046923421403,10.12637819014941,-0.14160648521741506,1.0010466140579475,0.9117647058823529,748,682,orb,-99.34233382874201,scheme_b_pairwise,NA,False,132.42417507520406,71.03000000000003
1734763687000,F:\agent\UAV\data\IR-image\1734763687000.jpg,116.17354318243932,38.81205571912511,483.54,116.1750746,38.8121172,555.08,396.249371814373,-7.233670992688464,-5.353344951078327,10.991486522383923,-0.2585788437887538,1.0011638299405443,0.9386281588447654,831,780,orb,-99.34233382874201,scheme_b_pairwise,NA,False,132.86390557498507,71.54000000000002
1734763687200,F:\agent\UAV\data\IR-image\1734763687200.jpg,116.17358884191995,38.8120575038652,483.54,116.1751288,38.8121173,555.56,400.20992740927153,-7.034993726077307,-2.3548894726602043,10.87882269927394,-0.17155745834881256,1.0003874328286457,0.9223416965352449,837,772,orb,-99.34233382874201,scheme_b_pairwise,NA,False,133.5934577002019,72.01999999999992
1734763687400,F:\agent\UAV\data\IR-image\1734763687400.jpg,116.1736318331549,38.81205837615226,483.54,116.1751831,38.8121174,556.02,403.9390363207914,-6.937890730414238,-1.9681059242229253,10.28407878186215,-0.08012382587992735,1.000954432706693,0.9604166666666667,960,922,orb,-99.34233382874201,scheme_b_pairwise,NA,False,134.56787057080533,72.47999999999996
1734763687600,F:\agent\UAV\data\IR-image\1734763687600.jpg,116.17365204112342,38.81203783547718,483.54,116.1752375,38.8121174,556.52,405.69189863231884,-9.224478680982692,5.534356648772132,5.896695245259082,0.1683656626620702,1.0010740454044478,0.9355179704016914,946,885,orb,-99.34233382874201,scheme_b_pairwise,NA,False,137.6548763263163,72.97999999999996
1734763687800,F:\agent\UAV\data\IR-image\1734763687800.jpg,116.17369170833781,38.81202404505199,483.54,116.1752921,38.8121174,557.05,409.1326781971521,-10.759628812151426,2.6840396820321644,10.22924210447377,0.13171457560752903,1.0006983166962102,0.9543650793650794,1008,962,orb,-99.34233382874201,scheme_b_pairwise,NA,False,139.05213353972655,73.50999999999993
1734763688000,F:\agent\UAV\data\IR-image\1734763688000.jpg,116.17372254442901,38.811996273635394,483.54,116.1753468,38.8121175,557.62,411.80743603037615,-13.851142908380666,7.343658978819292,8.816786256724129,0.1814344470350135,1.0010304535141117,0.9581993569131833,933,894,orb,-99.34233382874201,scheme_b_pairwise,NA,False,141.37590638788222,74.07999999999998
1734763688200,F:\agent\UAV\data\IR-image\1734763688200.jpg,116.1737672604045,38.81199710618876,483.54,116.1754015,38.8121175,558.24,415.6861509099901,-13.758463067345428,-2.024023144703733,10.700450243624687,0.3501501450468698,1.0001604851264416,0.9537275064267352,778,742,orb,-99.34233382874201,scheme_b_pairwise,NA,False,142.22829949102558,74.69999999999999
1734763688400,F:\agent\UAV\data\IR-image\1734763688400.jpg,116.17380672504582,38.811972342142084,483.54,116.1754564,38.8121174,558.88,419.1093590541765,-16.515196743654393,6.075404019549808,10.737188733619746,0.20634558781489187,1.0008964350083815,0.888402625820569,914,812,orb,-99.34233382874201,scheme_b_pairwise,NA,False,143.84148607865254,75.33999999999997
1734763688600,F:\agent\UAV\data\IR-image\1734763688600.jpg,116.17384659922838,38.81200438177655,483.54,116.1755113,38.8121173,559.52,422.5680912754224,-12.94854463391463,-11.454343127456411,7.95433365896946,0.2961992630730301,1.0002073302593093,0.9116647791619479,883,805,orb,-99.34233382874201,scheme_b_pairwise,NA,False,144.7816068625866,75.97999999999996
1734763688800,F:\agent\UAV\data\IR-image\1734763688800.jpg,116.17387769381001,38.81202375401497,483.54,116.1755663,38.8121173,560.22,425.26527086488,-10.79202705311947,-7.201764418084622,6.487626356172768,0.03741813020189916,1.001562723806744,0.9513742071881607,946,900,orb,-99.34233382874201,scheme_b_pairwise,NA,False,146.67666875614938,76.68
1734763689000,F:\agent\UAV\data\IR-image\1734763689000.jpg,116.17394249708525,38.812000834431196,483.54,116.1756214,38.8121174,560.86,430.8863811083601,-13.34343511942346,4.505252241751407,16.731050207263763,-0.2599720918642048,1.0010593869947217,0.9421593830334191,778,733,orb,-99.34233382874201,scheme_b_pairwise,NA,False,146.04297782039393,77.32
1734763689200,F:\agent\UAV\data\IR-image\1734763689200.jpg,116.17397365500925,38.81197536994772,483.54,116.1756766,38.8121174,561.41,433.58905508752576,-16.17814142011707,6.61967149952369,8.777089978046888,0.08483993479936408,1.000346803178706,0.9231843575418994,716,661,orb,-99.34233382874201,scheme_b_pairwise,NA,False,148.3925893692817,77.86999999999995
1734763689400,F:\agent\UAV\data\IR-image\1734763689400.jpg,116.17400214102736,38.81196977616079,483.54,116.1757319,38.8121173,562.03,436.0599648930212,-16.80084178122201,0.5987940399914464,7.1272862519846285,0.32011502485531784,1.0008098481705887,0.9479830148619958,942,893,orb,-99.34233382874201,scheme_b_pairwise,NA,False,150.76811290545385,78.48999999999995
1734763689600,F:\agent\UAV\data\IR-image\1734763689600.jpg,116.17401985531853,38.81196836227468,483.54,116.1757872,38.8121173,562.66,437.5965227780472,-16.958235582009692,-0.26420541813217824,4.327442704069313,0.09825335977321793,1.00114310145451,0.9253246753246753,924,855,orb,-99.34233382874201,scheme_b_pairwise,NA,False,154.02258676760553,79.11999999999995
1734763689800,F:\agent\UAV\data\IR-image\1734763689800.jpg,116.17408369601775,38.81200156254383,483.54,116.1758426,38.8121173,563.26,443.13413807673817,-13.262381621521136,-12.759427896914929,13.653239902738449,-0.03755937956844738,1.0008170667199698,0.9600840336134454,952,914,orb,-99.34233382874201,scheme_b_pairwise,NA,False,152.94068799206693,79.71999999999997
1734763690000,F:\agent\UAV\data\IR-image\1734763690000.jpg,116.17410356077625,38.81196330401252,483.54,116.175898,38.8121173,563.85,444.85722995780503,-17.5213213259419,11.010644051489862,6.712941667524376,-0.0025109678564626077,1.0014840012199981,0.8842105263157894,950,840,orb,-99.34233382874201,scheme_b_pairwise,NA,False,156.417337139292,80.31
1734763690200,F:\agent\UAV\data\IR-image\1734763690200.jpg,116.17414211667182,38.81195462940268,483.54,116.1759534,38.8121173,564.49,448.2016124562345,-18.486978893901142,1.1506682624276436,9.702767335040903,-0.29104368025578026,1.000859201858629,0.9462474645030426,986,933,orb,-99.34233382874201,scheme_b_pairwise,NA,False,157.97563006912617,80.94999999999999
1734763690400,F:\agent\UAV\data\IR-image\1734763690400.jpg,116.17419625158816,38.811949826986464,483.54,116.1760089,38.8121174,565.1,452.8973370427557,-19.02158386737895,-0.6589338775605711,13.249102245836525,-0.9481389053254601,1.0006803362592096,0.9444444444444444,954,901,orb,-99.34233382874201,scheme_b_pairwise,NA,False,158.1564315056985,81.56
1734763690600,F:\agent\UAV\data\IR-image\1734763690600.jpg,116.17423892679221,38.811959309017496,483.54,116.1760645,38.8121177,565.67,456.5990330722059,-17.96604417245316,-4.61014874819233,9.771444005797889,-0.8092591327826121,1.0007670376453273,0.9501590668080594,943,896,orb,-99.34233382874201,scheme_b_pairwise,NA,False,159.1523117638088,82.12999999999994
1734763690800,F:\agent\UAV\data\IR-image\1734763690800.jpg,116.17429160464434,38.81196080526578,483.54,116.1761201,38.8121177,566.25,461.1683702415457,-17.799481813751395,-2.5433331481315804,12.57956724948582,-0.24984554058668842,1.0012110351113441,0.9589905362776026,951,912,orb,-99.34233382874201,scheme_b_pairwise,NA,False,159.38564700933213,82.70999999999998
1734763691000,F:\agent\UAV\data\IR-image\1734763691000.jpg,116.17433684384106,38.81200487802876,483.54,116.1761758,38.8121175,566.77,465.0924699282299,-12.89330183856806,-15.376409674845831,8.632883795321504,0.3597113155031651,1.0012787845858384,0.9253897550111359,898,831,orb,-99.34233382874201,scheme_b_pairwise,NA,False,159.82566432344595,83.22999999999996
1734763691200,F:\agent\UAV\data\IR-image\1734763691200.jpg,116.17436858710293,38.81201955325965,483.54,116.1762315,38.8121172,567.3,467.84591678503676,-11.25965513579052,-5.779233611285576,6.881712534666235,0.6187752990865069,1.0014248436254392,0.9711934156378601,972,944,orb,-99.34233382874201,scheme_b_pairwise,NA,False,161.774766345092,83.75999999999993
1734763691400,F:\agent\UAV\data\IR-image\1734763691400.jpg,116.17440629208146,38.81203977753135,483.54,116.1762871,38.8121169,567.85,471.1164897644378,-9.008289209903756,-7.725727180449439,8.032507370868814,0.4731496046562062,1.0015893649281464,0.9527093596059113,1015,967,orb,-99.34233382874201,scheme_b_pairwise,NA,False,163.18593988844418,84.31
1734763691600,F:\agent\UAV\data\IR-image\1734763691600.jpg,116.17443826033958,38.81206526008665,483.54,116.1763428,38.8121167,568.39,473.889453053641,-6.171571154834966,-9.120211910573005,6.387587967694003,0.17974025311774688,1.0010408574383254,0.9558067831449126,973,930,orb,-99.34233382874201,scheme_b_pairwise,NA,False,165.1157360803332,84.84999999999997
1734763691800,F:\agent\UAV\data\IR-image\1734763691800.jpg,116.17446551570798,38.81196025222053,483.54,116.1763985,38.8121167,568.92,476.2536148940807,-17.861046810410905,31.298519426839675,11.8741967487191,-0.20766395755419498,1.0027856809130489,0.8277254374158816,743,615,orb,-99.34233382874201,scheme_b_pairwise,NA,False,168.3823553876006,85.37999999999994
1734763692000,F:\agent\UAV\data\IR-image\1734763692000.jpg,116.17449918714973,38.81194598773392,483.54,116.1764542,38.8121167,569.42,479.1743142806171,-19.448969460304784,3.0671750531624866,8.812848178376669,0.04894020089763367,1.0007903369667774,0.9708835341365462,996,967,orb,-99.34233382874201,scheme_b_pairwise,NA,False,170.45025955686717,85.87999999999994
1734763692200,F:\agent\UAV\data\IR-image\1734763692200.jpg,116.17454248070915,38.8119631699151,483.54,116.17651,38.8121167,569.93,482.92964716175135,-17.536249050965704,-7.008678239488006,9.52942574983922,-0.0734772027253591,1.00132144727778,0.9265734265734266,858,795,orb,-99.34233382874201,scheme_b_pairwise,NA,False,171.326233673226,86.38999999999993
1734763692400,F:\agent\UAV\data\IR-image\1734763692400.jpg,116.17459551002466,38.811983819932514,483.54,116.1765658,38.8121166,570.43,487.52947066573256,-15.237489112906013,-8.462663621011757,11.692470042732225,-0.048089719620164215,1.0004905517083447,0.9471413160733549,927,878,orb,-99.34233382874201,scheme_b_pairwise,NA,False,171.35086950876033,86.88999999999993
1734763692600,F:\agent\UAV\data\IR-image\1734763692600.jpg,116.17463076896047,38.81198660786999,483.54,116.1766216,38.8121166,570.97,490.58787110203997,-14.927135913155887,-2.2531265547639237,8.32928432434909,0.16123991875289348,1.001507332417712,0.953125,960,915,orb,-99.34233382874201,scheme_b_pairwise,NA,False,173.09791015594843,87.43
1734763692800,F:\agent\UAV\data\IR-image\1734763692800.jpg,116.17467489803356,38.81198654037206,483.54,116.1766773,38.8121164,571.53,494.41567739579585,-14.934649782557342,-1.723325265313008,10.605104479831766,0.27111590888383097,1.0015778020013455,0.9023668639053254,1014,915,orb,-99.34233382874201,scheme_b_pairwise,NA,False,174.09575656418806,87.98999999999995
1734763693000,F:\agent\UAV\data\IR-image\1734763693000.jpg,116.17471001327952,38.81197879521401,483.54,116.1767331,38.8121162,572.09,497.4616140099154,-15.796840776307915,1.0000887077011384,8.829032478944441,0.17711583619689744,1.0009875350346742,0.9347319347319347,858,802,orb,-99.34233382874201,scheme_b_pairwise,NA,False,175.9527281736079,88.55000000000001
1734763693200,F:\agent\UAV\data\IR-image\1734763693200.jpg,116.17473478591457,38.811965785210205,483.54,116.1767887,38.812116,572.66,499.61042071911174,-17.245114400258174,3.03210834861693,6.6113452743559264,0.17379054590295084,1.0010889844801565,0.9195278969957081,932,857,orb,-99.34233382874201,scheme_b_pairwise,NA,False,178.74128823827016,89.11999999999995
1734763693400,F:\agent\UAV\data\IR-image\1734763693400.jpg,116.17477209243722,38.81196397408156,483.54,116.1768444,38.8121158,573.23,502.8464311816731,-17.44672924150389,-0.9160824870257898,9.054479516228866,-0.1093692468174482,1.0012062824288697,0.9472049689440993,966,915,orb,-99.34233382874201,scheme_b_pairwise,NA,False,180.34474332847188,89.69
1734763693600,F:\agent\UAV\data\IR-image\1734763693600.jpg,116.17480275787577,38.81199332278515,483.54,116.1769001,38.8121158,573.77,505.5063864089415,-14.179631557000233,-10.26072051562221,5.878493234020937,-0.13710669686655116,1.0014290774060026,0.9558521560574949,974,931,orb,-99.34233382874201,scheme_b_pairwise,NA,False,182.23148074789796,90.22999999999996
1734763693800,F:\agent\UAV\data\IR-image\1734763693800.jpg,116.17483967489734,38.81199967651943,483.54,116.1769557,38.8121157,574.31,508.7086111023546,-13.47233385780708,-3.4180569626191755,8.546759710952244,-0.1699219046550758,1.0011398239838594,0.9131378935939196,921,841,orb,-99.34233382874201,scheme_b_pairwise,NA,False,183.79398495844546,90.76999999999992
1734763694000,F:\agent\UAV\data\IR-image\1734763694000.jpg,116.1748843820223,38.81202548232019,483.54,116.1770114,38.8121157,574.84,512.5865582762843,-10.59963211717709,-9.723358882152525,9.431609814625347,-0.07394862626666701,1.0009339151084775,0.9522842639593908,985,938,orb,-99.34233382874201,scheme_b_pairwise,NA,False,184.56589406081537,91.30000000000001
1734763694200,F:\agent\UAV\data\IR-image\1734763694200.jpg,116.17492020210194,38.81201008255404,483.54,116.1770672,38.8121157,575.37,515.6936329706148,-12.313934084368773,3.3322797136801796,9.386627015489864,-0.07066334907047064,1.0008290610007606,0.9350912778904665,986,922,orb,-99.34233382874201,scheme_b_pairwise,NA,False,186.3945692270326,91.82999999999998
1734763694400,F:\agent\UAV\data\IR-image\1734763694400.jpg,116.17497968779418,38.812020502357356,483.54,116.1771229,38.8121157,575.89,520.8534899793688,-11.154001579469544,-5.563689783469272,13.762471976335235,-0.1047695819963456,1.0000783666798183,0.9296482412060302,796,740,orb,-99.34233382874201,scheme_b_pairwise,NA,False,185.99766570750376,92.34999999999997
1734763694600,F:\agent\UAV\data\IR-image\1734763694600.jpg,116.1750020561454,38.81199803897622,483.54,116.1771785,38.8121158,576.43,522.7937463598887,-13.654625167337455,6.0417743718703605,6.513236206685292,-0.11334413181030802,1.0007196780916718,0.9539406345957011,977,932,orb,-99.34233382874201,scheme_b_pairwise,NA,False,189.0296322599584,92.88999999999993
1734763694800,F:\agent\UAV\data\IR-image\1734763694800.jpg,116.17505259536262,38.811985105567615,483.54,116.1772341,38.8121158,577.01,527.1775758893523,-15.094372213382377,1.9901068417419765,12.79768940362942,0.009856674409165017,1.001370692851011,0.964984552008239,971,937,orb,-99.34233382874201,scheme_b_pairwise,NA,False,189.5719054840375,93.46999999999997
1734763695000,F:\agent\UAV\data\IR-image\1734763695000.jpg,116.17508130046572,38.811964007330246,483.54,116.1772897,38.8121159,577.59,529.6674893769487,-17.443027997437913,5.370426157230725,7.9663496202527995,0.1778382862927458,0.9998094676734166,0.918732782369146,726,667,orb,-99.34233382874201,scheme_b_pairwise,NA,False,192.08832825118154,94.05000000000001
1734763695200,F:\agent\UAV\data\IR-image\1734763695200.jpg,116.17510878125441,38.81192851763271,483.54,116.1773453,38.8121159,578.2,532.0512044328286,-21.393741126944505,9.855952274201911,8.402193016014735,0.229010338065567,1.001884595433111,0.9227272727272727,880,812,orb,-99.34233382874201,scheme_b_pairwise,NA,False,194.8977255843912,94.66000000000003
1734763695400,F:\agent\UAV\data\IR-image\1734763695400.jpg,116.17514820386162,38.81191921989965,483.54,116.1774008,38.812116,578.81,535.4707664911588,-22.4287647711247,1.3085324726515637,9.942594928134554,0.03167545201383771,1.0003032882901775,0.9519038076152304,998,950,orb,-99.34233382874201,scheme_b_pairwise,NA,False,196.39649631063307,95.26999999999992
1734763695600,F:\agent\UAV\data\IR-image\1734763695600.jpg,116.17517431274882,38.8119224768233,483.54,116.1774563,38.8121161,579.41,537.7354812404459,-22.06620403057842,-2.036081053699718,6.10726505147818,-0.23867227863339177,1.0011361795564406,0.9292502639915523,947,880,orb,-99.34233382874201,scheme_b_pairwise,NA,False,198.88909545245795,95.86999999999995
1734763695800,F:\agent\UAV\data\IR-image\1734763695800.jpg,116.17521086402701,38.81191450626616,483.54,116.1775117,38.8121163,580.0,540.9059809338071,-22.953486450530303,1.0128261167361075,9.185461399565554,-0.13660661949106323,1.0010816593700138,0.9534653465346534,1010,963,orb,-99.34233382874201,scheme_b_pairwise,NA,False,200.61230060446482,96.45999999999998
1734763696000,F:\agent\UAV\data\IR-image\1734763696000.jpg,116.17524281296215,38.811916766253496,483.54,116.1775672,38.8121164,580.57,543.6772681242885,-22.701904660650705,-1.9595275053740124,7.5608604744000445,0.06615112540505208,1.000804225735449,0.9606801275239107,941,904,orb,-99.34233382874201,scheme_b_pairwise,NA,False,202.6137238001938,97.03000000000003
1734763696200,F:\agent\UAV\data\IR-image\1734763696200.jpg,116.17527772817857,38.811917305803796,483.54,116.1776227,38.8121165,581.15,546.7058539475516,-22.641841921489057,-1.5463247726462441,8.360752898012095,0.17542062438492292,1.0008022349140322,0.9631966351209253,951,916,orb,-99.34233382874201,scheme_b_pairwise,NA,False,204.3813237554221,97.60999999999996
1734763696400,F:\agent\UAV\data\IR-image\1734763696400.jpg,116.17530756714255,38.811916053622106,483.54,116.1776782,38.8121165,581.74,549.2941198252574,-22.78123478712283,-0.7932713726377187,7.232102839025345,-0.14480585716565103,1.000498923265702,0.9447983014861996,942,890,orb,-99.34233382874201,scheme_b_pairwise,NA,False,206.60671853979017,98.19999999999999
1734763696600,F:\agent\UAV\data\IR-image\1734763696600.jpg,116.17534238269106,38.81191001195512,483.54,116.1777337,38.8121165,582.35,552.3140603392396,-23.453793156341945,0.4867179498740484,8.67062648728654,-0.43079984103233887,1.0008186780554713,0.9634966378482228,1041,1003,orb,-99.34233382874201,scheme_b_pairwise,NA,False,208.46146430697132,98.81
1734763696800,F:\agent\UAV\data\IR-image\1734763696800.jpg,116.17538790905235,38.81192372425386,483.54,116.1777892,38.8121165,582.96,556.2630690104353,-21.927340060797764,-6.02710144427914,10.241842063626677,-0.4020906654517581,1.0007371394879137,0.9484126984126984,1008,956,orb,-99.34233382874201,scheme_b_pairwise,NA,False,209.15860496070917,99.42000000000002
1734763697000,F:\agent\UAV\data\IR-image\1734763697000.jpg,116.17542312601343,38.81191847221995,483.54,116.1778448,38.8121165,583.56,559.3178285111401,-22.511996475472998,0.22739513234785136,8.727010431141537,-0.2740347140101865,1.000706304753974,0.9650485436893204,1030,994,orb,-99.34233382874201,scheme_b_pairwise,NA,False,210.9756105980921,100.01999999999992
1734763697200,F:\agent\UAV\data\IR-image\1734763697200.jpg,116.17545529984464,38.81190607583602,483.54,116.1779005,38.8121164,584.16,562.1086234449326,-23.891961934617044,2.550397409707955,8.358302926902695,-0.12274614560451508,1.0008209307205984,0.9482576557550159,947,898,orb,-99.34233382874201,scheme_b_pairwise,NA,False,213.14868863861147,100.61999999999995
1734763697400,F:\agent\UAV\data\IR-image\1734763697400.jpg,116.175493015126,38.81191630459181,483.54,116.1779562,38.8121162,584.77,565.3800901038588,-22.75329683990313,-4.644343373064487,8.541983552700742,0.30623291849387463,1.0012831081050715,0.9298780487804879,984,915,orb,-99.34233382874201,scheme_b_pairwise,NA,False,214.5743786176361,101.22999999999996
1734763697600,F:\agent\UAV\data\IR-image\1734763697600.jpg,116.17553906136203,38.81195877112947,483.54,116.1780119,38.8121158,585.36,569.3741933049002,-18.02592186805633,-14.9130795634033,8.90824129373891,0.24297912150392906,1.0013015611588767,0.9338159255429163,967,903,orb,-99.34233382874201,scheme_b_pairwise,NA,False,214.9667108632517,101.82
1734763697800,F:\agent\UAV\data\IR-image\1734763697800.jpg,116.17556554943249,38.81198158276216,483.54,116.1780678,38.8121156,585.94,571.671798845084,-15.486530916399106,-8.080123849249048,5.206490531861505,0.09907859321705337,1.0013457447317873,0.9393305439330544,956,898,orb,-99.34233382874201,scheme_b_pairwise,NA,False,217.31627481448095,102.40000000000003
1734763698000,F:\agent\UAV\data\IR-image\1734763698000.jpg,116.17560192312845,38.81194954908009,483.54,116.1781236,38.8121156,586.53,574.82689485167,-19.052520404569528,8.4389237869907,10.363348743765528,0.029343087824664976,1.000636315886041,0.9543147208121827,985,940,orb,-99.34233382874201,scheme_b_pairwise,NA,False,219.26674667598883,102.98999999999995
1734763698200,F:\agent\UAV\data\IR-image\1734763698200.jpg,116.17562954830294,38.81193251752691,483.54,116.1781797,38.8121155,587.11,577.2231340965803,-20.94847290398479,4.159279422410918,7.500631033561547,0.18959142470007176,0.999955731069528,0.9443298969072165,970,916,orb,-99.34233382874201,scheme_b_pairwise,NA,False,221.88999108223743,103.57
1734763698400,F:\agent\UAV\data\IR-image\1734763698400.jpg,116.17565506108996,38.81188768695707,483.54,116.1782358,38.8121154,587.69,579.4361424341078,-25.93901193926337,12.813687646740902,8.40319090055391,0.21130822704340524,1.0007210632494143,0.9618497109826589,865,832,orb,-99.34233382874201,scheme_b_pairwise,NA,False,225.0344711178136,104.15000000000003
1734763698600,F:\agent\UAV\data\IR-image\1734763698600.jpg,116.17568893728236,38.811879667764835,483.54,116.1782921,38.8121153,588.27,582.3746021253803,-26.831708418611534,1.1335499533852271,8.545258894762583,-0.028417561112260598,0.9999465717528142,0.9299287410926366,842,783,orb,-99.34233382874201,scheme_b_pairwise,NA,False,227.06506288789834,104.72999999999996
1734763698800,F:\agent\UAV\data\IR-image\1734763698800.jpg,116.17573079571635,38.811878860824564,483.54,116.1783485,38.8121151,588.86,586.0054505853545,-26.92153700979695,-1.4055987218553128,10.097106984494246,0.44358128222195237,1.0005671806590453,0.9422135161606269,1021,962,orb,-99.34233382874201,scheme_b_pairwise,NA,False,228.32438816243547,105.32
1734763699000,F:\agent\UAV\data\IR-image\1734763699000.jpg,116.17577273433783,38.81189256181828,483.54,116.178405,38.8121148,589.48,589.6432545999695,-25.39634238913905,-5.881815824737089,9.380487745805453,0.6372184589653955,1.0007282619297924,0.9573412698412699,1008,965,orb,-99.34233382874201,scheme_b_pairwise,NA,False,229.40476785045678,105.94
1734763699200,F:\agent\UAV\data\IR-image\1734763699200.jpg,116.1758119844865,38.81189605004168,483.54,116.1784617,38.8121144,590.12,593.0478574071994,-25.0080333602471,-2.6267836162157323,9.252622963575845,0.5632821029971932,1.000619512929519,0.846307385229541,1002,848,orb,-99.34233382874201,scheme_b_pairwise,NA,False,230.86207658979416,106.57999999999998
1734763699400,F:\agent\UAV\data\IR-image\1734763699400.jpg,116.17584985145395,38.81190484761055,483.54,116.1785184,38.8121142,590.75,596.3324814908013,-24.028687993587074,-4.209078776505066,8.651018876145372,0.1604695133292622,1.0006047011745056,0.9655172413793104,957,924,orb,-99.34233382874201,scheme_b_pairwise,NA,False,232.38249022381012,107.20999999999998
1734763699600,F:\agent\UAV\data\IR-image\1734763699600.jpg,116.1758850208505,38.81192090893444,483.54,116.1785753,38.812114,591.38,599.3831151900787,-22.240741418543404,-6.342003018034859,7.634509267090891,-0.19696155593126832,1.0009555551940799,0.9592476489028213,957,918,orb,-99.34233382874201,scheme_b_pairwise,NA,False,234.08312321448977,107.83999999999997
1734763699800,F:\agent\UAV\data\IR-image\1734763699800.jpg,116.17591744338434,38.81191400113902,483.54,116.1786322,38.8121139,592.04,602.195482873387,-23.009717203818248,0.848340722352475,8.13965505218664,-0.283770003492176,1.0001514071381834,0.9053916581892166,983,890,orb,-99.34233382874201,scheme_b_pairwise,NA,False,236.26511400728054,108.49999999999994
1734763700000,F:\agent\UAV\data\IR-image\1734763700000.jpg,116.17595987656199,38.811899215125784,483.54,116.1786892,38.8121138,592.71,605.8761852564501,-24.655696197855924,2.881676169541379,10.944243214417952,-0.15336997801840038,1.0005493362339009,0.9046015712682379,891,806,orb,-99.34233382874201,scheme_b_pairwise,NA,False,237.68007866851747,109.17000000000002
1734763700200,F:\agent\UAV\data\IR-image\1734763700200.jpg,116.17600727302114,38.81189891373107,483.54,116.1787463,38.8121137,593.34,609.9874083558753,-24.689247457087838,-1.780349407853464,11.401933530512224,-0.03516522396489787,1.000595015951284,0.9637826961770624,994,958,orb,-99.34233382874201,scheme_b_pairwise,NA,False,238.5188412583876,109.80000000000001
1734763700400,F:\agent\UAV\data\IR-image\1734763700400.jpg,116.17604313885278,38.81189653328975,483.54,116.1788036,38.8121135,593.97,613.0984516297085,-24.954238185140053,-0.6836123377352123,8.737241395348121,0.016753404660075626,0.999995497922411,0.9540983606557377,915,873,orb,-99.34233382874201,scheme_b_pairwise,NA,False,240.39093653590132,110.43
1734763700600,F:\agent\UAV\data\IR-image\1734763700600.jpg,116.1760622063224,38.81185879157697,483.54,116.1788608,38.8121133,594.66,614.7523857624266,-29.15564565249754,10.882811592582527,6.495184457006303,0.07919024602511766,0.9994902334205424,0.9143798024149287,911,833,orb,-99.34233382874201,scheme_b_pairwise,NA,False,244.12713749683112,111.11999999999995
1734763700800,F:\agent\UAV\data\IR-image\1734763700800.jpg,116.17613604852072,38.81192946966929,483.54,116.1789181,38.812113,595.35,621.15754253663,-21.287760414675073,-24.70978554572565,14.155043679212383,0.22932758125901004,1.003168505150125,0.9144542772861357,678,620,orb,-99.34233382874201,scheme_b_pairwise,NA,False,241.91020320860736,111.81
1734763701000,F:\agent\UAV\data\IR-image\1734763701000.jpg,116.17615974358604,38.81195656418036,483.54,116.1789755,38.8121128,595.96,623.2128796156371,-18.27159944176812,-9.290220198175632,4.31825209675975,0.419301183789195,0.9999160902658227,0.8319039451114922,583,485,orb,-99.34233382874201,scheme_b_pairwise,NA,False,244.5859072153697,112.42000000000002
1734763701200,F:\agent\UAV\data\IR-image\1734763701200.jpg,116.17619497312694,38.811944707797686,483.54,116.1790329,38.8121126,596.6,626.2687303038682,-19.59145196191393,2.2631332687250847,9.065023996207401,0.026700118667225284,1.0007678488076674,0.9255429162357808,967,895,orb,-99.34233382874201,scheme_b_pairwise,NA,False,246.59678577746968,113.06
1734763701400,F:\agent\UAV\data\IR-image\1734763701400.jpg,116.17622332690131,38.811926130720586,483.54,116.1790903,38.8121126,597.28,628.7281691353413,-21.659452184254448,4.606994440082474,7.754065090580468,-0.07333942318825915,1.0000389104125105,0.9388164493480441,997,936,orb,-99.34233382874201,scheme_b_pairwise,NA,False,249.26966682944885,113.73999999999995
1734763701600,F:\agent\UAV\data\IR-image\1734763701600.jpg,116.17626774334437,38.81191563970974,483.54,116.1791477,38.8121127,598.01,632.580902228557,-22.827311511906505,1.47906678057808,11.202853199941046,0.06421227566746289,1.0011921767839478,0.8289637952559301,801,664,orb,-99.34233382874201,scheme_b_pairwise,NA,False,250.49102057100873,114.46999999999997
1734763701800,F:\agent\UAV\data\IR-image\1734763701800.jpg,116.17629961804771,38.81187849964441,483.54,116.1792051,38.8121126,598.79,635.3457504685642,-26.961743584593343,10.191126357533108,9.541509599589972,0.12393149008645407,0.9996869407925927,0.912472647702407,914,834,orb,-99.34233382874201,scheme_b_pairwise,NA,False,253.08470452657338,115.24999999999994
1734763702000,F:\agent\UAV\data\IR-image\1734763702000.jpg,116.17634492111966,38.811870714655285,483.54,116.1792625,38.8121126,599.61,639.2753907668565,-27.828368573448238,0.6097106331855571,11.278602061678953,-0.07670445596387501,0.9988637046245217,0.8615879828326181,932,803,orb,-99.34233382874201,scheme_b_pairwise,NA,False,254.21743710772668,116.07
1734763702200,F:\agent\UAV\data\IR-image\1734763702200.jpg,116.17638821419011,38.8118484245914,483.54,116.1793199,38.8121126,600.4,643.0306812346879,-30.309698485037895,5.161319218553615,11.531452843431111,0.3221652787798182,1.000441727308553,0.942578548212351,923,870,orb,-99.34233382874201,scheme_b_pairwise,NA,False,255.70579344146597,116.85999999999996
1734763702400,F:\agent\UAV\data\IR-image\1734763702400.jpg,116.17644805553927,38.81188082738694,483.54,116.1793776,38.8121126,601.04,648.2213883318456,-26.70261928528792,-12.355484578786559,12.732875995484846,0.055949088638152275,1.001622608687103,0.9074262461851476,983,892,orb,-99.34233382874201,scheme_b_pairwise,NA,False,255.13232847701585,117.49999999999994
1734763702600,F:\agent\UAV\data\IR-image\1734763702600.jpg,116.17646499045696,38.81185843632529,483.54,116.1794354,38.8121127,601.61,649.6903424707124,-29.195192269007073,6.234225409686246,5.204226061618385,-0.13362517792334408,0.999906853469101,0.9391727493917275,822,772,orb,-99.34233382874201,scheme_b_pairwise,NA,False,258.91636107367316,118.07
1734763702800,F:\agent\UAV\data\IR-image\1734763702800.jpg,116.17650606577439,38.811814842838096,483.54,116.179493,38.8121129,602.28,653.2532625031043,-34.04801926334618,11.817187705190577,12.07922444896792,0.09949448891942049,1.0005785155513836,0.946987951807229,830,786,orb,-99.34233382874201,scheme_b_pairwise,NA,False,260.91343969954056,118.73999999999995
1734763703000,F:\agent\UAV\data\IR-image\1734763703000.jpg,116.17652725256836,38.811802099012546,483.54,116.1795505,38.8121127,602.97,655.0910292549394,-35.46666192343464,3.0917660125703037,5.736372374226448,0.8551726872433681,0.9996665594211797,0.8966942148760331,968,868,orb,-99.34233382874201,scheme_b_pairwise,NA,False,264.21330547397616,119.43
1734763703200,F:\agent\UAV\data\IR-image\1734763703200.jpg,116.17656954767156,38.81180414120931,483.54,116.1796079,38.8121123,603.69,658.7597549019829,-35.23932458016047,-2.3012958130250354,10.05749717114162,0.6390245254991894,1.0009142112711809,0.928843710292249,787,731,orb,-99.34233382874201,scheme_b_pairwise,NA,False,265.4756891588969,120.15000000000003
1734763703400,F:\agent\UAV\data\IR-image\1734763703400.jpg,116.17660787790311,38.81183747703602,483.54,116.1796651,38.8121122,604.39,662.0845630440851,-31.528380350523403,-11.792959317116868,7.517664377130075,0.47095962569812205,1.0000289636589026,0.9416581371545547,977,920,orb,-99.34233382874201,scheme_b_pairwise,NA,False,266.64551419744254,120.84999999999997
1734763703600,F:\agent\UAV\data\IR-image\1734763703600.jpg,116.17664394857329,38.81184787089392,483.54,116.1797222,38.812112,605.12,665.2133742481722,-30.371336088749686,-4.6302464061128035,8.138503531810727,0.18426590912159718,1.0010048199218942,0.9442105263157895,950,897,orb,-99.34233382874201,scheme_b_pairwise,NA,False,268.3241528867585,121.57999999999998
1734763703800,F:\agent\UAV\data\IR-image\1734763703800.jpg,116.17668860718018,38.8118554938285,483.54,116.179779,38.8121118,605.85,669.0871129101483,-29.522751011493625,-4.1153480993048674,10.342240413481022,0.14200824701565448,0.9998725953579793,0.8946107784431138,835,747,orb,-99.34233382874201,scheme_b_pairwise,NA,False,269.276366170593,122.31
1734763704000,F:\agent\UAV\data\IR-image\1734763704000.jpg,116.17672834051713,38.81189885948803,483.54,116.1798355,38.8121116,606.59,672.5336280205973,-24.695285792796895,-14.940786482508145,7.34600833545727,0.14872381422797135,1.000903163209535,0.9527806925498427,953,908,orb,-99.34233382874201,scheme_b_pairwise,NA,False,270.2538589451149,123.05000000000001
1734763704200,F:\agent\UAV\data\IR-image\1734763704200.jpg,116.17675359010406,38.81186466003069,483.54,116.1798915,38.8121112,607.4,674.7238060825373,-28.502369383106245,9.546333764723101,7.800718774230404,0.1874920978499913,0.9998672222030767,0.9378468368479467,901,845,orb,-99.34233382874201,scheme_b_pairwise,NA,False,273.2595603169354,123.85999999999996
1734763704400,F:\agent\UAV\data\IR-image\1734763704400.jpg,116.17678784730292,38.81188941532124,483.54,116.1799472,38.8121108,608.21,677.6953147097721,-25.74661043969327,-8.986450550009067,6.974377849261771,-0.20762129808000435,1.0012551122683084,0.8914893617021277,940,838,orb,-99.34233382874201,scheme_b_pairwise,NA,False,274.84345533135615,124.67000000000002
1734763704600,F:\agent\UAV\data\IR-image\1734763704600.jpg,116.17684602512752,38.81190323808954,483.54,116.1800025,38.8121105,609.02,682.741725783339,-24.20785987213358,-6.561191417779241,13.275658462846138,0.02430716618263785,1.0020913349539946,0.9153645833333334,768,703,orb,-99.34233382874201,scheme_b_pairwise,NA,False,274.4587614832991,125.47999999999996
1734763704800,F:\agent\UAV\data\IR-image\1734763704800.jpg,116.17689703464258,38.81190262799116,483.54,116.1800576,38.8121101,609.75,687.1663494866984,-24.27577602396652,-1.8279713758834646,12.285601603448129,0.3064820366784749,0.9997249285511268,0.9397715472481828,963,905,orb,-99.34233382874201,scheme_b_pairwise,NA,False,274.8138892451406,126.20999999999998
1734763705000,F:\agent\UAV\data\IR-image\1734763705000.jpg,116.17692419365328,38.81190178977173,483.54,116.1801124,38.8121096,610.47,689.5221531506886,-24.36908661099374,-0.8149819491089829,6.567266702029485,0.2877607120490263,1.0006680166251989,0.9252437703141928,923,854,orb,-99.34233382874201,scheme_b_pairwise,NA,False,277.2035679635231,126.93
1734763705200,F:\agent\UAV\data\IR-image\1734763705200.jpg,116.17694476072657,38.81190871838988,483.54,116.1801668,38.8121092,611.23,691.3061646209637,-23.59779283877537,-2.949096223688855,4.589646789500534,0.34220072035474525,1.000568325510776,0.9541666666666667,960,916,orb,-99.34233382874201,scheme_b_pairwise,NA,False,280.05883343783074,127.69
1734763705400,F:\agent\UAV\data\IR-image\1734763705400.jpg,116.17698574186443,38.811909908936045,483.54,116.180221,38.8121089,611.97,694.8609154107238,-23.46526123980671,-1.9867846274474346,9.785024935325112,0.14666957955894266,1.00126165980655,0.9316062176165804,965,899,orb,-99.34233382874201,scheme_b_pairwise,NA,False,281.1874557115852,128.43
1734763705600,F:\agent\UAV\data\IR-image\1734763705600.jpg,116.17703256479611,38.81192043552791,483.54,116.1802749,38.8121086,612.66,698.9223900807301,-22.29344103354937,-5.096137750011735,10.714921547404117,-0.022434472085631155,1.0009842230917945,0.8805309734513275,904,796,orb,-99.34233382874201,scheme_b_pairwise,NA,False,281.70675253643117,129.11999999999995
1734763705800,F:\agent\UAV\data\IR-image\1734763705800.jpg,116.17705902441737,38.81190457166293,483.54,116.1803286,38.8121084,613.35,701.2175279048861,-24.059406483139995,3.8453276482661067,7.161387093230985,-0.019119035635281115,0.9996625856427791,0.9499478623566214,959,911,orb,-99.34233382874201,scheme_b_pairwise,NA,False,284.19413280823267,129.81
1734763706000,F:\agent\UAV\data\IR-image\1734763706000.jpg,116.17705902441737,38.81190457166293,483.54,116.1803819,38.8121083,614.08,701.2175279048861,-24.059406483139995,0.0,0.0,0.0,1.0,1.0,1500,1500,orb,-99.34233382874201,scheme_b_pairwise,NA,False,288.79690818905465,130.54000000000002
1734763706200,F:\agent\UAV\data\IR-image\1734763706200.jpg,116.17705902441737,38.81190457166293,483.54,116.180435,38.812108,614.75,701.2175279048861,-24.059406483139995,0.0,0.0,0.0,1.0,1.0,1500,1500,orb,-99.34233382874201,scheme_b_pairwise,NA,False,293.381174115716,131.20999999999998
1734763706400,F:\agent\UAV\data\IR-image\1734763706400.jpg,116.17705902441737,38.81190457166293,483.54,116.180488,38.8121077,615.34,701.2175279048861,-24.059406483139995,0.0,0.0,0.0,1.0,1.0,1500,1500,orb,-99.34233382874201,scheme_b_pairwise,NA,False,297.9573138255141,131.8
1734763706600,F:\agent\UAV\data\IR-image\1734763706600.jpg,116.17705902441737,38.81190457166293,483.54,116.1805407,38.8121075,615.98,701.2175279048861,-24.059406483139995,0.0,0.0,0.0,1.0,1.0,1500,1500,orb,-99.34233382874201,scheme_b_pairwise,NA,False,302.5088499720334,132.44
1734763706800,F:\agent\UAV\data\IR-image\1734763706800.jpg,116.17705902441737,38.81190457166293,483.54,116.1805932,38.8121074,616.62,701.2175279048861,-24.059406483139995,0.0,0.0,0.0,1.0,1.0,1500,1500,orb,-99.34233382874201,scheme_b_pairwise,NA,False,307.04435559662517,133.07999999999998
1734763707000,F:\agent\UAV\data\IR-image\1734763707000.jpg,116.17705902441737,38.81190457166293,483.54,116.1806455,38.8121073,617.18,701.2175279048861,-24.059406483139995,0.0,0.0,0.0,1.0,1.0,1500,1500,orb,-99.34233382874201,scheme_b_pairwise,NA,False,311.5629660701336,133.63999999999993
1734763707200,F:\agent\UAV\data\IR-image\1734763707200.jpg,116.17705902441737,38.81190457166293,483.54,116.1806975,38.8121071,617.74,701.2175279048861,-24.059406483139995,0.0,0.0,0.0,1.0,1.0,1500,1500,orb,-99.34233382874201,scheme_b_pairwise,NA,False,316.05522604582256,134.2
1734763707400,F:\agent\UAV\data\IR-image\1734763707400.jpg,116.17705902441737,38.81190457166293,483.54,116.1807493,38.812107,618.32,701.2175279048861,-24.059406483139995,0.0,0.0,0.0,1.0,1.0,1500,1500,orb,-99.34233382874201,scheme_b_pairwise,NA,False,320.53135320903556,134.78000000000003
1734763707600,F:\agent\UAV\data\IR-image\1734763707600.jpg,116.17705902441737,38.81190457166293,483.54,116.180801,38.8121069,618.87,701.2175279048861,-24.059406483139995,0.0,0.0,0.0,1.0,1.0,1500,1500,orb,-99.34233382874201,scheme_b_pairwise,NA,False,324.9991689424692,135.32999999999998
1734763707800,F:\agent\UAV\data\IR-image\1734763707800.jpg,116.17705902441737,38.81190457166293,483.54,116.1808524,38.8121067,619.42,701.2175279048861,-24.059406483139995,0.0,0.0,0.0,1.0,1.0,1500,1500,orb,-99.34233382874201,scheme_b_pairwise,NA,False,329.44061101608406,135.87999999999994
1734763708000,F:\agent\UAV\data\IR-image\1734763708000.jpg,116.17705902441737,38.81190457166293,483.54,116.1809036,38.8121066,620.01,701.2175279048861,-24.059406483139995,0.0,0.0,0.0,1.0,1.0,1500,1500,orb,-99.34233382874201,scheme_b_pairwise,NA,False,333.8658340128767,136.46999999999997
1734763708200,F:\agent\UAV\data\IR-image\1734763708200.jpg,116.17743914885766,38.81190081053419,483.54,116.1809546,38.8121065,620.6,734.1899568033505,-24.47809533396878,-13.86423246395367,91.51283779336222,1.7626386989899725,1.0066184652860182,0.8623024830699775,443,382,orb,-99.34233382874201,scheme_b_pairwise,NA,False,305.4500693339306,137.06
1734763708400,F:\agent\UAV\data\IR-image\1734763708400.jpg,116.17747503221996,38.811893975644395,483.54,116.1810054,38.8121065,621.15,737.3025207077258,-25.23895526640201,0.6890785536223802,8.967395307655067,0.26913889667655794,1.0016164966083738,0.9384965831435079,878,824,orb,-99.34233382874201,scheme_b_pairwise,NA,False,306.79651247724956,137.60999999999996
1734763708600,F:\agent\UAV\data\IR-image\1734763708600.jpg,116.17753056412077,38.811946150070895,483.54,116.1810561,38.8121066,621.66,742.1194213246849,-19.43089810846099,-18.28109696539235,10.694689791597511,-0.1781290392632641,0.9982648552836552,0.8149038461538461,416,339,orb,-99.34233382874201,scheme_b_pairwise,NA,False,305.98683099870425,138.11999999999995
1734763708800,F:\agent\UAV\data\IR-image\1734763708800.jpg,116.17751754973688,38.811926661338234,483.54,116.1811066,38.8121069,622.18,740.9905387742822,-21.60038382821136,6.52308866212212,-2.138084734315669,0.31045468721639147,0.9997195061413392,0.8616236162361623,542,467,orb,-99.34233382874201,scheme_b_pairwise,NA,False,311.61459108055266,138.63999999999993
1734763709000,F:\agent\UAV\data\IR-image\1734763709000.jpg,116.17754378171335,38.81189538778068,483.54,116.181157,38.8121072,622.78,743.2659304289807,-25.081756255028978,8.605400601307963,7.8883205760006945,0.2947909368074313,1.0031318858825857,0.926605504587156,872,808,orb,-99.34233382874201,scheme_b_pairwise,NA,False,313.94821230284884,139.23999999999995
1734763709200,F:\agent\UAV\data\IR-image\1734763709200.jpg,116.17758454605915,38.811869157130275,483.54,116.1812075,38.8121075,623.34,746.8018764274373,-28.001752258228752,6.476214510429486,11.123823359376217,0.8990812193341605,1.0012989997847632,0.9108781127129751,763,695,orb,-99.34233382874201,scheme_b_pairwise,NA,False,315.0238944379369,139.8
1734763709400,F:\agent\UAV\data\IR-image\1734763709400.jpg,116.17760498468198,38.811817692059904,483.54,116.1812579,38.8121078,623.93,748.5747459575964,-33.73084389166094,15.059768089329737,7.520681528016382,0.8253149580942211,1.0009793700653797,0.9071680376028202,851,772,orb,-99.34233382874201,scheme_b_pairwise,NA,False,318.14286705833086,140.38999999999993
1734763709600,F:\agent\UAV\data\IR-image\1734763709600.jpg,116.17762955264168,38.81176218937341,483.54,116.1813082,38.8121082,624.56,750.7057988932418,-39.909402951705246,16.14142930118095,8.717523301043173,0.8612471613250791,1.003169717686713,0.8724340175953079,682,595,orb,-99.34233382874201,scheme_b_pairwise,NA,False,321.0466059650821,141.01999999999992
1734763709800,F:\agent\UAV\data\IR-image\1734763709800.jpg,116.17765211230865,38.81174154922061,483.54,116.1813585,38.8121086,625.16,752.6626502204361,-42.207064761718144,5.472079967469654,6.4667190602991695,-0.16057633311512065,0.9949239841984546,0.79182156133829,538,426,orb,-99.34233382874201,scheme_b_pairwise,NA,False,323.7196339453007,141.61999999999995
1734763710000,F:\agent\UAV\data\IR-image\1734763710000.jpg,116.17766313801158,38.81169942152169,483.54,116.1814088,38.8121091,625.8,753.6190323080048,-46.896720205912445,12.552926111155273,4.785679659700918,-0.49623341635098134,1.0018331347505078,0.8678343949044586,628,545,orb,-99.34233382874201,scheme_b_pairwise,NA,False,327.720930382094,142.25999999999993
1734763710200,F:\agent\UAV\data\IR-image\1734763710200.jpg,116.17771733506844,38.8117258962661,483.54,116.1814591,38.8121099,626.47,758.3201470336348,-43.94955165812927,-10.304681276441329,11.67756447368663,-1.2048645889266267,1.0038428956861816,0.7743589743589744,585,453,orb,-99.34233382874201,scheme_b_pairwise,NA,False,327.00146868358485,142.93
1734763710400,F:\agent\UAV\data\IR-image\1734763710400.jpg,116.17776819102079,38.81167358088024,483.54,116.1815096,38.8121108,627.03,762.7314505314038,-49.773300412148856,14.119735355232876,14.871348582352539,-1.1469375665793062,1.002140950047951,0.8832335329341318,668,590,orb,-99.34233382874201,scheme_b_pairwise,NA,False,327.7962517181607,143.48999999999995
1734763710600,F:\agent\UAV\data\IR-image\1734763710600.jpg,116.17779316792989,38.81167509843409,483.54,116.1815603,38.8121115,627.57,764.8979762064012,-49.60436631742373,-1.4550634093099006,5.923541540890255,-0.8184215608563684,1.0005739328711454,0.8206451612903226,775,636,orb,-99.34233382874201,scheme_b_pairwise,NA,False,329.9871361851962,144.03000000000003
1734763710800,F:\agent\UAV\data\IR-image\1734763710800.jpg,116.17782995102213,38.811684794488244,483.54,116.181611,38.8121118,628.17,768.0885837151831,-48.52500156883993,-4.44325882487027,8.345052211400173,-0.6196247202005446,0.9973017721086523,0.8538461538461538,520,444,orb,-99.34233382874201,scheme_b_pairwise,NA,False,331.0283958063377,144.62999999999994
1734763711000,F:\agent\UAV\data\IR-image\1734763711000.jpg,116.17786873555144,38.81171426285392,483.54,116.1816619,38.812112,628.75,771.4527981654023,-45.2445831020111,-10.61850940954713,7.822974654792745,-0.5005533678257348,0.9980628961363535,0.8416833667334669,499,420,orb,-99.34233382874201,scheme_b_pairwise,NA,False,331.6175380692581,145.20999999999998
1734763711200,F:\agent\UAV\data\IR-image\1734763711200.jpg,116.17791534850352,38.811777119304494,483.54,116.1817128,38.812112,629.36,775.4960589641006,-38.247403023556046,-21.222042161588377,8.010156206451597,-0.03457699253004033,0.9988256336666924,0.8756345177664975,788,690,orb,-99.34233382874201,scheme_b_pairwise,NA,False,331.12688651639144,145.82
1734763711400,F:\agent\UAV\data\IR-image\1734763711400.jpg,116.17794293814912,38.81182846445483,483.54,116.1817639,38.8121117,630.02,777.8892163923183,-32.53166088913005,-16.92104060968211,4.0238345572791445,0.003392759882270923,0.9983996249350154,0.8408644400785854,509,428,orb,-99.34233382874201,scheme_b_pairwise,NA,False,332.5580508376557,146.47999999999996
1734763711600,F:\agent\UAV\data\IR-image\1734763711600.jpg,116.17798999364949,38.81184602475108,483.54,116.181815,38.8121115,630.69,781.9708643363904,-30.576848710107235,-7.273942804239596,10.414024943865286,0.050857462682921725,1.0009412838083565,0.9324796274738067,859,801,orb,-99.34233382874201,scheme_b_pairwise,NA,False,332.72584734834254,147.15000000000003
1734763711800,F:\agent\UAV\data\IR-image\1734763711800.jpg,116.17802826585817,38.811841150267576,483.54,116.1818661,38.8121115,631.36,785.2906395104147,-31.11947621372272,-0.009764331475537347,9.441860458759038,-0.05768062956165081,1.0026973286346799,0.8368932038834952,515,431,orb,-99.34233382874201,scheme_b_pairwise,NA,False,333.88130629890674,147.82
1734763712000,F:\agent\UAV\data\IR-image\1734763712000.jpg,116.17806544511807,38.81184734450444,483.54,116.1819173,38.8121114,632.01,788.5156110547109,-30.42993376590747,-3.379245723621864,8.6178506714636,0.2635134848510161,1.0018270217137504,0.8759342301943199,669,586,orb,-99.34233382874201,scheme_b_pairwise,NA,False,335.02912574639566,148.46999999999997
1734763712200,F:\agent\UAV\data\IR-image\1734763712200.jpg,116.17809258570101,38.81184952707633,483.54,116.1819686,38.8121111,632.64,790.8698162741445,-30.186969862495513,-1.7456160063917991,6.4096164414262375,0.5776456015844718,1.0033748705462688,0.8568281938325991,454,389,orb,-99.34233382874201,scheme_b_pairwise,NA,False,337.0904539950655,149.09999999999997
1734763712400,F:\agent\UAV\data\IR-image\1734763712400.jpg,116.17812037792923,38.81185308353883,483.54,116.1820199,38.8121108,633.3,793.2805459510059,-29.791064457431407,-2.19496563181508,6.496481722179283,0.27687819902653876,1.0022789404939951,0.9196787148594378,747,687,orb,-99.34233382874201,scheme_b_pairwise,NA,False,339.0831926581597,149.75999999999993
1734763712600,F:\agent\UAV\data\IR-image\1734763712600.jpg,116.17815144444276,38.811848570617265,483.54,116.1820713,38.8121107,633.96,795.9752908812992,-30.29344288599102,0.16355424378974703,7.692406469000957,-0.01675813320139117,0.9964179842915057,0.8121693121693122,378,307,orb,-99.34233382874201,scheme_b_pairwise,NA,False,340.8803143347875,150.42000000000002
1734763712800,F:\agent\UAV\data\IR-image\1734763712800.jpg,116.1781775259283,38.81183371922506,483.54,116.1821229,38.8121104,634.57,798.2376287797752,-31.946699865705114,3.5481099731213703,7.019187304228581,0.2993958413428619,0.9983276145319928,0.900131406044678,761,685,orb,-99.34233382874201,scheme_b_pairwise,NA,False,343.2245819071002,151.03000000000003
1734763713000,F:\agent\UAV\data\IR-image\1734763713000.jpg,116.17821104368055,38.8118416056899,483.54,116.1821746,38.8121101,635.13,801.1449969617073,-31.068778600248255,-3.7562733234425423,7.652366143398126,0.3494531345389452,1.000213345340045,0.9285714285714286,840,780,orb,-99.34233382874201,scheme_b_pairwise,NA,False,344.71360118639245,151.58999999999997
1734763713200,F:\agent\UAV\data\IR-image\1734763713200.jpg,116.17823466798201,38.811847329989746,483.54,116.1822264,38.81211,635.69,803.1941959016663,-30.43154954160252,-2.698616392695783,5.385209513907682,-0.08998554682942062,0.9997651730626712,0.9342723004694836,852,796,orb,-99.34233382874201,scheme_b_pairwise,NA,False,347.09063534962667,152.15000000000003
1734763713400,F:\agent\UAV\data\IR-image\1734763713400.jpg,116.17827587016227,38.811844576448415,483.54,116.1822782,38.81211,636.26,806.7681201616335,-30.738073762312972,-0.7794903823136679,10.03818406059014,-0.2946977478567706,1.0017936796973868,0.9125766871165644,652,595,orb,-99.34233382874201,scheme_b_pairwise,NA,False,348.03146199198767,152.71999999999997
1734763713600,F:\agent\UAV\data\IR-image\1734763713600.jpg,116.17829852651792,38.81183224084612,483.54,116.1823301,38.8121101,636.83,808.733358374926,-32.11127300954406,2.907821456802367,6.068717365700763,-0.31337964422728853,1.0026852801636839,0.9246658566221142,823,761,orb,-99.34233382874201,scheme_b_pairwise,NA,False,350.6753411846106,153.29000000000002
1734763713800,F:\agent\UAV\data\IR-image\1734763713800.jpg,116.17833554256984,38.811850244646934,483.54,116.182382,38.8121101,637.44,811.9441730734158,-30.107089903215083,-7.013888672115684,7.979626494099364,-0.3774403396048533,1.003228045131659,0.8595317725752508,598,514,orb,-99.34233382874201,scheme_b_pairwise,NA,False,351.7898187641289,153.90000000000003
1734763714000,F:\agent\UAV\data\IR-image\1734763714000.jpg,116.17836266036197,38.81182388448157,483.54,116.1824341,38.8121102,638.07,814.296401392124,-33.04150351160677,7.055505977595146,7.85190995428502,-0.6670374467871933,1.0015687351533629,0.9436964504283966,817,771,orb,-99.34233382874201,scheme_b_pairwise,NA,False,354.1995023681154,154.53000000000003
1734763714200,F:\agent\UAV\data\IR-image\1734763714200.jpg,116.17838909603856,38.81181984040346,483.54,116.1824862,38.8121104,638.74,816.5894622274172,-33.49169028705162,0.20202862110068054,6.556101346805406,-0.8912147232909842,0.9979695657473588,0.7740492170022372,447,346,orb,-99.34233382874201,scheme_b_pairwise,NA,False,356.45669100576333,155.2
1734763714400,F:\agent\UAV\data\IR-image\1734763714400.jpg,116.17842973955788,38.81183851443689,483.54,116.1825385,38.8121105,639.41,820.1149275987117,-31.412896885532852,-7.363903278814348,8.817102385754538,-0.48885097431590013,0.9994285154530662,0.9201101928374655,726,668,orb,-99.34233382874201,scheme_b_pairwise,NA,False,357.2817104561295,155.86999999999995
1734763714600,F:\agent\UAV\data\IR-image\1734763714600.jpg,116.17847642233335,38.811859494026145,483.54,116.1825911,38.8121105,640.08,824.1642449578125,-29.0774490101047,-8.313438773367523,10.15104429549558,0.009257421781491462,0.9998282779501996,0.9057377049180327,732,663,orb,-99.34233382874201,scheme_b_pairwise,NA,False,357.6028783611499,156.54000000000002
1734763714800,F:\agent\UAV\data\IR-image\1734763714800.jpg,116.17850289415158,38.81186306252725,483.54,116.1826438,38.8121104,640.77,826.460440760921,-28.68020346618479,-2.1464901031907857,6.1786524328621795,0.49320997948199546,0.9994182310713166,0.8207236842105263,608,499,orb,-99.34233382874201,scheme_b_pairwise,NA,False,359.8370873734794,157.22999999999996
1734763715000,F:\agent\UAV\data\IR-image\1734763715000.jpg,116.17853889365686,38.81187977735168,483.54,116.1826966,38.8121105,641.52,829.5830790416212,-26.819509211327162,-6.576297388508351,7.800789294932713,0.013793501266041262,1.0020121535137816,0.9341085271317829,774,723,orb,-99.34233382874201,scheme_b_pairwise,NA,False,361.15252572925215,157.97999999999996
1734763715200,F:\agent\UAV\data\IR-image\1734763715200.jpg,116.1785775365078,38.81190442434895,483.54,116.1827495,38.8121106,642.29,832.9350041482082,-24.075805474957807,-9.126398237224464,8.03349100507262,0.01725593807454306,1.0017490037454777,0.880057803468208,692,609,orb,-99.34233382874201,scheme_b_pairwise,NA,False,362.20164514012293,158.74999999999994
1734763715400,F:\agent\UAV\data\IR-image\1734763715400.jpg,116.17861687358203,38.81186723579914,483.54,116.1828026,38.8121107,643.07,836.347146976907,-28.21563483986033,9.911135842250758,11.336747836014183,0.2593269364875644,1.0016721082072546,0.9244114002478315,807,746,orb,-99.34233382874201,scheme_b_pairwise,NA,False,363.6769556814684,159.53000000000003
1734763715600,F:\agent\UAV\data\IR-image\1734763715600.jpg,116.17863894579074,38.811862105882525,483.54,116.1828557,38.8121108,643.83,838.2617156161829,-28.78669715701794,0.7092710578533001,5.562887541459531,0.12279756955510698,0.9998018105391843,0.9089635854341737,714,649,orb,-99.34233382874201,scheme_b_pairwise,NA,False,366.40136721383635,160.29000000000002
1734763715800,F:\agent\UAV\data\IR-image\1734763715800.jpg,116.17867467261885,38.811837550904954,483.54,116.1829091,38.8121109,644.62,841.3607015660557,-31.52015726047928,6.1586758995665605,9.828602399687213,0.20482155371229405,1.001236508286719,0.9118993135011442,874,797,orb,-99.34233382874201,scheme_b_pairwise,NA,False,368.1445572811444,161.07999999999998
1734763716000,F:\agent\UAV\data\IR-image\1734763716000.jpg,116.17870290039396,38.811806728573146,483.54,116.1829626,38.812111,645.39,843.8092110775324,-34.951299237697626,8.387398899222603,8.344908863163198,0.11370105514395382,0.9999981682670469,0.9330900243309003,822,767,orb,-99.34233382874201,scheme_b_pairwise,NA,False,370.6249458155727,161.84999999999997
1734763716200,F:\agent\UAV\data\IR-image\1734763716200.jpg,116.17873905301583,38.81181134283171,483.54,116.1830162,38.8121111,646.18,846.9451308658857,-34.43763997437681,-2.851534653232534,8.451349537569342,-0.08901700734883607,1.0002159964599169,0.8942891859052248,823,736,orb,-99.34233382874201,scheme_b_pairwise,NA,False,372.0850559220265,162.63999999999993
1734763716400,F:\agent\UAV\data\IR-image\1734763716400.jpg,116.17878013126573,38.811819678000575,483.54,116.18307,38.8121114,647.01,850.5083052644427,-33.50976897645626,-4.193433998190187,9.445959788108098,-0.2629986085229461,0.9985950036055772,0.9163636363636364,825,756,orb,-99.34233382874201,scheme_b_pairwise,NA,False,373.1041375371944,163.46999999999997
1734763716600,F:\agent\UAV\data\IR-image\1734763716600.jpg,116.17879547812568,38.81181143864631,483.54,116.1831239,38.8121116,647.88,851.8395094572098,-34.42697389301305,1.9337740625022661,4.10489216913777,0.5040753611628788,1.0021686614472756,0.9006024096385542,664,598,orb,-99.34233382874201,scheme_b_pairwise,NA,False,376.51404637312237,164.33999999999997
1734763716800,F:\agent\UAV\data\IR-image\1734763716800.jpg,116.1788455015406,38.81179842895161,483.54,116.1831779,38.8121117,648.78,856.1785977048964,-35.875213106796984,2.0340134872436693,12.677641194154035,0.19086030056206799,1.000945410567629,0.896551724137931,928,832,orb,-99.34233382874201,scheme_b_pairwise,NA,False,376.98917315019634,165.23999999999995
1734763717000,F:\agent\UAV\data\IR-image\1734763717000.jpg,116.17887065197104,38.81179342957621,483.54,116.1832321,38.8121118,649.68,858.3601748186005,-36.43174357644942,0.547360797409624,6.295785938219751,0.23670263474780368,0.9991211573029772,0.917981072555205,951,873,orb,-99.34233382874201,scheme_b_pairwise,NA,False,379.54792826692807,166.13999999999993
1734763717200,F:\agent\UAV\data\IR-image\1734763717200.jpg,116.17889823672023,38.811797799705154,483.54,116.1832865,38.8121119,650.58,860.7529075273384,-35.94526082251898,-2.4376328170386614,6.405364956123549,0.059009488647013116,0.9999151050405377,0.9352941176470588,850,795,orb,-99.34233382874201,scheme_b_pairwise,NA,False,381.8175041269129,167.04000000000002
1734763717400,F:\agent\UAV\data\IR-image\1734763717400.jpg,116.17891937540642,38.81179335934764,483.54,116.1833412,38.8121121,651.48,862.5865013549286,-36.43956142092736,0.5335641125074062,5.303639316660622,0.047923233098035485,1.0017443766715612,0.896969696969697,825,740,orb,-99.34233382874201,scheme_b_pairwise,NA,False,384.7604898391519,167.94
1734763717600,F:\agent\UAV\data\IR-image\1734763717600.jpg,116.17894290087699,38.811772607720734,483.54,116.183396,38.8121123,652.35,864.6271275898289,-38.74963252767387,5.468277415173077,6.704400453215499,-0.46048364951103266,1.0016028716836713,0.9347826086956522,874,817,orb,-99.34233382874201,scheme_b_pairwise,NA,False,387.67890544748053,168.81
1734763717800,F:\agent\UAV\data\IR-image\1734763717800.jpg,116.17899608156094,38.81176904123604,483.54,116.1834511,38.8121126,653.22,869.2400809663965,-39.14665360423681,-1.002278395400765,12.957165064265212,-0.7098961643088493,0.9998373798686446,0.9425675675675675,888,837,orb,-99.34233382874201,scheme_b_pairwise,NA,False,387.88652788126853,169.68
1734763718000,F:\agent\UAV\data\IR-image\1734763718000.jpg,116.17903433591815,38.81177145808804,483.54,116.1835065,38.8121128,654.04,872.5583076822855,-38.87760963944269,-2.257104043817435,9.067734493088722,-0.3575110860508468,1.000713022150789,0.9402985074626866,871,819,orb,-99.34233382874201,scheme_b_pairwise,NA,False,389.34078530764947,170.49999999999994
1734763718200,F:\agent\UAV\data\IR-image\1734763718200.jpg,116.17907830786714,38.81176409335222,483.54,116.183562,38.8121129,654.85,876.3724848519817,-39.69745203128094,0.5327499061199887,10.937493252508261,-0.4022695799960725,1.0004926767091862,0.9307589880159787,751,699,orb,-99.34233382874201,scheme_b_pairwise,NA,False,390.41648221608074,171.31
1734763718400,F:\agent\UAV\data\IR-image\1734763718400.jpg,116.17912543045978,38.811812285785095,483.54,116.1836179,38.8121129,655.64,880.4599524565264,-34.332670403309116,-16.721013819776033,8.876394247816961,-0.20125349572806464,0.9980070726251602,0.8117942283563363,797,647,orb,-99.34233382874201,scheme_b_pairwise,NA,False,390.67816681165124,172.09999999999997
1734763718600,F:\agent\UAV\data\IR-image\1734763718600.jpg,116.17916366721096,38.81187981727299,483.54,116.183674,38.8121129,656.43,883.7766520050072,-26.815065170850115,-22.332380398580085,5.7607051993035725,0.35957684374066695,1.0019158871495273,0.9009146341463414,656,591,orb,-99.34233382874201,scheme_b_pairwise,NA,False,391.6515764674795,172.88999999999993
1734763718800,F:\agent\UAV\data\IR-image\1734763718800.jpg,116.17919618762545,38.81188530148358,483.54,116.1837303,38.8121128,657.22,886.5975099683848,-26.204562847928774,-2.976198359277987,7.534612351733642,0.5316450576414441,1.0002296930629915,0.9245742092457421,822,760,orb,-99.34233382874201,scheme_b_pairwise,NA,False,393.6670378636044,173.68
1734763719000,F:\agent\UAV\data\IR-image\1734763719000.jpg,116.17920608487512,38.81185580870208,483.54,116.1837868,38.8121127,658.03,887.4560087300454,-29.48769928475972,8.701962249162193,3.8736982240563407,0.0828791934527707,1.0035023111279595,0.897196261682243,856,768,orb,-99.34233382874201,scheme_b_pairwise,NA,False,397.91796667734405,174.48999999999995
1734763719200,F:\agent\UAV\data\IR-image\1734763719200.jpg,116.17923799899853,38.8118258030527,483.54,116.1838433,38.8121128,658.9,890.224276310999,-32.82792817373404,7.989904094025576,9.189102101042351,-0.30914537684333443,1.0002292813040194,0.9014084507042254,852,768,orb,-99.34233382874201,scheme_b_pairwise,NA,False,400.2957634514368,175.35999999999996
1734763719400,F:\agent\UAV\data\IR-image\1734763719400.jpg,116.17927393662812,38.81181121279294,483.54,116.1839,38.812113,659.77,893.3415474225009,-34.45211589002871,3.0780488600354943,9.373807047712148,-0.4007786610587111,1.0011386924146368,0.8967587034813925,833,747,orb,-99.34233382874201,scheme_b_pairwise,NA,False,402.22290668927144,176.22999999999996
1734763719600,F:\agent\UAV\data\IR-image\1734763719600.jpg,116.17931156132487,38.8118094871976,483.54,116.183957,38.812113,660.58,896.6051566700455,-34.64420916361472,-0.955029247991547,9.12657997745805,-0.26028379688176484,0.9994171929018422,0.9383938393839384,909,853,orb,-99.34233382874201,scheme_b_pairwise,NA,False,403.9118241316401,177.04000000000002
1734763719800,F:\agent\UAV\data\IR-image\1734763719800.jpg,116.17934580763777,38.81179566024125,483.54,116.1840141,38.812113,661.35,899.575721036709,-36.18342594361952,2.9095559501113826,8.928763902573849,0.44788583931421105,1.0040584214363766,0.8879310344827587,812,721,orb,-99.34233382874201,scheme_b_pairwise,NA,False,406.0158399037748,177.81
1734763720000,F:\agent\UAV\data\IR-image\1734763720000.jpg,116.17937751421886,38.81182995905542,483.54,116.1840716,38.8121128,662.08,902.325986159076,-32.36528195015342,-11.828075118447885,5.877536275643422,0.472746998381538,0.9995236508793026,0.9336332958380202,889,830,orb,-99.34233382874201,scheme_b_pairwise,NA,False,407.9285057237254,178.54000000000002
1734763720200,F:\agent\UAV\data\IR-image\1734763720200.jpg,116.1794085174493,38.81184531323038,483.54,116.1841293,38.8121125,662.81,905.0152418423759,-30.656055194539764,-5.959315204213851,6.669487525467616,0.41515553148326245,1.0015748202116723,0.9392523364485982,856,804,orb,-99.34233382874201,scheme_b_pairwise,NA,False,410.10495566111547,179.26999999999992
1734763720400,F:\agent\UAV\data\IR-image\1734763720400.jpg,116.17944464211463,38.81185862638232,483.54,116.1841872,38.8121123,663.43,908.148736647881,-29.17403512074798,-5.532449495156754,8.003400566408857,0.17959003984123054,0.9996535437358333,0.8982808022922636,698,627,orb,-99.34233382874201,scheme_b_pairwise,NA,False,411.8810537617359,179.88999999999993
1734763720600,F:\agent\UAV\data\IR-image\1734763720600.jpg,116.17945785227246,38.81186159459658,483.54,116.1842455,38.8121122,663.99,909.2946008534985,-28.84361350887124,-1.4372638271374854,3.023085654700992,0.16418383257617267,1.0007464854138448,0.9140625,896,819,orb,-99.34233382874201,scheme_b_pairwise,NA,False,415.7557158964109,180.45
1734763720800,F:\agent\UAV\data\IR-image\1734763720800.jpg,116.17947716629672,38.81185043313513,483.54,116.1843039,38.812112,664.61,910.9699214171642,-30.08610739736115,2.6779141417261485,5.206191403821606,-0.19198996927181275,1.002132398272168,0.9175141242937853,885,812,orb,-99.34233382874201,scheme_b_pairwise,NA,False,419.2175590506018,181.07
1734763721000,F:\agent\UAV\data\IR-image\1734763721000.jpg,116.17953182206527,38.81185564301558,483.54,116.1843624,38.8121121,665.25,915.7108253197416,-29.5061435054161,-3.7664845982045563,12.866380933299354,-0.6173260606226765,0.9995871541103581,0.9332591768631813,899,839,orb,-99.34233382874201,scheme_b_pairwise,NA,False,419.5108144020045,181.70999999999998
1734763721200,F:\agent\UAV\data\IR-image\1734763721200.jpg,116.17956354144542,38.811841910422714,483.54,116.1844211,38.8121123,665.85,918.4622006485286,-31.03485574354319,2.980335316053697,8.316900766541778,-0.9501919871387388,1.0010520883941,0.9522102747909199,837,797,orb,-99.34233382874201,scheme_b_pairwise,NA,False,421.9507450647945,182.31
1734763721400,F:\agent\UAV\data\IR-image\1734763721400.jpg,116.17961050191587,38.811829092485105,483.54,116.1844799,38.8121125,666.5,922.5356055885204,-32.46174855860222,2.0959497794034405,11.932065157994202,-0.35707563846938933,1.0023893637882637,0.9138418079096046,708,647,orb,-99.34233382874201,scheme_b_pairwise,NA,False,423.07936282359606,182.95999999999998
1734763721600,F:\agent\UAV\data\IR-image\1734763721600.jpg,116.1796412000385,38.811839289850106,483.54,116.1845388,38.8121124,667.17,925.1983958706378,-31.326577886485808,-4.357322275607373,6.857755718291401,0.6176021140284987,1.0029292845216364,0.8628884826325411,547,472,orb,-99.34233382874201,scheme_b_pairwise,NA,False,425.4328399584888,183.62999999999994
1734763721800,F:\agent\UAV\data\IR-image\1734763721800.jpg,116.17968444600926,38.81182675664617,483.54,116.1845979,38.8121121,667.86,928.949600857713,-32.72177414849632,2.1549715264695806,11.02524180104109,0.5657401930149165,1.0035518953316127,0.7620528771384136,643,490,orb,-99.34233382874201,scheme_b_pairwise,NA,False,426.90198576017235,184.32
1734763722000,F:\agent\UAV\data\IR-image\1734763722000.jpg,116.1797284534919,38.811840416053926,483.54,116.1846569,38.8121117,668.59,932.7668602572841,-31.201208877475707,-5.950762813827282,9.879625574844681,0.3649016505922666,0.998560067202713,0.8923076923076924,780,696,orb,-99.34233382874201,scheme_b_pairwise,NA,False,428.08437376122123,185.05
1734763722200,F:\agent\UAV\data\IR-image\1734763722200.jpg,116.17976798620562,38.81189231447051,483.54,116.1847158,38.8121113,669.37,936.1959730787931,-25.42387714240813,-17.563654222530204,6.865004386173666,0.2731298261742354,0.9997471028187045,0.9318435754189944,895,834,orb,-99.34233382874201,scheme_b_pairwise,NA,False,429.38912239731707,185.82999999999998
1734763722400,F:\agent\UAV\data\IR-image\1734763722400.jpg,116.17982306035674,38.8119413096824,483.54,116.1847745,38.812111,670.12,940.9731679636342,-19.96973015491088,-17.282798054256375,10.745977650331952,0.2943716529220468,1.0008628348815638,0.9194711538461539,832,765,orb,-99.34233382874201,scheme_b_pairwise,NA,False,429.4268854891356,186.57999999999998
1734763722600,F:\agent\UAV\data\IR-image\1734763722600.jpg,116.1798389428925,38.811940364526414,483.54,116.1848331,38.8121107,670.86,942.350837289589,-20.074944919604725,-0.3363256353196675,3.8636018023995007,-0.044157798106071317,1.0007676504511835,0.9223433242506812,734,677,orb,-99.34233382874201,scheme_b_pairwise,NA,False,433.127684920394,187.32
1734763722800,F:\agent\UAV\data\IR-image\1734763722800.jpg,116.17987393169828,38.811902639359815,483.54,116.1848915,38.8121107,671.69,945.3858063371222,-24.27451046520487,10.248442959838144,10.319327489643115,-1.0490072686806067,1.0000555528831137,0.889196675900277,722,642,orb,-99.34233382874201,scheme_b_pairwise,NA,False,435.3570626494573,188.15000000000003
1734763723000,F:\agent\UAV\data\IR-image\1734763723000.jpg,116.17992819037009,38.81190181232769,483.54,116.1849498,38.8121108,672.48,950.0922656150956,-24.366575681427832,-1.8895050312215744,13.077190785169421,-0.32994533569744267,1.0012854775718862,0.8578052550231839,647,555,orb,-99.34233382874201,scheme_b_pairwise,NA,False,435.71221273041516,188.94
1734763723200,F:\agent\UAV\data\IR-image\1734763723200.jpg,116.1799582388476,38.811883991514684,483.54,116.1850081,38.8121109,673.18,952.698704935668,-26.35038858526427,4.306844473880403,8.122845017387078,-0.8612376921639362,0.999768508300258,0.9026258205689278,914,825,orb,-99.34233382874201,scheme_b_pairwise,NA,False,438.2668300783833,189.63999999999993
1734763723400,F:\agent\UAV\data\IR-image\1734763723400.jpg,116.17998355564126,38.811862949434904,483.54,116.1850663,38.8121111,673.89,954.8947125854971,-28.692792906618315,5.487029694625846,7.149485067382898,-0.8796067815015004,1.0010608337574343,0.9415807560137457,873,822,orb,-99.34233382874201,scheme_b_pairwise,NA,False,441.2527366253507,190.34999999999997
1734763723600,F:\agent\UAV\data\IR-image\1734763723600.jpg,116.18001690952444,38.811858726403266,483.54,116.1851244,38.8121112,674.65,957.7878665773276,-29.162900788567132,-0.01622873837862926,8.227225933752322,-0.7508064649451377,1.003940470931631,0.7565674255691769,571,432,orb,-99.34233382874201,scheme_b_pairwise,NA,False,443.42284950188497,191.10999999999996
1734763723800,F:\agent\UAV\data\IR-image\1734763723800.jpg,116.18006407203798,38.811914087367434,483.54,116.1851826,38.8121111,675.37,961.8787969667235,-23.0001182570092,-18.932774230416783,8.522376646446162,0.5990804631374694,0.9994005609088272,0.8926553672316384,531,474,orb,-99.34233382874201,scheme_b_pairwise,NA,False,444.03014823447836,191.82999999999998
1734763724000,F:\agent\UAV\data\IR-image\1734763724000.jpg,116.18009255384725,38.81193171985184,483.54,116.1852407,38.8121109,676.1,964.3493416913562,-21.037270093196312,-6.5621021186482835,5.948172548067248,0.6047703131601394,1.0010100804323259,0.9549945115257958,911,870,orb,-99.34233382874201,scheme_b_pairwise,NA,False,446.50034871817917,192.56
1734763724200,F:\agent\UAV\data\IR-image\1734763724200.jpg,116.18011833082707,38.81190239737355,483.54,116.1852988,38.8121106,676.83,966.5852664169875,-24.30144837634245,8.021832072450877,7.680046735044641,0.8800553280724721,1.0000938640895431,0.9147286821705426,903,826,orb,-99.34233382874201,scheme_b_pairwise,NA,False,449.45293325791437,193.29000000000002
1734763724400,F:\agent\UAV\data\IR-image\1734763724400.jpg,116.18014834503559,38.811931184429305,483.54,116.1853569,38.8121104,677.54,969.1887332068981,-21.096873329950434,-10.061815839405824,5.750528452937431,0.5501991110724705,1.0009414426621708,0.9497326203208556,935,888,orb,-99.34233382874201,scheme_b_pairwise,NA,False,451.72942924588176,193.99999999999994
1734763724600,F:\agent\UAV\data\IR-image\1734763724600.jpg,116.18017838183557,38.8119018050874,483.54,116.1854149,38.8121102,678.25,971.7941596057389,-24.36738167075208,7.8710010499105465,8.706321047815152,0.5501535165279783,0.9997142891928887,0.9311981020166074,843,785,orb,-99.34233382874201,scheme_b_pairwise,NA,False,454.3039543685515,194.70999999999998
1734763724800,F:\agent\UAV\data\IR-image\1734763724800.jpg,116.18020395863864,38.81188142113682,483.54,116.1854729,38.8121101,678.97,974.0127207702844,-26.63652304996981,5.273840556546077,7.178568207144224,-0.03289247021160166,1.0019133425161364,0.9313154831199069,859,800,orb,-99.34233382874201,scheme_b_pairwise,NA,False,457.2295460373101,195.43
1734763725000,F:\agent\UAV\data\IR-image\1734763725000.jpg,116.18023458027538,38.81189412750959,483.54,116.1855308,38.8121101,679.69,976.6688765781442,-25.22204963286915,-5.127869919566251,6.712116539776389,-0.4407909809539848,1.001220882026339,0.9339525283797729,969,905,orb,-99.34233382874201,scheme_b_pairwise,NA,False,459.5133654752072,196.15000000000003
1734763725200,F:\agent\UAV\data\IR-image\1734763725200.jpg,116.18028134587473,38.811930354003344,483.54,116.1855886,38.8121103,680.43,980.7253781763186,-21.189316347576153,-13.017597510320684,9.397575745537551,-0.8351996481641399,1.0038815980812419,0.888745148771022,773,687,orb,-99.34233382874201,scheme_b_pairwise,NA,False,460.2764681423297,196.88999999999993
1734763725400,F:\agent\UAV\data\IR-image\1734763725400.jpg,116.1803164039571,38.81187821201166,483.54,116.1856463,38.8121105,681.16,983.7663563549806,-26.993762862135313,14.690662261525745,11.067233057758529,-0.26301095712482186,0.9968729116083928,0.8708827404479579,759,661,orb,-99.34233382874201,scheme_b_pairwise,NA,False,462.52506739801845,197.61999999999995
1734763725600,F:\agent\UAV\data\IR-image\1734763725600.jpg,116.18033030529104,38.81187176663045,483.54,116.1857039,38.8121106,681.88,984.972173967467,-27.711262697957785,1.4377933052848562,3.666619905241248,0.20004241409240608,0.9997803160604508,0.9322751322751323,945,881,orb,-99.34233382874201,scheme_b_pairwise,NA,False,466.34633390086486,198.33999999999997
1734763725800,F:\agent\UAV\data\IR-image\1734763725800.jpg,116.18034221674802,38.811853197842076,483.54,116.1857615,38.8121106,682.62,986.0053873757315,-29.778340220339,5.254297049617719,3.803500503634382,0.16059735649021448,1.0027034593374882,0.9432703003337041,899,848,orb,-99.34233382874201,scheme_b_pairwise,NA,False,470.41977220593293,199.07999999999998
1734763726000,F:\agent\UAV\data\IR-image\1734763726000.jpg,116.18037203249882,38.81184397831986,483.54,116.185819,38.8121106,683.37,988.5916397154813,-30.80465743373355,1.6641154397162836,7.63065222293352,-0.009306305028834026,0.9996728421296031,0.8845760980592441,979,866,orb,-99.34233382874201,scheme_b_pairwise,NA,False,472.8772203564622,199.82999999999998
1734763726200,F:\agent\UAV\data\IR-image\1734763726200.jpg,116.18039723294564,38.81178631642105,483.54,116.1858763,38.8121108,684.11,990.7775553074891,-37.22358000904671,16.782153814979893,8.97899500702755,-0.48124639600345953,0.9996848078944134,0.9608269858541894,919,883,orb,-99.34233382874201,scheme_b_pairwise,NA,False,476.09753484826615,200.57
1734763726400,F:\agent\UAV\data\IR-image\1734763726400.jpg,116.18044361988692,38.811820415298094,483.54,116.1859335,38.812111,684.87,994.8012116710754,-33.42769301672382,-12.346650457204646,9.41452473923107,-1.1816304478867858,1.0030198311952538,0.922543352601156,865,798,orb,-99.34233382874201,scheme_b_pairwise,NA,False,476.76133113908065,201.32999999999998
1734763726600,F:\agent\UAV\data\IR-image\1734763726600.jpg,116.1804985833043,38.811828511561274,483.54,116.1859907,38.8121113,685.6,999.5688013853079,-32.526416998873614,-4.668565846526008,12.793885727616043,-0.06880603543516273,1.0002796394032096,0.9531079607415486,917,874,orb,-99.34233382874201,scheme_b_pairwise,NA,False,476.89669945383787,202.06
1734763726800,F:\agent\UAV\data\IR-image\1734763726800.jpg,116.18053076037528,38.81185913983624,483.54,116.1860478,38.812111,686.26,1002.3598773393753,-29.11687743033658,-10.714979597421348,6.176748155652831,0.817778419041433,1.0030830118053595,0.8524137931034482,725,618,orb,-99.34233382874201,scheme_b_pairwise,NA,False,478.83789979542104,202.71999999999997
1734763727000,F:\agent\UAV\data\IR-image\1734763727000.jpg,116.18056819096567,38.81187890956612,483.54,116.1861047,38.8121105,686.95,1005.6066495803384,-26.916111099506256,-7.574739268167036,7.989643327808324,1.3766472117507353,0.9987425516938131,0.8353846153846154,650,543,orb,-99.34233382874201,scheme_b_pairwise,NA,False,480.39577317163474,203.41000000000003
1734763727200,F:\agent\UAV\data\IR-image\1734763727200.jpg,116.18060808175726,38.8118831278432,483.54,116.1861615,38.8121101,687.63,1009.0668224862105,-26.446532494723336,-2.877192294304848,9.36950224538441,1.0795959976721414,1.0012250763807982,0.9377729257641921,916,859,orb,-99.34233382874201,scheme_b_pairwise,NA,False,481.83156956088874,204.08999999999997
1734763727400,F:\agent\UAV\data\IR-image\1734763727400.jpg,116.18059564312587,38.81186124905944,483.54,116.1862181,38.8121097,688.35,1007.9878813668766,-28.88207870302937,7.2372271297627435,-1.8785342964608844,0.7875044404284415,1.0020058076709948,0.959254947613504,859,824,orb,-99.34233382874201,scheme_b_pairwise,NA,False,487.9347127655403,204.81
1734763727600,F:\agent\UAV\data\IR-image\1734763727600.jpg,116.1806152898384,38.81183056011301,483.54,116.1862745,38.8121094,689.1,1009.6920596924568,-32.29837221987264,8.685427620703308,6.2766068738571335,0.023164945857003634,1.0012353082522891,0.9643861293345829,1067,1029,orb,-99.34233382874201,scheme_b_pairwise,NA,False,491.3158619874089,205.56
1734763727800,F:\agent\UAV\data\IR-image\1734763727800.jpg,116.18064568513506,38.81182448359235,483.54,116.1863308,38.8121094,689.78,1012.3285825039646,-32.974810499103626,0.672167826199427,7.610461816029215,-0.32761962591523824,0.999256885488651,0.9242979242979243,819,757,orb,-99.34233382874201,scheme_b_pairwise,NA,False,493.59882369996996,206.23999999999995
1734763728000,F:\agent\UAV\data\IR-image\1734763728000.jpg,116.18069081088524,38.81183072751031,483.54,116.186387,38.8121094,690.44,1016.2428417072692,-32.27973755211265,-3.7086364878450127,10.524415746139482,-0.4487651940523705,0.9997315746464905,0.8890020366598778,982,873,orb,-99.34233382874201,scheme_b_pairwise,NA,False,494.5123536581353,206.90000000000003
1734763728200,F:\agent\UAV\data\IR-image\1734763728200.jpg,116.18074056896744,38.81183258670198,483.54,116.1864432,38.8121093,691.08,1020.5589146923505,-32.072772335524306,-2.5398353245821568,11.859704772862301,-0.16394328686086582,0.9996607126242804,0.9629248197734295,971,935,orb,-99.34233382874201,scheme_b_pairwise,NA,False,495.0558174797572,207.54000000000002
1734763728400,F:\agent\UAV\data\IR-image\1734763728400.jpg,116.18076885953167,38.81181873285792,483.54,116.1864993,38.8121091,691.69,1023.0128706038734,-33.61498225626182,3.1532380176824972,7.499303508880985,-0.2996839357887026,1.0003380024176345,0.9504643962848297,969,921,orb,-99.34233382874201,scheme_b_pairwise,NA,False,497.5569652283113,208.15000000000003
1734763728600,F:\agent\UAV\data\IR-image\1734763728600.jpg,116.18080605754784,38.811889777649306,483.54,116.1865552,38.8121089,692.3,1026.23946909062,-25.706276079624132,-23.37453837421981,5.332952114352622,-0.3595021296567346,1.0003283920581185,0.8217821782178217,808,664,orb,-99.34233382874201,scheme_b_pairwise,NA,False,498.7239760103017,208.75999999999993
1734763728800,F:\agent\UAV\data\IR-image\1734763728800.jpg,116.18084031443752,38.81186913765745,483.54,116.1866111,38.8121088,692.9,1029.2109508982353,-28.00391997232239,5.009714995441186,9.276881435405187,-0.7586564845265741,1.000415064402378,0.9516806722689075,952,906,orb,-99.34233382874201,scheme_b_pairwise,NA,False,500.71342455640064,209.35999999999996
1734763729000,F:\agent\UAV\data\IR-image\1734763729000.jpg,116.18087635059213,38.81184718041158,483.54,116.1866669,38.8121088,693.5,1032.336768182188,-30.448200582607722,5.345524465921812,9.771151441527934,-0.45769915536940575,1.0012615872638713,0.9616161616161616,990,952,orb,-99.34233382874201,scheme_b_pairwise,NA,False,502.558917751703,209.95999999999998
1734763729200,F:\agent\UAV\data\IR-image\1734763729200.jpg,116.18091190496777,38.811857861484626,483.54,116.1867227,38.8121085,694.11,1035.4207954076685,-29.259183531945023,-4.698394042220741,7.999899250725605,0.1418788676736091,1.000918916582865,0.9385416666666667,960,901,orb,-99.34233382874201,scheme_b_pairwise,NA,False,504.24114998425574,210.57
1734763729400,F:\agent\UAV\data\IR-image\1734763729400.jpg,116.18095029068708,38.811869884138424,483.54,116.1867783,38.8121082,694.78,1038.7504166231838,-27.920821710341514,-5.223931325565275,8.612059665489937,0.11590531743557282,1.001693289860267,0.9380022962112514,871,817,orb,-99.34233382874201,scheme_b_pairwise,NA,False,505.6566898814243,211.23999999999995
1734763729600,F:\agent\UAV\data\IR-image\1734763729600.jpg,116.18100569291927,38.81189926372941,483.54,116.1868338,38.8121078,695.45,1043.5560696351004,-24.650285642364206,-11.247928646946718,11.819756776889562,0.2849352939750441,1.0009244051655037,0.9427987742594485,979,923,orb,-99.34233382874201,scheme_b_pairwise,NA,False,505.5023305029273,211.91000000000003
1734763729800,F:\agent\UAV\data\IR-image\1734763729800.jpg,116.18102920829278,38.81194282140056,483.54,116.1868892,38.8121075,696.05,1045.5958200416633,-19.80144568979256,-14.358996090150129,3.4400241665250633,0.5020128399975621,0.9985890594186492,0.8796895213454075,773,680,orb,-99.34233382874201,scheme_b_pairwise,NA,False,508.06276117217794,212.50999999999993
1734763730000,F:\agent\UAV\data\IR-image\1734763730000.jpg,116.18104792718826,38.81193548189846,483.54,116.1869445,38.8121071,696.68,1047.2195184529455,-20.61847906365174,1.5230593319487298,4.8693554975538405,0.5528510218638413,1.0003709202998998,0.9572025052192067,958,917,orb,-99.34233382874201,scheme_b_pairwise,NA,False,511.2584931835211,213.13999999999993
1734763730200,F:\agent\UAV\data\IR-image\1734763730200.jpg,116.18108924046585,38.8119060118835,483.54,116.1869998,38.8121068,697.29,1050.8030794237036,-23.89908112859048,7.453271101568305,11.420009916819197,0.4727762166332139,0.9996154732625245,0.943762781186094,978,923,orb,-99.34233382874201,scheme_b_pairwise,NA,False,512.600652295863,213.74999999999994
1734763730400,F:\agent\UAV\data\IR-image\1734763730400.jpg,116.18110767184184,38.81185725839127,483.54,116.187055,38.8121065,697.84,1052.4018380658383,-29.326319883829218,14.303074943809008,6.900916482090167,0.5658594339783201,0.9994783222581973,0.9370409233997902,953,893,orb,-99.34233382874201,scheme_b_pairwise,NA,False,516.044897852037,214.3
1734763730600,F:\agent\UAV\data\IR-image\1734763730600.jpg,116.18111814971442,38.81184770423386,483.54,116.1871102,38.8121062,698.37,1053.3107007227406,-30.389888686213812,2.531590179307784,3.001844811098181,0.46712320004259483,1.0011303148795192,0.94655704008222,973,921,orb,-99.34233382874201,scheme_b_pairwise,NA,False,519.9701539265899,214.82999999999998
1734763730800,F:\agent\UAV\data\IR-image\1734763730800.jpg,116.18116216274407,38.81184975284526,483.54,116.1871654,38.8121059,698.89,1057.1284412754708,-30.16183726523536,-2.3711720481455245,10.469890822664695,0.18226903848477902,1.0020463248730866,0.917184265010352,966,886,orb,-99.34233382874201,scheme_b_pairwise,NA,False,520.923607596547,215.34999999999997
1734763731000,F:\agent\UAV\data\IR-image\1734763731000.jpg,116.18118426369276,38.81186674410362,483.54,116.1872205,38.8121057,699.41,1059.045502852774,-28.270370385000614,-6.112206967186921,4.447743178965936,0.21190381082892865,1.0015477562129047,0.9532100108813928,919,876,orb,-99.34233382874201,scheme_b_pairwise,NA,False,523.6779910606576,215.86999999999995
1734763731200,F:\agent\UAV\data\IR-image\1734763731200.jpg,116.18122211789526,38.81188041016462,483.54,116.1872755,38.8121055,699.95,1062.3290196917576,-26.749064475127575,-5.709614868311519,8.40100842614686,0.22505670181789952,1.0012686450631763,0.9090019569471625,1022,929,orb,-99.34233382874201,scheme_b_pairwise,NA,False,525.08586156029,216.41000000000003
1734763731400,F:\agent\UAV\data\IR-image\1734763731400.jpg,116.18127172222266,38.811893539974065,483.54,116.1873306,38.8121053,700.47,1066.6317558093863,-25.287454087472156,-6.008685439161695,11.251088530811387,0.4538366335130947,0.9987105123571094,0.9275184275184275,814,755,orb,-99.34233382874201,scheme_b_pairwise,NA,False,525.4929382339942,216.93
1734763731600,F:\agent\UAV\data\IR-image\1734763731600.jpg,116.18130234946815,38.81188444634242,483.54,116.1873856,38.8121052,700.96,1069.2883981272462,-26.299757162268104,1.59322806939889,7.819222244307753,0.6794116572600548,1.0006452633589598,0.7872559095580678,973,766,orb,-99.34233382874201,scheme_b_pairwise,NA,False,527.6481889226761,217.42000000000002
1734763731800,F:\agent\UAV\data\IR-image\1734763731800.jpg,116.18131590893805,38.81185526827368,483.54,116.1874405,38.812105,701.51,1070.464562061615,-29.547859774159058,8.460187029400288,4.737556201530822,0.13289370965986833,1.0010802200060172,0.9323562570462233,887,827,orb,-99.34233382874201,scheme_b_pairwise,NA,False,531.3849933263788,217.96999999999997
1734763732000,F:\agent\UAV\data\IR-image\1734763732000.jpg,116.1813283373692,38.81184025122836,483.54,116.1874953,38.8121051,702.15,1071.5426183999552,-31.219557258647434,4.138800392584017,3.747545178357427,-0.4397907929383644,1.001088546009229,0.9450292397660819,855,808,orb,-99.34233382874201,scheme_b_pairwise,NA,False,535.1411816262146,218.60999999999996
1734763732200,F:\agent\UAV\data\IR-image\1734763732200.jpg,116.18140390395234,38.811819876685284,483.54,116.18755,38.8121054,702.81,1078.0973502872132,-33.48765139462955,3.295168276661286,19.18776297907243,-1.071390429908599,1.0019902761004476,0.8844984802431611,658,582,orb,-99.34233382874201,scheme_b_pairwise,NA,False,533.4679216676897,219.26999999999992
1734763732400,F:\agent\UAV\data\IR-image\1734763732400.jpg,116.1814401786855,38.81181572227074,483.54,116.1876047,38.8121057,703.36,1081.2438621483639,-33.950120821724134,-0.1528268347587982,8.925457909804436,-0.1548840063493154,0.9996078789963001,0.9374301675977653,895,839,orb,-99.34233382874201,scheme_b_pairwise,NA,False,535.0911720218302,219.82
1734763732600,F:\agent\UAV\data\IR-image\1734763732600.jpg,116.18145639284565,38.81181665652211,483.54,116.1876594,38.8121057,703.97,1082.650296951691,-33.84611995867465,-0.9288865002564535,3.84794319676638,0.4375538505799508,1.0020295485756414,0.807495741056218,587,474,orb,-99.34233382874201,scheme_b_pairwise,NA,False,538.4135021815396,220.43
1734763732800,F:\agent\UAV\data\IR-image\1734763732800.jpg,116.18148964277782,38.81182191669965,483.54,116.1877139,38.8121057,704.62,1085.5344341140303,-33.260556995415925,-2.935958183442665,7.721237130941972,0.3614401229317623,1.0006481878926428,0.9066339066339066,814,738,orb,-99.34233382874201,scheme_b_pairwise,NA,False,540.2169197420857,221.07999999999998
1734763733000,F:\agent\UAV\data\IR-image\1734763733000.jpg,116.18151441101669,38.81183759424099,483.54,116.1877685,38.8121058,705.25,1087.682859494549,-31.515333092798578,-5.812585897180895,5.155175224876871,0.04044164281481573,1.0008868890852007,0.90041928721174,954,859,orb,-99.34233382874201,scheme_b_pairwise,NA,False,542.6992678059196,221.70999999999998
1734763733200,F:\agent\UAV\data\IR-image\1734763733200.jpg,116.18153695229651,38.81183039898303,483.54,116.187823,38.8121057,705.91,1089.638115897438,-32.31630920980651,1.3275123007605885,5.780338364300462,-0.09454791378343373,1.0007470275893418,0.9678048780487805,1025,992,orb,-99.34233382874201,scheme_b_pairwise,NA,False,545.507868553857,222.36999999999995
1734763733400,F:\agent\UAV\data\IR-image\1734763733400.jpg,116.18155517920087,38.81182651825847,483.54,116.1878775,38.8121057,706.59,1091.2191384373693,-32.74831146736728,0.4761034106799684,4.575719266016506,0.19550568045065425,0.9998320715624627,0.9395900755124056,927,871,orb,-99.34233382874201,scheme_b_pairwise,NA,False,548.6700511616442,223.05
1734763733600,F:\agent\UAV\data\IR-image\1734763733600.jpg,116.1815734049173,38.81182282995697,483.54,116.187932,38.8121055,707.27,1092.8000579354225,-33.15889319049184,0.4168229946826614,4.565673631407719,0.21617506197162792,1.0009402613892158,0.955078125,1024,978,orb,-99.34233382874201,scheme_b_pairwise,NA,False,551.8299662585282,223.72999999999996
1734763733800,F:\agent\UAV\data\IR-image\1734763733800.jpg,116.18160403061484,38.8118313378095,483.54,116.1879866,38.8121053,707.94,1095.4565659821442,-32.21179904665338,-3.8335537678015044,6.9260530087907455,-0.0514922430618528,1.0001421674700302,0.9076923076923077,845,767,orb,-99.34233382874201,scheme_b_pairwise,NA,False,553.8497024994488,224.40000000000003
1734763734000,F:\agent\UAV\data\IR-image\1734763734000.jpg,116.18163113662521,38.81184107704471,483.54,116.1880413,38.8121052,708.55,1097.807772337817,-31.127627382831818,-4.074100011578366,6.018015179481381,-0.023980775752863857,1.001762194414418,0.7987355110642782,949,758,orb,-99.34233382874201,scheme_b_pairwise,NA,False,556.1780686929036,225.00999999999993
1734763734200,F:\agent\UAV\data\IR-image\1734763734200.jpg,116.18166488310189,38.81187630084215,483.54,116.188096,38.8121051,709.12,1100.7349803375164,-27.20651425217788,-12.193887353267144,6.3206881986702115,-0.08911183858335536,1.0010170762132775,0.9597249508840865,1018,977,orb,-99.34233382874201,scheme_b_pairwise,NA,False,557.7979580035426,225.57999999999998
1734763734400,F:\agent\UAV\data\IR-image\1734763734400.jpg,116.18168931120515,38.811896845024606,483.54,116.1881509,38.8121051,709.67,1102.8539019653156,-24.91953586072796,-7.299612450568873,4.826610296262288,0.019974090284145575,1.002519441132165,0.8978021978021978,910,817,orb,-99.34233382874201,scheme_b_pairwise,NA,False,560.3362931859709,226.12999999999994
1734763734600,F:\agent\UAV\data\IR-image\1734763734600.jpg,116.18173392240314,38.81187551863378,483.54,116.1882058,38.8121052,710.18,1106.7235283248508,-27.29358968820798,4.812105060846534,11.799242920296251,-0.03396190650931555,1.0007452726518034,0.9342492639842983,1019,952,orb,-99.34233382874201,scheme_b_pairwise,NA,False,561.3304316176258,226.63999999999993
1734763734800,F:\agent\UAV\data\IR-image\1734763734800.jpg,116.18176078738077,38.811825328581186,483.54,116.1882609,38.8121053,710.59,1109.0538272234214,-32.88074634259861,14.41266585721371,8.99989282569635,0.27073516179343704,0.9996506797196753,0.9427402862985685,978,922,orb,-99.34233382874201,scheme_b_pairwise,NA,False,564.0554868392551,227.05
1734763735000,F:\agent\UAV\data\IR-image\1734763735000.jpg,116.18177818133252,38.81180005402937,483.54,116.188316,38.8121054,710.99,1110.5625985009747,-35.69430945108845,7.105112826066431,5.460764393691932,0.49235983746797646,1.000947028128513,0.844626168224299,856,723,orb,-99.34233382874201,scheme_b_pairwise,NA,False,567.4794623017613,227.45
1734763735200,F:\agent\UAV\data\IR-image\1734763735200.jpg,116.18181011261419,38.81179059121878,483.54,116.1883712,38.8121054,711.43,1113.3323544091425,-36.7477095253256,1.6555122501935102,8.15123301978548,0.5339885532692129,1.001244194293236,0.906187624750499,1002,908,orb,-99.34233382874201,scheme_b_pairwise,NA,False,569.5556974978243,227.88999999999993
1734763735400,F:\agent\UAV\data\IR-image\1734763735400.jpg,116.18184521075486,38.81181217008645,483.54,116.1884265,38.8121053,711.86,1116.3768072920966,-34.345549976644826,-8.040341231071409,7.337525056574009,0.24858599332072062,1.000290110460067,0.9484649122807017,912,865,orb,-99.34233382874201,scheme_b_pairwise,NA,False,571.1600481941337,228.32
1734763735600,F:\agent\UAV\data\IR-image\1734763735600.jpg,116.18187052695478,38.811817688998744,483.54,116.1884819,38.8121054,712.3,1118.5727634405248,-33.73118465994426,-2.7021616200972858,5.802093345611752,-0.004426945708527208,0.9997876158171491,0.9495365602471678,971,922,orb,-99.34233382874201,scheme_b_pairwise,NA,False,573.7284629637793,228.75999999999993
1734763735800,F:\agent\UAV\data\IR-image\1734763735800.jpg,116.18190648575425,38.811828128528475,483.54,116.1885372,38.8121055,712.79,1121.6918708513658,-32.56905621011204,-4.639906300174005,8.109310823097871,-0.10119783715354679,1.0008723405234228,0.9361924686192469,956,895,orb,-99.34233382874201,scheme_b_pairwise,NA,False,575.3388418807024,229.24999999999994
1734763736000,F:\agent\UAV\data\IR-image\1734763736000.jpg,116.18193739844723,38.811832864070375,483.54,116.1885926,38.8121057,713.29,1124.3732732111848,-32.041895685872724,-2.6818280058382697,7.186343851184347,-0.05209356872295657,1.0009353478954324,0.9345991561181435,948,886,orb,-99.34233382874201,scheme_b_pairwise,NA,False,577.430743482409,229.74999999999994
1734763736200,F:\agent\UAV\data\IR-image\1734763736200.jpg,116.18196256472291,38.81183657498503,483.54,116.1886481,38.8121058,713.82,1126.55622475936,-31.6287966669855,-2.1387990384041586,5.85778194847785,-0.24526866402695016,1.0002785178442646,0.9556756756756757,925,884,orb,-99.34233382874201,scheme_b_pairwise,NA,False,580.0344878721917,230.28000000000003
1734763736400,F:\agent\UAV\data\IR-image\1734763736400.jpg,116.18198310233822,38.81180265999315,483.54,116.1887036,38.8121061,714.39,1128.3376810113982,-35.404213563187234,9.64486180679529,6.654273827019438,-0.20311815396100782,0.9998193883105272,0.959915611814346,948,910,orb,-99.34233382874201,scheme_b_pairwise,NA,False,583.2676040997053,230.84999999999997
1734763736600,F:\agent\UAV\data\IR-image\1734763736600.jpg,116.18200909286908,38.811792677868134,483.54,116.1887592,38.8121064,715.0,1130.5921293969645,-36.515423719597365,2.050425249381476,6.750353036574836,-0.5714947479313921,1.0000404798299083,0.9105145413870246,894,814,orb,-99.34233382874201,scheme_b_pairwise,NA,False,585.8958113697614,231.45999999999998
1734763736800,F:\agent\UAV\data\IR-image\1734763736800.jpg,116.18205010275663,38.81180472611666,483.54,116.1888149,38.8121067,715.61,1134.1493739686796,-35.174212693529284,-5.335538973490543,9.24119828390576,-0.4383369951940835,1.0018598203281381,0.9470655926352128,869,823,orb,-99.34233382874201,scheme_b_pairwise,NA,False,587.0901541413504,232.07
1734763737000,F:\agent\UAV\data\IR-image\1734763737000.jpg,116.18208573906745,38.81178949070563,483.54,116.1888708,38.812107,716.2,1137.2405083437895,-36.87021864922846,3.2888693696070277,9.334141363428898,-0.3928707642356724,0.9998088812737773,0.9549132947976878,865,826,orb,-99.34233382874201,scheme_b_pairwise,NA,False,588.9441089338754,232.66000000000003
1734763737200,F:\agent\UAV\data\IR-image\1734763737200.jpg,116.18212681088986,38.81179278436524,483.54,116.1889268,38.8121072,716.74,1140.8031252153785,-36.503568461810254,-2.6387951702395185,9.700135325966073,-0.29275533635060913,1.0019775332545628,0.9156769596199525,842,771,orb,-99.34233382874201,scheme_b_pairwise,NA,False,590.214733909744,233.2
1734763737400,F:\agent\UAV\data\IR-image\1734763737400.jpg,116.1821734289805,38.811834982150145,483.54,116.188983,38.8121074,717.24,1144.8468317402162,-31.80611104630219,-14.852820130304735,9.059257005943266,0.17315112223023657,1.0000229565410776,0.925280199252802,803,743,orb,-99.34233382874201,scheme_b_pairwise,NA,False,590.7854734570068,233.7
1734763737600,F:\agent\UAV\data\IR-image\1734763737600.jpg,116.18217952822025,38.811831097595636,483.54,116.1890394,38.8121075,717.71,1145.3758867742717,-32.238539653669854,0.9566121751575452,1.662332528580066,0.34255514409107635,1.0010685410163138,0.9606382978723405,940,903,orb,-99.34233382874201,scheme_b_pairwise,NA,False,595.1607726883551,234.17000000000002
1734763737800,F:\agent\UAV\data\IR-image\1734763737800.jpg,116.1822142783219,38.81184497444205,483.54,116.1890959,38.8121075,718.2,1148.3901503527188,-30.693769110586164,-5.651918697301028,7.644579701420923,0.22223685666519055,1.0030585669126917,0.9166666666666666,672,616,orb,-99.34233382874201,scheme_b_pairwise,NA,False,596.9652625735146,234.66000000000003
1734763738000,F:\agent\UAV\data\IR-image\1734763738000.jpg,116.1822408467369,38.81183300101188,483.54,116.1891526,38.8121077,718.66,1150.694725071305,-32.026651358231184,2.6415391757259385,6.9901900598447355,0.1955478650438764,0.9999937475072135,0.8458549222797928,772,653,orb,-99.34233382874201,scheme_b_pairwise,NA,False,599.6403513540837,235.11999999999995
1734763738200,F:\agent\UAV\data\IR-image\1734763738200.jpg,116.18226428339752,38.81182243264996,483.54,116.1892094,38.8121078,719.11,1152.72764782915,-33.203121406272444,2.332110185808972,6.166540353392463,0.01911825008283821,0.9997275844135429,0.9192751235584844,607,558,orb,-99.34233382874201,scheme_b_pairwise,NA,False,602.5886961275747,235.57
1734763738400,F:\agent\UAV\data\IR-image\1734763738400.jpg,116.1822775754971,38.81179257273203,483.54,116.1892664,38.8121079,719.58,1153.8806197555032,-36.52712747038689,8.68098038305942,4.707907805027048,0.26079218644364577,0.9984809581109838,0.9332460732984293,764,713,orb,-99.34233382874201,scheme_b_pairwise,NA,False,606.5540840370286,236.04000000000002
1734763738600,F:\agent\UAV\data\IR-image\1734763738600.jpg,116.18230574377618,38.81181532732307,483.54,116.1893235,38.812108,720.11,1156.3239685144508,-33.99408639605115,-8.128944665878407,5.613041442114479,0.09888013081224047,1.0013824192183678,0.8589420654911839,794,682,orb,-99.34233382874201,scheme_b_pairwise,NA,False,608.9167448241642,236.57
1734763738800,F:\agent\UAV\data\IR-image\1734763738800.jpg,116.18233843503043,38.8118077378293,483.54,116.1893807,38.8121082,720.63,1159.1596453147417,-34.83894884300163,1.0478993817318383,8.238790810603177,0.09372485703978337,1.0016978959186602,0.951856946354883,727,692,orb,-99.34233382874201,scheme_b_pairwise,NA,False,611.0840310283129,237.08999999999997
1734763739000,F:\agent\UAV\data\IR-image\1734763739000.jpg,116.18237726581994,38.8117987988686,483.54,116.1894381,38.8121084,721.1,1162.5278724279278,-35.834033947158744,1.221307441213753,9.782217181147473,0.02662667383962858,0.9997596714651366,0.95079950799508,813,773,orb,-99.34233382874201,scheme_b_pairwise,NA,False,612.7468329007918,237.56
1734763739200,F:\agent\UAV\data\IR-image\1734763739200.jpg,116.18239696334163,38.81179231927126,483.54,116.1894957,38.8121086,721.58,1164.2364579978885,-36.55534272332607,1.2192570250987842,5.060846336419786,0.10165332868971376,1.002027269688934,0.9110275689223057,798,727,orb,-99.34233382874201,scheme_b_pairwise,NA,False,616.0676767660302,238.04000000000002
1734763739400,F:\agent\UAV\data\IR-image\1734763739400.jpg,116.18243172235226,38.81178648833479,483.54,116.1895535,38.8121088,722.06,1167.251494351908,-37.20444257120385,0.4239806495698417,8.64635483296155,0.2740330159792368,1.0004029056220651,0.9654377880184332,868,838,orb,-99.34233382874201,scheme_b_pairwise,NA,False,618.0993415143971,238.51999999999992
1734763739600,F:\agent\UAV\data\IR-image\1734763739600.jpg,116.18244873937138,38.81177761647607,483.54,116.1896114,38.8121089,722.53,1168.7275700615196,-38.19205788396204,2.062775603404873,4.5382178811624385,0.067827110524493,1.0011716348200606,0.9139393939393939,825,754,orb,-99.34233382874201,scheme_b_pairwise,NA,False,621.6940340164747,238.98999999999995
1734763739800,F:\agent\UAV\data\IR-image\1734763739800.jpg,116.182485850435,38.81175915584006,483.54,116.1896696,38.812109,723.04,1171.9466261837083,-40.24709588494851,4.2249747869558405,9.852032319613954,-0.1708014762940995,1.0011060608205584,0.9150326797385621,765,700,orb,-99.34233382874201,scheme_b_pairwise,NA,False,623.6434775932105,239.49999999999994
1734763740000,F:\agent\UAV\data\IR-image\1734763740000.jpg,116.18252459020066,38.81178461205052,483.54,116.1897278,38.8121092,723.56,1175.3069577829126,-37.413310536104255,-9.379723116583875,8.015728445777142,-0.22632130232709405,1.001562130088848,0.9532828282828283,792,755,orb,-99.34233382874201,scheme_b_pairwise,NA,False,625.1577817791685,240.01999999999992
1734763740200,F:\agent\UAV\data\IR-image\1734763740200.jpg,116.1825717340909,38.811805581016685,483.54,116.1897863,38.8121093,724.06,1179.3962727655903,-35.079045222963074,-8.328388367165871,10.262362516546943,-0.16666118337917574,1.001079270324618,0.9340974212034384,698,652,orb,-99.34233382874201,scheme_b_pairwise,NA,False,626.010514407593,240.51999999999992
1734763740400,F:\agent\UAV\data\IR-image\1734763740400.jpg,116.18260674316934,38.81179913831432,483.54,116.1898449,38.8121094,724.57,1182.4330002885697,-35.79624684996379,0.6027151312749766,8.737462269042396,-0.29720666929692247,1.0007597162169035,0.9490445859872612,785,745,orb,-99.34233382874201,scheme_b_pairwise,NA,False,628.091127949334,241.03000000000003
1734763740600,F:\agent\UAV\data\IR-image\1734763740600.jpg,116.18262786175951,38.81179935308827,483.54,116.1899036,38.8121094,725.12,1184.264850964095,-35.77233821446083,-0.9008994329576581,5.062689886033354,-0.1466117302656987,1.0017804282753875,0.9561752988047809,753,720,orb,-99.34233382874201,scheme_b_pairwise,NA,False,631.3411359870073,241.57999999999998
1734763740800,F:\agent\UAV\data\IR-image\1734763740800.jpg,116.18267231799317,38.811818219394446,483.54,116.1899625,38.8121093,725.69,1188.1210355391163,-33.672141010028696,-7.5738761743955365,9.723325956006136,0.18752398395414285,1.0013805112395304,0.9558011049723757,724,692,orb,-99.34233382874201,scheme_b_pairwise,NA,False,632.4792241308295,242.15000000000003
1734763741000,F:\agent\UAV\data\IR-image\1734763741000.jpg,116.18269691370442,38.81180806154109,483.54,116.1900215,38.8121092,726.23,1190.2544956760885,-34.802913245280244,2.1597335187055933,6.424171467136091,0.07925066450839875,0.9998276056734509,0.9607577807848444,739,710,orb,-99.34233382874201,scheme_b_pairwise,NA,False,635.5142533397957,242.69
1734763741200,F:\agent\UAV\data\IR-image\1734763741200.jpg,116.18273231084133,38.811815765203455,483.54,116.1900807,38.8121091,726.79,1193.3248838348993,-33.94534155185542,-3.7741920335333248,8.113146560303846,-0.19968057287967508,1.002215763428429,0.952712100139082,719,685,orb,-99.34233382874201,scheme_b_pairwise,NA,False,637.5287553500832,243.24999999999994
1734763741400,F:\agent\UAV\data\IR-image\1734763741400.jpg,116.18277382366983,38.81183001517188,483.54,116.1901399,38.812109,727.36,1196.9257540782878,-32.359035067004804,-6.034245417633713,9.250348595574394,-0.16247722392420597,1.000245625484381,0.9416785206258891,703,662,orb,-99.34233382874201,scheme_b_pairwise,NA,False,638.9797229348025,243.82
1734763741600,F:\agent\UAV\data\IR-image\1734763741600.jpg,116.18280806182486,38.811850540699666,483.54,116.1901992,38.8121089,727.93,1199.8956108214645,-30.074133313303406,-7.68158861302112,7.184348309849611,-0.12565280774200574,1.0023641633015992,0.9544846050870147,747,713,orb,-99.34233382874201,scheme_b_pairwise,NA,False,641.0416625372098,244.38999999999993
1734763741800,F:\agent\UAV\data\IR-image\1734763741800.jpg,116.18284079476432,38.81187378159204,483.54,116.1902585,38.8121087,728.49,1202.7349034436256,-27.486957173964843,-8.459291226449011,6.685000474640958,0.03568555991273154,1.001570798532852,0.9493150684931507,730,693,orb,-99.34233382874201,scheme_b_pairwise,NA,False,643.2300073255317,244.95
1734763742000,F:\agent\UAV\data\IR-image\1734763742000.jpg,116.18286858785305,38.81185725866846,483.54,116.1903179,38.8121085,729.06,1205.1457077621114,-29.32628902734967,3.995823532183124,7.515172038695255,0.02488553988547417,0.9997468211577195,0.9587020648967551,678,650,orb,-99.34233382874201,scheme_b_pairwise,NA,False,646.042323637663,245.51999999999992
1734763742200,F:\agent\UAV\data\IR-image\1734763742200.jpg,116.18289933507009,38.81183671952939,483.54,116.1903773,38.8121083,729.62,1207.8127565504535,-31.61270598896697,5.117334930175332,8.428593215166075,-0.08845256927878165,1.0018015447851478,0.9203389830508475,590,543,orb,-99.34233382874201,scheme_b_pairwise,NA,False,648.6240558702768,246.07999999999998
1734763742400,F:\agent\UAV\data\IR-image\1734763742400.jpg,116.18294382176909,38.81184529380601,483.54,116.1904368,38.8121081,730.19,1211.6715837241777,-30.658217515614588,-4.401868955361238,10.252686046560541,0.2636299211114763,0.9994474864814479,0.870216306156406,601,523,orb,-99.34233382874201,scheme_b_pairwise,NA,False,649.8788195583681,246.65000000000003
1734763742600,F:\agent\UAV\data\IR-image\1734763742600.jpg,116.18297076840014,38.81186037084565,483.54,116.1904962,38.8121078,730.75,1214.0089653340433,-28.979841462265924,-5.71353851613685,5.7089768564951555,-0.03855618129616471,1.0034408000204729,0.8596802841918295,563,484,orb,-99.34233382874201,scheme_b_pairwise,NA,False,652.6134894431008,247.20999999999998
1734763742800,F:\agent\UAV\data\IR-image\1734763742800.jpg,116.18299344341538,38.81186612702875,483.54,116.1905556,38.8121075,731.32,1215.9758221017848,-28.339063159982786,-2.670927425543141,5.155533369937984,0.3747955599211996,0.9976401188203899,0.8579136690647482,556,477,orb,-99.34233382874201,scheme_b_pairwise,NA,False,655.7647405294039,247.78000000000003
1734763743000,F:\agent\UAV\data\IR-image\1734763743000.jpg,116.18303108753413,38.81188985799311,483.54,116.1906151,38.8121072,731.89,1219.2411160353533,-25.697332207393966,-8.804495988159886,7.840016837856297,-0.17719308779038434,1.0024612414419396,0.9522058823529411,544,518,orb,-99.34233382874201,scheme_b_pairwise,NA,False,657.5530995212334,248.34999999999997
1734763743200,F:\agent\UAV\data\IR-image\1734763743200.jpg,116.18307113244427,38.81189307936282,483.54,116.1906745,38.812107,732.43,1222.7146573613084,-25.338729331576104,-2.5759197579296256,9.457094058039786,0.2169811604720328,1.0005977358972387,0.9410774410774411,594,559,orb,-99.34233382874201,scheme_b_pairwise,NA,False,659.2151196240139,248.88999999999993
1734763743400,F:\agent\UAV\data\IR-image\1734763743400.jpg,116.18310719683178,38.811935506382106,483.54,116.190734,38.8121066,732.99,1225.8429236000636,-20.615753543870575,-14.506377634373905,6.512181092848095,0.3768508697552302,1.0027240343060295,0.9078947368421053,532,483,orb,-99.34233382874201,scheme_b_pairwise,NA,False,661.0899818371848,249.45
1734763743600,F:\agent\UAV\data\IR-image\1734763743600.jpg,116.18312939026892,38.81194313772323,483.54,116.1907934,38.8121062,733.56,1227.768007731857,-19.76623264983441,-3.230037527054151,4.944724470715016,0.3697046102013255,1.0012004391333944,0.9568345323741008,556,532,orb,-99.34233382874201,scheme_b_pairwise,NA,False,664.2873666792404,250.01999999999992
1734763743800,F:\agent\UAV\data\IR-image\1734763743800.jpg,116.18315521451947,38.811925941511376,483.54,116.1908528,38.812106,734.11,1230.008032773574,-21.68051495395884,4.281225395038007,7.076324441278359,0.12612422083403096,0.9995579380922845,0.9227941176470589,544,502,orb,-99.34233382874201,scheme_b_pairwise,NA,False,667.249537888465,250.57
1734763744000,F:\agent\UAV\data\IR-image\1734763744000.jpg,116.18317657323969,38.8118930430098,483.54,116.1909121,38.812106,734.63,1231.8607126048869,-25.342776148752623,9.299007252853926,6.79997887887771,-0.325171534837836,1.0004459490322815,0.8857142857142857,490,434,orb,-99.34233382874201,scheme_b_pairwise,NA,False,670.6547986208805,251.08999999999997
1734763744200,F:\agent\UAV\data\IR-image\1734763744200.jpg,116.18320890867403,38.81184161723226,483.54,116.1909714,38.8121059,735.12,1234.6655251781328,-31.067493704466074,14.57744962936215,10.376808749093641,-0.11661410181724169,0.9995440485796175,0.8751902587519026,657,575,orb,-99.34233382874201,scheme_b_pairwise,NA,False,673.2148804874757,251.57999999999998
1734763744400,F:\agent\UAV\data\IR-image\1734763744400.jpg,116.18323828961188,38.81181841177611,483.54,116.1910307,38.8121059,735.57,1237.2140613449237,-33.65072508385127,5.993406912385581,8.235598010778347,-0.11622352827886825,0.9989775152861731,0.8634423897581792,703,607,orb,-99.34233382874201,scheme_b_pairwise,NA,False,675.9219556810298,252.03000000000003
1734763744600,F:\agent\UAV\data\IR-image\1734763744600.jpg,116.18326085949975,38.81184344226917,483.54,116.1910899,38.8121057,736.03,1239.1717992449107,-30.864330596217155,-8.609376660090163,4.152629470278612,0.3335304880656101,1.0013981010862008,0.9422283356258597,727,685,orb,-99.34233382874201,scheme_b_pairwise,NA,False,678.9658003258404,252.48999999999995
1734763744800,F:\agent\UAV\data\IR-image\1734763744800.jpg,116.18329296764256,38.811895451610596,483.54,116.1911492,38.8121054,736.52,1241.956896290572,-25.074650708460474,-17.30440914041668,5.075680158739203,0.2665160431054069,1.0025240790014125,0.9629629629629629,621,598,orb,-99.34233382874201,scheme_b_pairwise,NA,False,681.0952301980128,252.97999999999996
1734763745000,F:\agent\UAV\data\IR-image\1734763745000.jpg,116.18332281338128,38.81191682502502,483.54,116.1912083,38.8121052,737.02,1244.545749817666,-22.695362214344428,-7.769403048650702,6.086095819582567,-0.08638098460176839,1.003442474400429,0.88,500,440,orb,-99.34233382874201,scheme_b_pairwise,NA,False,683.5506354596084,253.47999999999996
1734763745200,F:\agent\UAV\data\IR-image\1734763745200.jpg,116.18337479375268,38.81191851192554,483.54,116.1912673,38.8121051,737.49,1249.0545867098842,-22.50757644879546,-2.574547650987938,12.402332279165023,0.08034950285892453,1.0011074044860568,0.8344988344988346,429,358,orb,-99.34233382874201,scheme_b_pairwise,NA,False,684.1524962931637,253.95
1734763745400,F:\agent\UAV\data\IR-image\1734763745400.jpg,116.18340827181338,38.8119069927017,483.54,116.1913263,38.812105,737.93,1251.9585120014794,-23.78989644712018,2.2284060007759194,8.627142281430224,0.18888928230365007,0.999067002648423,0.827893175074184,674,558,orb,-99.34233382874201,scheme_b_pairwise,NA,False,686.4024160393406,254.38999999999993
1734763745600,F:\agent\UAV\data\IR-image\1734763745600.jpg,116.18343634324036,38.81189225398664,483.54,116.1913851,38.8121048,738.4,1254.3934596979223,-25.43061020703149,3.4347201748856833,7.491540594649621,0.31338906903162633,0.9996029844263182,0.9329529243937232,701,654,orb,-99.34233382874201,scheme_b_pairwise,NA,False,689.1171183982923,254.85999999999996
1734763745800,F:\agent\UAV\data\IR-image\1734763745800.jpg,116.18346491219658,38.81188985273533,483.54,116.1914439,38.8121046,738.87,1256.8715636501552,-25.697917503295585,-0.3887980976436438,6.985277026179858,0.3888644393946809,1.0009618427222324,0.9447852760736196,815,770,orb,-99.34233382874201,scheme_b_pairwise,NA,False,691.7433392102944,255.32999999999998
1734763746000,F:\agent\UAV\data\IR-image\1734763746000.jpg,116.18349805935755,38.81187945298275,483.54,116.1915025,38.8121044,739.33,1259.7467863200238,-26.85561796018487,1.896331902956149,8.49086331955698,0.2932888832611934,1.000954611830617,0.9144295302013423,596,545,orb,-99.34233382874201,scheme_b_pairwise,NA,False,693.9873676499645,255.79000000000002
1734763746200,F:\agent\UAV\data\IR-image\1734763746200.jpg,116.1835319045963,38.81187834774594,483.54,116.191561,38.8121043,739.78,1262.6825610555095,-26.978652921904004,-0.9969190866992221,8.187127020618561,0.18204434097763136,1.0003033824365946,0.9270976616231087,727,674,orb,-99.34233382874201,scheme_b_pairwise,NA,False,696.1262013711896,256.23999999999995
1734763746400,F:\agent\UAV\data\IR-image\1734763746400.jpg,116.18355596310069,38.81188387059224,483.54,116.1916193,38.8121042,740.24,1264.769423254471,-26.36384967237372,-2.6536659932115185,5.499741827719731,-0.06463920175965289,1.0009216812969375,0.9529085872576177,722,688,orb,-99.34233382874201,scheme_b_pairwise,NA,False,699.0688777549904,256.7
1734763746600,F:\agent\UAV\data\IR-image\1734763746600.jpg,116.18357493435187,38.811860083021266,483.54,116.1916775,38.8121041,740.7,1266.41501128922,-29.011882072681168,6.584310409545253,5.764274922323807,-0.27450537508302086,1.0006885464104562,0.9190031152647975,642,590,orb,-99.34233382874201,scheme_b_pairwise,NA,False,702.5626457227254,257.16
1734763746800,F:\agent\UAV\data\IR-image\1734763746800.jpg,116.18360562347875,38.81187539326158,483.54,116.1917355,38.8121041,741.18,1269.0770212707114,-27.307546120930333,-5.933354916669202,6.596254977967021,-0.2742757974951266,1.0013858381179457,0.9225700164744646,607,560,orb,-99.34233382874201,scheme_b_pairwise,NA,False,704.8636577189211,257.63999999999993
1734763747000,F:\agent\UAV\data\IR-image\1734763747000.jpg,116.1836483907484,38.81189777766716,483.54,116.1917934,38.812104,741.69,1272.786703174855,-24.815714091228145,-8.591813477502455,9.139116934771494,-0.09655230566743997,1.0005332559124296,0.9562624254473161,503,481,orb,-99.34233382874201,scheme_b_pairwise,NA,False,706.0882389350068,258.15000000000003
1734763747200,F:\agent\UAV\data\IR-image\1734763747200.jpg,116.18369332626355,38.811909363841515,483.54,116.1918511,38.8121037,742.21,1276.6844611753374,-23.525941162471888,-5.348228084150264,10.207738759915628,0.3556565175674064,1.0010846939066795,0.8183206106870229,655,536,orb,-99.34233382874201,scheme_b_pairwise,NA,False,707.1519438404058,258.67
1734763747400,F:\agent\UAV\data\IR-image\1734763747400.jpg,116.18373250995033,38.81191475337006,483.54,116.1919088,38.8121034,742.71,1280.0832990018769,-22.92597884473311,-3.2103621792484773,9.140216383202642,0.21158870543531158,1.0014657553713888,0.9485396383866481,719,682,orb,-99.34233382874201,scheme_b_pairwise,NA,False,708.7364907562122,259.17
1734763747600,F:\agent\UAV\data\IR-image\1734763747600.jpg,116.18376008635995,38.81192672877158,483.54,116.1919662,38.8121034,743.2,1282.475308325475,-21.592877147762735,-4.782140719606957,6.017600371946003,-0.2854024171904855,1.0001465044754658,0.9380645161290323,775,727,orb,-99.34233382874201,scheme_b_pairwise,NA,False,711.2813132719115,259.66
1734763747800,F:\agent\UAV\data\IR-image\1734763747800.jpg,116.18378786744022,38.811903760192635,483.54,116.1920235,38.8121035,743.7,1284.8850710153104,-24.149739356321593,5.98360555219881,7.839229069886642,-0.23483838671486443,1.0010158404407095,0.9465020576131687,729,690,orb,-99.34233382874201,scheme_b_pairwise,NA,False,713.913288138641,260.16
1734763748000,F:\agent\UAV\data\IR-image\1734763748000.jpg,116.18381872298558,38.81191256479605,483.54,116.1920807,38.8121035,744.2,1287.561516326779,-23.169610903544683,-3.9341316108731235,6.966220189648254,-0.2027090866969558,1.0006336123796695,0.9264305177111717,734,680,orb,-99.34233382874201,scheme_b_pairwise,NA,False,716.1650377934333,260.66
1734763748200,F:\agent\UAV\data\IR-image\1734763748200.jpg,116.18385613968825,38.81191855860968,483.54,116.1921377,38.8121035,744.75,1290.8070839292052,-22.502379570012337,-3.326836335859298,8.685060564764171,0.11641037670694845,1.0008562121106583,0.9576502732240437,732,701,orb,-99.34233382874201,scheme_b_pairwise,NA,False,717.8416353195648,261.21
1734763748400,F:\agent\UAV\data\IR-image\1734763748400.jpg,116.18388054481616,38.81190817052536,483.54,116.1921946,38.8121035,745.29,1292.9240126496106,-23.658781116623192,2.2382502445966566,6.390063211480594,0.039005956041257214,1.0009971290930617,0.9577464788732394,852,816,orb,-99.34233382874201,scheme_b_pairwise,NA,False,720.6899073668178,261.74999999999994
1734763748600,F:\agent\UAV\data\IR-image\1734763748600.jpg,116.18389941936067,38.81189554084655,483.54,116.1922514,38.8121035,745.84,1294.5612122366447,-25.06471696260926,3.1479608193753847,5.17508183170645,-0.16779446352389663,1.0006265847989178,0.9619047619047619,840,808,orb,-99.34233382874201,scheme_b_pairwise,NA,False,724.0179891347299,262.3
1734763748800,F:\agent\UAV\data\IR-image\1734763748800.jpg,116.18392966339444,38.81188747537406,483.54,116.192308,38.8121036,746.38,1297.184614330943,-25.96256535995961,1.2913746330696654,7.6750073269079735,-0.19273850065960318,1.0000215531728427,0.9167657550535078,841,771,orb,-99.34233382874201,scheme_b_pairwise,NA,False,726.3299281441581,262.84
1734763749000,F:\agent\UAV\data\IR-image\1734763749000.jpg,116.18396147407853,38.811884466525896,483.54,116.1923646,38.8121037,746.89,1299.9439094678837,-26.29751033772043,-0.3295899220518095,7.794897018079212,-0.06289767635407915,1.0008417300497228,0.9503239740820735,926,880,orb,-99.34233382874201,scheme_b_pairwise,NA,False,728.4881009159727,263.34999999999997
1734763749200,F:\agent\UAV\data\IR-image\1734763749200.jpg,116.18398699917171,38.8118890392696,483.54,116.1924211,38.8121038,747.4,1302.1579852573857,-25.788472507763508,-2.418697622515083,5.900270758045792,0.04864768915316888,1.0006350479576247,0.9512471655328798,882,839,orb,-99.34233382874201,scheme_b_pairwise,NA,False,731.1539550883483,263.85999999999996
1734763749400,F:\agent\UAV\data\IR-image\1734763749400.jpg,116.18401484094734,38.81189642226156,483.54,116.1924775,38.8121038,747.9,1304.5730127327859,-24.96659784305058,-3.3767093556579653,6.314292656340797,0.06690757380839989,1.0008217105795443,0.9537914691943128,844,805,orb,-99.34233382874201,scheme_b_pairwise,NA,False,733.6007349872395,264.35999999999996
1734763749600,F:\agent\UAV\data\IR-image\1734763749600.jpg,116.18403066823284,38.811888359574525,483.54,116.1925338,38.8121039,748.39,1305.9458895859568,-25.86413616425694,1.8603163862680958,4.211349757172854,-0.06353953280599405,1.0009431119695573,0.946843853820598,903,855,orb,-99.34233382874201,scheme_b_pairwise,NA,False,737.1347204426253,264.84999999999997
1734763749800,F:\agent\UAV\data\IR-image\1734763749800.jpg,116.1840569080746,38.81188444867741,483.54,116.1925901,38.812104,748.88,1308.2219634843766,-26.299497231084924,0.16870668902004127,6.502298170936342,-0.24982334275706147,1.000918851471592,0.9482936918304034,967,917,orb,-99.34233382874201,scheme_b_pairwise,NA,False,739.7524832405917,265.34
1734763750000,F:\agent\UAV\data\IR-image\1734763750000.jpg,116.1840866042762,38.81187981158592,483.54,116.1926463,38.8121041,749.34,1310.797845991115,-26.815698255434857,0.25599752822358823,7.369497499647821,-0.19218149942180865,1.0004900945688169,0.9727891156462585,1029,1001,orb,-99.34233382874201,scheme_b_pairwise,NA,False,742.0651702024034,265.8
1734763750200,F:\agent\UAV\data\IR-image\1734763750200.jpg,116.1841181162086,38.811877718795,483.54,116.1927025,38.8121042,749.79,1313.5312270642878,-27.048667740335215,-0.6002185515425253,7.676659121359705,-0.17084530007755067,1.000710890052312,0.941544885177453,958,902,orb,-99.34233382874201,scheme_b_pairwise,NA,False,744.211258715258,266.24999999999994
1734763750400,F:\agent\UAV\data\IR-image\1734763750400.jpg,116.18415419668537,38.811882991729775,483.54,116.1927586,38.8121043,750.24,1316.6608889036245,-26.461684641606364,-3.051764530143714,8.400607282737099,0.007356416028201548,1.0006750724304299,0.9616228070175439,912,877,orb,-99.34233382874201,scheme_b_pairwise,NA,False,745.9256125818642,266.7
1734763750600,F:\agent\UAV\data\IR-image\1734763750600.jpg,116.18418500287805,38.811883443277814,483.54,116.1928147,38.8121043,750.69,1319.3330533064254,-26.411418313548978,-1.356789092031704,7.378054306426577,0.08690353437235375,1.0007483072182033,0.9665991902834008,988,955,orb,-99.34233382874201,scheme_b_pairwise,NA,False,748.1143265017076,267.15000000000003
1734763750800,F:\agent\UAV\data\IR-image\1734763750800.jpg,116.18421365321585,38.811899129632984,483.54,116.1928707,38.8121043,751.15,1321.8182163892925,-24.665213256405778,-5.968737542955182,6.087373484247394,0.07371119265662521,1.0009130164400366,0.9544008483563097,943,900,orb,-99.34233382874201,scheme_b_pairwise,NA,False,750.42760158049,267.60999999999996
1734763751000,F:\agent\UAV\data\IR-image\1734763751000.jpg,116.18424507431794,38.81190385384543,483.54,116.1929268,38.8121043,751.61,1324.5437187370517,-24.139313927046448,-2.698429053088489,7.309060011438248,0.029518194672117144,1.0023221014346633,0.7989690721649485,970,775,orb,-99.34233382874201,scheme_b_pairwise,NA,False,752.5491267773874,268.07
1734763751200,F:\agent\UAV\data\IR-image\1734763751200.jpg,116.18427143730212,38.811908718782554,483.54,116.1929828,38.8121044,752.05,1326.8304741490795,-23.597749126089862,-2.5419023191760743,6.086746938064948,-0.029680471621289027,1.0007436903265434,0.9497435897435897,975,926,orb,-99.34233382874201,scheme_b_pairwise,NA,False,755.100392458033,268.50999999999993
1734763751400,F:\agent\UAV\data\IR-image\1734763751400.jpg,116.18430046047865,38.81190077842732,483.54,116.1930388,38.8121044,752.48,1329.3479776917275,-24.481669471002668,1.3010513806665358,7.3753591808584815,-0.09877669356755651,1.0003257334231384,0.9359359359359359,999,935,orb,-99.34233382874201,scheme_b_pairwise,NA,False,757.4627233522762,268.94
1734763751600,F:\agent\UAV\data\IR-image\1734763751600.jpg,116.18431610832582,38.811881070451,483.54,116.1930948,38.8121046,752.89,1330.7052898591976,-26.675561394535155,5.457853189116349,4.75892323881385,-0.3019328929904306,1.0002548987809017,0.9419354838709677,930,876,orb,-99.34233382874201,scheme_b_pairwise,NA,False,761.0266249809059,269.34999999999997
1734763751800,F:\agent\UAV\data\IR-image\1734763751800.jpg,116.18434798495203,38.81187172523667,483.54,116.1931508,38.8121047,753.33,1333.4703048906908,-27.71587065359831,1.6214154595332388,8.132137637675271,-0.3943023647727934,1.0004670262011073,0.9624608967674662,959,923,orb,-99.34233382874201,scheme_b_pairwise,NA,False,763.1506370148843,269.79
1734763752000,F:\agent\UAV\data\IR-image\1734763752000.jpg,116.18438724355626,38.81187866931993,483.54,116.1932068,38.8121049,753.77,1336.875641142069,-26.942855305419922,-3.6926193741823568,9.079363303153741,-0.13092634280034302,1.001138418608407,0.9172113289760349,918,842,orb,-99.34233382874201,scheme_b_pairwise,NA,False,764.5752647289848,270.22999999999996
1734763752200,F:\agent\UAV\data\IR-image\1734763752200.jpg,116.18441714689617,38.811883505895636,483.54,116.1932628,38.8121049,754.18,1339.4694910619994,-26.404447698240066,-2.6730853002924846,6.938729580662482,0.1208049310887519,0.9999203107450076,0.9365404298874105,977,915,orb,-99.34233382874201,scheme_b_pairwise,NA,False,766.8176821496274,270.63999999999993
1734763752400,F:\agent\UAV\data\IR-image\1734763752400.jpg,116.18444777925554,38.81189145184416,483.54,116.1933189,38.8121049,754.61,1342.126576963859,-25.51990470797787,-3.660572311935937,6.956154834397523,0.1276919203205664,1.0005868241244265,0.9490790899241603,923,876,orb,-99.34233382874201,scheme_b_pairwise,NA,False,768.9953452438654,271.07
1734763752600,F:\agent\UAV\data\IR-image\1734763752600.jpg,116.18448086267462,38.81189889314265,483.54,116.193375,38.8121049,755.05,1344.996270590225,-24.691539360723166,-3.6018544392904914,7.570600942972931,0.028044536819691025,1.0010954639257081,0.9402810304449649,854,803,orb,-99.34233382874201,scheme_b_pairwise,NA,False,770.963576515257,271.50999999999993
1734763752800,F:\agent\UAV\data\IR-image\1734763752800.jpg,116.1845151031488,38.811886197153626,483.54,116.1934311,38.812105,755.5,1347.9663284991573,-26.104856858278886,2.5610898650936633,8.86999531219243,-0.09035841993706806,0.9996883001458026,0.853448275862069,928,792,orb,-99.34233382874201,scheme_b_pairwise,NA,False,772.9002871732864,271.96
1734763753000,F:\agent\UAV\data\IR-image\1734763753000.jpg,116.18453983123331,38.811879815807465,483.54,116.1934872,38.812105,755.94,1350.1112708445223,-26.81522831305577,0.9901389599267532,6.264417968468081,-0.06955111888494235,1.0007421444003362,0.9496402877697842,973,924,orb,-99.34233382874201,scheme_b_pairwise,NA,False,775.6397488682292,272.40000000000003
1734763753200,F:\agent\UAV\data\IR-image\1734763753200.jpg,116.18457154194658,38.81189473676282,483.54,116.1935434,38.812105,756.39,1352.861894397513,-25.154227563095688,-5.853708291764349,6.861429129594853,0.04645018334385048,1.001153563338047,0.9584178498985801,986,945,orb,-99.34233382874201,scheme_b_pairwise,NA,False,777.7087667737753,272.84999999999997
1734763753400,F:\agent\UAV\data\IR-image\1734763753400.jpg,116.18458354114999,38.81188011553678,483.54,116.1935996,38.812105,756.85,1353.902719031923,-26.781862445525654,4.033727028336273,3.624349338005686,0.15335338276496885,1.0004985729242086,0.9507119386637459,913,868,orb,-99.34233382874201,scheme_b_pairwise,NA,False,781.5871827881415,273.31
1734763753600,F:\agent\UAV\data\IR-image\1734763753600.jpg,116.18460285435025,38.811896394760154,483.54,116.1936558,38.8121049,757.32,1355.577968120228,-24.969659299911182,-5.7824926099398795,3.814123842690094,0.15797870588075463,1.0006125593204105,0.9072847682119205,906,822,orb,-99.34233382874201,scheme_b_pairwise,NA,False,784.7255611007274,273.78000000000003
1734763753800,F:\agent\UAV\data\IR-image\1734763753800.jpg,116.18462770595463,38.81190765154579,483.54,116.1937121,38.8121049,757.77,1357.733624720228,-23.716553923433896,-4.452885093010423,5.399436472770617,0.14244236788878825,0.9998350595358543,0.9457700650759219,922,872,orb,-99.34233382874201,scheme_b_pairwise,NA,False,787.4132672129472,274.22999999999996
1734763754000,F:\agent\UAV\data\IR-image\1734763754000.jpg,116.18464885546443,38.81190666109625,483.54,116.1937685,38.8121048,758.22,1359.5681574001112,-23.82681076542394,-0.5305301727274809,5.131250460848207,0.18508990788009397,1.0016748200075591,0.8955223880597015,938,840,orb,-99.34233382874201,scheme_b_pairwise,NA,False,790.4690878131405,274.68
1734763754200,F:\agent\UAV\data\IR-image\1734763754200.jpg,116.1846722475153,38.81189101066283,483.54,116.193825,38.8121048,758.69,1361.5972106584188,-25.569017013856236,3.9007641568695135,6.413600321754018,0.14249075670443007,1.000093562614561,0.9478623566214807,959,909,orb,-99.34233382874201,scheme_b_pairwise,NA,False,793.3869041356016,275.15000000000003
1734763754400,F:\agent\UAV\data\IR-image\1734763754400.jpg,116.18469643893583,38.81187519050997,483.54,116.1938815,38.8121047,759.15,1363.695602155135,-27.330116429801173,3.9214977060441925,6.614251573652609,0.0455304860431258,1.0008820413272987,0.9424460431654677,973,917,orb,-99.34233382874201,scheme_b_pairwise,NA,False,796.2391922019223,275.60999999999996
1734763754600,F:\agent\UAV\data\IR-image\1734763754600.jpg,116.18471400687095,38.81187676873153,483.54,116.1939382,38.8121047,759.62,1365.2194649496798,-27.154428805962088,-1.180939627674661,4.1405135437056515,-0.0683516743958011,1.0006524022091865,0.94,900,846,orb,-99.34233382874201,scheme_b_pairwise,NA,False,799.622424452871,276.08
1734763754800,F:\agent\UAV\data\IR-image\1734763754800.jpg,116.18475023379638,38.81187793955493,483.54,116.193995,38.8121047,760.06,1368.361829913265,-27.02409274474724,-1.7928005753395269,8.643861239764874,-0.1322438460721047,1.0013985517176103,0.9549356223175965,932,890,orb,-99.34233382874201,scheme_b_pairwise,NA,False,801.3999502148098,276.5199999999999
1734763755000,F:\agent\UAV\data\IR-image\1734763755000.jpg,116.18478189813924,38.811874739036455,483.54,116.1940518,38.8121047,760.49,1371.1084312429805,-27.38037446167696,-0.26471071826290427,7.769461688064098,-0.21015808658058852,1.0009401546704317,0.9685279187817258,985,954,orb,-99.34233382874201,scheme_b_pairwise,NA,False,803.5879914883398,276.95
1734763755200,F:\agent\UAV\data\IR-image\1734763755200.jpg,116.18482093443092,38.81187947600487,483.54,116.1941088,38.8121047,760.93,1374.4944838506779,-26.85305513785823,-3.0033409943636116,9.1379055179126,-0.2944956748318202,1.0007898341874826,0.9542066027689031,939,896,orb,-99.34233382874201,scheme_b_pairwise,NA,False,805.1270688046033,277.38999999999993
1734763755400,F:\agent\UAV\data\IR-image\1734763755400.jpg,116.18485954290252,38.81189996848698,483.54,116.1941658,38.8121048,761.38,1377.843426853923,-24.571832028924387,-7.844130326514346,8.235960452742404,-0.09792468432852593,1.0012750531935206,0.953241232731137,941,897,orb,-99.34233382874201,scheme_b_pairwise,NA,False,806.6524880586622,277.84
1734763755600,F:\agent\UAV\data\IR-image\1734763755600.jpg,116.18490024699744,38.81192769387292,483.54,116.1942229,38.8121047,761.85,1381.3741466215436,-21.48544206671037,-10.156986487850475,8.372544871570483,0.09424898429966104,1.000435775586707,0.930635838150289,865,805,orb,-99.34233382874201,scheme_b_pairwise,NA,False,807.9910828976329,278.31
1734763755800,F:\agent\UAV\data\IR-image\1734763755800.jpg,116.18493256872596,38.81193452910079,483.54,116.1942801,38.8121046,762.35,1384.1777703367623,-20.72454450068896,-3.3848876623891897,7.418352089726966,-0.022201563432362854,0.9997781930916255,0.9574468085106383,846,810,orb,-99.34233382874201,scheme_b_pairwise,NA,False,810.1275896616447,278.81
1734763756000,F:\agent\UAV\data\IR-image\1734763756000.jpg,116.18497033391971,38.81192702488854,483.54,116.1943373,38.8121046,762.84,1387.4535664544605,-21.559913407796333,0.8210656865851433,9.453441221845594,-0.09577024307119159,1.0000543548801788,0.9356659142212189,886,829,orb,-99.34233382874201,scheme_b_pairwise,NA,False,811.8309490585054,279.3
1734763756200,F:\agent\UAV\data\IR-image\1734763756200.jpg,116.18499742150736,38.81191539508398,483.54,116.1943946,38.8121046,763.32,1389.8031748017124,-22.85454325124494,2.515073906371015,7.0974877461588335,0.044057009457917365,1.000399353661509,0.9242590559824369,911,842,orb,-99.34233382874201,scheme_b_pairwise,NA,False,814.4803436431289,279.78000000000003
1734763756400,F:\agent\UAV\data\IR-image\1734763756400.jpg,116.1850203590436,38.811901064399215,483.54,116.194452,38.8121046,763.81,1391.7928029409134,-24.44983507976854,3.5118267608626184,6.237465164439186,0.017199934818400552,1.0012841755954063,0.9139650872817955,802,733,orb,-99.34233382874201,scheme_b_pairwise,NA,False,817.507959881093,280.2699999999999
1734763756600,F:\agent\UAV\data\IR-image\1734763756600.jpg,116.18504895663852,38.811893711271395,483.54,116.1945094,38.8121046,764.31,1394.273391047024,-25.268385268198166,1.1368194575809412,7.243330524730027,0.11023455373998967,1.001368156507674,0.9215686274509803,918,846,orb,-99.34233382874201,scheme_b_pairwise,NA,False,820.025576734913,280.7699999999999
1734763756800,F:\agent\UAV\data\IR-image\1734763756800.jpg,116.18507671298303,38.811891460797305,483.54,116.1945668,38.8121046,764.79,1396.6810081287833,-25.51890804429182,-0.403168060276073,6.782405269373783,0.15222692061158358,1.0007526035232064,0.9383084577114428,1005,943,orb,-99.34233382874201,scheme_b_pairwise,NA,False,822.6001578306298,281.24999999999994
1734763757000,F:\agent\UAV\data\IR-image\1734763757000.jpg,116.18510365104282,38.81191365994931,483.54,116.1946243,38.8121046,765.29,1399.0176462581178,-23.047698442788672,-7.909070584185827,5.345663875656101,0.16796535402494928,1.0008867379908057,0.9254201680672269,952,881,orb,-99.34233382874201,scheme_b_pairwise,NA,False,825.1797396623805,281.74999999999994
1734763757200,F:\agent\UAV\data\IR-image\1734763757200.jpg,116.18512661653166,38.811928814809654,483.54,116.1946819,38.8121045,765.8,1401.0096990379232,-21.36065938931712,-5.580183257345482,4.748589837520569,0.1521127088577151,0.9998310291002435,0.9002624671916011,762,686,orb,-99.34233382874201,scheme_b_pairwise,NA,False,828.1377827249644,282.25999999999993
1734763757400,F:\agent\UAV\data\IR-image\1734763757400.jpg,116.18515069365378,38.81191119494301,483.54,116.1947395,38.8121046,766.3,1403.098176160464,-23.322102944713254,4.480898174158256,6.678078838306078,0.16805638862469396,1.0001601488300609,0.9277777777777778,900,835,orb,-99.34233382874201,scheme_b_pairwise,NA,False,831.0902851819725,282.75999999999993
1734763757600,F:\agent\UAV\data\IR-image\1734763757600.jpg,116.18517672183174,38.81190269298178,483.54,116.1947973,38.8121046,766.75,1405.3558900983562,-24.268541268267644,1.5925771221184846,6.684319352890782,0.19219721703126794,1.000401934648846,0.9528301886792453,954,909,orb,-99.34233382874201,scheme_b_pairwise,NA,False,833.8671699219947,283.21
1734763757800,F:\agent\UAV\data\IR-image\1734763757800.jpg,116.1851988452363,38.811897611512805,483.54,116.1948551,38.8121046,767.2,1407.2748995242514,-24.834210394385337,0.6923103704772302,5.572729560728703,-0.05350471091819966,1.000984058816562,0.9229144667370645,947,874,orb,-99.34233382874201,scheme_b_pairwise,NA,False,836.9725918083932,283.66
1734763758000,F:\agent\UAV\data\IR-image\1734763758000.jpg,116.18522440075587,38.81189675087798,483.54,116.194913,38.8121048,767.66,1409.4916145331858,-24.93001626330413,-0.7446952891777414,6.1831768869017765,-0.32644756261599245,1.000768150703936,0.9207135777998018,1009,929,orb,-99.34233382874201,scheme_b_pairwise,NA,False,839.7772336515691,284.11999999999995
1734763758200,F:\agent\UAV\data\IR-image\1734763758200.jpg,116.18525167050574,38.811870616163205,483.54,116.194971,38.812105,768.14,1411.857023838611,-27.83933271234392,6.979989746063495,7.876981168974169,-0.5569879403477547,1.0000990389783606,0.9610678531701891,899,864,orb,-99.34233382874201,scheme_b_pairwise,NA,False,842.5244680697019,284.59999999999997
1734763758400,F:\agent\UAV\data\IR-image\1734763758400.jpg,116.18528711925306,38.81186088628115,483.54,116.195029,38.8121052,768.65,1414.931888743143,-28.922463182449412,1.5988324143727937,9.009824544389517,-0.49896503870100817,0.9997868874035125,0.8581267217630854,726,623,orb,-99.34233382874201,scheme_b_pairwise,NA,False,844.5123192166765,285.10999999999996
1734763758600,F:\agent\UAV\data\IR-image\1734763758600.jpg,116.18531824874057,38.8118807555946,483.54,116.195087,38.8121053,769.19,1417.6320961087954,-26.710611209012185,-7.3564008797652605,6.470799174432443,-0.4300252616989588,1.0025112134085943,0.8615591397849462,744,641,orb,-99.34233382874201,scheme_b_pairwise,NA,False,846.771497882321,285.65000000000003
1734763758800,F:\agent\UAV\data\IR-image\1734763758800.jpg,116.18534690502366,38.81190223004408,483.54,116.1951451,38.8121053,769.77,1420.1177748942946,-24.32007549308787,-7.753542441822503,5.795213189735932,0.0005311059856969585,1.0008493678357244,0.9315726290516206,833,776,orb,-99.34233382874201,scheme_b_pairwise,NA,False,849.2545405894641,286.22999999999996
1734763759000,F:\agent\UAV\data\IR-image\1734763759000.jpg,116.18538938613916,38.81192958709974,483.54,116.1952033,38.8121051,770.35,1423.802635459974,-21.274688056760873,-10.113657971183898,8.81814357504146,0.24623652022977313,1.0014950850663848,0.9595842956120092,866,831,orb,-99.34233382874201,scheme_b_pairwise,NA,False,850.5400175793002,286.81
1734763759200,F:\agent\UAV\data\IR-image\1734763759200.jpg,116.18541247747791,38.81196857326367,483.54,116.1952616,38.812105,770.91,1425.805604604358,-16.934748288206986,-12.932761737446867,3.5700328233909886,0.393045248194832,1.0009169166926737,0.9583815028901734,865,829,orb,-99.34233382874201,scheme_b_pairwise,NA,False,853.5012915935141,287.36999999999995
1734763759400,F:\agent\UAV\data\IR-image\1734763759400.jpg,116.1854504864764,38.81198020245853,483.54,116.1953199,38.8121048,771.5,1429.102548624483,-15.640186316863684,-5.087731772700636,8.541512653369693,0.5203618238406512,1.0009080348174832,0.9180555555555555,720,661,orb,-99.34233382874201,scheme_b_pairwise,NA,False,855.2367179810122,287.96
1734763759600,F:\agent\UAV\data\IR-image\1734763759600.jpg,116.18547323245515,38.81195065590954,483.54,116.1953783,38.8121047,772.08,1431.0755608481572,-18.929308149891394,8.210712770775558,6.963236826934633,0.35562073319400145,0.9980970378500393,0.8497970230040596,739,628,orb,-99.34233382874201,scheme_b_pairwise,NA,False,858.3847916338964,288.54
1734763759800,F:\agent\UAV\data\IR-image\1734763759800.jpg,116.18549739185303,38.8119165705084,483.54,116.1954367,38.8121047,772.63,1433.17117466411,-22.7236950047234,9.554256363545448,7.533023727570139,0.22915705585684093,0.9997038699438167,0.9481668773704172,791,750,orb,-99.34233382874201,scheme_b_pairwise,NA,False,861.4348545348674,289.09
1734763760000,F:\agent\UAV\data\IR-image\1734763760000.jpg,116.18551050882442,38.81190705607898,483.54,116.1954951,38.8121047,773.18,1434.308955771198,-23.782841288352955,2.4150348943946938,3.633853506531011,0.1535275903196665,0.999879976549162,0.930298719772404,703,654,orb,-99.34233382874201,scheme_b_pairwise,NA,False,865.3834818037362,289.63999999999993
1734763760200,F:\agent\UAV\data\IR-image\1734763760200.jpg,116.18554221237227,38.81190436458458,483.54,116.1955535,38.8121047,773.74,1437.0589577867402,-24.082458444915833,-0.4232011938665323,7.753061245630192,0.128416824292542,1.0008946022647203,0.9368088467614534,633,593,orb,-99.34233382874201,scheme_b_pairwise,NA,False,867.703471878322,290.2
1734763760400,F:\agent\UAV\data\IR-image\1734763760400.jpg,116.18557768959349,38.811910260884176,483.54,116.195612,38.8121046,774.3,1440.1362925497012,-23.426082373494552,-3.2201159450553405,8.224060797924324,0.3702663211063636,1.0012879931654448,0.923896499238965,657,607,orb,-99.34233382874201,scheme_b_pairwise,NA,False,869.6807421288702,290.75999999999993
1734763760600,F:\agent\UAV\data\IR-image\1734763760600.jpg,116.18560830559062,38.81191969495259,483.54,116.1956706,38.8121045,774.85,1442.7919591728748,-22.37588187777689,-4.118738803151871,6.8767422562413,0.2939515367601211,1.0001579160545824,0.8917050691244239,434,387,orb,-99.34233382874201,scheme_b_pairwise,NA,False,872.0789579958292,291.31
1734763760800,F:\agent\UAV\data\IR-image\1734763760800.jpg,116.18563909814543,38.81191835013453,483.54,116.1957292,38.8121045,775.36,1445.4629406101174,-22.525587023917694,-0.8023992334159971,7.465894705777146,0.16224522868175045,1.000395217330891,0.9400584795321637,684,643,orb,-99.34233382874201,scheme_b_pairwise,NA,False,874.4911723832809,291.82
1734763761000,F:\agent\UAV\data\IR-image\1734763761000.jpg,116.18566082283716,38.81191177813191,483.54,116.1957878,38.8121046,775.85,1447.347365229723,-23.257182355887366,1.1676262922745195,5.55254588535314,-0.04827257308671647,1.0007761569279348,0.9357249626307922,669,626,orb,-99.34233382874201,scheme_b_pairwise,NA,False,877.7031521863871,292.31
1734763761200,F:\agent\UAV\data\IR-image\1734763761200.jpg,116.1856987179023,38.81193964043104,483.54,116.1958463,38.8121047,776.37,1450.634426539641,-20.155551216192894,-10.088176474827776,7.690751782311565,-0.15111154554309966,1.0017781323939572,0.9026915113871635,483,436,orb,-99.34233382874201,scheme_b_pairwise,NA,False,879.4178977302189,292.83
1734763761400,F:\agent\UAV\data\IR-image\1734763761400.jpg,116.18574016458027,38.81192356240194,483.54,116.1959048,38.8121049,776.88,1454.2295588108555,-21.945357416353808,3.319017016199666,10.772778739473779,-0.2204615266814966,1.0004148333655436,0.8985765124555161,562,505,orb,-99.34233382874201,scheme_b_pairwise,NA,False,880.9348129143328,293.34
1734763761600,F:\agent\UAV\data\IR-image\1734763761600.jpg,116.1857665406738,38.811897984152736,483.54,116.1959634,38.8121051,777.38,1456.5174513440331,-24.792728117609368,6.843742191286651,7.634061382591938,-0.12076510093936806,1.000013654812496,0.8923611111111112,576,514,orb,-99.34233382874201,scheme_b_pairwise,NA,False,883.7962956218473,293.84
1734763761800,F:\agent\UAV\data\IR-image\1734763761800.jpg,116.18580053902669,38.81191712128639,483.54,116.1960218,38.8121052,777.93,1459.4665073755227,-22.66238239870551,-7.2440447855433945,7.197160934729254,0.2950163608920677,1.0010372039139956,0.9210977701543739,583,537,orb,-99.34233382874201,scheme_b_pairwise,NA,False,885.85721280078,294.38999999999993
1734763762000,F:\agent\UAV\data\IR-image\1734763762000.jpg,116.18585023383923,38.81195223283801,483.54,116.1960802,38.8121051,778.49,1463.777092277858,-18.75376447323411,-12.789614297647404,10.157850413415872,0.36851037029259587,1.0006993377623785,0.9390243902439024,492,462,orb,-99.34233382874201,scheme_b_pairwise,NA,False,886.5273225224386,294.95
1734763762200,F:\agent\UAV\data\IR-image\1734763762200.jpg,116.18587873337695,38.81199485630027,483.54,116.1961386,38.812105,779.04,1466.2491747897643,-14.00892065420643,-14.267954962373778,4.684818186144184,0.7158261894945137,1.0004859571982114,0.8777555110220441,499,438,orb,-99.34233382874201,scheme_b_pairwise,NA,False,889.0391413324783,295.49999999999994
1734763762400,F:\agent\UAV\data\IR-image\1734763762400.jpg,116.18589166044876,38.81195417358482,483.54,116.1961968,38.812105,779.63,1467.3704837892672,-18.53772053782209,12.03226385020099,5.169175683298192,0.08032939590310616,1.0008715754198148,0.805439330543933,478,385,orb,-99.34233382874201,scheme_b_pairwise,NA,False,893.0351490404163,296.09
1734763762600,F:\agent\UAV\data\IR-image\1734763762600.jpg,116.18593501792692,38.81193903259767,483.54,116.1962549,38.8121054,780.17,1471.1313610555012,-20.22321522774575,2.9545891825809463,11.184304805345278,-0.369454281116918,0.9996848701578012,0.8899082568807339,436,388,orb,-99.34233382874201,scheme_b_pairwise,NA,False,894.3464422981936,296.62999999999994
1734763762800,F:\agent\UAV\data\IR-image\1734763762800.jpg,116.18596376488911,38.81195875371921,483.54,116.196313,38.8121059,780.7,1473.6249054489854,-18.027859977497837,-7.216544969658628,5.905931945760699,-0.26444766392184343,1.0024661520168103,0.8861788617886179,369,327,orb,-99.34233382874201,scheme_b_pairwise,NA,False,896.8474966833144,297.16
1734763763000,F:\agent\UAV\data\IR-image\1734763763000.jpg,116.18600043050093,38.81194140748733,483.54,116.196371,38.8121063,781.23,1476.805322571751,-19.95884251051008,3.8989904751694553,9.68849009630378,0.19197388936688023,1.001273601300704,0.8649789029535865,474,410,orb,-99.34233382874201,scheme_b_pairwise,NA,False,898.7338834333372,297.69
1734763763200,F:\agent\UAV\data\IR-image\1734763763200.jpg,116.18602606673723,38.811941017270826,483.54,116.196429,38.8121067,781.72,1479.0290390424066,-20.002281411726525,-0.8929236304009578,6.17870752441803,0.6403258597943489,1.0011609029603252,0.8428030303030303,528,445,orb,-99.34233382874201,scheme_b_pairwise,NA,False,901.5392163706948,298.18
1734763763400,F:\agent\UAV\data\IR-image\1734763763400.jpg,116.18602151379386,38.81187456988897,483.54,116.196487,38.812107,782.19,1478.6341115245987,-27.399203959605238,20.66682923621937,2.2765895426967404,0.24464151339661364,1.0002382579605154,0.7752808988764045,356,276,orb,-99.34233382874201,scheme_b_pairwise,NA,False,907.1394582775789,298.65000000000003
1734763763600,F:\agent\UAV\data\IR-image\1734763763600.jpg,116.18603245728892,38.81184040417009,483.54,116.1965449,38.8121075,782.65,1479.5833628083626,-31.202531785350942,10.101358639718285,4.362075555688193,0.32891119539489383,1.0006792769845079,0.9111111111111111,495,451,orb,-99.34233382874201,scheme_b_pairwise,NA,False,911.324004419271,299.10999999999996
1734763763800,F:\agent\UAV\data\IR-image\1734763763800.jpg,116.1860524286328,38.81178079968304,483.54,116.1966029,38.812108,783.07,1481.3157000283147,-37.83770328399929,17.587760005482323,7.821275615691889,0.17866321213797762,1.001709019750177,0.7891304347826087,460,363,orb,-99.34233382874201,scheme_b_pairwise,NA,False,914.8590031919459,299.53000000000003
1734763764000,F:\agent\UAV\data\IR-image\1734763764000.jpg,116.186073057748,38.81178130231571,483.54,116.1966607,38.8121085,783.48,1483.1050930851097,-37.781750215102505,-0.9703055027276264,4.930496161066117,-0.5495765561650625,1.0004864018833215,0.9027303754266212,586,529,orb,-99.34233382874201,scheme_b_pairwise,NA,False,918.0770811264724,299.94
1734763764200,F:\agent\UAV\data\IR-image\1734763764200.jpg,116.1861244632308,38.81180392861326,483.54,116.1967185,38.812109,783.95,1487.5640634816173,-35.2629907722896,-9.007805506893419,11.202113789867042,-0.7703390334090545,1.0020344221890194,0.8634361233480177,454,392,orb,-99.34233382874201,scheme_b_pairwise,NA,False,918.5363911486869,300.41
1734763764400,F:\agent\UAV\data\IR-image\1734763764400.jpg,116.1861691034637,38.811813107048025,483.54,116.1967763,38.8121095,784.4,1491.4362083620108,-34.241247413996646,-4.594209595842756,10.258926802738074,-0.5479900820096018,1.0037074780116455,0.76,350,266,orb,-99.34233382874201,scheme_b_pairwise,NA,False,919.6406782258103,300.85999999999996
1734763764600,F:\agent\UAV\data\IR-image\1734763764600.jpg,116.18620502748995,38.81182747335899,483.54,116.196834,38.8121097,784.84,1494.5522995045028,-32.64198967715183,-5.84922673817988,7.901779302333978,-0.3461635387835144,1.0019567646129948,0.8921161825726142,482,430,orb,-99.34233382874201,scheme_b_pairwise,NA,False,921.4711404871958,301.3
1734763764800,F:\agent\UAV\data\IR-image\1734763764800.jpg,116.18623248972713,38.81185643597863,483.54,116.1968917,38.8121098,785.33,1496.934405380761,-29.41787085896437,-10.015082356746348,5.12853126688708,-0.3515234854807775,0.9988739505584003,0.8412698412698413,378,318,orb,-99.34233382874201,scheme_b_pairwise,NA,False,923.9859334018975,301.79
1734763765000,F:\agent\UAV\data\IR-image\1734763765000.jpg,116.18627488553722,38.811907153550564,483.54,116.1969494,38.8121098,785.84,1500.6118664577587,-23.77199075157081,-17.31273895207437,7.612737743846424,0.0325290562859336,1.0000046441561332,0.7923250564334086,443,351,orb,-99.34233382874201,scheme_b_pairwise,NA,False,925.1564708586119,302.3
1734763765200,F:\agent\UAV\data\IR-image\1734763765200.jpg,116.18630288110123,38.81191842862273,483.54,116.197007,38.8121097,786.33,1503.040233713714,-22.516849717379277,-4.582783484113577,6.153821788444986,0.12115444773967694,1.0012721205775474,0.7803030303030303,396,309,orb,-99.34233382874201,scheme_b_pairwise,NA,False,927.6908242821006,302.79
1734763765400,F:\agent\UAV\data\IR-image\1734763765400.jpg,116.18633457434603,38.811943815500534,483.54,116.1970646,38.8121095,786.82,1505.7893420322453,-19.690782480829206,-9.079843386010225,6.326371100933898,0.04705823937563033,1.0007451960670508,0.8302277432712215,483,401,orb,-99.34233382874201,scheme_b_pairwise,NA,False,929.8740142151602,303.28000000000003
1734763765600,F:\agent\UAV\data\IR-image\1734763765600.jpg,116.18635866470323,38.81195399428198,483.54,116.1971221,38.8121095,787.32,1507.8789671804404,-18.557680530347866,-4.090430531472805,5.271231951564175,0.07687160926357481,1.0014020610746974,0.8755102040816326,490,429,orb,-99.34233382874201,scheme_b_pairwise,NA,False,932.7464549918768,303.78000000000003
1734763765800,F:\agent\UAV\data\IR-image\1734763765800.jpg,116.18638508357441,38.811944302073485,483.54,116.1971795,38.8121095,787.82,1510.170570295093,-19.636617179472935,1.9441094399009557,6.838553212957152,-0.18696931054929528,1.0004365356714409,0.8172690763052208,498,407,orb,-99.34233382874201,scheme_b_pairwise,NA,False,935.4509273214173,304.28000000000003
1734763766000,F:\agent\UAV\data\IR-image\1734763766000.jpg,116.18639142357986,38.81194143758114,483.54,116.1972369,38.8121096,788.32,1510.720509622052,-19.955492467254643,0.63259340301272,1.6684342398722265,-0.13108355424302517,1.00085075578212,0.83991683991684,481,404,orb,-99.34233382874201,scheme_b_pairwise,NA,False,939.8806349218358,304.78000000000003
1734763766200,F:\agent\UAV\data\IR-image\1734763766200.jpg,116.18639142357986,38.81194143758114,483.54,116.1972943,38.8121096,788.81,1510.720509622052,-19.955492467254643,0.0,0.0,0.0,1.0,1.0,1436,1436,orb,-99.34233382874201,scheme_b_pairwise,NA,False,944.8530168654992,305.2699999999999
1734763766400,F:\agent\UAV\data\IR-image\1734763766400.jpg,116.18639142357986,38.81194143758114,483.54,116.1973516,38.8121096,789.32,1510.720509622052,-19.955492467254643,0.0,0.0,0.0,1.0,1.0,1436,1436,orb,-99.34233382874201,scheme_b_pairwise,NA,False,949.8167463469927,305.78000000000003
1734763766600,F:\agent\UAV\data\IR-image\1734763766600.jpg,116.18639142357986,38.81194143758114,483.54,116.1974088,38.8121095,789.82,1510.720509622052,-19.955492467254643,0.0,0.0,0.0,1.0,1.0,1436,1436,orb,-99.34233382874201,scheme_b_pairwise,NA,False,954.7716061217214,306.28000000000003
1734763766800,F:\agent\UAV\data\IR-image\1734763766800.jpg,116.18639142357986,38.81194143758114,483.54,116.1974661,38.8121096,790.25,1510.720509622052,-19.955492467254643,0.0,0.0,0.0,1.0,1.0,1436,1436,orb,-99.34233382874201,scheme_b_pairwise,NA,False,959.7355725821765,306.71
1734763767000,F:\agent\UAV\data\IR-image\1734763767000.jpg,116.18639142357986,38.81194143758114,483.54,116.1975234,38.8121096,790.65,1510.720509622052,-19.955492467254643,0.0,0.0,0.0,1.0,1.0,1436,1436,orb,-99.34233382874201,scheme_b_pairwise,NA,False,964.6993317552184,307.10999999999996
1734763767200,F:\agent\UAV\data\IR-image\1734763767200.jpg,116.18639142357986,38.81194143758114,483.54,116.1975807,38.8121094,791.04,1510.720509622052,-19.955492467254643,0.0,0.0,0.0,1.0,1.0,1436,1436,orb,-99.34233382874201,scheme_b_pairwise,NA,False,969.6626732918623,307.49999999999994
1734763767400,F:\agent\UAV\data\IR-image\1734763767400.jpg,116.18639142357986,38.81194143758114,483.54,116.1976379,38.8121093,791.42,1510.720509622052,-19.955492467254643,0.0,0.0,0.0,1.0,1.0,1436,1436,orb,-99.34233382874201,scheme_b_pairwise,NA,False,974.617578570168,307.87999999999994
1734763767600,F:\agent\UAV\data\IR-image\1734763767600.jpg,116.18639142357986,38.81194143758114,483.54,116.1976952,38.8121096,791.7,1510.720509622052,-19.955492467254643,0.0,0.0,0.0,1.0,1.0,1436,1436,orb,-99.34233382874201,scheme_b_pairwise,NA,False,979.5820034761446,308.16
1734763767800,F:\agent\UAV\data\IR-image\1734763767800.jpg,116.18639142357986,38.81194143758114,483.54,116.1977524,38.8121101,791.91,1510.720509622052,-19.955492467254643,0.0,0.0,0.0,1.0,1.0,1436,1436,orb,-99.34233382874201,scheme_b_pairwise,NA,False,984.5381913878878,308.36999999999995
1734763768000,F:\agent\UAV\data\IR-image\1734763768000.jpg,116.18639142357986,38.81194143758114,483.54,116.1978095,38.8121105,792.2,1510.720509622052,-19.955492467254643,0.0,0.0,0.0,1.0,1.0,1436,1436,orb,-99.34233382874201,scheme_b_pairwise,NA,False,989.4855073429911,308.66
1734763768200,F:\agent\UAV\data\IR-image\1734763768200.jpg,116.1864429543614,38.811899454844664,483.54,116.1978666,38.8121108,792.49,1515.19034857606,-24.62901069233545,10.907328623628246,14.50936989258122,-1.516296239692447,1.0109235497085647,0.7151162790697675,172,123,orb,-99.34233382874201,scheme_b_pairwise,NA,False,990.0686895499318,308.95
1734763768400,F:\agent\UAV\data\IR-image\1734763768400.jpg,116.18644995076603,38.81193262342038,483.54,116.1979238,38.8121108,792.71,1515.7972247191344,-20.936684843466175,-10.502969979535123,-0.0015704724310694473,0.16815926131626444,0.9999287790846819,0.8440366972477065,218,184,orb,-99.34233382874201,scheme_b_pairwise,NA,False,994.3367509884145,309.17
1734763768600,F:\agent\UAV\data\IR-image\1734763768600.jpg,116.18643539965406,38.81198754329282,483.54,116.1979808,38.8121107,792.98,1514.535044616755,-14.82300464310117,-16.357638640311734,-6.281488332132739,0.35961681040629584,1.000856968084759,0.8658892128279884,343,297,orb,-99.34233382874201,scheme_b_pairwise,NA,False,1000.4321655750324,309.44
1734763768800,F:\agent\UAV\data\IR-image\1734763768800.jpg,116.18643158195447,38.81202138880437,483.54,116.1980378,38.8121107,793.23,1514.2038929854796,-11.05532229766792,-10.284269640809612,-2.63391449596557,0.19009347753519856,1.0008190950266345,0.8715953307392996,514,448,orb,-99.34233382874201,scheme_b_pairwise,NA,False,1005.6567123244134,309.69
1734763769000,F:\agent\UAV\data\IR-image\1734763769000.jpg,116.18644733345481,38.8120543680953,483.54,116.1980946,38.8121106,793.39,1515.570196149278,-7.384067631171161,-10.790642345563015,2.111377061288465,0.123755080245788,1.0017215896127043,0.7833333333333333,360,282,orb,-99.34233382874201,scheme_b_pairwise,NA,False,1009.1834150203102,309.84999999999997
1734763769200,F:\agent\UAV\data\IR-image\1734763769200.jpg,116.18645487399355,38.812018478544026,483.54,116.1981513,38.8121106,793.5,1516.2242711072886,-11.379292478793662,10.767342873418784,3.6319783523758815,-0.049671395950541146,1.0008101764387807,0.78515625,256,201,orb,-99.34233382874201,scheme_b_pairwise,NA,False,1013.4754328393494,309.96
1734763769400,F:\agent\UAV\data\IR-image\1734763769400.jpg,116.18646681565794,38.81201794852594,483.54,116.198208,38.8121107,793.57,1517.2601047407522,-11.43829409234566,-0.3085627683483949,2.895779861084293,-0.08788139985252133,1.000005571165344,0.7945205479452054,292,232,orb,-99.34233382874201,scheme_b_pairwise,NA,False,1017.3539819494125,310.03000000000003
1734763769600,F:\agent\UAV\data\IR-image\1734763769600.jpg,116.18648728376282,38.81203211647807,483.54,116.1982645,38.8121107,793.6,1519.0355315780298,-9.861117661389873,-5.177196937794918,4.198670752713781,-0.12519135979524756,0.9997199990281652,0.7656765676567657,303,232,orb,-99.34233382874201,scheme_b_pairwise,NA,False,1020.4609575300135,310.06
1734763769800,F:\agent\UAV\data\IR-image\1734763769800.jpg,116.18652094954098,38.81205518204531,483.54,116.1983209,38.8121108,793.62,1521.9557396961973,-7.2934587162073115,-8.442104508015575,6.918001006354302,0.18301348040430257,1.0030730441005518,0.7859237536656891,341,268,orb,-99.34233382874201,scheme_b_pairwise,NA,False,1022.411864370867,310.08
1734763770000,F:\agent\UAV\data\IR-image\1734763770000.jpg,116.18655895428118,38.812016085719094,483.54,116.1983772,38.8121109,793.64,1525.2523143473738,-11.64566175064876,10.551994937362679,11.113432367671066,0.4605024256271504,1.0013883517638185,0.843065693430657,274,231,orb,-99.34233382874201,scheme_b_pairwise,NA,False,1024.0328851118677,310.09999999999997
1734763770200,F:\agent\UAV\data\IR-image\1734763770200.jpg,116.18658366967375,38.81199449990014,483.54,116.1984334,38.812111,793.61,1527.3961557796868,-14.04859511674759,5.678443401409822,7.032582940408361,0.7788173627158895,0.9986248337486809,0.7933884297520661,242,192,orb,-99.34233382874201,scheme_b_pairwise,NA,False,1026.78843538022,310.07
1734763770400,F:\agent\UAV\data\IR-image\1734763770400.jpg,116.18660566599823,38.81199255961203,483.54,116.1984895,38.8121111,793.57,1529.3041421332173,-14.264587989065918,-0.2711475484289849,5.3828698870218545,0.5201438760339565,0.9983536181597706,0.8,480,384,orb,-99.34233382874201,scheme_b_pairwise,NA,False,1029.7459682683718,310.03000000000003
1734763770600,F:\agent\UAV\data\IR-image\1734763770600.jpg,116.18662750331622,38.81195114825784,483.54,116.1985455,38.8121114,793.5,1531.1983360818288,-18.874499937479605,11.904751577166962,7.346754525207302,-0.11069877483994527,1.0003312524949746,0.8269617706237424,497,411,orb,-99.34233382874201,scheme_b_pairwise,NA,False,1032.7756241560965,309.96
1734763770800,F:\agent\UAV\data\IR-image\1734763770800.jpg,116.18666233625306,38.8119282283353,483.54,116.1986014,38.8121118,793.41,1534.2197848816577,-21.425945715113805,5.689889783971637,9.530917048383287,-0.6212522983920791,1.0006139064045032,0.7592592592592593,486,369,orb,-99.34233382874201,scheme_b_pairwise,NA,False,1034.6487586527112,309.86999999999995
1734763771000,F:\agent\UAV\data\IR-image\1734763771000.jpg,116.1866987426541,38.811886693508455,483.54,116.1986572,38.8121122,793.32,1537.3777177637317,-26.04960263859669,11.36699897608321,10.853130985919677,-1.0823839081969011,1.0007105821728275,0.7865612648221344,506,398,orb,-99.34233382874201,scheme_b_pairwise,NA,False,1036.4313989003062,309.78000000000003
1734763771200,F:\agent\UAV\data\IR-image\1734763771200.jpg,116.18673266250626,38.81191351993503,483.54,116.1987129,38.8121125,793.25,1540.319964552042,-23.063284831949545,-9.611684603200843,6.788278907577535,-0.10886578416416068,1.0005259098035961,0.795959595959596,495,394,orb,-99.34233382874201,scheme_b_pairwise,NA,False,1038.2507228594936,309.71
1734763771400,F:\agent\UAV\data\IR-image\1734763771400.jpg,116.18676772237934,38.81196064025942,483.54,116.1987686,38.8121123,793.19,1543.361098060425,-17.817850321387915,-15.913703099081658,6.032796206227431,0.5800830199174155,1.0017048382168645,0.8616352201257862,477,411,orb,-99.34233382874201,scheme_b_pairwise,NA,False,1039.9396841116518,309.65000000000003
1734763771600,F:\agent\UAV\data\IR-image\1734763771600.jpg,116.18680127248761,38.811996109166174,483.54,116.1988241,38.812112,793.1,1546.271272840493,-13.869451621516205,-12.261697640101488,6.2610795129737085,0.687555533522237,1.0001011980647707,0.8622047244094488,508,438,orb,-99.34233382874201,scheme_b_pairwise,NA,False,1041.784212925322,309.56
1734763771800,F:\agent\UAV\data\IR-image\1734763771800.jpg,116.18682994108548,38.81203278347016,483.54,116.1988796,38.8121117,793.02,1548.7580198224389,-9.786868102434276,-12.440408076730876,5.027191857137041,0.4499620029486204,1.0008317486425047,0.8183556405353728,523,428,orb,-99.34233382874201,scheme_b_pairwise,NA,False,1044.0658967973443,309.47999999999996
1734763772000,F:\agent\UAV\data\IR-image\1734763772000.jpg,116.18685045590478,38.81204545673968,483.54,116.198935,38.8121116,792.97,1550.5374987218854,-8.376079738379838,-4.718206672744202,4.285708097223846,0.1492476294762655,1.0020491968122163,0.7760532150776053,451,350,orb,-99.34233382874201,scheme_b_pairwise,NA,False,1047.0773450250406,309.43
1734763772200,F:\agent\UAV\data\IR-image\1734763772200.jpg,116.18688294996782,38.81205111147653,483.54,116.1989902,38.8121114,792.93,1553.3560709308415,-7.746594433012042,-3.0277330605068755,7.519632037075667,-0.0535152109070029,1.000680565032206,0.8058455114822547,479,386,orb,-99.34233382874201,scheme_b_pairwise,NA,False,1049.0402241115696,309.38999999999993
1734763772400,F:\agent\UAV\data\IR-image\1734763772400.jpg,116.18690479775891,38.81203097786133,483.54,116.1990453,38.8121114,792.89,1555.2511733293134,-9.98786847645314,5.344041469255387,6.27000315824597,-0.1929822517271954,0.9999643233607122,0.812962962962963,540,439,orb,-99.34233382874201,scheme_b_pairwise,NA,False,1051.9380632097561,309.34999999999997
1734763772600,F:\agent\UAV\data\IR-image\1734763772600.jpg,116.18692441933352,38.81202544386983,483.54,116.1991003,38.8121114,792.88,1556.9531711614934,-10.603912410860236,0.9307120321302023,4.99463679530254,-0.5799743057634132,1.0021163095943164,0.7243589743589743,468,339,orb,-99.34233382874201,scheme_b_pairwise,NA,False,1055.0087126700732,309.34
1734763772800,F:\agent\UAV\data\IR-image\1734763772800.jpg,116.18695708647724,38.81201032385929,483.54,116.1991552,38.8121116,792.88,1559.7867565861734,-12.287071983595881,3.3706413123397283,8.61496766723053,-0.6909407218442533,1.0005686836449528,0.8144329896907216,485,395,orb,-99.34233382874201,scheme_b_pairwise,NA,False,1056.9518627148473,309.34
1734763773000,F:\agent\UAV\data\IR-image\1734763773000.jpg,116.18699384435376,38.811990028992405,483.54,116.1992101,38.8121117,792.86,1562.9751768562867,-14.54629656585837,4.804459191498609,9.86021916345993,-0.22842256841228895,0.9996083487899674,0.7960396039603961,505,402,orb,-99.34233382874201,scheme_b_pairwise,NA,False,1058.5503833066005,309.32
1734763773200,F:\agent\UAV\data\IR-image\1734763773200.jpg,116.1870319048605,38.8119981197268,483.54,116.1992649,38.8121117,792.84,1566.2765887597884,-13.645636012709064,-3.998798795632979,8.73336790409229,0.0314308955697113,0.9992644314566308,0.7593360995850622,482,366,orb,-99.34233382874201,scheme_b_pairwise,NA,False,1059.9894787651513,309.3
1734763773400,F:\agent\UAV\data\IR-image\1734763773400.jpg,116.18706679547736,38.81202512827197,483.54,116.1993195,38.8121116,792.83,1569.3030407893157,-10.639044764670006,-9.706202957339201,7.012260316960294,0.09983443967487533,1.002271839513008,0.7626527050610821,573,437,orb,-99.34233382874201,scheme_b_pairwise,NA,False,1061.6652759355916,309.29
1734763773600,F:\agent\UAV\data\IR-image\1734763773600.jpg,116.18709225163907,38.812036445603624,483.54,116.1993741,38.8121115,792.79,1571.511137382954,-9.379199404665842,-4.495446713076774,5.541605794658949,0.280032189866814,1.0010106742881766,0.8013100436681223,458,367,orb,-99.34233382874201,scheme_b_pairwise,NA,False,1064.1795102529156,309.24999999999994
1734763773800,F:\agent\UAV\data\IR-image\1734763773800.jpg,116.18710031178745,38.8120373503429,483.54,116.1994286,38.8121114,792.74,1572.2102838764722,-9.278483829062543,-0.5975122067486041,1.8904996048353837,0.023849115877889442,1.0009129260602312,0.8736462093862816,554,484,orb,-99.34233382874201,scheme_b_pairwise,NA,False,1068.2022420552912,309.2
1734763774000,F:\agent\UAV\data\IR-image\1734763774000.jpg,116.18714245567135,38.81205262718516,483.54,116.199483,38.8121115,792.69,1575.865892588239,-7.577865747831669,-6.375789971178676,9.349868990194807,-0.09117446462689889,1.0019744172226697,0.8209876543209876,486,399,orb,-99.34233382874201,scheme_b_pairwise,NA,False,1069.2523486114405,309.15000000000003
1734763774200,F:\agent\UAV\data\IR-image\1734763774200.jpg,116.18716334760748,38.81202252163979,483.54,116.1995373,38.8121116,792.62,1577.678083033316,-10.929215058849536,8.456339337899578,6.546170797157345,0.12249236917120111,1.001014520874821,0.8528138528138528,462,394,orb,-99.34233382874201,scheme_b_pairwise,NA,False,1072.1728920370233,309.08
1734763774400,F:\agent\UAV\data\IR-image\1734763774400.jpg,116.18719629806594,38.812014885795364,483.54,116.1995915,38.8121117,792.55,1580.5362435019317,-11.779237260434567,1.0519454316100223,8.303413722450557,-0.40596188085637974,1.0015262896754016,0.8462962962962963,540,457,orb,-99.34233382874201,scheme_b_pairwise,NA,False,1074.02229045044,309.00999999999993
1734763774600,F:\agent\UAV\data\IR-image\1734763774600.jpg,116.18723259503378,38.81202250108451,483.54,116.1996456,38.8121121,792.48,1583.6846840248086,-10.931503272013686,-3.7825095217155535,8.333806771417926,-0.8553714665048444,0.9981653786698238,0.7513966480446927,358,269,orb,-99.34233382874201,scheme_b_pairwise,NA,False,1075.5569452581017,308.94
1734763774800,F:\agent\UAV\data\IR-image\1734763774800.jpg,116.18729226655526,38.811984191687436,483.54,116.1996998,38.8121125,792.38,1588.8606600751918,-15.196105354432158,9.453023689427994,16.27879974011711,0.04370174255823721,1.0012681937042296,0.8433420365535248,383,323,orb,-99.34233382874201,scheme_b_pairwise,NA,False,1075.1316818383498,308.84
1734763775000,F:\agent\UAV\data\IR-image\1734763775000.jpg,116.18734506944269,38.81193259117983,483.54,116.199754,38.8121127,792.28,1593.4408429486696,-20.94027386107165,13.82237626761804,15.302824558107773,0.08742051083638255,1.0011176330172806,0.8375451263537906,554,464,orb,-99.34233382874201,scheme_b_pairwise,NA,False,1075.3449614462293,308.73999999999995
1734763775200,F:\agent\UAV\data\IR-image\1734763775200.jpg,116.18736139787129,38.81190145535506,483.54,116.1998083,38.812113,792.22,1594.8571895287578,-24.406313874718652,8.954358210118244,5.502080839385997,-0.025685334903618406,1.0006989737126375,0.8077753779697624,463,374,orb,-99.34233382874201,scheme_b_pairwise,NA,False,1078.7051953292164,308.68
1734763775400,F:\agent\UAV\data\IR-image\1734763775400.jpg,116.18738695097531,38.81193731675501,483.54,116.1998625,38.8121132,792.2,1597.0736950110636,-20.41422283300251,-12.066640390861437,4.319950498361891,0.24983907278402798,1.001377754952408,0.8676789587852495,461,400,orb,-99.34233382874201,scheme_b_pairwise,NA,False,1081.1074095840556,308.66
1734763775600,F:\agent\UAV\data\IR-image\1734763775600.jpg,116.18744552013973,38.811966089097425,483.54,116.1999167,38.8121131,792.15,1602.1540513498098,-17.21128567474199,-11.185871669736457,12.611390011824767,0.767634690146188,1.0015918134489261,0.8067484662576687,326,263,orb,-99.34233382874201,scheme_b_pairwise,NA,False,1080.6753618608805,308.60999999999996
1734763775800,F:\agent\UAV\data\IR-image\1734763775800.jpg,116.18748196625603,38.811974840862774,483.54,116.199971,38.8121131,792.05,1605.3154291793182,-16.23703915581941,-4.138799726306729,8.311993266936156,0.23714801050551754,1.0001955148415886,0.8271186440677966,590,488,orb,-99.34233382874201,scheme_b_pairwise,NA,False,1082.2077868844742,308.50999999999993
1734763776000,F:\agent\UAV\data\IR-image\1734763776000.jpg,116.18752304444985,38.812034349411235,483.54,116.2000252,38.8121132,791.98,1608.87859871423,-9.612547541569093,-19.971072743414766,6.850286922505404,0.39202693187616,1.0034105778166373,0.8494983277591973,299,254,orb,-99.34233382874201,scheme_b_pairwise,NA,False,1083.2705367734643,308.44
1734763776200,F:\agent\UAV\data\IR-image\1734763776200.jpg,116.18750517858567,38.81201339678174,483.54,116.2000795,38.8121133,792.0,1607.3288932120377,-11.944994257384788,7.1661810113947695,-3.229363690711807,-0.573986944721278,1.0011137920686424,0.9117647058823529,510,465,orb,-99.34233382874201,scheme_b_pairwise,NA,False,1089.5445750064807,308.46
1734763776400,F:\agent\UAV\data\IR-image\1734763776400.jpg,116.18754749490742,38.8119502579045,483.54,116.2001338,38.8121138,792.1,1610.9994593809668,-18.973614071390493,17.794321782140628,13.368764276504805,-0.8174378177236158,1.0019932246042496,0.8608870967741935,496,427,orb,-99.34233382874201,scheme_b_pairwise,NA,False,1090.6783463027753,308.56
1734763776600,F:\agent\UAV\data\IR-image\1734763776600.jpg,116.18757423753016,38.811913261108884,483.54,116.200188,38.8121142,792.09,1613.319145076233,-23.09209735907117,10.349791678403562,8.301298448131604,-0.4235849728721379,0.9988944621221213,0.8504347826086956,575,489,orb,-99.34233382874201,scheme_b_pairwise,NA,False,1093.134400622846,308.55
1734763776800,F:\agent\UAV\data\IR-image\1734763776800.jpg,116.18758026590395,38.81188644859987,483.54,116.2002424,38.8121143,792.12,1613.8420531160803,-26.076865862634225,8.028499300879048,2.808278590793691,0.21428437545550624,1.0017499230616758,0.8931297709923665,655,585,orb,-99.34233382874201,scheme_b_pairwise,NA,False,1097.3898539430572,308.58
1734763777000,F:\agent\UAV\data\IR-image\1734763777000.jpg,116.18762041660436,38.81189208528648,483.54,116.2002968,38.8121143,792.16,1617.3247708123224,-25.449389909504475,-3.324785075994953,9.359997640580218,0.4231053629315895,1.0006088135629236,0.7896103896103897,385,304,orb,-99.34233382874201,scheme_b_pairwise,NA,False,1098.6098217876033,308.61999999999995
1734763777200,F:\agent\UAV\data\IR-image\1734763777200.jpg,116.1876296561652,38.8119413157061,483.54,116.2003512,38.8121145,792.18,1618.1262208914513,-19.9690595971692,-15.543772599367003,-0.27737133512351875,-0.9973737877173509,0.9998368155803475,0.7583892617449665,298,226,orb,-99.34233382874201,scheme_b_pairwise,NA,False,1102.412620103279,308.63999999999993
1734763777400,F:\agent\UAV\data\IR-image\1734763777400.jpg,116.18768478164603,38.81196120425409,483.54,116.2004057,38.8121149,792.25,1622.9078681737358,-17.755066434530963,-8.31073720569458,12.234682027229951,-1.4378492833911332,0.997053165026904,0.8237704918032787,244,201,orb,-99.34233382874201,scheme_b_pairwise,NA,False,1102.3225505882579,308.71
1734763777600,F:\agent\UAV\data\IR-image\1734763777600.jpg,116.18773045476193,38.811991871735096,483.54,116.2004603,38.8121152,792.27,1626.8696065077963,-14.341162449229941,-11.26047862482983,9.417083684788565,-0.2302009913880269,0.9998985014651637,0.9282945736434108,516,479,orb,-99.34233382874201,scheme_b_pairwise,NA,False,1103.0485300548507,308.72999999999996
1734763777800,F:\agent\UAV\data\IR-image\1734763777800.jpg,116.18774080040436,38.812018966151186,483.54,116.200515,38.8121151,792.28,1627.766999369458,-11.325012050243819,-8.762574806175792,1.111157593070061,0.9036088038955246,1.0021618129970253,0.8089887640449438,445,360,orb,-99.34233382874201,scheme_b_pairwise,NA,False,1106.8577247500243,308.73999999999995
1734763778000,F:\agent\UAV\data\IR-image\1734763778000.jpg,116.18774814191497,38.812004679168815,483.54,116.2005697,38.8121149,792.37,1628.4038103998437,-12.915438927776915,4.114762293967999,2.488419576995625,1.1628440646282285,1.0001549564210592,0.8797127468581688,557,490,orb,-99.34233382874201,scheme_b_pairwise,NA,False,1110.977145922223,308.83
1734763778200,F:\agent\UAV\data\IR-image\1734763778200.jpg,116.18772775997085,38.81203493031966,483.54,116.2006245,38.8121147,792.6,1626.635857246232,-9.54788081552896,-8.521388708812822,-6.43103454027451,0.8585157524869599,1.0001462896760978,0.8779661016949153,590,518,orb,-99.34233382874201,scheme_b_pairwise,NA,False,1117.458564917638,309.06
1734763778400,F:\agent\UAV\data\IR-image\1734763778400.jpg,116.18773206914584,38.81204409451093,483.54,116.2006794,38.8121146,792.9,1627.0096400148313,-8.527723042976522,-2.995792938244847,0.5704133086312595,0.4756434939623307,1.0021437236513273,0.8943338437978561,653,584,orb,-99.34233382874201,scheme_b_pairwise,NA,False,1121.8340684859645,309.35999999999996
1734763778600,F:\agent\UAV\data\IR-image\1734763778600.jpg,116.18775851844984,38.812026033941564,483.54,116.2007343,38.8121145,793.14,1629.3038829089812,-10.538225625154503,4.5230175056686335,7.270331546988359,-0.012226131460007731,1.0003617366423845,0.9063400576368876,694,629,orb,-99.34233382874201,scheme_b_pairwise,NA,False,1124.3149296046197,309.59999999999997
1734763778800,F:\agent\UAV\data\IR-image\1734763778800.jpg,116.18777085136692,38.81199955984858,483.54,116.2007892,38.8121146,793.31,1630.3736542476383,-13.485321656140405,7.674982059443209,4.305732686951615,-0.36702802480490543,1.0008659982045915,0.8953488372093024,688,616,orb,-99.34233382874201,scheme_b_pairwise,NA,False,1128.0328132332925,309.7699999999999
1734763779000,F:\agent\UAV\data\IR-image\1734763779000.jpg,116.18778727413864,38.81200618301298,483.54,116.2008442,38.8121148,793.48,1631.7981842586744,-12.748030995208596,-2.6911221707492246,3.6095027221817304,-0.2277167800228474,1.0000444969339548,0.905160390516039,717,649,orb,-99.34233382874201,scheme_b_pairwise,NA,False,1131.367175659903,309.94
1734763779200,F:\agent\UAV\data\IR-image\1734763779200.jpg,116.18779482769308,38.81202465745887,483.54,116.2008994,38.8121148,793.66,1632.453388213461,-10.691455678345687,-5.994535279814386,0.8776086822385878,0.3288603782589503,1.000867301803602,0.8776859504132232,605,531,orb,-99.34233382874201,scheme_b_pairwise,NA,False,1135.4750747798191,310.11999999999995
1734763779400,F:\agent\UAV\data\IR-image\1734763779400.jpg,116.18780355808195,38.812017080337604,483.54,116.2009546,38.8121148,793.82,1633.2106721329471,-11.5349408177263,1.9911023269749535,2.481743978791144,0.5041216259515652,1.001879184953851,0.8672699849170438,663,575,orb,-99.34233382874201,scheme_b_pairwise,NA,False,1139.509008593497,310.28000000000003
1734763779600,F:\agent\UAV\data\IR-image\1734763779600.jpg,116.18781443680423,38.812012584022206,483.54,116.2010099,38.8121149,793.94,1634.1543049509266,-12.035470647812948,0.9563267289560144,2.841597825728968,0.2113705659866286,1.00142070281301,0.8803418803418803,585,515,orb,-99.34233382874201,scheme_b_pairwise,NA,False,1143.3626723544926,310.40000000000003
1734763779800,F:\agent\UAV\data\IR-image\1734763779800.jpg,116.18782626557008,38.81202273652086,483.54,116.2010652,38.812115,794.05,1635.1803456365794,-10.905294497952806,-3.597705910446507,2.3268091911472197,0.20009574557741858,1.0017478788953966,0.8099467140319716,563,456,orb,-99.34233382874201,scheme_b_pairwise,NA,False,1147.1183786445563,310.50999999999993
1734763780000,F:\agent\UAV\data\IR-image\1734763780000.jpg,116.18784959851693,38.812012531289504,483.54,116.2011206,38.8121153,794.12,1637.2042721440357,-12.041340852246044,2.224249865484296,6.1232048803602765,-0.009851086936263628,1.0010694108454612,0.8420245398773006,652,549,orb,-99.34233382874201,scheme_b_pairwise,NA,False,1149.9077764800118,310.58
1734763780200,F:\agent\UAV\data\IR-image\1734763780200.jpg,116.18787135235488,38.81199902241286,483.54,116.201176,38.8121156,794.15,1639.09122493842,-13.545148999919746,3.3052329702408088,5.91140602747231,-0.2749176596041212,1.0002885011960456,0.8111455108359134,646,524,orb,-99.34233382874201,scheme_b_pairwise,NA,False,1152.8392165476703,310.60999999999996
1734763780400,F:\agent\UAV\data\IR-image\1734763780400.jpg,116.18788548139771,38.81197627353676,483.54,116.2012315,38.812116,794.19,1640.3167942810073,-16.077553888496034,6.455443849807693,4.5482849125144185,-0.27569931889241933,1.0020582341779838,0.8897168405365127,671,597,orb,-99.34233382874201,scheme_b_pairwise,NA,False,1156.4554302395825,310.65000000000003
1734763780600,F:\agent\UAV\data\IR-image\1734763780600.jpg,116.1879024168382,38.81196893098643,483.54,116.2012871,38.8121163,794.19,1641.7857937672122,-16.894926590479667,1.5944875598395356,4.4410483517793296,-0.16324544108564817,0.9999599915023324,0.8187919463087249,596,488,orb,-99.34233382874201,scheme_b_pairwise,NA,False,1159.816929672027,310.65000000000003
1734763780800,F:\agent\UAV\data\IR-image\1734763780800.jpg,116.18791984638762,38.811982227492486,483.54,116.2013428,38.8121166,794.16,1643.2976528266433,-15.414759536525224,-4.788420600355266,3.512882681129156,0.11577649979439221,1.0007465271773084,0.8687782805429864,663,576,orb,-99.34233382874201,scheme_b_pairwise,NA,False,1163.1129275255319,310.61999999999995
1734763781000,F:\agent\UAV\data\IR-image\1734763781000.jpg,116.18793222298349,38.811990532909604,483.54,116.2013985,38.8121168,794.15,1644.3712129141911,-14.490200502800198,-3.049870788169585,2.5521104965188215,0.07968824176540684,1.0009072178644276,0.9003021148036254,662,596,orb,-99.34233382874201,scheme_b_pairwise,NA,False,1166.8550647199797,310.60999999999996
1734763781200,F:\agent\UAV\data\IR-image\1734763781200.jpg,116.18795193872616,38.812009237804816,483.54,116.2014544,38.8121171,794.16,1646.0813789921172,-12.407971567946966,-6.546279222759836,3.787794679991123,0.1648566755601087,1.0004830323753542,0.8984509466437177,581,522,orb,-99.34233382874201,scheme_b_pairwise,NA,False,1169.967057581715,310.61999999999995
1734763781400,F:\agent\UAV\data\IR-image\1734763781400.jpg,116.18798246956486,38.81199652222971,483.54,116.2015105,38.8121173,794.16,1648.7296588757179,-13.823469388461898,2.7137464251771917,7.979776510782813,0.058113312441326254,1.0016985044994993,0.8650793650793651,756,654,orb,-99.34233382874201,scheme_b_pairwise,NA,False,1172.198029906203,310.61999999999995
1734763781600,F:\agent\UAV\data\IR-image\1734763781600.jpg,116.18802216071497,38.81200213996365,483.54,116.2015666,38.8121175,794.12,1652.1725146515819,-13.19810324658064,-3.300778595360498,9.25055543644595,0.058257952563967916,0.9999864860491489,0.9364303178484108,818,766,orb,-99.34233382874201,scheme_b_pairwise,NA,False,1173.6128762205722,310.58
1734763781800,F:\agent\UAV\data\IR-image\1734763781800.jpg,116.18804480284562,38.81199290167353,483.54,116.2016229,38.8121177,794.08,1654.1365189729565,-14.226509703014127,1.9534285873651243,5.9081954331348925,-0.0034267723224154865,1.0002116712123152,0.8083067092651757,626,506,orb,-99.34233382874201,scheme_b_pairwise,NA,False,1176.5409359036591,310.54
1734763782000,F:\agent\UAV\data\IR-image\1734763782000.jpg,116.18805453667804,38.81197854760868,483.54,116.2016793,38.812118,794.06,1654.9808427339915,-15.824404201589102,4.040892020063154,3.0665596676955715,-0.0955232195477516,1.000648854439404,0.8707280832095097,673,586,orb,-99.34233382874201,scheme_b_pairwise,NA,False,1180.6043876548429,310.5199999999999
1734763782200,F:\agent\UAV\data\IR-image\1734763782200.jpg,116.18808689420264,38.811984711977914,483.54,116.2017358,38.8121183,794.03,1657.7875714425193,-15.138186619009241,-3.1794650900433226,7.460979690653005,-0.06261980108943233,1.000982444495687,0.9388038942976356,719,675,orb,-99.34233382874201,scheme_b_pairwise,NA,False,1182.6875821068975,310.48999999999995
1734763782400,F:\agent\UAV\data\IR-image\1734763782400.jpg,116.1881335946779,38.81199602509035,483.54,116.2017925,38.8121186,793.95,1661.8384241006788,-13.878810942007343,-5.333795784124845,10.64560773909227,0.10180635358612015,1.0001782737373182,0.9450867052023122,692,654,orb,-99.34233382874201,scheme_b_pairwise,NA,False,1183.5390789862145,310.41
1734763782600,F:\agent\UAV\data\IR-image\1734763782600.jpg,116.18815655501699,38.81199945072442,483.54,116.2018493,38.812119,793.88,1663.8300301857591,-13.497469357662972,-1.963655718137204,5.342292374792578,-0.016472864414008997,1.0007671012456425,0.9232531500572738,873,806,orb,-99.34233382874201,scheme_b_pairwise,NA,False,1186.46703565021,310.34
1734763782800,F:\agent\UAV\data\IR-image\1734763782800.jpg,116.1881679620167,38.81198631680876,483.54,116.2019062,38.8121193,793.83,1664.8194863939,-14.959536848987826,3.5985694006010363,3.4066362017125584,-0.1262929877116717,1.0023465260060984,0.9185750636132316,786,722,orb,-99.34233382874201,scheme_b_pairwise,NA,False,1190.4262045761338,310.29
1734763783000,F:\agent\UAV\data\IR-image\1734763783000.jpg,116.1882010833916,38.81195178633401,483.54,116.2019632,38.8121197,793.79,1667.6924723502293,-18.803469297737767,9.337271454283325,9.708647284985432,-0.19493915790804028,1.0018358215266827,0.9210526315789473,798,735,orb,-99.34233382874201,scheme_b_pairwise,NA,False,1192.5497552850784,310.24999999999994
1734763783200,F:\agent\UAV\data\IR-image\1734763783200.jpg,116.18825306949614,38.81193580634006,483.54,116.2020204,38.8121201,793.68,1672.2018065422387,-20.582362224461455,2.8722359005048475,13.29982477277889,0.040489391281415744,1.0005140698778898,0.9606936416184971,865,831,orb,-99.34233382874201,scheme_b_pairwise,NA,False,1193.0314782238925,310.13999999999993
1734763783400,F:\agent\UAV\data\IR-image\1734763783400.jpg,116.1883114875238,38.811963587848,483.54,116.2020778,38.8121203,793.58,1677.269053105381,-17.489724760927125,-10.87440674811927,12.625338475602177,0.487109484951505,1.0002989214873304,0.9213011542497377,953,878,orb,-99.34233382874201,scheme_b_pairwise,NA,False,1192.894308334918,310.04
1734763783600,F:\agent\UAV\data\IR-image\1734763783600.jpg,116.18832738990316,38.81192814097067,483.54,116.2021353,38.8121204,793.51,1678.648443686759,-21.435671144873236,10.300369487209935,5.618394535593495,0.4078103884386394,1.0014053360086799,0.8834355828220859,652,576,orb,-99.34233382874201,scheme_b_pairwise,NA,False,1196.562494558721,309.96999999999997
1734763783800,F:\agent\UAV\data\IR-image\1734763783800.jpg,116.18836070083638,38.81193216334837,483.54,116.2021929,38.8121206,793.41,1681.5378721495758,-20.98790006000714,-2.55673398784171,7.798676906655999,0.15612477655146717,1.0006226123275537,0.8848080133555927,599,530,orb,-99.34233382874201,scheme_b_pairwise,NA,False,1198.6591186674368,309.86999999999995
1734763784000,F:\agent\UAV\data\IR-image\1734763784000.jpg,116.18840264157873,38.811904274582616,483.54,116.2022507,38.8121208,793.26,1685.1758601300728,-24.09247746335657,6.9409449196733135,11.490548184805562,-0.0708111353088113,1.0010631899205453,0.9260918253079508,893,827,orb,-99.34233382874201,scheme_b_pairwise,NA,False,1200.0918485750005,309.71999999999997
1734763784200,F:\agent\UAV\data\IR-image\1734763784200.jpg,116.18842979994955,38.81189270707823,483.54,116.2023086,38.8121211,793.15,1687.53160828968,-25.380172051613467,2.493068082838647,7.11133283080278,-0.8629723150692993,1.0001773784116819,0.9289617486338798,732,680,orb,-99.34233382874201,scheme_b_pairwise,NA,False,1202.7821238638842,309.60999999999996
1734763784400,F:\agent\UAV\data\IR-image\1734763784400.jpg,116.18845578028015,38.81191276391858,483.54,116.2023666,38.8121215,793.12,1689.7851718936886,-23.14744458414686,-7.210705899820709,5.224240721744593,-0.8665895179073291,1.0008998501270987,0.8754646840148699,538,471,orb,-99.34233382874201,scheme_b_pairwise,NA,False,1205.5115800809785,309.58
1734763784600,F:\agent\UAV\data\IR-image\1734763784600.jpg,116.18849373381977,38.81191741515004,483.54,116.2024248,38.8121218,793.08,1693.077305348127,-22.629669497894074,-2.9341126372983126,8.882131228603782,-1.2572494894648638,1.000494184039732,0.8582677165354331,762,654,orb,-99.34233382874201,scheme_b_pairwise,NA,False,1207.256241247375,309.54
1734763784800,F:\agent\UAV\data\IR-image\1734763784800.jpg,116.18854254041538,38.81193558461177,483.54,116.202483,38.812122,793.04,1697.3108452973283,-20.607045018424664,-7.5309685284299235,10.803813914665056,-0.809071437796677,0.9996774801871277,0.9418604651162791,860,810,orb,-99.34233382874201,scheme_b_pairwise,NA,False,1208.0338855613372,309.49999999999994
1734763785000,F:\agent\UAV\data\IR-image\1734763785000.jpg,116.18857346459058,38.81197976970012,483.54,116.2025415,38.8121219,793.1,1699.9932436377426,-15.68836098270003,-14.845261579992723,5.18810914267425,-0.1720025734372216,1.0003946447794099,0.9098101265822784,632,575,orb,-99.34233382874201,scheme_b_pairwise,NA,False,1210.3481235056886,309.56
1734763785200,F:\agent\UAV\data\IR-image\1734763785200.jpg,116.18860308722151,38.812019604478614,483.54,116.2026002,38.8121216,793.19,1702.56274453907,-11.25395344108001,-13.452543952686824,5.096082928719625,0.4068466914615084,1.0004059517549562,0.9374337221633086,943,884,orb,-99.34233382874201,scheme_b_pairwise,NA,False,1212.8170063866605,309.65000000000003
1734763785400,F:\agent\UAV\data\IR-image\1734763785400.jpg,116.18864491756379,38.812053947481495,483.54,116.2026589,38.8121211,793.25,1706.191156292274,-7.430890360360804,-12.24182588470211,8.307453047357114,0.5898672274458221,1.0000477863635864,0.9231651376146789,872,805,orb,-99.34233382874201,scheme_b_pairwise,NA,False,1214.2483003033517,309.71
1734763785600,F:\agent\UAV\data\IR-image\1734763785600.jpg,116.18866783183164,38.812046526011216,483.54,116.2027177,38.8121207,793.3,1708.1787661043302,-8.25704843188096,1.3825156839304213,5.881420091400059,0.533571246217949,0.9996627906818862,0.9191810344827587,928,853,orb,-99.34233382874201,scheme_b_pairwise,NA,False,1217.3626256926282,309.75999999999993
1734763785800,F:\agent\UAV\data\IR-image\1734763785800.jpg,116.18866712050026,38.812041325154716,483.54,116.2027766,38.8121203,793.36,1708.1170644059132,-8.836007777501697,1.6316286278492953,0.09291017536708068,0.4369336363264348,1.0004567101296393,0.9041713641488163,887,802,orb,-99.34233382874201,scheme_b_pairwise,NA,False,1222.5312290661705,309.82
1734763786000,F:\agent\UAV\data\IR-image\1734763786000.jpg,116.18868829641295,38.81204383445211,483.54,116.2028356,38.8121199,793.44,1709.9538873038384,-8.556672790684898,-1.6106064208675548,4.960076440608873,0.3734487480503115,1.0006866460655635,0.9265060240963855,830,769,orb,-99.34233382874201,scheme_b_pairwise,NA,False,1225.8060764573352,309.90000000000003
1734763786200,F:\agent\UAV\data\IR-image\1734763786200.jpg,116.18871558141952,38.81204835551352,483.54,116.2028946,38.8121197,793.5,1712.3206199933345,-8.053388235090084,-2.472321031904528,6.325698298732334,0.13170288493379986,0.9995104282524694,0.9382321618743344,939,881,orb,-99.34233382874201,scheme_b_pairwise,NA,False,1228.5503811705407,309.96
1734763786400,F:\agent\UAV\data\IR-image\1734763786400.jpg,116.1887337683986,38.81205661052736,483.54,116.2029536,38.8121195,793.56,1713.8981793699988,-7.134440094669129,-3.263977345723049,3.9505683424800964,0.10098566854630542,1.0006241546420083,0.9478168264110756,939,890,orb,-99.34233382874201,scheme_b_pairwise,NA,False,1232.0807404856916,310.0199999999999
1734763786600,F:\agent\UAV\data\IR-image\1734763786600.jpg,116.18874942455591,38.81206564597883,483.54,116.2030127,38.8121194,793.63,1715.2562123685664,-6.128613636982132,-3.4045728400224675,3.3029712592173723,0.11836292228876572,1.0007202018458106,0.8923076923076924,910,812,orb,-99.34233382874201,scheme_b_pairwise,NA,False,1235.8394136152483,310.09
1734763786800,F:\agent\UAV\data\IR-image\1734763786800.jpg,116.18875359865802,38.81204254072648,483.54,116.2030718,38.8121194,793.72,1715.6182787622101,-8.700690328110143,6.958775068807199,2.1747610426402844,0.08386517592524262,1.001747254886248,0.8786565547128927,923,811,orb,-99.34233382874201,scheme_b_pairwise,NA,False,1240.6135886099507,310.18
1734763787000,F:\agent\UAV\data\IR-image\1734763787000.jpg,116.18876113435391,38.8120279385306,483.54,116.2031309,38.8121194,793.8,1716.2719336450214,-10.32620677388516,4.204273205744528,2.5510596661791283,-0.16542206410577306,1.000413259427435,0.8763505402160864,833,730,orb,-99.34233382874201,scheme_b_pairwise,NA,False,1245.0935444930901,310.25999999999993
1734763787200,F:\agent\UAV\data\IR-image\1734763787200.jpg,116.18877799832931,38.81202576428483,483.54,116.2031899,38.8121195,793.87,1717.7347341676862,-10.568243812419778,0.0038341281847920072,4.161728286717334,-0.3772179049665104,1.000596548334154,0.8409893992932862,849,714,orb,-99.34233382874201,scheme_b_pairwise,NA,False,1248.746354339055,310.33
1734763787400,F:\agent\UAV\data\IR-image\1734763787400.jpg,116.18880254582056,38.81200945701823,483.54,116.203249,38.8121196,793.92,1719.8640116475144,-12.383568731135169,4.0576101617689915,6.724502708544094,0.1863704594557268,0.9997436464859383,0.9488888888888889,900,854,orb,-99.34233382874201,scheme_b_pairwise,NA,False,1251.7566764190615,310.37999999999994
1734763787600,F:\agent\UAV\data\IR-image\1734763787600.jpg,116.18881200211366,38.81201141474183,483.54,116.203308,38.8121195,793.94,1720.6842613310155,-12.165634939351868,-0.9773460955737505,2.1725026018624476,0.6044089866164823,0.9993495478859074,0.9226393629124005,879,811,orb,-99.34233382874201,scheme_b_pairwise,NA,False,1256.0469037681576,310.40000000000003
1734763787800,F:\agent\UAV\data\IR-image\1734763787800.jpg,116.18882483010485,38.81201066149572,483.54,116.203367,38.8121194,793.95,1721.796975964027,-12.24948629691957,-0.27476844303652115,3.1200360236716165,0.9789397040044624,0.9998031816129106,0.8024691358024691,810,650,orb,-99.34233382874201,scheme_b_pairwise,NA,False,1260.0479453469738,310.41
1734763788000,F:\agent\UAV\data\IR-image\1734763788000.jpg,116.18885798778638,38.81199161370527,483.54,116.2034259,38.8121193,793.89,1724.6731111996876,-14.369886329630663,4.562256241931038,8.932043890151022,0.2743600130231398,1.0000110213046098,0.9385775862068966,928,871,orb,-99.34233382874201,scheme_b_pairwise,NA,False,1262.300366525614,310.34999999999997
1734763788200,F:\agent\UAV\data\IR-image\1734763788200.jpg,116.18889740392996,38.811995201436005,483.54,116.2034848,38.8121193,793.78,1728.0921125951165,-13.970500144398477,-2.6640241559375113,9.287454707410006,-0.38427859661265223,1.0001876227325774,0.9353448275862069,928,868,orb,-99.34233382874201,scheme_b_pairwise,NA,False,1263.9839668376321,310.23999999999995
1734763788400,F:\agent\UAV\data\IR-image\1734763788400.jpg,116.18891876055484,38.81197770276669,483.54,116.2035436,38.8121195,793.71,1729.9446106747207,-15.918452012463357,4.551054543708915,6.0183521877269754,-0.5778401995291722,1.0007547071698966,0.9302325581395349,946,880,orb,-99.34233382874201,scheme_b_pairwise,NA,False,1267.2511252861261,310.17
1734763788600,F:\agent\UAV\data\IR-image\1734763788600.jpg,116.1889471417937,38.812003673340826,483.54,116.2036025,38.8121196,793.7,1732.4064318074115,-13.027407699804868,-9.128904981188612,5.501079626271121,-0.13942453606875957,0.9998866918720744,0.9426681367144433,907,855,orb,-99.34233382874201,scheme_b_pairwise,NA,False,1269.8624936295914,310.16
1734763788800,F:\agent\UAV\data\IR-image\1734763788800.jpg,116.18899103401012,38.81203790296087,483.54,116.2036613,38.8121194,793.64,1736.2136928818773,-9.216966396058314,-12.28836050118963,8.808554033939402,0.40919101519865714,1.0009253024388518,0.8719101123595505,890,776,orb,-99.34233382874201,scheme_b_pairwise,NA,False,1271.1207334391406,310.09999999999997
1734763789000,F:\agent\UAV\data\IR-image\1734763789000.jpg,116.18902803539315,38.812046082871156,483.54,116.2037202,38.8121192,793.55,1739.4232351841042,-8.306378782804305,-3.984432979644396,8.474398077881574,0.31778055764050334,0.9999308377941984,0.8687830687830688,945,821,orb,-99.34233382874201,scheme_b_pairwise,NA,False,1273.0117025131722,310.00999999999993
1734763789200,F:\agent\UAV\data\IR-image\1734763789200.jpg,116.18906226771804,38.81205962121183,483.54,116.2037789,38.8121191,793.47,1742.3925862147885,-6.799290699606624,-5.527087144162692,7.537357672191604,-0.007381607048434237,0.9992555713345794,0.9009584664536742,939,846,orb,-99.34233382874201,scheme_b_pairwise,NA,False,1275.122745122295,309.93
1734763789400,F:\agent\UAV\data\IR-image\1734763789400.jpg,116.18909093144256,38.81204235471491,483.54,116.2038377,38.8121192,793.44,1744.8789104769362,-8.721397135865399,4.190669507154837,7.762051947845862,-0.33369189440729,0.9998829648418106,0.9275028768699655,869,806,orb,-99.34233382874201,scheme_b_pairwise,NA,False,1277.7454414748586,309.90000000000003
1734763789600,F:\agent\UAV\data\IR-image\1734763789600.jpg,116.18910839674179,38.812027452917356,483.54,116.2038964,38.8121193,793.45,1746.393870515801,-10.380265240121405,3.9041927822030402,4.951769486459909,-0.1844045574480949,1.00010216190764,0.9484425349087003,931,883,orb,-99.34233382874201,scheme_b_pairwise,NA,False,1281.3304384855378,309.91
1734763789800,F:\agent\UAV\data\IR-image\1734763789800.jpg,116.18914902744163,38.8120209673,483.54,116.2039551,38.8121194,793.45,1749.9182239113625,-11.10224416390165,0.39376033434626834,10.090191666931219,-0.1337102560401087,1.0006180874563393,0.9289392378990731,971,902,orb,-99.34233382874201,scheme_b_pairwise,NA,False,1282.9020789095553,309.91
1734763790000,F:\agent\UAV\data\IR-image\1734763790000.jpg,116.18918438515297,38.81201496246099,483.54,116.2040137,38.8121195,793.4,1752.9851922496478,-11.770702842824836,0.45393506540636963,8.79900904541563,0.02261212641374522,1.0006369213740236,0.92625,800,741,orb,-99.34233382874201,scheme_b_pairwise,NA,False,1284.9218224858453,309.85999999999996
1734763790200,F:\agent\UAV\data\IR-image\1734763790200.jpg,116.18921512345096,38.812004610191934,483.54,116.2040723,38.8121196,793.36,1755.651467389038,-12.923117433967686,1.9768986388412486,7.90974345118417,0.18085971700138534,1.0013168098736696,0.8938321536905965,989,884,orb,-99.34233382874201,scheme_b_pairwise,NA,False,1287.3468813454394,309.82
1734763790400,F:\agent\UAV\data\IR-image\1734763790400.jpg,116.1892508315762,38.81202143641729,483.54,116.2041307,38.8121196,793.31,1758.7488310310534,-11.05002202754236,-6.599127865091589,7.725136838994899,0.5679834847056139,1.00018285037119,0.9080962800875274,914,830,orb,-99.34233382874201,scheme_b_pairwise,NA,False,1289.2955467754196,309.7699999999999
1734763790600,F:\agent\UAV\data\IR-image\1734763790600.jpg,116.18928177307872,38.812000439581354,483.54,116.2041891,38.8121196,793.25,1761.4327323628636,-13.387389803804702,5.250771970935148,8.498484536294427,0.5821141206342721,1.0002179959699666,0.941240478781284,919,865,orb,-99.34233382874201,scheme_b_pairwise,NA,False,1291.6966020872885,309.71
1734763790800,F:\agent\UAV\data\IR-image\1734763790800.jpg,116.18929802183577,38.811995715833014,483.54,116.2042473,38.8121196,793.19,1762.8421681418565,-13.913237469386797,0.8142056069539194,4.14324468876697,0.0459197190654989,0.9993885764834216,0.9423913043478261,920,867,orb,-99.34233382874201,scheme_b_pairwise,NA,False,1295.336752163559,309.65000000000003
1734763791000,F:\agent\UAV\data\IR-image\1734763791000.jpg,116.18930983708476,38.811990238263455,483.54,116.2043055,38.8121197,793.14,1763.8670363586157,-14.523000512723296,1.2218495881268723,3.116363388847219,-0.26387120555866167,1.0006939163149382,0.9505907626208379,931,885,orb,-99.34233382874201,scheme_b_pairwise,NA,False,1299.3622526789388,309.59999999999997
1734763791200,F:\agent\UAV\data\IR-image\1734763791200.jpg,116.1893542107249,38.811991572744894,483.54,116.2043635,38.8121199,793.1,1767.716056678441,-14.374446038646997,-2.165245983656064,10.592747508903926,-0.37562683073164377,1.0008642862912884,0.9103448275862069,870,792,orb,-99.34233382874201,scheme_b_pairwise,NA,False,1300.5414168419056,309.56
1734763791400,F:\agent\UAV\data\IR-image\1734763791400.jpg,116.18941329613273,38.81199059183348,483.54,116.2044215,38.8121199,793.02,1772.8411925596372,-14.483641097463092,-2.0328309445055766,14.244583316517037,-0.08767153694121008,1.0005432293911356,0.9427262313860252,873,823,orb,-99.34233382874201,scheme_b_pairwise,NA,False,1300.4485888902113,309.47999999999996
1734763791600,F:\agent\UAV\data\IR-image\1734763791600.jpg,116.18944892417596,38.812007065940755,483.54,116.2044794,38.8121199,792.95,1775.9316097972212,-12.649743475591348,-6.487398628767551,7.723758165939444,0.1446481773292102,0.9998165111443745,0.940152339499456,919,864,orb,-99.34233382874201,scheme_b_pairwise,NA,False,1302.359113767672,309.41
1734763791800,F:\agent\UAV\data\IR-image\1734763791800.jpg,116.1894669333252,38.812017898799716,483.54,116.2045372,38.8121199,792.93,1777.4937440079689,-11.443829615903926,-4.05174327085831,3.777090405046465,0.08342554807622646,0.9998099742144639,0.9132369299221357,899,821,orb,-99.34233382874201,scheme_b_pairwise,NA,False,1305.7954701743934,309.38999999999993
1734763792000,F:\agent\UAV\data\IR-image\1734763792000.jpg,116.18950479203747,38.8120436066073,483.54,116.2045949,38.8121198,792.9,1780.7776520287184,-8.582036475682424,-9.422472548827272,7.791300218101981,-0.08207297962718599,0.9980671094131408,0.7502890173410405,865,649,orb,-99.34233382874201,scheme_b_pairwise,NA,False,1307.4925521047119,309.35999999999996
1734763792200,F:\agent\UAV\data\IR-image\1734763792200.jpg,116.18956186579179,38.81202504351176,483.54,116.2046525,38.8121198,792.84,1785.7282947838276,-10.648480270746655,3.4675691461782208,14.653116960186821,0.1365716328350599,1.0006513567183621,0.9416846652267818,926,872,orb,-99.34233382874201,scheme_b_pairwise,NA,False,1307.553321343253,309.3
1734763792400,F:\agent\UAV\data\IR-image\1734763792400.jpg,116.18959253252292,38.812006230957685,483.54,116.20471,38.8121198,792.79,1788.3883621322695,-12.742693790900528,4.58817990057139,8.321679772663174,0.07999660693851564,1.0010833346806416,0.7942157953281423,899,714,orb,-99.34233382874201,scheme_b_pairwise,NA,False,1309.8968538996903,309.24999999999994
1734763792600,F:\agent\UAV\data\IR-image\1734763792600.jpg,116.18960866083081,38.81199232456127,483.54,116.2047674,38.8121198,792.76,1789.7873500130042,-14.290753840288014,3.65013593323863,4.580077709219665,-0.003347207706040879,1.0002519977855049,0.952755905511811,889,847,orb,-99.34233382874201,scheme_b_pairwise,NA,False,1313.4885329175015,309.21999999999997
1734763792800,F:\agent\UAV\data\IR-image\1734763792800.jpg,116.18964665954452,38.81200586368178,483.54,116.2048248,38.8121199,792.73,1793.083401918648,-12.783578944192913,-5.676188507124891,8.442164946065247,-0.08986971284971121,1.0008303655008421,0.9265850945494994,899,833,orb,-99.34233382874201,scheme_b_pairwise,NA,False,1315.1540549965384,309.19
1734763793000,F:\agent\UAV\data\IR-image\1734763793000.jpg,116.1896866428158,38.81200538001225,483.54,116.2048821,38.8121199,792.72,1796.5515966192486,-12.837421036223224,-1.4311556817229416,9.630215911669211,0.02643934817629537,1.0005626313571088,0.9295624332977588,937,871,orb,-99.34233382874201,scheme_b_pairwise,NA,False,1316.6548973561462,309.18
1734763793200,F:\agent\UAV\data\IR-image\1734763793200.jpg,116.18972609906645,38.81201779662963,483.54,116.2049394,38.8121199,792.72,1799.9740769476193,-11.455203189167039,-5.387708293545984,8.849263883417223,0.09745727447423899,0.9999116742413202,0.9642082429501084,922,889,orb,-99.34233382874201,scheme_b_pairwise,NA,False,1318.1881473576934,309.18
1734763793400,F:\agent\UAV\data\IR-image\1734763793400.jpg,116.18974718306336,38.81199737713976,483.54,116.2049967,38.8121199,792.73,1801.8029269641718,-13.728300801782208,5.4623694239335805,6.101007675961341,0.12141250736692556,1.0001419550992257,0.941834451901566,894,842,orb,-99.34233382874201,scheme_b_pairwise,NA,False,1321.3475754020753,309.19
1734763793600,F:\agent\UAV\data\IR-image\1734763793600.jpg,116.18976238530804,38.812005303525524,483.54,116.2050539,38.8121199,792.77,1803.121587063691,-12.84593553854896,-3.044688415176722,3.250177107080674,0.21700141862240369,1.0004588981541243,0.8941441441441441,888,794,orb,-99.34233382874201,scheme_b_pairwise,NA,False,1324.9773878482924,309.22999999999996
1734763793800,F:\agent\UAV\data\IR-image\1734763793800.jpg,116.18977446352217,38.811999843171925,483.54,116.2051111,38.8121199,792.82,1804.1692651769288,-13.45378210162658,1.2061483038827419,3.178665559014121,0.08161254364382699,1.000312396214836,0.8538205980066446,903,771,orb,-99.34233382874201,scheme_b_pairwise,NA,False,1328.8927456794129,309.28000000000003
1734763794000,F:\agent\UAV\data\IR-image\1734763794000.jpg,116.18978046098194,38.81197953964793,483.54,116.2051682,38.8121199,792.87,1804.689491699166,-15.713970392714636,6.0228880967567875,2.470697490076361,-0.21693347957023335,1.0003689873478792,0.9366515837104072,884,828,orb,-99.34233382874201,scheme_b_pairwise,NA,False,1333.3449510201358,309.33
1734763794200,F:\agent\UAV\data\IR-image\1734763794200.jpg,116.18980727400638,38.81198666089212,483.54,116.2052253,38.81212,792.92,1807.0152841200756,-14.921233489497881,-3.255348114771607,6.080419446894211,-0.18118128195057098,1.0004671947752404,0.9346793349168646,842,787,orb,-99.34233382874201,scheme_b_pairwise,NA,False,1335.9599926062183,309.37999999999994
1734763794400,F:\agent\UAV\data\IR-image\1734763794400.jpg,116.18983592478573,38.81197472040016,483.54,116.2052822,38.81212,792.94,1809.5004855027823,-16.250449054607216,2.5490813952706617,7.488791842702824,-0.1267828046292879,1.000093215889855,0.9608294930875576,868,834,orb,-99.34233382874201,scheme_b_pairwise,NA,False,1338.4229433869114,309.40000000000003
1734763794600,F:\agent\UAV\data\IR-image\1734763794600.jpg,116.18987706594397,38.81200465625477,483.54,116.2053391,38.81212,792.93,1813.0691166450097,-12.917989718713027,-10.855786620998174,8.365424821376962,0.22549969683370286,1.0005941040941384,0.9428918590522479,823,776,orb,-99.34233382874201,scheme_b_pairwise,NA,False,1339.7519688584248,309.38999999999993
1734763794800,F:\agent\UAV\data\IR-image\1734763794800.jpg,116.18991192855246,38.81199729089996,483.54,116.205396,38.8121198,792.9,1816.0931391953966,-13.737901016672357,0.8929739012509685,8.749073508555625,0.3265034939265911,0.9999099449900016,0.9480369515011547,866,821,orb,-99.34233382874201,scheme_b_pairwise,NA,False,1341.6692108961374,309.35999999999996
1734763795000,F:\agent\UAV\data\IR-image\1734763795000.jpg,116.18993647486698,38.81199619513375,483.54,116.2054527,38.8121197,792.84,1818.2223146034494,-13.859881710532994,-0.6323128749816078,5.952649430224483,0.16127109520019317,1.0007956767603032,0.9397590361445783,830,780,orb,-99.34233382874201,scheme_b_pairwise,NA,False,1344.4561254322682,309.3
1734763795200,F:\agent\UAV\data\IR-image\1734763795200.jpg,116.18996213238866,38.81200558955318,483.54,116.2055095,38.8121196,792.78,1820.4478773910962,-12.81409494037517,-3.9105379559161406,5.687516604562859,0.11778827605789646,1.0012008956685639,0.9284818067754078,797,740,orb,-99.34233382874201,scheme_b_pairwise,NA,False,1347.143853589757,309.23999999999995
1734763795400,F:\agent\UAV\data\IR-image\1734763795400.jpg,116.1900035359824,38.81201334680075,483.54,116.2055661,38.8121194,792.72,1824.0392724871042,-11.950558141406026,-4.028109565065961,9.553435033735752,0.27413079154657716,1.0004673029335498,0.9474940334128878,838,794,orb,-99.34233382874201,scheme_b_pairwise,NA,False,1348.45237121242,309.18
1734763795600,F:\agent\UAV\data\IR-image\1734763795600.jpg,116.19004480489157,38.81203532756616,483.54,116.2056227,38.8121192,792.65,1827.6189848896563,-9.50365933538625,-8.408143737346734,8.799620781159206,0.12345395278417892,0.9991528817759922,0.9117647058823529,782,713,orb,-99.34233382874201,scheme_b_pairwise,NA,False,1349.7611643432685,309.10999999999996
1734763795800,F:\agent\UAV\data\IR-image\1734763795800.jpg,116.19007222337697,38.81205111471272,483.54,116.2056793,38.8121191,792.6,1829.997295686376,-7.746234179752927,-5.951126144611123,5.786317704637213,0.22104653670597724,0.9993002842943646,0.9572327044025157,795,761,orb,-99.34233382874201,scheme_b_pairwise,NA,False,1352.2783247187513,309.06
1734763796000,F:\agent\UAV\data\IR-image\1734763796000.jpg,116.19009379793063,38.81202671251679,483.54,116.2057358,38.812119,792.56,1831.868697157169,-10.46268663108325,6.670918289205474,6.420874460594916,0.14702795710449165,0.9998465657298194,0.9494451294697904,811,770,orb,-99.34233382874201,scheme_b_pairwise,NA,False,1355.3223524305995,309.0199999999999
1734763796200,F:\agent\UAV\data\IR-image\1734763796200.jpg,116.19011784553935,38.812017522929224,483.54,116.2057923,38.8121189,792.52,1833.954614252946,-11.485671518611646,1.8828633113963065,6.243380723758435,0.033133933645359805,1.001124883791602,0.9498164014687882,817,776,orb,-99.34233382874201,scheme_b_pairwise,NA,False,1358.1421740594742,308.97999999999996
1734763796400,F:\agent\UAV\data\IR-image\1734763796400.jpg,116.19016884135986,38.81201668366252,483.54,116.2058488,38.8121189,792.48,1838.3780500747382,-11.579098688636266,-1.756773546704892,12.293935657683221,0.06081450904620798,1.0003978530259232,0.9502958579881656,845,803,orb,-99.34233382874201,scheme_b_pairwise,NA,False,1358.6198465627365,308.94
1734763796600,F:\agent\UAV\data\IR-image\1734763796600.jpg,116.19017404192864,38.81199403167316,483.54,116.2059052,38.8121189,792.46,1838.8291533618883,-14.100718144375708,6.778456655105856,2.3983712190528763,-0.22962431548379478,1.0025830069836585,0.8934753661784287,751,671,orb,-99.34233382874201,scheme_b_pairwise,NA,False,1363.079355584742,308.92
1734763796800,F:\agent\UAV\data\IR-image\1734763796800.jpg,116.19017416631455,38.81200054549024,483.54,116.2059616,38.812119,792.56,1838.8399427373859,-13.37560002620129,-2.013239012989402,-0.3005165480437313,-0.05793227234866736,1.001968400303112,0.9644268774703557,759,732,orb,-99.34233382874201,scheme_b_pairwise,NA,False,1367.947924847943,309.0199999999999
1734763797000,F:\agent\UAV\data\IR-image\1734763797000.jpg,116.19021414107931,38.81202331472207,483.54,116.206018,38.812119,792.67,1842.3073995732893,-10.840929139641997,-8.600092478646786,8.448718976984992,0.028946739461905242,1.0002405966788368,0.8214285714285714,728,598,orb,-99.34233382874201,scheme_b_pairwise,NA,False,1369.348773714518,309.12999999999994
1734763797200,F:\agent\UAV\data\IR-image\1734763797200.jpg,116.19024776513147,38.812026135931504,483.54,116.2060742,38.8121191,792.72,1845.2239883312152,-10.52687210496671,-2.1987685312022904,7.934828068457875,-0.023744389181356906,0.9982797776293371,0.8923841059602649,604,539,orb,-99.34233382874201,scheme_b_pairwise,NA,False,1371.3024397085587,309.18
1734763797400,F:\agent\UAV\data\IR-image\1734763797400.jpg,116.19025150196354,38.81201865240287,483.54,116.2061304,38.8121192,792.8,1845.5481254207389,-11.359938512574365,2.1596090073519463,1.2773319057752133,-0.07157142591406006,0.9983758149582828,0.9498680738786279,758,720,orb,-99.34233382874201,scheme_b_pairwise,NA,False,1375.8545878723558,309.25999999999993
1734763797600,F:\agent\UAV\data\IR-image\1734763797600.jpg,116.19027599825917,38.81203930758531,483.54,116.2061865,38.8121193,792.87,1847.6729621321251,-9.060603603813698,-7.336530871174887,4.837362768468267,-0.09029495202818949,0.9993432480506674,0.94529262086514,786,743,orb,-99.34233382874201,scheme_b_pairwise,NA,False,1378.5759221294365,309.33
1734763797800,F:\agent\UAV\data\IR-image\1734763797800.jpg,116.19030686635779,38.81206351925659,483.54,116.2062425,38.8121194,792.89,1850.3504963265411,-6.365360356527251,-8.684894146634576,6.187745700231517,0.019704763336507704,0.9979814611378086,0.9483870967741935,620,588,orb,-99.34233382874201,scheme_b_pairwise,NA,False,1380.7384975104983,309.34999999999997
1734763798000,F:\agent\UAV\data\IR-image\1734763798000.jpg,116.19032779036532,38.812024747567754,483.54,116.2062984,38.8121196,792.92,1852.165468681348,-10.681424758044496,11.126994180903807,6.99344716198425,-0.21231725089106124,1.0025002428388525,0.9144736842105263,456,417,orb,-99.34233382874201,scheme_b_pairwise,NA,False,1383.7955399655727,309.37999999999994
1734763798200,F:\agent\UAV\data\IR-image\1734763798200.jpg,116.19034636446891,38.8119636401345,483.54,116.2063543,38.8121197,792.89,1853.7766076804787,-17.483904227864876,18.106368246864577,7.561832762536767,0.010532620847997847,1.0030897474136524,0.9295977011494253,696,647,orb,-99.34233382874201,scheme_b_pairwise,NA,False,1387.0985496674223,309.34999999999997
1734763798400,F:\agent\UAV\data\IR-image\1734763798400.jpg,116.19039712286427,38.81198523859747,483.54,116.2064101,38.8121197,792.78,1858.1794489724145,-15.079563329742843,-8.665331102072741,11.09879055165868,0.2863275346704808,1.001294131291968,0.953307392996109,771,735,orb,-99.34233382874201,scheme_b_pairwise,NA,False,1387.5071717065264,309.23999999999995
1734763798600,F:\agent\UAV\data\IR-image\1734763798600.jpg,116.19046289313184,38.81203722919595,483.54,116.2064659,38.8121197,792.64,1863.884437237204,-9.291969907149452,-18.62907583060928,13.163705350798182,0.5820530628159053,1.001704802633301,0.9602194787379973,729,700,orb,-99.34233382874201,scheme_b_pairwise,NA,False,1386.5925687527729,309.09999999999997
1734763798800,F:\agent\UAV\data\IR-image\1734763798800.jpg,116.19051349321207,38.81204651506141,483.54,116.2065217,38.8121196,792.51,1868.2735460943297,-8.258267364068649,-4.862886453570013,11.685286497673758,0.9612828270199678,0.9987567054856769,0.934971098265896,692,647,orb,-99.34233382874201,scheme_b_pairwise,NA,False,1387.036503099119,308.96999999999997
1734763799000,F:\agent\UAV\data\IR-image\1734763799000.jpg,116.19054481729596,38.812073928231015,483.54,116.2065776,38.8121194,792.39,1870.990632972906,-5.206633323613161,-9.689993776470203,6.134903659113036,0.7407945559024747,0.9979415597543735,0.9634641407307172,739,712,orb,-99.34233382874201,scheme_b_pairwise,NA,False,1389.150984214829,308.84999999999997
1734763799200,F:\agent\UAV\data\IR-image\1734763799200.jpg,116.19056444247227,38.8120644155748,483.54,116.2066334,38.8121195,792.31,1872.6929432222794,-6.26558221307711,2.1572610517775956,5.197311274042875,0.393352749332409,0.9996983448041019,0.8905289052890529,813,724,orb,-99.34233382874201,scheme_b_pairwise,NA,False,1392.2896729887113,308.7699999999999
1734763799400,F:\agent\UAV\data\IR-image\1734763799400.jpg,116.1905897051583,38.812039152405475,483.54,116.2066893,38.8121197,792.25,1874.8842575141357,-9.077878222300434,6.790603374668365,7.350591782121228,-0.16671020543469833,1.0022875018325261,0.8951612903225806,620,555,orb,-99.34233382874201,scheme_b_pairwise,NA,False,1394.959733124967,308.71
1734763799600,F:\agent\UAV\data\IR-image\1734763799600.jpg,116.19059640157025,38.811985536980366,483.54,116.2067451,38.8121201,792.23,1875.4651119485668,-15.046347345634882,16.26590023940315,4.328289933929113,-0.21810944121302223,0.9997655991644792,0.9607609988109393,841,808,orb,-99.34233382874201,scheme_b_pairwise,NA,False,1399.2660293079027,308.69
1734763799800,F:\agent\UAV\data\IR-image\1734763799800.jpg,116.19061576093424,38.811980650557395,483.54,116.2068011,38.8121206,792.27,1877.1443653330057,-15.590303950814516,0.7414189000128886,4.8987961345906115,-0.6175760715464582,1.001980304756128,0.96125,800,769,orb,-99.34233382874201,scheme_b_pairwise,NA,False,1402.4470966170957,308.72999999999996
1734763800000,F:\agent\UAV\data\IR-image\1734763800000.jpg,116.19065418780116,38.81191571312168,483.54,116.206857,38.8121212,792.27,1880.477555738648,-22.819139295122184,18.502573497209596,12.525579753004877,-0.770039423765133,0.9995491539757723,0.9542719614921781,831,793,orb,-99.34233382874201,scheme_b_pairwise,NA,False,1404.0612622899564,308.72999999999996
1734763800200,F:\agent\UAV\data\IR-image\1734763800200.jpg,116.19067835530203,38.81182393703033,483.54,116.2069129,38.8121217,792.22,1882.5738724166224,-33.03565378379595,27.340977026281905,10.461206339125397,-0.7323478381616935,0.9949317465671984,0.8808139534883721,688,606,orb,-99.34233382874201,scheme_b_pairwise,NA,False,1407.0152831888802,308.68
1734763800400,F:\agent\UAV\data\IR-image\1734763800400.jpg,116.19073828850681,38.81188556224019,483.54,116.206969,38.8121221,792.19,1887.772547176824,-26.175535421930388,-21.368892479829924,11.272699638851407,-0.7927347261429271,1.0030827111649339,0.9371069182389937,795,745,orb,-99.34233382874201,scheme_b_pairwise,NA,False,1406.5388639756873,308.65000000000003
1734763800600,F:\agent\UAV\data\IR-image\1734763800600.jpg,116.19078957432563,38.8119692273798,483.54,116.2070253,38.8121222,792.14,1892.2211377838614,-16.861932080699493,-27.82241020643994,8.077301696351299,-0.22422303851366887,1.002680021817267,0.9675925925925926,864,836,orb,-99.34233382874201,scheme_b_pairwise,NA,False,1406.8293812521483,308.59999999999997
1734763800800,F:\agent\UAV\data\IR-image\1734763800800.jpg,116.19081957299957,38.81205483045809,483.54,116.2070817,38.812122,792.09,1894.8232570868036,-7.332597405643618,-27.57856755788606,2.8649260890029495,0.4751249995275888,1.0020198350079912,0.9257861635220126,795,736,orb,-99.34233382874201,scheme_b_pairwise,NA,False,1409.0330104248687,308.55
1734763801000,F:\agent\UAV\data\IR-image\1734763801000.jpg,116.19085063979475,38.81207815349916,483.54,116.2071382,38.8121217,792.06,1897.5180264475248,-4.7362764740942325,-8.418767216034212,6.2805549181348965,0.7466010349217543,1.000428732481045,0.9453125,896,847,orb,-99.34233382874201,scheme_b_pairwise,NA,False,1411.2249246188328,308.5199999999999
1734763801200,F:\agent\UAV\data\IR-image\1734763801200.jpg,116.1908798449525,38.812084116334596,483.54,116.2071948,38.8121215,792.02,1900.0513152491326,-4.072493632936331,-2.9927361097888365,6.713869427361374,0.8589865525419776,0.9995108803994585,0.9726775956284153,915,890,orb,-99.34233382874201,scheme_b_pairwise,NA,False,1413.5962663157397,308.47999999999996
1734763801400,F:\agent\UAV\data\IR-image\1734763801400.jpg,116.19091039457474,38.81208519181399,483.54,116.2072516,38.8121213,791.98,1902.7012244371565,-3.9527712666415082,-1.539017389560854,7.284767594487562,0.6815090944307035,1.0010586126805288,0.962457337883959,879,846,orb,-99.34233382874201,scheme_b_pairwise,NA,False,1415.8702717103342,308.44
1734763801600,F:\agent\UAV\data\IR-image\1734763801600.jpg,116.1909270121281,38.8120368992714,483.54,116.2073084,38.8121213,791.93,1904.1426500305445,-9.328697108425487,14.232644815832032,6.4417784463090015,0.2894381701964771,0.9990995117095784,0.9478260869565217,805,763,orb,-99.34233382874201,scheme_b_pairwise,NA,False,1419.3776479895307,308.38999999999993
1734763801800,F:\agent\UAV\data\IR-image\1734763801800.jpg,116.19093991422943,38.81203332215853,483.54,116.2073653,38.8121214,791.92,1905.2617930628796,-9.726901312713583,0.5929495863966281,3.2810749901413487,0.1634126438310209,1.0024696903843104,0.9411764705882353,782,736,orb,-99.34233382874201,scheme_b_pairwise,NA,False,1423.1925022160517,308.37999999999994
1734763802000,F:\agent\UAV\data\IR-image\1734763802000.jpg,116.19098680129484,38.81200869041054,483.54,116.2074224,38.8121215,791.91,1909.3288307652292,-12.468907498051552,5.741253751445754,12.513660213865762,0.7192071354033811,0.9986487902919653,0.947209653092006,663,628,orb,-99.34233382874201,scheme_b_pairwise,NA,False,1424.0991826400373,308.36999999999995
1734763802200,F:\agent\UAV\data\IR-image\1734763802200.jpg,116.19102301036516,38.81197650064909,483.54,116.2074796,38.8121217,791.85,1912.4696469562416,-16.052271743701795,8.493552354297265,10.331715454003074,0.09967382011491388,0.9999633735786136,0.9491315136476427,806,765,orb,-99.34233382874201,scheme_b_pairwise,NA,False,1425.9543990594357,308.31
1734763802400,F:\agent\UAV\data\IR-image\1734763802400.jpg,116.19102586495096,38.811966235230685,483.54,116.2075368,38.812122,791.83,1912.7172569940246,-17.195018120340556,3.0521833716231868,1.206484178268795,-0.2857578711782165,1.0007665802341312,0.929192546583851,805,748,orb,-99.34233382874201,scheme_b_pairwise,NA,False,1430.6766370441053,308.29
1734763802600,F:\agent\UAV\data\IR-image\1734763802600.jpg,116.19105226494001,38.811985120800195,483.54,116.2075942,38.8121224,791.87,1915.0072222528995,-15.092676522320218,-6.8661691526339155,5.384470726401844,-0.05465503643010969,1.0020258406748284,0.9441141498216409,841,794,orb,-99.34233382874201,scheme_b_pairwise,NA,False,1433.33884398961,308.33
1734763802800,F:\agent\UAV\data\IR-image\1734763802800.jpg,116.19108540926953,38.81197508029837,483.54,116.2076516,38.8121227,791.88,1917.8821993195038,-16.210385185838266,1.7856805717118505,8.471960864651635,0.3531497817798447,0.9990450384450598,0.927741935483871,775,719,orb,-99.34233382874201,scheme_b_pairwise,NA,False,1435.4531164937205,308.34
1734763803000,F:\agent\UAV\data\IR-image\1734763803000.jpg,116.19110546487595,38.811962027935586,483.54,116.2077091,38.8121229,791.86,1919.6218455680585,-17.663374210512437,3.231601902757518,5.48026288299593,0.26447684279640993,0.9965740049107369,0.8790419161676647,835,734,orb,-99.34233382874201,scheme_b_pairwise,NA,False,1438.7149299949747,308.32
1734763803200,F:\agent\UAV\data\IR-image\1734763803200.jpg,116.19111752790405,38.81196924138361,483.54,116.2077668,38.8121231,791.89,1920.6682064294737,-16.860373176889546,-2.7008044658068684,2.532165959749875,-0.22248972239874062,1.0003984633766474,0.9604395604395605,910,874,orb,-99.34233382874201,scheme_b_pairwise,NA,False,1442.6592563595732,308.34999999999997
1734763803400,F:\agent\UAV\data\IR-image\1734763803400.jpg,116.19115410009955,38.81197809821007,483.54,116.2078244,38.8121235,791.9,1923.8405205135032,-15.87443125524618,-4.176174982824705,8.336953857595518,-0.632966218588534,1.001643945218508,0.9667774086378738,903,873,orb,-99.34233382874201,scheme_b_pairwise,NA,False,1444.4701339988226,308.35999999999996
1734763803600,F:\agent\UAV\data\IR-image\1734763803600.jpg,116.19118654073044,38.811969584024716,483.54,116.2078821,38.8121239,791.87,1926.654457955975,-16.822230368897067,1.342903358739477,8.225483402317707,-0.6412026379427076,0.999684473188195,0.92336217552534,809,747,orb,-99.34233382874201,scheme_b_pairwise,NA,False,1446.6700669185975,308.33
1734763803800,F:\agent\UAV\data\IR-image\1734763803800.jpg,116.19118429761579,38.811976752945405,483.54,116.2079399,38.8121242,791.87,1926.459887624656,-16.024186117676937,-2.12164688023762,-0.9025196223983016,-0.5633773884526331,0.9990615765132358,0.8734177215189873,790,690,orb,-99.34233382874201,scheme_b_pairwise,NA,False,1451.863169418571,308.33
1734763804000,F:\agent\UAV\data\IR-image\1734763804000.jpg,116.19118790164954,38.81197266355398,483.54,116.2079977,38.8121244,791.94,1926.77250563678,-16.479417170633912,1.118386260360296,1.0732678064117636,-0.13836334951275886,0.9998798709600607,0.8776041666666666,768,674,orb,-99.34233382874201,scheme_b_pairwise,NA,False,1456.5641069768808,308.40000000000003
1734763804200,F:\agent\UAV\data\IR-image\1734763804200.jpg,116.1912609838625,38.812046493782304,483.54,116.2080556,38.8121245,791.96,1933.1117404111778,-8.260636154106264,-25.651606480359646,13.812577557551037,-0.19107420771018663,1.0011611380899956,0.9362244897959183,784,734,orb,-99.34233382874201,scheme_b_pairwise,NA,False,1455.1760323615536,308.42
1734763804400,F:\agent\UAV\data\IR-image\1734763804400.jpg,116.19124820795564,38.812041860279436,483.54,116.2081136,38.8121247,792.0,1932.0035436308017,-8.776437693072753,1.9335380773032398,-2.8342919236054627,-0.2704816685129329,0.9989329083692283,0.9513023782559457,883,840,orb,-99.34233382874201,scheme_b_pairwise,NA,False,1461.3115553591033,308.46
1734763804600,F:\agent\UAV\data\IR-image\1734763804600.jpg,116.19123462962845,38.812036210015066,483.54,116.2081716,38.8121249,792.21,1930.8257439939575,-9.405425122948039,2.278737764872801,-2.9754943859585126,-0.15178810646795318,1.0011773402464768,0.9523269012485811,881,839,orb,-99.34233382874201,scheme_b_pairwise,NA,False,1467.5175381384602,308.67
1734763804800,F:\agent\UAV\data\IR-image\1734763804800.jpg,116.19124785075203,38.81200872836358,483.54,116.2082296,38.8121251,792.36,1931.9725593820335,-12.464682566212424,7.950524786905817,4.570223913408938,0.05484897315147585,1.0005408249475396,0.9386733416770964,799,750,orb,-99.34233382874201,scheme_b_pairwise,NA,False,1471.4213967368655,308.82
1734763805000,F:\agent\UAV\data\IR-image\1734763805000.jpg,116.19128592463564,38.8119704168223,483.54,116.2082875,38.8121252,792.34,1935.2751316103813,-16.729523341682288,10.307299333242327,11.090237028202012,0.3931820080437646,0.9987289619185703,0.9023255813953488,860,776,orb,-99.34233382874201,scheme_b_pairwise,NA,False,1473.1832458607078,308.8
1734763805200,F:\agent\UAV\data\IR-image\1734763805200.jpg,116.19131780316575,38.81201249997546,483.54,116.2083455,38.8121251,792.32,1938.0403117887402,-12.044826732010876,-14.234917943561811,5.52400193014148,0.25223410391285384,1.0005691882846244,0.9095477386934674,796,724,orb,-99.34233382874201,scheme_b_pairwise,NA,False,1475.3986622960765,308.78000000000003
1734763805400,F:\agent\UAV\data\IR-image\1734763805400.jpg,116.19133260192025,38.812019514031455,483.54,116.2084034,38.8121252,792.35,1939.323972687472,-11.264022018485164,-2.747453965578643,3.1995175584841604,-0.4204849469412734,1.0002567624197765,0.9361111111111111,720,674,orb,-99.34233382874201,scheme_b_pairwise,NA,False,1479.126604937549,308.81
1734763805600,F:\agent\UAV\data\IR-image\1734763805600.jpg,116.19135009599772,38.81203790241228,483.54,116.2084611,38.8121253,792.38,1940.8414289839966,-9.217027465243532,-6.360884328435986,3.2701106905436177,-0.10665598419708673,1.0009243320915122,0.9593908629441624,788,756,orb,-99.34233382874201,scheme_b_pairwise,NA,False,1482.595174972099,308.84
1734763805800,F:\agent\UAV\data\IR-image\1734763805800.jpg,116.19138407726201,38.81205642869979,483.54,116.2085188,38.8121253,792.36,1943.789002730684,-7.154681139591078,-7.055034916131262,7.224039380187719,0.26047340197293206,1.0012819364337495,0.9232704402515723,795,734,orb,-99.34233382874201,scheme_b_pairwise,NA,False,1484.6379651319908,308.82
1734763806000,F:\agent\UAV\data\IR-image\1734763806000.jpg,116.19143711082401,38.81206624913384,483.54,116.2085764,38.8121252,792.31,1948.3891945811145,-6.06147042076425,-5.1238829787067175,12.2427975098783,0.008943712950081721,1.0001142442563746,0.9500554938956715,901,856,orb,-99.34233382874201,scheme_b_pairwise,NA,False,1485.0282333894104,308.7699999999999
1734763806200,F:\agent\UAV\data\IR-image\1734763806200.jpg,116.19147949476343,38.81207506049378,483.54,116.2086339,38.8121252,792.27,1952.0656259823675,-5.0805898323049306,-4.391857408534008,9.735488193503386,-0.33868174042753907,1.001015645124076,0.9238845144356955,762,704,orb,-99.34233382874201,scheme_b_pairwise,NA,False,1486.3338440859213,308.72999999999996
1734763806400,F:\agent\UAV\data\IR-image\1734763806400.jpg,116.19151132337853,38.812067093180254,483.54,116.2086911,38.8121253,792.27,1954.8264764758053,-5.967511174242665,1.1984822989543318,8.050712279447055,-0.40928290220851526,1.0003115531748739,0.9579067121729238,879,842,orb,-99.34233382874201,scheme_b_pairwise,NA,False,1488.5358149830697,308.72999999999996
1734763806600,F:\agent\UAV\data\IR-image\1734763806600.jpg,116.19155199521774,38.8120838118427,483.54,116.2087482,38.8121253,792.24,1958.3543983457307,-4.106389671125039,-6.762147771914442,8.923088004632916,-0.18197571029907447,1.0011352433427447,0.9613059250302297,827,795,orb,-99.34233382874201,scheme_b_pairwise,NA,False,1489.9521097460713,308.7
1734763806800,F:\agent\UAV\data\IR-image\1734763806800.jpg,116.19158368891007,38.81208069752249,483.54,116.2088053,38.8121252,792.2,1961.10354548405,-4.45307579653336,-0.29244713613201156,7.772140463402877,0.5476667471019542,1.0005236727574849,0.9566265060240964,830,794,orb,-99.34233382874201,scheme_b_pairwise,NA,False,1492.1545064703794,308.66
1734763807000,F:\agent\UAV\data\IR-image\1734763807000.jpg,116.19160248756586,38.81208453151168,483.54,116.2088622,38.812125,792.21,1962.734162396637,-4.026276120167049,-1.9250743385487112,4.321766054064142,0.6155185193277152,0.9999750044585117,0.9125748502994012,835,762,orb,-99.34233382874201,scheme_b_pairwise,NA,False,1495.4542794878987,308.67
1734763807200,F:\agent\UAV\data\IR-image\1734763807200.jpg,116.19161817072768,38.81207677067163,483.54,116.2089189,38.8121248,792.24,1964.0945377978483,-4.89021283415317,1.7729479942449302,4.161414582068005,0.20123269424838966,0.9983804806446737,0.8839634941329857,767,678,orb,-99.34233382874201,scheme_b_pairwise,NA,False,1499.0109625098228,308.7
1734763807400,F:\agent\UAV\data\IR-image\1734763807400.jpg,116.19164449417276,38.81209164076453,483.54,116.2089754,38.8121248,792.25,1966.3778635454821,-3.234874092618767,-5.625102744280639,5.569758006458301,-0.05475933847172819,0.9992799204280586,0.933806146572104,846,790,orb,-99.34233382874201,scheme_b_pairwise,NA,False,1501.620431128304,308.71
1734763807600,F:\agent\UAV\data\IR-image\1734763807600.jpg,116.19167480436727,38.812102292745024,483.54,116.2090317,38.8121248,792.26,1969.0070044981092,-2.0490956237792197,-4.4821558385580715,6.741499487287626,0.03154601596738857,1.0016983991779715,0.9369127516778524,745,698,orb,-99.34233382874201,scheme_b_pairwise,NA,False,1503.8697303982362,308.71999999999997
1734763807800,F:\agent\UAV\data\IR-image\1734763807800.jpg,116.19170520884798,38.81212518603887,483.54,116.2090878,38.8121248,792.28,1971.6443239447246,0.4993858467005996,-8.260091694051994,6.14323680900884,0.02713116039430373,0.999405886216366,0.9373522458628841,846,793,orb,-99.34233382874201,scheme_b_pairwise,NA,False,1506.0937643292393,308.73999999999995
1734763808000,F:\agent\UAV\data\IR-image\1734763808000.jpg,116.19171537412893,38.812094236421046,483.54,116.2091437,38.8121248,792.28,1972.5260720456147,-2.945925609051304,9.14053662929075,4.011985621358519,0.3072090239787847,1.0003923727931798,0.9634002361275088,847,816,orb,-99.34233382874201,scheme_b_pairwise,NA,False,1510.0605459802873,308.73999999999995
1734763808200,F:\agent\UAV\data\IR-image\1734763808200.jpg,116.19174748295119,38.812048245364366,483.54,116.2091994,38.8121247,792.3,1975.311228028133,-8.065650038860378,12.91078738350609,10.046702384488185,0.001502390666112835,0.999152996798814,0.9306431273644389,793,738,orb,-99.34233382874201,scheme_b_pairwise,NA,False,1512.1251387650009,308.75999999999993
1734763808400,F:\agent\UAV\data\IR-image\1734763808400.jpg,116.1917984014666,38.81204260594927,483.54,116.2092549,38.8121248,792.28,1979.7279583167206,-8.6934297273224,-0.27374913066137196,12.518840864763604,-0.003004919197740986,1.0018487059153272,0.9532967032967034,728,694,orb,-99.34233382874201,scheme_b_pairwise,NA,False,1512.5258704689297,308.73999999999995
1734763808600,F:\agent\UAV\data\IR-image\1734763808600.jpg,116.19185240664618,38.81206579018211,483.54,116.2093102,38.8121248,792.22,1984.4124293880036,-6.112560927480298,-9.282575793705462,11.79837149699216,-0.06389004396775087,0.9991781853171702,0.9621903520208605,767,738,orb,-99.34233382874201,scheme_b_pairwise,NA,False,1512.6244307577751,308.68
1734763808800,F:\agent\UAV\data\IR-image\1734763808800.jpg,116.19187713721362,38.81206810781493,483.54,116.2093654,38.8121248,792.18,1986.5575871053038,-5.854562041848115,-1.6920053515573272,5.8237775116209605,-0.03011924856698531,0.9993213961012157,0.9493975903614458,830,788,orb,-99.34233382874201,scheme_b_pairwise,NA,False,1515.263275791612,308.63999999999993
1734763809000,F:\agent\UAV\data\IR-image\1734763809000.jpg,116.19189562867878,38.81208860624367,483.54,116.2094203,38.8121248,792.15,1988.1615579515076,-3.572676954635354,-7.050868984009867,3.4026980142107845,0.08955145519378069,1.0006961378743622,0.947239263803681,815,772,orb,-99.34233382874201,scheme_b_pairwise,NA,False,1518.409853024779,308.60999999999996
1734763809200,F:\agent\UAV\data\IR-image\1734763809200.jpg,116.19193228523056,38.8120962046407,483.54,116.2094751,38.8121248,792.14,1991.341189195908,-2.726823397207697,-3.7915134080107578,8.421050946056255,0.062323014077102716,1.000913741372402,0.952020202020202,792,754,orb,-99.34233382874201,scheme_b_pairwise,NA,False,1519.9797818572645,308.59999999999997
1734763809400,F:\agent\UAV\data\IR-image\1734763809400.jpg,116.19195706084064,38.812087517252294,483.54,116.2095298,38.8121248,792.12,1993.4902539626469,-3.6939034749830326,1.6992534254400198,6.392804652899201,-0.32478683654591034,1.0010524591464218,0.9570405727923628,838,802,orb,-99.34233382874201,scheme_b_pairwise,NA,False,1522.5749562085325,308.58
1734763809600,F:\agent\UAV\data\IR-image\1734763809600.jpg,116.19198128541093,38.8120655236462,483.54,116.2095842,38.812125,792.12,1995.5915209091602,-6.142231705333337,5.823570273880932,6.935350671930678,-0.5715197686276959,1.0007117773178063,0.9523255813953488,860,819,orb,-99.34233382874201,scheme_b_pairwise,NA,False,1525.1983987916697,308.58
1734763809800,F:\agent\UAV\data\IR-image\1734763809800.jpg,116.19201148696366,38.81205114607093,483.54,116.2096385,38.8121252,792.12,1998.2112381501017,-7.742743384365928,3.2391844569373234,7.984969385870784,-0.48174521056045105,0.9999880787485104,0.9575471698113207,848,812,orb,-99.34233382874201,scheme_b_pairwise,NA,False,1527.2943923518037,308.58
1734763810000,F:\agent\UAV\data\IR-image\1734763810000.jpg,116.1920529692269,38.81205300318371,483.54,116.2096926,38.8121253,792.09,2001.809457128289,-7.536009589375036,-2.2121049191617317,9.871606415158226,-0.03845331641376854,0.9997895123549607,0.9363957597173145,849,795,orb,-99.34233382874201,scheme_b_pairwise,NA,False,1528.3865645414865,308.55
1734763810200,F:\agent\UAV\data\IR-image\1734763810200.jpg,116.19207541405693,38.81207012076447,483.54,116.2097466,38.8121252,792.07,2003.7563473666178,-5.630480499688682,-6.164745753993941,4.523950675862295,0.005996740490174321,0.9990933357463601,0.914572864321608,796,728,orb,-99.34233382874201,scheme_b_pairwise,NA,False,1531.1115500329638,308.53000000000003
1734763810400,F:\agent\UAV\data\IR-image\1734763810400.jpg,116.19209683146866,38.81206162263588,483.54,116.2098004,38.8121252,792.05,2005.6141181663145,-6.576492174078657,1.7736291380871307,5.576422741833085,0.09386229930435148,1.001203366947099,0.9385194479297365,797,748,orb,-99.34233382874201,scheme_b_pairwise,NA,False,1533.9214347219188,308.50999999999993
1734763810600,F:\agent\UAV\data\IR-image\1734763810600.jpg,116.19213914025184,38.81203028457459,483.54,116.2098541,38.8121253,791.98,2009.2840304308224,-10.065045157105414,7.989876324587328,11.75392533644822,0.10637845312108433,1.0007579351586942,0.9638118214716526,829,799,orb,-99.34233382874201,scheme_b_pairwise,NA,False,1534.9288210025895,308.44
1734763810800,F:\agent\UAV\data\IR-image\1734763810800.jpg,116.1921848583865,38.812039496399194,483.54,116.2099078,38.8121252,791.89,2013.2496737428144,-9.039584841917517,-4.647106728028575,10.516191035136103,0.044892782852572415,1.0001035479777196,0.9601990049751243,804,772,orb,-99.34233382874201,scheme_b_pairwise,NA,False,1535.6135112108202,308.34999999999997
1734763811000,F:\agent\UAV\data\IR-image\1734763811000.jpg,116.19221717219088,38.812046976002165,483.54,116.2099614,38.812125,791.84,2016.052610108506,-8.20695543886308,-3.583246500207565,7.383763833980879,0.4828983277764342,1.0010186754523456,0.8745800671892497,893,781,orb,-99.34233382874201,scheme_b_pairwise,NA,False,1537.4526592572424,308.3
1734763811200,F:\agent\UAV\data\IR-image\1734763811200.jpg,116.19224005068504,38.812059358052444,483.54,116.2100149,38.8121248,791.81,2018.0371168712497,-6.8285856021076725,-4.721839460809406,4.868334832031508,0.43475816845102905,1.0001047300015482,0.9185267857142857,896,823,orb,-99.34233382874201,scheme_b_pairwise,NA,False,1540.098404598459,308.2699999999999
1734763811400,F:\agent\UAV\data\IR-image\1734763811400.jpg,116.19227070362903,38.8120484642427,483.54,116.2100684,38.8121245,791.79,2020.6959883068373,-8.04128450260679,2.147238520555959,7.91670627287067,0.03435842554600395,1.0006664134705952,0.9336437718277066,859,802,orb,-99.34233382874201,scheme_b_pairwise,NA,False,1542.0840689812753,308.24999999999994
1734763811600,F:\agent\UAV\data\IR-image\1734763811600.jpg,116.19229476162486,38.8120579009244,483.54,116.2101218,38.8121244,791.75,2022.7828063924471,-6.990793095838074,-3.8603492666376837,5.3010987831026455,-0.25295656224359186,1.0000240645212854,0.9574235807860262,916,877,orb,-99.34233382874201,scheme_b_pairwise,NA,False,1544.620793257029,308.21
1734763811800,F:\agent\UAV\data\IR-image\1734763811800.jpg,116.19231829513191,38.812069272824594,483.54,116.2101751,38.8121243,791.73,2024.8241297216784,-5.7248731664923085,-4.436281070983284,5.076934478272108,-0.33759397753429765,0.9996792101074417,0.8600212089077413,943,811,orb,-99.34233382874201,scheme_b_pairwise,NA,False,1547.194154051204,308.19
1734763812000,F:\agent\UAV\data\IR-image\1734763812000.jpg,116.19236776508116,38.81209502527774,483.54,116.2102284,38.8121242,791.69,2029.1152097241788,-2.858110081973543,-9.89515444128557,10.578548781972017,-0.19911558175101945,0.9992142971162672,0.9611872146118722,876,842,orb,-99.34233382874201,scheme_b_pairwise,NA,False,1547.5170269180196,308.15000000000003
1734763812200,F:\agent\UAV\data\IR-image\1734763812200.jpg,116.19241560462824,38.81207978467206,483.54,116.2102816,38.812124,791.62,2033.2648667763679,-4.55469430631238,2.8081561887490807,12.26614137918159,-0.1938742557841041,0.9990154952486905,0.9472450175849941,853,808,orb,-99.34233382874201,scheme_b_pairwise,NA,False,1547.9860521490484,308.08
1734763812400,F:\agent\UAV\data\IR-image\1734763812400.jpg,116.19243835979145,38.81207656984858,483.54,116.2103348,38.8121239,791.59,2035.238675671059,-4.91256845648187,0.09182185096858575,5.6298232982057925,-0.07483921758048145,1.000023916510255,0.95625,960,918,orb,-99.34233382874201,scheme_b_pairwise,NA,False,1550.625069018125,308.05
1734763812600,F:\agent\UAV\data\IR-image\1734763812600.jpg,116.19245243815843,38.812082303024326,483.54,116.210388,38.8121237,791.57,2036.4598493310189,-4.274351332119959,-2.324064110750953,3.091419715208474,-0.04426776526445877,1.002541967315065,0.9231664726426076,859,793,orb,-99.34233382874201,scheme_b_pairwise,NA,False,1554.0125430669614,308.03000000000003
1734763812800,F:\agent\UAV\data\IR-image\1734763812800.jpg,116.1924861638522,38.81208662610552,483.54,116.2104412,38.8121235,791.53,2039.385254598781,-3.7931059339723556,-2.6658388888000673,7.883067500304776,0.26684759569421374,1.0023224186419577,0.9420731707317073,984,927,orb,-99.34233382874201,scheme_b_pairwise,NA,False,1555.6984122158149,307.98999999999995
1734763813000,F:\agent\UAV\data\IR-image\1734763813000.jpg,116.19251916682744,38.812082260525024,483.54,116.2104944,38.8121233,791.48,2042.2479704331456,-4.279082354477902,0.04159066289554403,8.150153397524036,0.3183601612917391,1.001396023505664,0.8922155688622755,1002,894,orb,-99.34233382874201,scheme_b_pairwise,NA,False,1557.449691822455,307.94
1734763813200,F:\agent\UAV\data\IR-image\1734763813200.jpg,116.1925540954799,38.812109489437645,483.54,116.2105475,38.8121231,791.43,2045.277721714365,-1.2479598014345465,-9.775649368284746,7.01022042270597,0.16505983156300516,1.0003486733634606,0.9598393574297188,996,956,orb,-99.34233382874201,scheme_b_pairwise,NA,False,1559.0178802523903,307.88999999999993
1734763813400,F:\agent\UAV\data\IR-image\1734763813400.jpg,116.19258025102049,38.81211164600963,483.54,116.2106007,38.8121231,791.37,2047.5464832333137,-1.0078902081617336,-1.6986674472148593,6.1742861507779025,-0.06780330549372841,0.999628867833577,0.9613152804642167,1034,994,orb,-99.34233382874201,scheme_b_pairwise,NA,False,1561.3608765219299,307.83
1734763813600,F:\agent\UAV\data\IR-image\1734763813600.jpg,116.19260914960272,38.81209290920322,483.54,116.2106538,38.8121232,791.33,2050.0531793215428,-3.093671497331398,4.63470903729575,7.893053040877533,-0.059940777913235106,0.9995399603928712,0.9343915343915344,945,883,orb,-99.34233382874201,scheme_b_pairwise,NA,False,1563.4610927007352,307.79
1734763813800,F:\agent\UAV\data\IR-image\1734763813800.jpg,116.19264356082245,38.81205615621165,483.54,116.210707,38.8121233,791.28,2053.038047895763,-7.18501451914785,9.971532758829085,10.131255268814016,0.026661460705125897,0.999706859331918,0.8982658959537573,865,777,orb,-99.34233382874201,scheme_b_pairwise,NA,False,1565.103606893842,307.73999999999995
1734763814000,F:\agent\UAV\data\IR-image\1734763814000.jpg,116.19267571984003,38.812041765915026,483.54,116.2107602,38.8121233,791.23,2055.82755787677,-8.786942339298207,3.165740781638135,8.455880982633744,-0.13023402938560252,0.9999021797760546,0.9440258342303552,929,877,orb,-99.34233382874201,scheme_b_pairwise,NA,False,1566.9352572948328,307.69
1734763814200,F:\agent\UAV\data\IR-image\1734763814200.jpg,116.1927007325606,38.81202385917723,483.54,116.2108134,38.8121234,791.19,2057.997189879381,-10.780320391081624,4.532367389175533,6.917400311053882,-0.40717147485730126,1.00325339110651,0.8397997496871089,799,671,orb,-99.34233382874201,scheme_b_pairwise,NA,False,1569.3905112465075,307.65000000000003
1734763814400,F:\agent\UAV\data\IR-image\1734763814400.jpg,116.19273469922777,38.812022964519024,483.54,116.2108666,38.8121236,791.14,2060.943497456321,-10.879913742188396,-1.0666434042244646,8.20561815089377,-0.9890560466688009,0.9986816092855169,0.8341584158415841,808,674,orb,-99.34233382874201,scheme_b_pairwise,NA,False,1571.057790023149,307.59999999999997
1734763814600,F:\agent\UAV\data\IR-image\1734763814600.jpg,116.19274441701293,38.81203846617126,483.54,116.2109198,38.8121239,791.13,2061.7864292603913,-9.15426981566079,-5.163509409796177,1.5483375290774006,-1.0505519823265348,0.9998605803675095,0.865967365967366,858,743,orb,-99.34233382874201,scheme_b_pairwise,NA,False,1574.8138831836663,307.59
1734763814800,F:\agent\UAV\data\IR-image\1734763814800.jpg,116.19278552366221,38.81204746436898,483.54,116.2109731,38.8121242,791.14,2065.352067054307,-8.152590444977072,-4.398979745321014,9.419151819144872,-0.5334710563033285,1.0025553622508818,0.8740648379052369,802,701,orb,-99.34233382874201,scheme_b_pairwise,NA,False,1575.8647062669306,307.59999999999997
1734763815000,F:\agent\UAV\data\IR-image\1734763815000.jpg,116.19283370603368,38.81210051467699,483.54,116.2110264,38.8121243,791.12,2069.53146108708,-2.2470301573865212,-18.260667207076665,8.884592963182627,-0.054581721462430864,1.0001034772492048,0.9090909090909091,913,830,orb,-99.34233382874201,scheme_b_pairwise,NA,False,1576.2866476372374,307.58
1734763815200,F:\agent\UAV\data\IR-image\1734763815200.jpg,116.19284922738805,38.812107238883456,483.54,116.2110798,38.8121243,791.15,2070.8778011248114,-1.4984914938402887,-2.6866480107624398,3.3878187810711324,0.5724719930724743,1.0024515090995127,0.8550295857988166,676,578,orb,-99.34233382874201,scheme_b_pairwise,NA,False,1579.5674438888802,307.60999999999996
1734763815400,F:\agent\UAV\data\IR-image\1734763815400.jpg,116.19289386472047,38.81210444071858,483.54,116.2111332,38.8121243,791.19,2074.749694414017,-1.8099832079847236,-0.9015014532797068,10.86571718933834,0.4718670639545363,1.0003640387576254,0.8868921775898521,946,839,orb,-99.34233382874201,scheme_b_pairwise,NA,False,1580.327109444889,307.65000000000003
1734763815600,F:\agent\UAV\data\IR-image\1734763815600.jpg,116.19290321347594,38.81208136047391,483.54,116.2111868,38.8121244,791.18,2075.560616161291,-4.379276044634819,6.746544282606237,3.4166644712872767,0.19410659252203724,0.9988840893124068,0.9348290598290598,936,875,orb,-99.34233382874201,scheme_b_pairwise,NA,False,1584.1671476723286,307.63999999999993
1734763815800,F:\agent\UAV\data\IR-image\1734763815800.jpg,116.19292015398067,38.81207911812195,483.54,116.2112404,38.8121245,791.17,2077.030054924592,-4.628894664534519,0.021807741651173274,4.183568424697171,-0.005423000172760404,1.0014642696205207,0.9568764568764568,858,821,orb,-99.34233382874201,scheme_b_pairwise,NA,False,1587.344282697805,307.62999999999994
1734763816000,F:\agent\UAV\data\IR-image\1734763816000.jpg,116.1929567330722,38.81210657862496,483.54,116.211294,38.8121246,791.11,2080.2029671778587,-1.5719914692422678,-9.912283855934788,7.3949791767100805,0.23175449185651895,1.0004778955017262,0.9576923076923077,1040,996,orb,-99.34233382874201,scheme_b_pairwise,NA,False,1588.811974567245,307.57
1734763816200,F:\agent\UAV\data\IR-image\1734763816200.jpg,116.19295824834454,38.8120938067974,483.54,116.2113477,38.8121247,791.05,2080.334403634361,-2.993751313484891,3.8778871844156697,1.0118563101353857,0.4245527809413194,1.0004305240273728,0.9231692677070829,833,769,orb,-99.34233382874201,scheme_b_pairwise,NA,False,1593.3360393704456,307.50999999999993
1734763816400,F:\agent\UAV\data\IR-image\1734763816400.jpg,116.19298242086597,38.8120352544723,483.54,116.2114015,38.812125,791.05,2082.431155802532,-9.511796143812488,17.097314916725566,8.77720855272105,-0.18995457945464342,1.0007891022042321,0.9385245901639344,732,687,orb,-99.34233382874201,scheme_b_pairwise,NA,False,1595.9312269454201,307.50999999999993
1734763816600,F:\agent\UAV\data\IR-image\1734763816600.jpg,116.19302579644699,38.81201129856561,483.54,116.2114553,38.8121253,791.01,2086.1936033321717,-12.178567676738524,5.671666356236699,11.63577168054934,-0.32003899062021796,1.0003708283182586,0.8982035928143712,1002,900,orb,-99.34233382874201,scheme_b_pairwise,NA,False,1596.8538194712937,307.46999999999997
1734763816800,F:\agent\UAV\data\IR-image\1734763816800.jpg,116.1930346524416,38.812004089394144,483.54,116.2115093,38.8121258,791.0,2086.961782437094,-12.981092643879352,1.8726926368828458,2.4932563599977584,-0.5646942839275052,1.001779231174709,0.8373893805309734,904,757,orb,-99.34233382874201,scheme_b_pairwise,NA,False,1600.7722410326498,307.46
1734763817000,F:\agent\UAV\data\IR-image\1734763817000.jpg,116.19306148036186,38.81199483402737,483.54,116.2115634,38.8121262,791.07,2089.288866938375,-14.01140007392888,1.7932565024785276,6.914666354216138,-0.5600068923003555,1.001204686102666,0.9650205761316872,972,938,orb,-99.34233382874201,scheme_b_pairwise,NA,False,1603.144638002529,307.53000000000003
1734763817200,F:\agent\UAV\data\IR-image\1734763817200.jpg,116.19310828288458,38.812015796707286,483.54,116.2116177,38.8121266,791.11,2093.3485713114665,-11.677834545415891,-8.312958165033933,10.180670370360758,-0.2646283888860792,1.0004245170610502,0.9283422459893048,935,868,orb,-99.34233382874201,scheme_b_pairwise,NA,False,1603.7747858289251,307.57
1734763817400,F:\agent\UAV\data\IR-image\1734763817400.jpg,116.1931294295393,38.81203810760918,483.54,116.2116721,38.8121268,791.15,2095.182856337998,-9.194184945894815,-7.714628334434906,3.948653713744534,0.06221671131237747,1.0000714834120326,0.9427609427609428,891,840,orb,-99.34233382874201,scheme_b_pairwise,NA,False,1606.6386724064469,307.60999999999996
1734763817600,F:\agent\UAV\data\IR-image\1734763817600.jpg,116.19312897061133,38.81206444159376,483.54,116.2117267,38.812127,791.24,2095.143048400581,-6.262685782579037,-8.101085983893938,-1.4459886384391893,0.2410648706571145,1.0010646069631683,0.9430523917995444,878,828,orb,-99.34233382874201,scheme_b_pairwise,NA,False,1611.3936353517665,307.7
1734763817800,F:\agent\UAV\data\IR-image\1734763817800.jpg,116.19315555643158,38.81206637538346,483.54,116.2117815,38.8121271,791.31,2097.4491328692257,-6.047416313840126,-1.6469859652463015,6.288957781585168,0.3348754463561432,1.003657150215132,0.93854033290653,781,733,orb,-99.34233382874201,scheme_b_pairwise,NA,False,1613.8373082988044,307.7699999999999
1734763818000,F:\agent\UAV\data\IR-image\1734763818000.jpg,116.19318409491676,38.81203205225796,483.54,116.2118364,38.8121271,791.31,2099.9245937286237,-9.868266643714097,9.454473987735582,8.59712485832631,0.2846293822393136,1.0001635026488371,0.9504310344827587,928,882,orb,-99.34233382874201,scheme_b_pairwise,NA,False,1616.1421927043748,307.7699999999999
1734763818200,F:\agent\UAV\data\IR-image\1734763818200.jpg,116.19318738835233,38.812011395634684,483.54,116.2118915,38.8121271,791.35,2100.210270097897,-12.16776194733003,6.238627272988083,1.838986037462746,0.08729301781248944,0.998366353349747,0.8724202626641651,533,465,orb,-99.34233382874201,scheme_b_pairwise,NA,False,1620.6476592562594,307.81
1734763818400,F:\agent\UAV\data\IR-image\1734763818400.jpg,116.19319553674903,38.81201188906454,483.54,116.2119467,38.8121271,791.43,2100.9170713520066,-12.112833335566101,-0.47418626102779626,1.932563390236453,0.04152273474952457,0.9998270113018568,0.9281997918834547,961,892,orb,-99.34233382874201,scheme_b_pairwise,NA,False,1624.723824852689,307.88999999999993
1734763818600,F:\agent\UAV\data\IR-image\1734763818600.jpg,116.19320631128531,38.81202489212427,483.54,116.2120021,38.8121271,791.49,2101.8516669575174,-10.665332726318283,-4.434916500423299,1.9289498269579894,-0.22269116460013372,1.0008760372851535,0.8993775933609959,964,867,orb,-99.34233382874201,scheme_b_pairwise,NA,False,1628.579347261586,307.95
1734763818800,F:\agent\UAV\data\IR-image\1734763818800.jpg,116.19323671122189,38.81204044089101,483.54,116.2120576,38.8121272,791.55,2104.4885922407407,-8.934444012720384,-5.995466936067089,6.514680423516268,-0.646947904604107,0.9988860460520976,0.8911860718171926,919,819,orb,-99.34233382874201,scheme_b_pairwise,NA,False,1630.7428145331257,308.00999999999993
1734763819000,F:\agent\UAV\data\IR-image\1734763819000.jpg,116.19326498932344,38.81204327784407,483.54,116.2121134,38.8121274,791.63,2106.9414671248783,-8.618634398609656,-1.9923318061313466,6.649704729242842,-0.41583013862301,1.0000288828043744,0.9546351084812623,1014,968,orb,-99.34233382874201,scheme_b_pairwise,NA,False,1633.1256355459177,308.09
1734763819200,F:\agent\UAV\data\IR-image\1734763819200.jpg,116.19328351693194,38.81205378335105,483.54,116.2121693,38.8121274,791.73,2108.548573087043,-7.449161361844594,-3.971306306175279,3.9182506061207505,-0.07962392599535174,1.0014077031242183,0.9451097804391217,1002,947,orb,-99.34233382874201,scheme_b_pairwise,NA,False,1636.3572890762014,308.19
1734763819400,F:\agent\UAV\data\IR-image\1734763819400.jpg,116.19330579147274,38.81207741698048,483.54,116.2122254,38.8121274,791.83,2110.4806922426196,-4.818265733480139,-8.16702620781524,4.15252743149955,0.28621014298200154,1.0019238372920045,0.948237885462555,908,861,orb,-99.34233382874201,scheme_b_pairwise,NA,False,1639.2767319948932,308.29
1734763819600,F:\agent\UAV\data\IR-image\1734763819600.jpg,116.19332276401579,38.812071379787724,483.54,116.2122817,38.8121273,791.9,2111.9529100468844,-5.490326030964348,1.19055674578226,4.383750514502935,0.22700526660396994,1.00195807268157,0.8326226012793176,938,781,orb,-99.34233382874201,scheme_b_pairwise,NA,False,1642.6866309668249,308.35999999999996
1734763819800,F:\agent\UAV\data\IR-image\1734763819800.jpg,116.19334593915582,38.812084290225584,483.54,116.212338,38.8121273,791.97,2113.963148210459,-4.053136088377737,-4.896475008870084,4.9128004653407515,0.2175538437822771,1.0026424729890537,0.9346733668341709,995,930,orb,-99.34233382874201,scheme_b_pairwise,NA,False,1645.5517276893736,308.43
1734763820000,F:\agent\UAV\data\IR-image\1734763820000.jpg,116.19339325311664,38.81207708103686,483.54,116.2123945,38.8121272,791.96,2118.067215310492,-4.855662976524902,0.3527039823032396,11.732496886126512,0.49611176758673176,1.0005077783467968,0.9518716577540107,935,890,orb,-99.34233382874201,scheme_b_pairwise,NA,False,1646.3502084816137,308.42
1734763820200,F:\agent\UAV\data\IR-image\1734763820200.jpg,116.19341139230654,38.812068359911436,483.54,116.2124512,38.812127,791.92,2119.6406293976966,-5.826498658740386,1.9719497795861116,4.800165423092892,0.5410597001806807,1.0009646704524529,0.9631578947368421,950,915,orb,-99.34233382874201,scheme_b_pairwise,NA,False,1649.6948218528157,308.37999999999994
1734763820400,F:\agent\UAV\data\IR-image\1734763820400.jpg,116.19341497360696,38.812052891922406,483.54,116.2125079,38.8121268,791.92,2119.9512754943057,-7.548395198294754,4.627503864117102,1.6449611339060652,0.03170675320876708,1.0002465723465053,0.9025641025641026,780,704,orb,-99.34233382874201,scheme_b_pairwise,NA,False,1654.3049384983742,308.37999999999994
1734763820600,F:\agent\UAV\data\IR-image\1734763820600.jpg,116.19344366162484,38.81206133237643,483.54,116.2125648,38.8121268,791.93,2122.4397069900697,-6.608803855966801,-3.7361897296520397,6.463958561030779,-0.09931887940494838,0.9986524716107948,0.9283314669652856,893,829,orb,-99.34233382874201,scheme_b_pairwise,NA,False,1656.744815045809,308.38999999999993
1734763820800,F:\agent\UAV\data\IR-image\1734763820800.jpg,116.19348923967132,38.812065839439676,483.54,116.2126217,38.8121267,791.88,2126.3931988935337,-6.107077575839591,-3.1910103788436572,10.72117477660504,0.11167207514728583,0.9975603298142444,0.8659043659043659,962,833,orb,-99.34233382874201,scheme_b_pairwise,NA,False,1657.7235613404816,308.34
1734763821000,F:\agent\UAV\data\IR-image\1734763821000.jpg,116.19351378462554,38.81206877976073,483.54,116.2126787,38.8121266,791.83,2128.522256306645,-5.779761035611809,-1.8766548536929122,5.747600797480857,0.2116979476194707,0.9998132736889516,0.9369024856596558,1046,980,orb,-99.34233382874201,scheme_b_pairwise,NA,False,1660.5341911230714,308.29
1734763821200,F:\agent\UAV\data\IR-image\1734763821200.jpg,116.19354439951235,38.8120778386293,483.54,116.2127358,38.8121265,791.82,2131.177826619848,-4.7713277865622,-4.003014296615163,6.895506714906162,0.011897325313233443,1.0005656013900937,0.9627085377821394,1019,981,orb,-99.34233382874201,scheme_b_pairwise,NA,False,1662.8252152624752,308.28000000000003
1734763821400,F:\agent\UAV\data\IR-image\1734763821400.jpg,116.19358772827088,38.81208515000366,483.54,116.212793,38.8121265,791.8,2134.936212712869,-3.957425592513598,-3.966728397358736,10.038557479015651,-0.08209861018188733,1.0008428849344442,0.9344587884806356,1007,941,orb,-99.34233382874201,scheme_b_pairwise,NA,False,1664.024535972618,308.25999999999993
1734763821600,F:\agent\UAV\data\IR-image\1734763821600.jpg,116.19361044475122,38.81207278746647,483.54,116.2128503,38.8121266,791.78,2136.9066662095997,-5.333623232771117,2.913749615170559,6.0845280862490085,-0.10119442475501479,0.9998339644196824,0.9579667644183774,1023,980,orb,-99.34233382874201,scheme_b_pairwise,NA,False,1667.0255145948338,308.23999999999995
1734763821800,F:\agent\UAV\data\IR-image\1734763821800.jpg,116.19360858200777,38.81204701456295,483.54,116.2129077,38.8121267,791.84,2136.7450897117824,-8.20266285221163,8.019855568931746,0.8597647627202605,-0.19685324733471138,1.0019707544553393,0.9404536862003781,1058,995,orb,-99.34233382874201,scheme_b_pairwise,NA,False,1672.1733038053987,308.3
1734763822000,F:\agent\UAV\data\IR-image\1734763822000.jpg,116.19364882376587,38.81202704290051,483.54,116.2129651,38.8121268,791.9,2140.235705854356,-10.425908315422713,4.567114409557519,10.680801882956757,-0.6394107743471588,1.000909231713181,0.9432624113475178,987,931,orb,-99.34233382874201,scheme_b_pairwise,NA,False,1673.6734764435053,308.35999999999996
1734763822200,F:\agent\UAV\data\IR-image\1734763822200.jpg,116.19369698778759,38.812029066244804,483.54,116.2130226,38.812127,791.88,2144.413508208872,-10.200669628897478,-2.5274435543988147,11.468417337976575,-0.3498810896188589,0.9996597306726674,0.9557894736842105,950,908,orb,-99.34233382874201,scheme_b_pairwise,NA,False,1674.4810069268583,308.34
1734763822400,F:\agent\UAV\data\IR-image\1734763822400.jpg,116.19373149175456,38.81202709395544,483.54,116.2130801,38.8121271,791.83,2147.4064217844443,-10.420224880089274,-0.7556269947257874,8.389360937462413,0.12207448763138119,1.002214867223419,0.9609053497942387,972,934,orb,-99.34233382874201,scheme_b_pairwise,NA,False,1676.4749644971473,308.29
1734763822600,F:\agent\UAV\data\IR-image\1734763822600.jpg,116.19376432371803,38.81202930510748,483.54,116.2131378,38.8121269,791.79,2150.254303862607,-10.174079435166458,-1.9793711194326988,7.775478511919289,0.2633015098298728,1.0000466048481147,0.9663032705649157,1009,975,orb,-99.34233382874201,scheme_b_pairwise,NA,False,1678.6278014125542,308.24999999999994
1734763822800,F:\agent\UAV\data\IR-image\1734763822800.jpg,116.19377862908411,38.81204691357018,483.54,116.2131954,38.8121268,791.77,2151.495167685554,-8.213905367780686,-5.994392956240802,2.5436062224275133,-0.009993377971298912,0.9985599537659453,0.9544008483563097,943,900,orb,-99.34233382874201,scheme_b_pairwise,NA,False,1682.3671813177132,308.22999999999996
1734763823000,F:\agent\UAV\data\IR-image\1734763823000.jpg,116.19382474567811,38.81204815042875,483.54,116.2132531,38.8121267,791.77,2155.4953738169716,-8.076218271313248,-2.204034820938716,11.016430886663272,-0.06200310616029253,1.000621333191043,0.8051948051948052,924,744,orb,-99.34233382874201,scheme_b_pairwise,NA,False,1683.3700068967225,308.22999999999996
1734763823200,F:\agent\UAV\data\IR-image\1734763823200.jpg,116.19386859638699,38.812057194935406,483.54,116.2133107,38.8121266,791.73,2159.299034480477,-7.069383790475518,-4.521712470895238,10.076042758335234,-0.13129292679121732,0.9986542872511387,0.9184782608695652,920,845,orb,-99.34233382874201,scheme_b_pairwise,NA,False,1684.5562112896641,308.19
1734763823400,F:\agent\UAV\data\IR-image\1734763823400.jpg,116.19388551111787,38.812059719514245,483.54,116.2133683,38.8121265,791.74,2160.766237590426,-6.78834767410153,-1.4469010722637563,3.935584157749304,-0.01841726081378059,1.0003577617316775,0.9482029598308668,946,897,orb,-99.34233382874201,scheme_b_pairwise,NA,False,1688.0799646214293,308.2
1734763823600,F:\agent\UAV\data\IR-image\1734763823600.jpg,116.19390902554773,38.812086593328885,483.54,116.2134259,38.8121263,791.78,2162.805906142258,-3.796754628467093,-9.215036308588594,4.286050123472194,-0.076235480767107,1.0009393071959227,0.9523809523809523,924,880,orb,-99.34233382874201,scheme_b_pairwise,NA,False,1691.022384225546,308.23999999999995
1734763823800,F:\agent\UAV\data\IR-image\1734763823800.jpg,116.19395082657755,38.81210335976886,483.54,116.2134835,38.8121262,791.78,2166.43177529888,-1.9303145303825877,-6.821507996073706,9.191944220412665,0.06851132922325577,1.0009865752992277,0.9349945828819068,923,863,orb,-99.34233382874201,scheme_b_pairwise,NA,False,1692.387211114446,308.23999999999995
1734763824000,F:\agent\UAV\data\IR-image\1734763824000.jpg,116.19400673819462,38.81211858661614,483.54,116.2135409,38.8121259,791.77,2171.2816129389385,-0.23526189167089795,-6.9045248451533325,12.660000122210931,0.15591629070170146,1.0013446339625474,0.9491329479768786,865,821,orb,-99.34233382874201,scheme_b_pairwise,NA,False,1692.5142826665497,308.22999999999996
1734763824200,F:\agent\UAV\data\IR-image\1734763824200.jpg,116.19404303180431,38.81210895195242,483.54,116.2135983,38.8121257,791.77,2174.429762171938,-1.3077926571591765,1.536083020738431,9.207966684404823,0.21343807297760273,1.0023237098586888,0.8701298701298701,924,804,orb,-99.34233382874201,scheme_b_pairwise,NA,False,1694.343965660302,308.22999999999996
1734763824400,F:\agent\UAV\data\IR-image\1734763824400.jpg,116.19407257199636,38.81209845274615,483.54,116.2136556,38.8121255,791.78,2176.9921122304986,-2.4765642990430043,2.069555289469747,7.62936050358195,0.11880245340799879,1.0010457707666078,0.9506966773847803,933,887,orb,-99.34233382874201,scheme_b_pairwise,NA,False,1696.7509505990245,308.23999999999995
1734763824600,F:\agent\UAV\data\IR-image\1734763824600.jpg,116.19409911066712,38.812072140205096,483.54,116.2137128,38.8121254,791.78,2179.294106899623,-5.405676368745231,7.063711486378622,7.71036472416921,-0.1787073463639929,0.995526225662297,0.8943661971830986,568,508,orb,-99.34233382874201,scheme_b_pairwise,NA,False,1699.4155339012323,308.23999999999995
1734763824800,F:\agent\UAV\data\IR-image\1734763824800.jpg,116.19411718579875,38.812096668205754,483.54,116.2137699,38.8121252,791.81,2180.861964498182,-2.67521933559947,-8.276800968616328,3.0982856339808222,-0.1102242491420652,0.9998134108062514,0.9493521790341578,849,806,orb,-99.34233382874201,scheme_b_pairwise,NA,False,1702.7891437198375,308.2699999999999
1734763825000,F:\agent\UAV\data\IR-image\1734763825000.jpg,116.19416193853802,38.81212635033673,483.54,116.2138269,38.8121251,791.79,2184.7438683093665,0.6289954851877231,-10.920301594461534,9.245949815514962,0.22138706713802164,1.0024926870726623,0.8883071553228621,573,509,orb,-99.34233382874201,scheme_b_pairwise,NA,False,1703.8469894567802,308.24999999999994
1734763825200,F:\agent\UAV\data\IR-image\1734763825200.jpg,116.19420413114774,38.81215385650098,483.54,116.2138837,38.8121249,791.72,2188.4037035547058,3.6909816889759512,-10.148227973087444,8.741269004051333,0.4677701121472845,1.0018082541095708,0.9258777633289987,769,712,orb,-99.34233382874201,scheme_b_pairwise,NA,False,1705.1153367966103,308.18
1734763825400,F:\agent\UAV\data\IR-image\1734763825400.jpg,116.19421892498308,38.81212592752978,483.54,116.2139404,38.8121246,791.68,2189.686937759907,0.5819286148600935,8.026282122659211,4.970745515194949,0.8485675835233649,1.0043366271161527,0.8192771084337349,913,748,orb,-99.34233382874201,scheme_b_pairwise,NA,False,1708.7435503501993,308.13999999999993
1734763825600,F:\agent\UAV\data\IR-image\1734763825600.jpg,116.1942392436291,38.81211782128563,483.54,116.213997,38.8121244,791.67,2191.4494003638906,-0.3204584831985713,1.6962314459258891,5.292574976123603,0.5992276600367282,1.0010598667087498,0.9377013963480129,931,873,orb,-99.34233382874201,scheme_b_pairwise,NA,False,1711.8873544596172,308.12999999999994
1734763825800,F:\agent\UAV\data\IR-image\1734763825800.jpg,116.19426487971255,38.812091250008784,483.54,116.2140534,38.8121241,791.66,2193.6731035758403,-3.2783730220790197,7.17915764615509,7.5066486651087985,0.35587628501558444,0.9994803417974872,0.9531066822977726,853,813,orb,-99.34233382874201,scheme_b_pairwise,NA,False,1714.5569153450738,308.11999999999995
1734763826000,F:\agent\UAV\data\IR-image\1734763826000.jpg,116.19428154467519,38.81210534373682,483.54,116.2141097,38.8121239,791.66,2195.1186415040856,-1.709459217564822,-5.00399881457713,3.2887590438269285,0.14724703009290038,1.001588106659376,0.851063829787234,893,760,orb,-99.34233382874201,scheme_b_pairwise,NA,False,1717.9882269916093,308.11999999999995
1734763826200,F:\agent\UAV\data\IR-image\1734763826200.jpg,116.19428154467519,38.81210534373682,483.54,116.2141658,38.8121238,791.62,2195.1186415040856,-1.709459217564822,0.0,0.0,0.0,1.0,1.0,1436,1436,orb,-99.34233382874201,scheme_b_pairwise,NA,False,1722.8489293316663,308.08
1734763826400,F:\agent\UAV\data\IR-image\1734763826400.jpg,116.19428154467519,38.81210534373682,483.54,116.2142219,38.8121237,791.59,2195.1186415040856,-1.709459217564822,0.0,0.0,0.0,1.0,1.0,1436,1436,orb,-99.34233382874201,scheme_b_pairwise,NA,False,1727.709631842147,308.05
1734763826600,F:\agent\UAV\data\IR-image\1734763826600.jpg,116.19428154467519,38.81210534373682,483.54,116.2142778,38.8121235,791.57,2195.1186415040856,-1.709459217564822,0.0,0.0,0.0,1.0,1.0,1436,1436,orb,-99.34233382874201,scheme_b_pairwise,NA,False,1732.552993996775,308.03000000000003
1734763826800,F:\agent\UAV\data\IR-image\1734763826800.jpg,116.19428154467519,38.81210534373682,483.54,116.2143335,38.8121235,791.55,2195.1186415040856,-1.709459217564822,0.0,0.0,0.0,1.0,1.0,1436,1436,orb,-99.34233382874201,scheme_b_pairwise,NA,False,1737.379051123725,308.00999999999993
1734763827000,F:\agent\UAV\data\IR-image\1734763827000.jpg,116.19428154467519,38.81210534373682,483.54,116.2143892,38.8121235,791.55,2195.1186415040856,-1.709459217564822,0.0,0.0,0.0,1.0,1.0,1436,1436,orb,-99.34233382874201,scheme_b_pairwise,NA,False,1742.2051082686157,308.00999999999993
1734763827200,F:\agent\UAV\data\IR-image\1734763827200.jpg,116.19428154467519,38.81210534373682,483.54,116.2144446,38.8121235,791.56,2195.1186415040856,-1.709459217564822,0.0,0.0,0.0,1.0,1.0,1436,1436,orb,-99.34233382874201,scheme_b_pairwise,NA,False,1747.0051723052582,308.0199999999999
1734763827400,F:\agent\UAV\data\IR-image\1734763827400.jpg,116.19428154467519,38.81210534373682,483.54,116.2144999,38.8121236,791.56,2195.1186415040856,-1.709459217564822,0.0,0.0,0.0,1.0,1.0,1436,1436,orb,-99.34233382874201,scheme_b_pairwise,NA,False,1751.7965836044673,308.0199999999999
1734763827600,F:\agent\UAV\data\IR-image\1734763827600.jpg,116.19428154467519,38.81210534373682,483.54,116.2145551,38.8121237,791.52,2195.1186415040856,-1.709459217564822,0.0,0.0,0.0,1.0,1.0,1436,1436,orb,-99.34233382874201,scheme_b_pairwise,NA,False,1756.5793305370069,307.97999999999996
1734763827800,F:\agent\UAV\data\IR-image\1734763827800.jpg,116.19428154467519,38.81210534373682,483.54,116.2146101,38.8121238,791.47,2195.1186415040856,-1.709459217564822,0.0,0.0,0.0,1.0,1.0,1436,1436,orb,-99.34233382874201,scheme_b_pairwise,NA,False,1761.3447487320263,307.93
1734763828000,F:\agent\UAV\data\IR-image\1734763828000.jpg,116.19428154467519,38.81210534373682,483.54,116.214665,38.8121239,791.45,2195.1186415040856,-1.709459217564822,0.0,0.0,0.0,1.0,1.0,1436,1436,orb,-99.34233382874201,scheme_b_pairwise,NA,False,1766.1015025603945,307.91
1734763828200,F:\agent\UAV\data\IR-image\1734763828200.jpg,116.19463037820931,38.81204685901623,483.54,116.2147198,38.8121241,791.47,2225.3768613976295,-8.219978313562393,4.244727120546827,86.7711671461102,0.9735644888053173,1.0082057915195866,0.9357907253269917,841,787,orb,-99.34233382874201,scheme_b_pairwise,NA,False,1740.6460127366713,307.93
1734763828400,F:\agent\UAV\data\IR-image\1734763828400.jpg,116.19466376344461,38.81203861254991,483.54,116.2147746,38.8121244,791.5,2228.272734908258,-9.13797494387101,1.223026847203073,8.438838099977374,-0.39255084715630584,1.0007580174283826,0.8355408388520972,906,757,orb,-99.34233382874201,scheme_b_pairwise,NA,False,1742.5064882982226,307.96
1734763828600,F:\agent\UAV\data\IR-image\1734763828600.jpg,116.19469756448306,38.81205854534129,483.54,116.2148292,38.8121246,791.52,2231.2046756589334,-6.919056608120023,-7.481561306179856,7.109399587367193,-0.20838817322555728,0.9983865644009947,0.9109947643979057,764,696,orb,-99.34233382874201,scheme_b_pairwise,NA,False,1744.2976975945412,307.97999999999996
1734763828800,F:\agent\UAV\data\IR-image\1734763828800.jpg,116.19472580607305,38.81208168167924,483.54,116.2148838,38.8121247,791.54,2233.654383489197,-4.3435194671711255,-8.249541368865266,5.611290549584055,-0.2810739688383292,0.9991720442000744,0.9537953795379538,909,867,orb,-99.34233382874201,scheme_b_pairwise,NA,False,1746.5722926514213,307.99999999999994
1734763829000,F:\agent\UAV\data\IR-image\1734763829000.jpg,116.19475912392241,38.81206861849856,483.54,116.2149383,38.812125,791.52,2236.544411866639,-5.797712740570097,2.7107668012963018,8.66696658683901,-0.4218949572190451,1.0022589926775491,0.9553775743707094,874,835,orb,-99.34233382874201,scheme_b_pairwise,NA,False,1748.4124417131738,307.97999999999996
1734763829200,F:\agent\UAV\data\IR-image\1734763829200.jpg,116.19480089180381,38.812067649489286,483.54,116.2149926,38.8121254,791.46,2240.167405690543,-5.9055828528261705,-1.3520510797874863,10.083572998413047,-0.34815912959764495,1.000963741489731,0.9489528795811518,764,725,orb,-99.34233382874201,scheme_b_pairwise,NA,False,1749.498824665935,307.92
1734763829400,F:\agent\UAV\data\IR-image\1734763829400.jpg,116.194831586579,38.812051125890285,483.54,116.215047,38.8121256,791.41,2242.8299056128626,-7.744989893399998,3.8813469282063693,8.212314835564541,-0.22828573654113576,1.0010725289105462,0.9462486002239642,893,845,orb,-99.34233382874201,scheme_b_pairwise,NA,False,1751.5607278764678,307.86999999999995
1734763829600,F:\agent\UAV\data\IR-image\1734763829600.jpg,116.19484885735034,38.81203521288778,483.54,116.2151013,38.8121258,791.39,2244.3279920799496,-9.51642533283626,4.223653242382568,4.9563268030933045,0.0773839170954035,1.001853821166755,0.9278481012658227,790,733,orb,-99.34233382874201,scheme_b_pairwise,NA,False,1754.7786104111476,307.84999999999997
1734763829800,F:\agent\UAV\data\IR-image\1734763829800.jpg,116.19487121784438,38.81204141050806,483.54,116.2151556,38.8121259,791.38,2246.267566918504,-8.826506242725145,-2.7945991878999052,5.057581045458676,0.12763518638797178,1.0002968473413643,0.8828402366863906,845,746,orb,-99.34233382874201,scheme_b_pairwise,NA,False,1757.5420939862784,307.84
1734763830000,F:\agent\UAV\data\IR-image\1734763830000.jpg,116.19490859169169,38.81205354175387,483.54,116.2152098,38.8121259,791.36,2249.5094171976225,-7.476055959388137,-5.217419386442032,8.363456862887574,-0.07468497946604843,1.0000713792333848,0.9472295514511874,758,718,orb,-99.34233382874201,scheme_b_pairwise,NA,False,1758.9931186121578,307.82
1734763830200,F:\agent\UAV\data\IR-image\1734763830200.jpg,116.19493798124616,38.81207254314649,483.54,116.215264,38.8121259,791.36,2252.0587007804497,-5.360820932660133,-7.020037558450326,6.096816647600178,-0.013716576395790457,0.9995706843745304,0.963953488372093,860,829,orb,-99.34233382874201,scheme_b_pairwise,NA,False,1761.1341482712912,307.82
1734763830400,F:\agent\UAV\data\IR-image\1734763830400.jpg,116.19496732838697,38.812075858415646,483.54,116.2153182,38.8121259,791.4,2254.6043053540657,-4.991765170391346,-2.182057148697652,6.88227188994432,-0.04193608526553111,1.0006050620440594,0.9587155963302753,872,836,orb,-99.34233382874201,scheme_b_pairwise,NA,False,1763.2862401293623,307.85999999999996
1734763830600,F:\agent\UAV\data\IR-image\1734763830600.jpg,116.19498531533424,38.81208710091821,483.54,116.2153723,38.8121259,791.42,2256.1645137423848,-3.7402497849557883,-4.17716600296302,3.750978263553577,0.0470561472791015,0.9994686948487252,0.9542566709021602,787,751,orb,-99.34233382874201,scheme_b_pairwise,NA,False,1766.41156275562,307.87999999999994
1734763830800,F:\agent\UAV\data\IR-image\1734763830800.jpg,116.19501443784992,38.81210097718134,483.54,116.2154264,38.812126,791.43,2258.690634075013,-2.195544173843155,-5.429316884602997,6.2926237177488815,-0.045973642623202575,1.0009551676184756,0.9272030651340997,783,726,orb,-99.34233382874201,scheme_b_pairwise,NA,False,1768.572454125648,307.88999999999993
1734763831000,F:\agent\UAV\data\IR-image\1734763831000.jpg,116.1950531769206,38.812093606162605,483.54,116.2154804,38.812126,791.43,2262.050905392126,-3.0160859787745924,0.7415087755393301,9.680651939674988,0.004896636362507312,1.000928017789896,0.9671746776084408,853,825,orb,-99.34233382874201,scheme_b_pairwise,NA,False,1769.896287479872,307.88999999999993
1734763831200,F:\agent\UAV\data\IR-image\1734763831200.jpg,116.19507896145036,38.81208083210021,483.54,116.2155344,38.8121261,791.44,2264.2874850063663,-4.438094605299525,2.919369883466004,6.842477814728397,0.0344716462280735,1.00122245480299,0.9534619750283768,881,840,orb,-99.34233382874201,scheme_b_pairwise,NA,False,1772.3446237033736,307.90000000000003
1734763831400,F:\agent\UAV\data\IR-image\1734763831400.jpg,116.19509422430924,38.81204998411891,483.54,116.2155884,38.8121261,791.46,2265.6114028501165,-7.872091883228406,8.907726131272454,5.23148542005282,0.05154120923074786,1.0010108420333264,0.9214929214929215,777,716,orb,-99.34233382874201,scheme_b_pairwise,NA,False,1775.7143652073119,307.92
1734763831600,F:\agent\UAV\data\IR-image\1734763831600.jpg,116.19510757161592,38.812056576781224,483.54,116.2156424,38.8121261,791.49,2266.7691635040387,-7.138196714585699,-2.5601646616288463,2.872192327571611,-0.10934524011475764,1.0002414717649941,0.9419191919191919,792,746,orb,-99.34233382874201,scheme_b_pairwise,NA,False,1779.2332124501156,307.95
1734763831800,F:\agent\UAV\data\IR-image\1734763831800.jpg,116.19513021271489,38.812068196496604,483.54,116.2156963,38.8121261,791.52,2268.7330783347384,-5.844689998574354,-4.477415690014595,4.849970197822643,-0.18706099592461548,1.0014396036199522,0.9450261780104712,764,722,orb,-99.34233382874201,scheme_b_pairwise,NA,False,1781.936295905185,307.97999999999996
1734763832000,F:\agent\UAV\data\IR-image\1734763832000.jpg,116.19516972592096,38.812090553556196,483.54,116.2157503,38.8121261,791.53,2272.1604990419714,-3.355902124067455,-8.454770207836305,8.358739491451104,-0.2011016025100668,1.0001074503998932,0.9483443708609272,755,716,orb,-99.34233382874201,scheme_b_pairwise,NA,False,1783.1839559248388,307.98999999999995
1734763832200,F:\agent\UAV\data\IR-image\1734763832200.jpg,116.1952024807929,38.81208941298309,483.54,116.2158043,38.8121261,791.55,2275.001694112975,-3.4828707227773816,-0.9429291639858661,7.926966882451268,-0.11276724399317015,1.0004830760767538,0.9469525959367946,886,839,orb,-99.34233382874201,scheme_b_pairwise,NA,False,1785.025010101034,308.00999999999993
1734763832400,F:\agent\UAV\data\IR-image\1734763832400.jpg,116.19522757118837,38.812083698151625,483.54,116.2158582,38.8121261,791.58,2277.178063724254,-4.119045760948861,0.7703211092773472,6.317652949796695,0.025531959053481504,0.9982704016619788,0.8862837045720985,853,756,orb,-99.34233382874201,scheme_b_pairwise,NA,False,1787.5228127011846,308.04
1734763832600,F:\agent\UAV\data\IR-image\1734763832600.jpg,116.19523207500279,38.81207973924858,483.54,116.2159121,38.8121261,791.62,2277.5687297408294,-4.559750847947053,1.0425919358632427,1.2828146610066256,0.16350768369856522,0.9995064717843982,0.9512471655328798,882,839,orb,-99.34233382874201,scheme_b_pairwise,NA,False,1791.8039345123168,308.08
1734763832800,F:\agent\UAV\data\IR-image\1734763832800.jpg,116.19523794901173,38.812068357580465,483.54,116.215966,38.8121261,791.69,2278.07824799724,-5.826758143039767,3.2770043163268383,1.9884974381964184,0.03173976803856686,1.0017621070524785,0.9511059371362048,859,817,orb,-99.34233382874201,scheme_b_pairwise,NA,False,1795.9692950969506,308.15000000000003
1734763833000,F:\agent\UAV\data\IR-image\1734763833000.jpg,116.19526872131141,38.81206671948552,483.54,116.21602,38.8121261,791.72,2280.7474724814847,-6.0091108717231,-0.7111763273868519,7.47590440005132,0.07965768507980989,1.0015649038912835,0.9628378378378378,888,855,orb,-99.34233382874201,scheme_b_pairwise,NA,False,1797.9824996220166,308.18
1734763833200,F:\agent\UAV\data\IR-image\1734763833200.jpg,116.19530401023417,38.812069596898766,483.54,116.2160738,38.812126,791.72,2283.8084740206114,-5.688797229712026,-2.281898675959667,8.331950001401026,-0.04915649807180439,1.0016664751337525,0.955719557195572,813,777,orb,-99.34233382874201,scheme_b_pairwise,NA,False,1799.585140174956,308.18
1734763833400,F:\agent\UAV\data\IR-image\1734763833400.jpg,116.19533147474964,38.81208243530397,483.54,116.2161277,38.8121259,791.73,2286.1907775174905,-4.259625962347371,-5.043797282167702,5.946944634223087,-0.08904171991568412,1.0001617648096457,0.9473094170403588,892,845,orb,-99.34233382874201,scheme_b_pairwise,NA,False,1801.871003626316,308.19
1734763833600,F:\agent\UAV\data\IR-image\1734763833600.jpg,116.19535027643506,38.8121020786485,483.54,116.2161815,38.8121259,791.75,2287.8216572250008,-2.0729288486703643,-6.799492680746823,3.5205984248945015,0.00738136817536641,0.9989870382560588,0.9386733416770964,799,750,orb,-99.34233382874201,scheme_b_pairwise,NA,False,1804.8986045461006,308.21
1734763833800,F:\agent\UAV\data\IR-image\1734763833800.jpg,116.19536528689721,38.81210121196759,483.54,116.2162353,38.8121258,791.76,2289.123681887157,-2.169407768090218,-0.32605344835388905,3.6501121377682466,0.034321341533747676,1.0003603952272793,0.9417582417582417,910,857,orb,-99.34233382874201,scheme_b_pairwise,NA,False,1808.2596135815254,308.21999999999997
1734763834000,F:\agent\UAV\data\IR-image\1734763834000.jpg,116.19537759829284,38.81209801149056,483.54,116.2162891,38.8121257,791.77,2290.1915864312505,-2.5256848706176953,0.5001729859640136,3.1200583088051985,0.16582830944688923,0.9988775951232087,0.9489916963226572,843,800,orb,-99.34233382874201,scheme_b_pairwise,NA,False,1811.854935425918,308.22999999999996
1734763834200,F:\agent\UAV\data\IR-image\1734763834200.jpg,116.19539718716634,38.812090761729465,483.54,116.2163428,38.8121257,791.78,2291.8907477326875,-3.332728276226418,1.461006034760203,5.073809315047015,-0.13919114810123334,1.0023125598548304,0.9389788293897883,803,754,orb,-99.34233382874201,scheme_b_pairwise,NA,False,1814.8120883518966,308.23999999999995
1734763834400,F:\agent\UAV\data\IR-image\1734763834400.jpg,116.19542915056299,38.81207717240772,483.54,116.2163966,38.8121257,791.77,2294.6632893306737,-4.845491572907475,2.926517953444943,8.368256788983388,0.015688297645992062,1.0028983405996592,0.9104829210836278,849,773,orb,-99.34233382874201,scheme_b_pairwise,NA,False,1816.708123843554,308.22999999999996
1734763834600,F:\agent\UAV\data\IR-image\1734763834600.jpg,116.19547890053698,38.81209245120177,483.54,116.2164503,38.8121256,791.72,2298.978659000128,-3.1446562186390983,-6.677011151213321,11.177076425085318,0.22428393163508997,1.0002623195301361,0.9498777506112469,818,777,orb,-99.34233382874201,scheme_b_pairwise,NA,False,1817.0459005150715,308.18
1734763834800,F:\agent\UAV\data\IR-image\1734763834800.jpg,116.19550067173785,38.812099135869666,483.54,116.216504,38.8121255,791.67,2300.867117875109,-2.400518988989993,-2.9214734800137308,4.891303315604148,0.20789963219348492,1.000240715514512,0.952755905511811,889,847,orb,-99.34233382874201,scheme_b_pairwise,NA,False,1819.8108721487818,308.12999999999994
1734763835000,F:\agent\UAV\data\IR-image\1734763835000.jpg,116.19549927471814,38.81208950399829,483.54,116.2165578,38.8121256,791.67,2300.7459387870804,-3.472738911157222,3.024888221005085,0.1529323488832688,-0.15952525092945458,1.0006683185075462,0.926006528835691,919,851,orb,-99.34233382874201,scheme_b_pairwise,NA,False,1824.5955279998977,308.12999999999994
1734763835200,F:\agent\UAV\data\IR-image\1734763835200.jpg,116.19553578582347,38.8120784639865,483.54,116.2166115,38.8121257,791.69,2303.9129538394595,-4.701713022720544,1.9607800238896402,9.33150163837854,-0.24686942445580792,1.0002949094518268,0.9368811881188119,808,757,orb,-99.34233382874201,scheme_b_pairwise,NA,False,1826.0881189556974,308.15000000000003
1734763835400,F:\agent\UAV\data\IR-image\1734763835400.jpg,116.1955790589745,38.812043341617695,483.54,116.2166652,38.8121259,791.64,2307.6665164745323,-8.611535118493514,9.11852879625252,12.177558364854974,-0.28612682312051635,0.9991613980740044,0.9354838709677419,775,725,orb,-99.34233382874201,scheme_b_pairwise,NA,False,1827.0074986364675,308.09999999999997
1734763835600,F:\agent\UAV\data\IR-image\1734763835600.jpg,116.19556806671237,38.81205992764069,483.54,116.216719,38.8121259,791.67,2306.7130350796747,-6.765179038591333,-4.679305885061126,-3.4820992923161214,0.09559732495758079,0.9970197405971278,0.913961038961039,616,563,orb,-99.34233382874201,scheme_b_pairwise,NA,False,1832.6127551145912,308.12999999999994
1734763835800,F:\agent\UAV\data\IR-image\1734763835800.jpg,116.19558086142783,38.81209033072919,483.54,116.2167727,38.8121257,791.83,2307.822863338728,-3.3807072265666847,-9.879491900870164,1.5317038524640338,0.9247066189282956,0.9990811663482906,0.9099099099099099,666,606,orb,-99.34233382874201,scheme_b_pairwise,NA,False,1836.1460863501084,308.29
1734763836000,F:\agent\UAV\data\IR-image\1734763836000.jpg,116.19561751127026,38.81210295967466,483.54,116.2168265,38.8121253,791.88,2311.0019126064244,-1.9748530166766458,-5.342253612482921,8.16427534648949,0.40986186436799865,1.0013006297422027,0.9288888888888889,675,627,orb,-99.34233382874201,scheme_b_pairwise,NA,False,1837.6293508481906,308.34
1734763836200,F:\agent\UAV\data\IR-image\1734763836200.jpg,116.19564156962299,38.812105135326924,483.54,116.21688,38.8121251,791.92,2313.088761651367,-1.7326594072769193,-1.6216619929426201,5.6694845995865535,-0.026107456114625754,1.0033416655635523,0.8735440931780366,601,525,orb,-99.34233382874201,scheme_b_pairwise,NA,False,1840.1799219532606,308.37999999999994
1734763836400,F:\agent\UAV\data\IR-image\1734763836400.jpg,116.19565442493955,38.81211950783632,483.54,116.2169335,38.8121249,792.01,2314.2038465187547,-0.132711661098027,-4.93938134614865,2.3593793909398073,0.17758970131595309,1.000935909438099,0.9145394006659268,901,824,orb,-99.34233382874201,scheme_b_pairwise,NA,False,1843.7001072764272,308.46999999999997
1734763836600,F:\agent\UAV\data\IR-image\1734763836600.jpg,116.19565969219263,38.81212312255998,483.54,116.2169869,38.8121247,792.09,2314.6607340787255,0.26967937733216696,-1.322662386242655,1.082069215541594,0.08844178226877403,1.0025965694394174,0.9617169373549884,862,829,orb,-99.34233382874201,scheme_b_pairwise,NA,False,1847.8703780865126,308.55
1734763836800,F:\agent\UAV\data\IR-image\1734763836800.jpg,116.19568541260274,38.81210773914814,483.54,116.2170401,38.8121245,792.16,2316.8917518805533,-1.4428020291168124,3.7264118318356054,6.959427172205153,-0.04351864091581711,0.9988587011566795,0.9346733668341709,796,744,orb,-99.34233382874201,scheme_b_pairwise,NA,False,1850.2524469382806,308.61999999999995
1734763837000,F:\agent\UAV\data\IR-image\1734763837000.jpg,116.19572126748437,38.81214005916107,483.54,116.2170932,38.8121244,792.22,2320.001845339171,2.155061809414421,-11.381931770476683,6.97450498246792,-0.346587304936578,1.0014472487506951,0.9126760563380282,710,648,orb,-99.34233382874201,scheme_b_pairwise,NA,False,1851.746090912637,308.68
1734763837200,F:\agent\UAV\data\IR-image\1734763837200.jpg,116.19574683529994,38.81216185805906,483.54,116.2171462,38.8121242,792.27,2322.21962691685,4.58171513488321,-7.731508461142539,5.036774939576333,0.3765971123703735,0.9978511726647825,0.8461538461538461,767,649,orb,-99.34233382874201,scheme_b_pairwise,NA,False,1854.1265480683476,308.72999999999996
1734763837400,F:\agent\UAV\data\IR-image\1734763837400.jpg,116.19578745718411,38.81216950679362,483.54,116.2171992,38.8121239,792.29,2325.7432156309724,5.433172265734608,-3.9637572124404414,9.371139228174115,0.7403865948288098,0.9997700362624817,0.9478935698447893,902,855,orb,-99.34233382874201,scheme_b_pairwise,NA,False,1855.2011418744912,308.74999999999994
1734763837600,F:\agent\UAV\data\IR-image\1734763837600.jpg,116.1958187321555,38.812223452542746,483.54,116.217252,38.8121235,792.29,2328.456042434356,11.43841305828587,-17.868507374129194,4.777296829909972,0.6195412185041725,0.997860080042721,0.9470655926352128,869,823,orb,-99.34233382874201,scheme_b_pairwise,NA,False,1857.091780610131,308.74999999999994
1734763837800,F:\agent\UAV\data\IR-image\1734763837800.jpg,116.19581344556276,38.81216720533906,483.54,116.2173047,38.8121234,792.31,2327.9974773316408,5.176974344104724,17.550933699931818,1.5829536990519273,0.15370014453377803,1.0012429402218985,0.9186320754716981,848,779,orb,-99.34233382874201,scheme_b_pairwise,NA,False,1862.0898050256233,308.7699999999999
1734763838000,F:\agent\UAV\data\IR-image\1734763838000.jpg,116.19583647322905,38.81214175082705,483.54,116.2173573,38.8121234,792.34,2329.9949234546575,2.343378067522547,6.937933478099296,6.823350400785841,0.001156438942732093,1.0012841356010662,0.9480369515011547,866,821,orb,-99.34233382874201,scheme_b_pairwise,NA,False,1864.6471425104096,308.8
1734763838200,F:\agent\UAV\data\IR-image\1734763838200.jpg,116.1958698600268,38.812145304394434,483.54,116.2174098,38.8121234,792.35,2332.890932492714,2.7389611884705856,-2.4151900656529506,7.840682184595266,0.2486857694337615,1.001924603881316,0.9574235807860262,916,877,orb,-99.34233382874201,scheme_b_pairwise,NA,False,1866.3036091233248,308.81
1734763838400,F:\agent\UAV\data\IR-image\1734763838400.jpg,116.19591826157618,38.81214087119505,483.54,116.2174622,38.8121234,792.37,2337.089338268185,2.2454574329287342,-0.5461670236982741,11.85297585052217,0.09176080354191166,1.000917583788638,0.9314079422382672,831,774,orb,-99.34233382874201,scheme_b_pairwise,NA,False,1866.6495297016002,308.83
1734763838600,F:\agent\UAV\data\IR-image\1734763838600.jpg,116.19595415243266,38.81215099479619,483.54,116.2175146,38.8121235,792.41,2340.202552227392,3.3724167118795636,-4.53981468751806,8.10901282623172,0.43181245873842494,0.9988799307958659,0.9099099099099099,777,707,orb,-99.34233382874201,scheme_b_pairwise,NA,False,1868.0813012597102,308.86999999999995
1734763838800,F:\agent\UAV\data\IR-image\1734763838800.jpg,116.19596460516621,38.81213331036715,483.54,116.2175669,38.8121236,792.45,2341.1092342956867,1.4037860709381271,5.039287595722726,3.408195852545873,0.4422046080031746,1.0011189898459358,0.8348946135831382,854,713,orb,-99.34233382874201,scheme_b_pairwise,NA,False,1871.7051475351254,308.91
1734763839000,F:\agent\UAV\data\IR-image\1734763839000.jpg,116.19596675883118,38.81213119476251,483.54,116.2176191,38.8121236,792.49,2341.2960456579817,1.1682769622068507,0.5671572166468763,0.6247114337015773,-0.011940121513394469,1.0007123427774067,0.9440715883668904,894,844,orb,-99.34233382874201,scheme_b_pairwise,NA,False,1876.0412584746518,308.95
1734763839200,F:\agent\UAV\data\IR-image\1734763839200.jpg,116.19597009008609,38.812128603953894,483.54,116.2176711,38.8121238,792.53,2341.585002522087,0.8798681477681414,0.6671283522615568,0.9317223423229848,-0.33923850738311334,1.0009861326946992,0.9630411826821542,947,912,orb,-99.34233382874201,scheme_b_pairwise,NA,False,1880.2580207177743,308.98999999999995
1734763839400,F:\agent\UAV\data\IR-image\1734763839400.jpg,116.1960134944497,38.812168934173386,483.54,116.217723,38.8121241,792.55,2345.349946685095,5.369428181258934,-14.149999517281458,8.381911273177991,-0.5481421453625188,0.9997603256103322,0.9225967540574282,801,739,orb,-99.34233382874201,scheme_b_pairwise,NA,False,1881.0001090866153,309.00999999999993
1734763839600,F:\agent\UAV\data\IR-image\1734763839600.jpg,116.19603197928201,38.812104974446875,483.54,116.2177748,38.8121245,792.52,2346.9533421907,-1.750568573680825,18.989308069280355,7.685062429886614,-1.0099219793667913,1.0006552058424465,0.8882907133243607,743,660,orb,-99.34233382874201,scheme_b_pairwise,NA,False,1883.8821460576175,308.97999999999996
1734763839800,F:\agent\UAV\data\IR-image\1734763839800.jpg,116.1960358048007,38.81210983730797,483.54,116.2178265,38.812125,792.53,2347.2851720591707,-1.209234876406771,-1.6505024056813227,0.6723941939955012,-0.6979592664751187,1.000464949814178,0.9310734463276836,885,824,orb,-99.34233382874201,scheme_b_pairwise,NA,False,1888.0296042765497,308.98999999999995
1734763840000,F:\agent\UAV\data\IR-image\1734763840000.jpg,116.19609077812724,38.812075682897294,483.54,116.2178782,38.8121253,792.54,2352.053621305738,-5.01130387362348,8.35765845549912,14.939340707341387,-0.8631324443462047,1.0008526754631304,0.93,800,744,orb,-99.34233382874201,scheme_b_pairwise,NA,False,1887.7537489000547,308.99999999999994
1734763840200,F:\agent\UAV\data\IR-image\1734763840200.jpg,116.19613462489431,38.81209663564098,483.54,116.2179298,38.8121257,792.43,2355.8569400511933,-2.6788444467872647,-8.193072800668176,9.47107610570282,-0.35930020021700576,0.9993710069955246,0.9414758269720102,786,740,orb,-99.34233382874201,scheme_b_pairwise,NA,False,1888.4199387802655,308.88999999999993
1734763840400,F:\agent\UAV\data\IR-image\1734763840400.jpg,116.19616681134033,38.81213816282933,483.54,116.2179813,38.8121257,792.36,2358.6488292074037,1.943962160955219,-14.075674265364228,5.626176546839133,0.675054739367574,0.9999767481594629,0.926605504587156,872,808,orb,-99.34233382874201,scheme_b_pairwise,NA,False,1890.0905304536502,308.82
1734763840600,F:\agent\UAV\data\IR-image\1734763840600.jpg,116.19618717066002,38.812132975880736,483.54,116.218033,38.8121254,792.3,2360.414819893598,1.3665510430792411,0.7945544022775834,5.154271551202783,1.5158111157548066,1.0010144476132599,0.7492957746478873,710,532,orb,-99.34233382874201,scheme_b_pairwise,NA,False,1892.8057581603834,308.75999999999993
1734763840800,F:\agent\UAV\data\IR-image\1734763840800.jpg,116.1962137232687,38.81213638978824,483.54,116.2180846,38.8121251,792.27,2362.7180235525775,1.7465872273773357,-2.1020193357972516,6.205903162773154,1.6651404908462977,0.9996708215162521,0.9088639200998752,801,728,orb,-99.34233382874201,scheme_b_pairwise,NA,False,1894.9761461474723,308.72999999999996
1734763841000,F:\agent\UAV\data\IR-image\1734763841000.jpg,116.19626177726533,38.81219064921811,483.54,116.2181362,38.8121247,792.23,2366.8862822050096,7.786746959970336,-18.628386632913305,8.79242176514606,0.6817797703766922,0.9959577573756155,0.7602040816326531,588,447,orb,-99.34233382874201,scheme_b_pairwise,NA,False,1895.2964397868122,308.69
1734763841200,F:\agent\UAV\data\IR-image\1734763841200.jpg,116.19625507284104,38.812156594910626,483.54,116.2181876,38.8121248,792.17,2366.3047327707977,3.995821450860277,10.764516364441647,0.11664340738093415,0.11323082204373047,0.9996943047931057,0.9054621848739496,952,862,orb,-99.34233382874201,scheme_b_pairwise,NA,False,1900.3203804561763,308.62999999999994
1734763841400,F:\agent\UAV\data\IR-image\1734763841400.jpg,116.1962864812515,38.81212374587615,483.54,116.218239,38.8121251,792.12,2369.029134232387,0.33906693276166555,8.886556614924245,9.211832918139862,-0.3191489661001728,0.9993642391155095,0.8504347826086956,575,489,orb,-99.34233382874201,scheme_b_pairwise,NA,False,1902.0496791553333,308.58
1734763841600,F:\agent\UAV\data\IR-image\1734763841600.jpg,116.19634130572281,38.812126869725134,483.54,116.2182904,38.8121253,792.0,2373.7846716045688,0.6868138014597216,-3.1299926217776033,13.012719961936284,0.14280591843162482,1.0002055607585452,0.8667763157894737,608,527,orb,-99.34233382874201,scheme_b_pairwise,NA,False,1901.7529276234752,308.46
1734763841800,F:\agent\UAV\data\IR-image\1734763841800.jpg,116.19638139083551,38.81211986588492,483.54,116.2183418,38.8121256,791.87,2377.261700146322,-0.09285369156971501,0.5751009578787603,9.985404159496625,-0.1691494280851318,1.0002679928165388,0.9277238403451996,927,860,orb,-99.34233382874201,scheme_b_pairwise,NA,False,1902.7334808032215,308.33
1734763842000,F:\agent\UAV\data\IR-image\1734763842000.jpg,116.19641652714277,38.812084771731506,483.54,116.2183932,38.8121261,791.76,2380.309463643006,-3.9995348490504865,9.431426159082605,10.221311152190026,-0.6726071996937173,1.0012438987882109,0.9213075060532687,826,761,orb,-99.34233382874201,scheme_b_pairwise,NA,False,1904.1485299787744,308.21999999999997
1734763842200,F:\agent\UAV\data\IR-image\1734763842200.jpg,116.19646772155397,38.81205393720678,483.54,116.2184447,38.8121267,791.67,2384.7501254484473,-7.432034141573171,7.483436018173904,13.863090409708775,-0.4054745884051438,1.000623662146652,0.8006230529595015,642,514,orb,-99.34233382874201,scheme_b_pairwise,NA,False,1904.1870551145648,308.12999999999994
1734763842400,F:\agent\UAV\data\IR-image\1734763842400.jpg,116.19648235634438,38.812061788688155,483.54,116.2184963,38.812127,791.63,2386.019563913083,-6.5580072348608685,-2.999166304458072,3.1176498071025094,-0.047810701114797294,0.9997517752921605,0.9479905437352246,846,802,orb,-99.34233382874201,scheme_b_pairwise,NA,False,1907.3863479023585,308.09
1734763842600,F:\agent\UAV\data\IR-image\1734763842600.jpg,116.19649098907138,38.81202870467235,483.54,116.2185481,38.8121273,791.63,2386.7683765306556,-10.240919874010467,9.859180484229341,3.7520636987698026,-0.10120163561615282,1.0003664789898947,0.9429611650485437,824,777,orb,-99.34233382874201,scheme_b_pairwise,NA,False,1911.144628571873,308.09
1734763842800,F:\agent\UAV\data\IR-image\1734763842800.jpg,116.19652746887455,38.81203830671211,483.54,116.2185998,38.8121276,791.61,2389.9326763986796,-9.172020807736644,-4.402285506035071,8.276957951674888,-0.8246328963968552,1.000936764699176,0.9470588235294117,850,805,orb,-99.34233382874201,scheme_b_pairwise,NA,False,1912.457560801713,308.07
1734763843000,F:\agent\UAV\data\IR-image\1734763843000.jpg,116.19657719094448,38.81205134690886,483.54,116.2186517,38.8121281,791.58,2394.2456256382284,-7.72038610576549,-5.98570988751095,11.283920707221682,-0.9709824549338052,0.9993549318325764,0.8935532233883059,667,596,orb,-99.34233382874201,scheme_b_pairwise,NA,False,1912.6393503226595,308.04
1734763843200,F:\agent\UAV\data\IR-image\1734763843200.jpg,116.19661957415084,38.81209415358674,483.54,116.2187037,38.8121285,791.57,2397.9219934542816,-2.9551467240798166,-14.873174892049576,8.010972846277241,-0.2915665538005988,0.9998011620953937,0.9228758169934641,765,706,orb,-99.34233382874201,scheme_b_pairwise,NA,False,1913.456775833567,308.03000000000003
1734763843400,F:\agent\UAV\data\IR-image\1734763843400.jpg,116.19662988223638,38.812151116566675,483.54,116.2187559,38.8121286,791.6,2398.8161285879637,3.385972202309401,-17.970086981118072,-0.4128837014818032,0.1554983995033651,1.000257646780329,0.859375,576,495,orb,-99.34233382874201,scheme_b_pairwise,NA,False,1917.0835068492147,308.06
1734763843600,F:\agent\UAV\data\IR-image\1734763843600.jpg,116.19663056222379,38.81217201759719,483.54,116.2188081,38.8121287,791.69,2398.8751114735473,5.712674918929638,-6.471025902979704,-0.8967978242299637,0.6632473457737981,1.0005550304301065,0.9325581395348838,860,802,orb,-99.34233382874201,scheme_b_pairwise,NA,False,1921.5515143423436,308.15000000000003
1734763843800,F:\agent\UAV\data\IR-image\1734763843800.jpg,116.19662707109404,38.8121392129361,483.54,116.2188604,38.8121287,791.76,2398.5722868853636,2.060860046731283,10.252228001768003,0.8252278450424342,1.305462261224035,1.00139754460619,0.9183955739972337,723,664,orb,-99.34233382874201,scheme_b_pairwise,NA,False,1926.3802294334798,308.21999999999997
1734763844000,F:\agent\UAV\data\IR-image\1734763844000.jpg,116.1966329965237,38.81209512611373,483.54,116.218913,38.8121286,791.83,2399.086265434217,-2.84688501927786,13.35853858934746,3.6597493494261926,1.0910711558719526,1.0009512398544835,0.9298941798941799,756,703,orb,-99.34233382874201,scheme_b_pairwise,NA,False,1930.4281235309907,308.29
1734763844200,F:\agent\UAV\data\IR-image\1734763844200.jpg,116.19663746260254,38.81206499565269,483.54,116.2189656,38.8121287,791.94,2399.4736582221312,-6.2010079423730815,9.113228875110337,2.601244842179824,0.4893602347091235,0.9992536143192168,0.9201065246338216,751,691,orb,-99.34233382874201,scheme_b_pairwise,NA,False,1934.608417997861,308.40000000000003
1734763844400,F:\agent\UAV\data\IR-image\1734763844400.jpg,116.19660828515974,38.812033775526146,483.54,116.2190182,38.812129,792.09,2396.9427734484216,-9.676432429944668,10.778901866433898,-5.426089454279122,-0.4789545395528026,0.9998978335076633,0.7803468208092486,692,540,orb,-99.34233382874201,scheme_b_pairwise,NA,False,1941.710252886115,308.55
1734763844600,F:\agent\UAV\data\IR-image\1734763844600.jpg,116.19661143974011,38.811994960752365,483.54,116.2190709,38.8121293,792.25,2397.216405359584,-13.997293047236905,11.842588223140524,2.7266601643021886,-0.6397970890642194,1.0012594032990336,0.9260273972602739,730,676,orb,-99.34233382874201,scheme_b_pairwise,NA,False,1946.03204719518,308.71
1734763844800,F:\agent\UAV\data\IR-image\1734763844800.jpg,116.19665035931911,38.81199966176828,483.54,116.2191236,38.8121296,792.31,2400.592334174657,-13.473975954507425,-2.9876433222469814,9.11168977589324,-0.30959972471589137,0.9996456626224343,0.9177914110429448,815,748,orb,-99.34233382874201,scheme_b_pairwise,NA,False,1947.2222401340982,308.7699999999999
1734763845000,F:\agent\UAV\data\IR-image\1734763845000.jpg,116.19666505069254,38.81203157351552,483.54,116.2191765,38.8121296,792.34,2401.8666807163017,-9.921560252776535,-10.419600155661726,1.9108383261486779,0.036261369484765306,0.9995711060116393,0.9493670886075949,790,750,orb,-99.34233382874201,scheme_b_pairwise,NA,False,1950.5091983470754,308.8
1734763845200,F:\agent\UAV\data\IR-image\1734763845200.jpg,116.19668418221464,38.812074359098716,483.54,116.2192296,38.8121295,792.38,2403.526170834104,-5.158669130857524,-13.947682762483623,2.425999044052901,0.041976306865977225,0.9998916523049183,0.9019370460048426,826,745,orb,-99.34233382874201,scheme_b_pairwise,NA,False,1953.4309387433163,308.84
1734763845400,F:\agent\UAV\data\IR-image\1734763845400.jpg,116.19672372972212,38.81214644041099,483.54,116.2192827,38.8121293,792.36,2406.9565668838845,2.8654225517182823,-23.786975905563963,5.8448245914222525,-0.12940952350852872,1.0004489430727113,0.9228944246737841,843,778,orb,-99.34233382874201,scheme_b_pairwise,NA,False,1954.5954989999514,308.82
1734763845600,F:\agent\UAV\data\IR-image\1734763845600.jpg,116.19675925686548,38.8121411655042,483.54,116.2193359,38.8121292,792.29,2410.0382319502814,2.2782199274088213,0.22218774625991955,8.802689588548446,0.10311071938621891,0.9996754915079167,0.9344978165938864,916,856,orb,-99.34233382874201,scheme_b_pairwise,NA,False,1956.1263392366347,308.74999999999994
1734763845800,F:\agent\UAV\data\IR-image\1734763845800.jpg,116.19674960082054,38.81211658021034,483.54,116.2193894,38.8121291,792.27,2409.2006555625303,-0.45861498493011377,7.961713565273442,-1.072756759210705,0.26145801740556296,0.9994284940075946,0.9515011547344111,866,824,orb,-99.34233382874201,scheme_b_pairwise,NA,False,1961.5987996017427,308.72999999999996
1734763846000,F:\agent\UAV\data\IR-image\1734763846000.jpg,116.19675598851289,38.81213149455681,483.54,116.219443,38.8121288,792.3,2409.754731307106,1.201650063454946,-4.85081587965027,0.7780973827784123,0.40936351765698586,0.9994808102658519,0.9485924112607099,817,775,orb,-99.34233382874201,scheme_b_pairwise,NA,False,1965.6887806637608,308.75999999999993
1734763846200,F:\agent\UAV\data\IR-image\1734763846200.jpg,116.19679720152693,38.812206928277234,483.54,116.2194968,38.8121285,792.33,2413.329595302299,9.598931821833364,-24.886408187956533,6.074906447847354,0.13262373633489505,1.0002181536104775,0.9491758241758241,728,691,orb,-99.34233382874201,scheme_b_pairwise,NA,False,1966.7976390925326,308.79
1734763846400,F:\agent\UAV\data\IR-image\1734763846400.jpg,116.1968175002289,38.81220775495267,483.54,116.2195506,38.8121284,792.32,2415.0903279364998,9.690957330915912,-1.0571544168471405,4.834680472692185,0.06591115862664278,0.9999894923236426,0.909952606635071,844,768,orb,-99.34233382874201,scheme_b_pairwise,NA,False,1969.7007374997088,308.78000000000003
1734763846600,F:\agent\UAV\data\IR-image\1734763846600.jpg,116.19684155856042,38.8121790384412,483.54,116.2196045,38.8121283,792.33,2417.1771751408946,6.494235274689808,7.902929005880708,7.236417930383084,0.06155272443157179,1.0019635896841546,0.8674496644295302,596,517,orb,-99.34233382874201,scheme_b_pairwise,NA,False,1972.2750352365108,308.79
1734763846800,F:\agent\UAV\data\IR-image\1734763846800.jpg,116.19689518562791,38.81218752326733,483.54,116.2196585,38.8121283,792.29,2421.828848336495,7.438766119706958,-4.735549301798926,12.453128611824525,-0.36663659081731104,0.9992399704813274,0.8744855967078189,486,425,orb,-99.34233382874201,scheme_b_pairwise,NA,False,1972.3101544069189,308.74999999999994
1734763847000,F:\agent\UAV\data\IR-image\1734763847000.jpg,116.1969134256691,38.81220755290214,483.54,116.2197126,38.8121284,792.22,2423.411010379938,9.668465066154617,-6.896394520078218,3.3660738422252052,0.00386688969928684,0.9994378504503848,0.9372738238841978,829,777,orb,-99.34233382874201,scheme_b_pairwise,NA,False,1975.4255302832091,308.68
1734763847200,F:\agent\UAV\data\IR-image\1734763847200.jpg,116.19693785428719,38.81221295948203,483.54,116.2197668,38.8121285,792.19,2425.5299766638927,10.270325540041052,-2.632447238187808,5.594556244896239,0.23755324601892586,1.000739206825814,0.8706666666666667,750,653,orb,-99.34233382874201,scheme_b_pairwise,NA,False,1978.0076459593456,308.65000000000003
1734763847400,F:\agent\UAV\data\IR-image\1734763847400.jpg,116.19697481568777,38.812197638249756,483.54,116.2198211,38.8121288,792.15,2428.736050842365,8.56476596271849,3.2629573458747814,9.656837400456766,0.31580589008614096,1.0003078746624556,0.9398976982097187,782,735,orb,-99.34233382874201,scheme_b_pairwise,NA,False,1979.50264007752,308.60999999999996
1734763847600,F:\agent\UAV\data\IR-image\1734763847600.jpg,116.19698360585807,38.81214450245466,483.54,116.2198755,38.8121291,792.11,2429.498520272563,2.6496892523827444,16.03526929504568,4.806971570225244,0.11005618785992667,1.0002713993431693,0.9141494435612083,629,575,orb,-99.34233382874201,scheme_b_pairwise,NA,False,1983.4411225053252,308.57
1734763847800,F:\agent\UAV\data\IR-image\1734763847800.jpg,116.1969880024153,38.812079119287475,483.54,116.21993,38.8121296,792.08,2429.879882677814,-4.628764918220579,19.984997670531243,4.372660342498762,0.13229783917988233,1.0000980592787267,0.9135285913528591,717,655,orb,-99.34233382874201,scheme_b_pairwise,NA,False,1987.7903657735762,308.54
1734763848000,F:\agent\UAV\data\IR-image\1734763848000.jpg,116.19703355320368,38.812045970341806,483.54,116.2199846,38.8121301,792.01,2433.831010181895,-8.318905549995597,8.420067964618056,12.62464611834804,0.03914364546952494,1.0010972526262045,0.9390048154093098,623,585,orb,-99.34233382874201,scheme_b_pairwise,NA,False,1988.588958149254,308.46999999999997
1734763848200,F:\agent\UAV\data\IR-image\1734763848200.jpg,116.19707162509046,38.81199344826526,483.54,116.2200394,38.8121306,791.9,2437.133409203871,-14.165663111077277,14.688732877771997,11.81055608314955,0.09876930113463693,1.0000747916260342,0.9441087613293051,662,625,orb,-99.34233382874201,scheme_b_pairwise,NA,False,1990.0755051471697,308.35999999999996
1734763848400,F:\agent\UAV\data\IR-image\1734763848400.jpg,116.19710168645979,38.81197715920252,483.54,116.2200944,38.812131,791.83,2439.7409667765246,-15.978961575225037,3.8340697551407743,8.048247452243231,-0.4103852706624443,1.0002278099824862,0.957004160887656,721,690,orb,-99.34233382874201,scheme_b_pairwise,NA,False,1992.2515135648946,308.29
1734763848600,F:\agent\UAV\data\IR-image\1734763848600.jpg,116.19714075023366,38.81201651631169,483.54,116.2201495,38.8121315,791.78,2443.129403220219,-11.597728183002006,-13.67841735790438,7.388475878491363,-0.7976977743378247,0.9995635267461647,0.9133448873483535,577,527,orb,-99.34233382874201,scheme_b_pairwise,NA,False,1993.6079536537004,308.23999999999995
1734763848800,F:\agent\UAV\data\IR-image\1734763848800.jpg,116.19718264374583,38.81201976369318,483.54,116.2202048,38.8121318,791.71,2446.763294401971,-11.236229675768678,-2.657002890127899,9.899887522790777,-0.7530455568159923,1.0005985679260407,0.9044585987261147,628,568,orb,-99.34233382874201,scheme_b_pairwise,NA,False,1994.7673962751223,308.17
1734763849000,F:\agent\UAV\data\IR-image\1734763849000.jpg,116.19724564702139,38.81210892586385,483.54,116.2202602,38.8121321,791.66,2452.2282706131996,-1.3106968356111626,-29.980355345870635,10.613508258328125,-0.676976031611149,0.9975021127905109,0.8963210702341137,598,536,orb,-99.34233382874201,scheme_b_pairwise,NA,False,1994.0701299963896,308.11999999999995
1734763849200,F:\agent\UAV\data\IR-image\1734763849200.jpg,116.19724283061683,38.81214404417915,483.54,116.2203159,38.8121321,791.66,2451.9839724592844,2.598674022679254,-10.716271821480007,-2.457921055293241,0.4959953185905327,0.9995555340452933,0.8157894736842105,456,372,orb,-99.34233382874201,scheme_b_pairwise,NA,False,1999.1384973687057,308.11999999999995
1734763849400,F:\agent\UAV\data\IR-image\1734763849400.jpg,116.19724712126197,38.81209856942508,483.54,116.2203716,38.8121321,791.73,2452.3561479275018,-2.463575599692194,13.851074446066889,3.337404398995943,-0.6050800876829837,1.002889029606703,0.9281210592686002,793,736,orb,-99.34233382874201,scheme_b_pairwise,NA,False,2003.5964658784046,308.19
1734763849600,F:\agent\UAV\data\IR-image\1734763849600.jpg,116.19727283043237,38.81203421143248,483.54,116.2204274,38.8121323,791.72,2454.586190785599,-9.627907335762954,18.826569186707673,9.440856982646721,-1.2305586215495257,1.0039843144363894,0.919431279620853,633,582,orb,-99.34233382874201,scheme_b_pairwise,NA,False,2006.230732815195,308.18
1734763849800,F:\agent\UAV\data\IR-image\1734763849800.jpg,116.19733946252985,38.8120033971221,483.54,116.2204832,38.8121325,791.61,2460.365935163209,-13.058156368385285,6.867051974297283,17.57085410955466,-0.7065899269571768,1.0003316281880705,0.944954128440367,545,515,orb,-99.34233382874201,scheme_b_pairwise,NA,False,2005.3143657321261,308.07
1734763850000,F:\agent\UAV\data\IR-image\1734763850000.jpg,116.19739624720694,38.81207117507224,483.54,116.2205392,38.8121321,791.49,2465.291503027904,-5.513114957978534,-23.141448201360618,10.204204842177319,0.049326749763783026,0.9977584843997087,0.9398230088495575,565,531,orb,-99.34233382874201,scheme_b_pairwise,NA,False,2005.2054888271045,307.95
1734763850200,F:\agent\UAV\data\IR-image\1734763850200.jpg,116.19744213567749,38.81211717413783,483.54,116.2205953,38.8121314,791.34,2469.2719214708713,-0.39249897630374697,-15.995983781351924,8.691159447414464,0.23929812518047297,0.9998982116202301,0.8747763864042933,559,489,orb,-99.34233382874201,scheme_b_pairwise,NA,False,2006.0787967296958,307.8
1734763850400,F:\agent\UAV\data\IR-image\1734763850400.jpg,116.197488062176,38.8121860745028,483.54,116.2206515,38.8121306,791.21,2473.255638502252,7.277489651052413,-23.058354790736132,7.538676324937342,0.13491737933120312,0.9967339420118706,0.8722627737226277,548,478,orb,-99.34233382874201,scheme_b_pairwise,NA,False,2006.9768284258694,307.67
1734763850600,F:\agent\UAV\data\IR-image\1734763850600.jpg,116.19754164990344,38.81224819425042,483.54,116.2207078,38.8121298,791.13,2477.90389929611,14.192659956805029,-21.27057148994237,9.72316165292051,0.23615383724082387,0.9985134209262837,0.9282576866764275,683,634,orb,-99.34233382874201,scheme_b_pairwise,NA,False,2007.2446588809837,307.59
1734763850800,F:\agent\UAV\data\IR-image\1734763850800.jpg,116.1975863966173,38.812273122138805,483.54,116.2207643,38.8121289,791.05,2481.7852804561635,16.96763249153689,-9.454247953585877,9.485650965040804,0.5059667555272856,0.9992376995634282,0.9309173272933182,883,822,orb,-99.34233382874201,scheme_b_pairwise,NA,False,2008.2835266785262,307.50999999999993
1734763851000,F:\agent\UAV\data\IR-image\1734763851000.jpg,116.19762440308116,38.81233202867324,483.54,116.2208208,38.8121281,791.02,2485.0820046200474,23.525107904541596,-19.66405581000714,6.142862567097666,0.4719842515527432,0.9964725986678605,0.9102209944751382,724,659,orb,-99.34233382874201,scheme_b_pairwise,NA,False,2009.9489414401387,307.47999999999996
1734763851200,F:\agent\UAV\data\IR-image\1734763851200.jpg,116.19763855211941,38.812345396797504,483.54,116.2208773,38.8121275,791.04,2486.309308388006,25.013247498148214,-4.6808444093460935,2.721131654735359,0.7476254211610557,0.9997862928009024,0.9550102249488752,978,934,orb,-99.34233382874201,scheme_b_pairwise,NA,False,2013.6360605115503,307.49999999999994
1734763851400,F:\agent\UAV\data\IR-image\1734763851400.jpg,116.1976700167823,38.8123229854428,483.54,116.220934,38.8121269,791.08,2489.0385892485024,22.518415491983514,5.666215519500213,8.695918329780795,0.5696663189930551,1.003297075245857,0.9554655870445344,741,708,orb,-99.34233382874201,scheme_b_pairwise,NA,False,2015.7950179283773,307.54
1734763851600,F:\agent\UAV\data\IR-image\1734763851600.jpg,116.1977028086936,38.81228087026045,483.54,116.2209907,38.8121265,791.1,2491.8829971577693,17.8301533936033,11.688789984906464,10.014214065513102,0.4696642639079121,1.0015045523652448,0.9679633867276888,874,846,orb,-99.34233382874201,scheme_b_pairwise,NA,False,2017.8221937917226,307.56
1734763851800,F:\agent\UAV\data\IR-image\1734763851800.jpg,116.19769746202482,38.81225773751406,483.54,116.2210473,38.8121264,791.17,2491.419220988602,15.255016064664812,7.343546286529488,-0.11113860741008352,0.21494727534082128,1.0005154782605974,0.9440104166666666,768,725,orb,-99.34233382874201,scheme_b_pairwise,NA,False,2023.1695106202471,307.62999999999994
1734763852000,F:\agent\UAV\data\IR-image\1734763852000.jpg,116.19768853140359,38.812208445816815,483.54,116.221104,38.8121266,791.27,2490.64456868472,9.767864327636978,15.550455174023568,0.3546999482028923,-0.3279559687275107,1.003589060147306,0.9483443708609272,755,716,orb,-99.34233382874201,scheme_b_pairwise,NA,False,2028.824393221401,307.72999999999996
1734763852200,F:\agent\UAV\data\IR-image\1734763852200.jpg,116.19773287173648,38.81221855753518,483.54,116.2211606,38.8121267,791.31,2494.4906998944534,10.893500816229707,-4.870104022630812,10.139539260314166,0.06942221786134074,1.0002698161311978,0.920099875156055,801,737,orb,-99.34233382874201,scheme_b_pairwise,NA,False,2029.8917570098433,307.7699999999999
1734763852400,F:\agent\UAV\data\IR-image\1734763852400.jpg,116.19776289701976,38.81222800042939,483.54,116.2212173,38.8121268,791.31,2497.095127321649,11.944683800048761,-4.098112862996572,6.734379986331589,0.5216903436136491,0.9985487280013456,0.9345692475463467,917,857,orb,-99.34233382874201,scheme_b_pairwise,NA,False,2032.2082760356975,307.7699999999999
1734763852600,F:\agent\UAV\data\IR-image\1734763852600.jpg,116.1977743416724,38.81219970485346,483.54,116.2212741,38.812127,791.32,2498.0878495874713,8.794820287675577,8.271684191932195,4.18472457776619,0.3094560034137853,1.0028293905276173,0.936144578313253,830,777,orb,-99.34233382874201,scheme_b_pairwise,NA,False,2036.123328047683,307.78000000000003
1734763852800,F:\agent\UAV\data\IR-image\1734763852800.jpg,116.19781647228889,38.812184733971385,483.54,116.2213308,38.8121273,791.28,2501.7423074692883,7.1282616943473815,2.950632721402144,10.880932224987873,-0.08602795114619215,1.0006224310071437,0.9441805225653207,842,795,orb,-99.34233382874201,scheme_b_pairwise,NA,False,2037.379843678784,307.73999999999995
1734763853000,F:\agent\UAV\data\IR-image\1734763853000.jpg,116.19784161990164,38.812126524806516,483.54,116.2213875,38.8121278,791.22,2503.923640172489,0.6484174614472522,16.95297362625132,8.99406090389607,-0.3441906648960624,1.00182180839897,0.9296987087517934,697,648,orb,-99.34233382874201,scheme_b_pairwise,NA,False,2040.1044831730237,307.68
1734763853200,F:\agent\UAV\data\IR-image\1734763853200.jpg,116.1978897977978,38.81214231270338,483.54,116.2214442,38.8121284,791.15,2508.102646012271,2.4059261396730456,-6.771842339428474,10.773573305381603,-0.354215589383532,0.9999351660402754,0.9344919786096256,748,699,orb,-99.34233382874201,scheme_b_pairwise,NA,False,2040.8432172668706,307.60999999999996
1734763853400,F:\agent\UAV\data\IR-image\1734763853400.jpg,116.19791027552571,38.812099239875735,483.54,116.221501,38.8121287,791.12,2509.8789075624204,-2.3889410333599823,12.470748452010753,7.104397807567693,0.5318743022025055,1.002252392401174,0.908008658008658,924,839,orb,-99.34233382874201,scheme_b_pairwise,NA,False,2043.9929688466787,307.58
1734763853600,F:\agent\UAV\data\IR-image\1734763853600.jpg,116.19793776900332,38.812072149917064,483.54,116.221558,38.8121289,791.14,2512.2637232687466,-5.404595232920119,7.265665509139353,7.979182780449946,0.3494548712668938,1.0008656962504587,0.9369369369369369,888,832,orb,-99.34233382874201,scheme_b_pairwise,NA,False,2046.5570163710697,307.59999999999997
1734763853800,F:\agent\UAV\data\IR-image\1734763853800.jpg,116.19794350335617,38.812090764442495,483.54,116.2216149,38.8121292,791.2,2512.761127596867,-3.3324262618510754,-5.965822992800383,0.43345383345615573,0.1980734539685127,0.9995927513620936,0.9466811751904244,919,870,orb,-99.34233382874201,scheme_b_pairwise,NA,False,2050.984655996688,307.66
1734763854000,F:\agent\UAV\data\IR-image\1734763854000.jpg,116.19794956247355,38.81211125009397,483.54,116.2216719,38.8121295,791.34,2513.28670237119,-1.0519635391634226,-6.555559458881078,0.41656725211578305,-0.2932878745017581,1.0022153302875882,0.9269340974212035,698,647,orb,-99.34233382874201,scheme_b_pairwise,NA,False,2055.3946175304245,307.8
1734763854200,F:\agent\UAV\data\IR-image\1734763854200.jpg,116.19797044154126,38.812090056436965,483.54,116.221729,38.8121297,791.47,2515.097776594262,-3.411241437147858,5.709158108056897,6.09104292250845,-0.4474701016511502,0.9999385905717824,0.849645390070922,705,599,orb,-99.34233382874201,scheme_b_pairwise,NA,False,2058.536958386937,307.93
1734763854400,F:\agent\UAV\data\IR-image\1734763854400.jpg,116.19797266960981,38.812084296929406,483.54,116.221786,38.81213,791.6,2515.2910418104466,-4.052389818297638,1.6876950273021976,0.8274154674953138,-0.38151914028969375,0.9994013824909299,0.9344632768361582,885,827,orb,-99.34233382874201,scheme_b_pairwise,NA,False,2063.2842254395628,308.06
1734763854600,F:\agent\UAV\data\IR-image\1734763854600.jpg,116.19799185971044,38.81211346793871,483.54,116.2218431,38.8121301,791.77,2516.9556130967703,-0.8050730629654188,-9.752388598975983,3.1306420186191417,-0.5382172870969237,1.000596603586821,0.9292604501607717,933,867,orb,-99.34233382874201,scheme_b_pairwise,NA,False,2066.5630283836717,308.22999999999996
1734763854800,F:\agent\UAV\data\IR-image\1734763854800.jpg,116.1980217024252,38.812145428453334,483.54,116.2219003,38.8121301,791.91,2519.544204321311,2.7527714250742297,-11.033470243782745,5.548361492514914,-0.6032190497975575,1.000442736508212,0.9423963133640553,868,818,orb,-99.34233382874201,scheme_b_pairwise,NA,False,2068.9327780441013,308.36999999999995
1734763855000,F:\agent\UAV\data\IR-image\1734763855000.jpg,116.19805913467594,38.81220436641204,483.54,116.2219574,38.8121301,792.01,2522.7911205824216,9.313744988284968,-19.65104953878256,6.003318218442587,-0.22019735456176684,0.9995274760485917,0.8787878787878788,825,725,orb,-99.34233382874201,scheme_b_pairwise,NA,False,2070.651774773948,308.46999999999997
1734763855200,F:\agent\UAV\data\IR-image\1734763855200.jpg,116.1980732707747,38.812217309757884,483.54,116.2220143,38.81213,792.07,2524.0173019626186,10.754598247396718,-4.549366434100762,2.739569004585519,-0.11829575164793929,1.000343739793938,0.9471544715447154,984,932,orb,-99.34233382874201,scheme_b_pairwise,NA,False,2074.3630639872476,308.53000000000003
1734763855400,F:\agent\UAV\data\IR-image\1734763855400.jpg,116.19808204123073,38.81222425673059,483.54,116.2220711,38.8121298,792.06,2524.778061354443,11.52793524866806,-2.4885114817499243,1.7546664527135931,-0.36107910583476094,0.9994219806356673,0.9412429378531073,885,833,orb,-99.34233382874201,scheme_b_pairwise,NA,False,2078.5282432908666,308.5199999999999
1734763855600,F:\agent\UAV\data\IR-image\1734763855600.jpg,116.19809954404934,38.81218250636473,483.54,116.2221278,38.8121299,791.97,2526.296275867565,6.880284521732585,12.180589404139596,6.322619003482032,-1.0150801564022254,1.0018735671140588,0.8815612382234186,743,655,orb,-99.34233382874201,scheme_b_pairwise,NA,False,2081.906722940797,308.43
1734763855800,F:\agent\UAV\data\IR-image\1734763855800.jpg,116.19815395898054,38.81215336562875,483.54,116.2221844,38.81213,791.84,2531.0162892632993,3.6363377928379643,6.833925285352109,14.550882545481727,-1.3019284259288932,1.0004418992771873,0.9338235294117647,680,635,orb,-99.34233382874201,scheme_b_pairwise,NA,False,2082.0898731742827,308.3
1734763856000,F:\agent\UAV\data\IR-image\1734763856000.jpg,116.19820678640303,38.812178036067706,483.54,116.2222409,38.8121301,791.72,2535.5986003363005,6.3826510566138595,-9.694249828120064,11.440039533509434,-0.957970126704359,1.0001160297835812,0.9416243654822335,788,742,orb,-99.34233382874201,scheme_b_pairwise,NA,False,2082.4129178547432,308.18
1734763856200,F:\agent\UAV\data\IR-image\1734763856200.jpg,116.19824973792208,38.81225837365633,483.54,116.2222975,38.8121299,791.65,2539.3242642451473,15.325831421987177,-26.467067677425064,6.243831168567738,-0.23718077179840158,1.0001482316220212,0.9344473007712082,778,727,orb,-99.34233382874201,scheme_b_pairwise,NA,False,2083.636452270803,308.10999999999996
1734763856400,F:\agent\UAV\data\IR-image\1734763856400.jpg,116.19828984281229,38.81226630147692,483.54,116.2223541,38.8121298,791.59,2542.803008311065,16.20835640994103,-4.029370860872405,9.232779244829658,0.002435494885960045,0.9999539556786513,0.9035476718403548,902,815,orb,-99.34233382874201,scheme_b_pairwise,NA,False,2085.071808760058,308.05
1734763856600,F:\agent\UAV\data\IR-image\1734763856600.jpg,116.19830497926158,38.81224230377757,483.54,116.2224106,38.8121296,791.52,2544.115961241676,13.53693251905436,6.800661480835345,4.853650667818727,0.42130437540479415,0.9996350274574725,0.9589345172031076,901,864,orb,-99.34233382874201,scheme_b_pairwise,NA,False,2088.63840657361,307.97999999999996
1734763856800,F:\agent\UAV\data\IR-image\1734763856800.jpg,116.19833078569872,38.812234104003736,483.54,116.2224671,38.8121294,791.47,2546.354441126884,12.624133695756939,1.5081714823535322,6.615719969381303,0.6249088118137249,1.0015207036270044,0.8928164196123147,877,783,orb,-99.34233382874201,scheme_b_pairwise,NA,False,2091.2927453476145,307.93
1734763857000,F:\agent\UAV\data\IR-image\1734763857000.jpg,116.19837764224972,38.812209406088684,483.54,116.2225236,38.8121291,791.41,2550.418831976076,9.874761791990903,5.762860243844557,12.509685541146439,0.7644925146451972,1.0020067711245906,0.815230961298377,801,653,orb,-99.34233382874201,scheme_b_pairwise,NA,False,2092.115305548857,307.86999999999995
1734763857200,F:\agent\UAV\data\IR-image\1734763857200.jpg,116.19841548456361,38.81221118280787,483.54,116.22258,38.8121289,791.33,2553.70131758284,10.072546172069673,-2.043454589105295,9.001213514722451,0.40448416869194087,0.999607160609945,0.9511918274687855,881,838,orb,-99.34233382874201,scheme_b_pairwise,NA,False,2093.7241241692122,307.79
1734763857400,F:\agent\UAV\data\IR-image\1734763857400.jpg,116.1984208319824,38.81222813393288,483.54,116.2226364,38.8121289,791.31,2554.165158808082,11.959545407560388,-5.437674781640169,0.42486821292226296,0.20988324994323856,0.9986642690926681,0.9348093480934809,813,760,orb,-99.34233382874201,scheme_b_pairwise,NA,False,2098.1562852945713,307.7699999999999
1734763857600,F:\agent\UAV\data\IR-image\1734763857600.jpg,116.19843028234011,38.81221601565031,483.54,116.2226928,38.8121289,791.38,2554.984893649038,10.61053819205998,3.36276546206426,2.885051746265276,7.722306253054066e-05,0.999177230763155,0.9461538461538461,910,861,orb,-99.34233382874201,scheme_b_pairwise,NA,False,2102.2176593512436,307.84
1734763857800,F:\agent\UAV\data\IR-image\1734763857800.jpg,116.19845447972864,38.81222097029643,483.54,116.222749,38.8121288,791.41,2557.083802816541,11.162089398444177,-2.483969208948963,5.561928434169317,-0.08985805398389511,1.0010691385788861,0.8896713615023474,852,758,orb,-99.34233382874201,scheme_b_pairwise,NA,False,2104.993045749947,307.86999999999995
1734763858000,F:\agent\UAV\data\IR-image\1734763858000.jpg,116.19850357423113,38.81221870757398,483.54,116.2228052,38.8121287,791.4,2561.3423161369783,10.910203135525904,-1.2427506703293716,11.909359901778487,0.6220412206087425,0.9982303332912291,0.8271446862996159,781,646,orb,-99.34233382874201,scheme_b_pairwise,NA,False,2105.6075634469094,307.85999999999996
1734763858200,F:\agent\UAV\data\IR-image\1734763858200.jpg,116.19853769003684,38.81222186699376,483.54,116.2228613,38.8121285,791.37,2564.3015601617276,11.261909745474671,-2.322480477732256,8.03581320508863,0.5700188383512014,1.0026399194621998,0.8456549935149157,771,652,orb,-99.34233382874201,scheme_b_pairwise,NA,False,2107.5140980678457,307.83
1734763858400,F:\agent\UAV\data\IR-image\1734763858400.jpg,116.19855666416656,38.81223561244457,483.54,116.2229174,38.8121282,791.36,2565.9473978844594,12.79205332910299,-4.987885299576817,3.861184829173226,1.2808920206647387,0.9978771816146885,0.7982456140350878,798,637,orb,-99.34233382874201,scheme_b_pairwise,NA,False,2110.738843770461,307.82
1734763858600,F:\agent\UAV\data\IR-image\1734763858600.jpg,116.19856163660133,38.812246211612425,483.54,116.2229733,38.8121279,791.36,2566.378712565393,13.971952695167804,-3.4644354787259886,0.6569704311543774,0.8573801486171788,0.9966375464346237,0.6867469879518072,664,456,orb,-99.34233382874201,scheme_b_pairwise,NA,False,2115.158365305184,307.82
1734763858800,F:\agent\UAV\data\IR-image\1734763858800.jpg,116.19857549390954,38.81224314923056,483.54,116.2230291,38.8121278,791.37,2567.5807113355677,13.631048345988669,0.3964959534845889,3.4844477007359274,-0.21369950641148064,1.0011576583966764,0.9421487603305785,847,798,orb,-99.34233382874201,scheme_b_pairwise,NA,False,2118.7903935327518,307.83
1734763859000,F:\agent\UAV\data\IR-image\1734763859000.jpg,116.19861980874153,38.812231931512194,483.54,116.2230848,38.8121279,791.4,2571.4246305684464,12.382291937439478,1.7071393457196677,11.215302571061159,-0.28565368341314146,1.0003416413053032,0.9618834080717489,892,858,orb,-99.34233382874201,scheme_b_pairwise,NA,False,2119.769753094054,307.85999999999996
1734763859200,F:\agent\UAV\data\IR-image\1734763859200.jpg,116.19866541856867,38.812199640647954,483.54,116.2231403,38.812128,791.34,2575.3808791614906,8.78767293028891,8.15317315057888,12.595305407309638,-0.08114897310688984,1.0018379681538896,0.8614540466392319,729,628,orb,-99.34233382874201,scheme_b_pairwise,NA,False,2120.610552626058,307.8
1734763859400,F:\agent\UAV\data\IR-image\1734763859400.jpg,116.19868222517961,38.81216625193828,483.54,116.2231956,38.8121279,791.26,2576.8387038259466,5.070841769309503,9.630062273766498,5.731233315669556,-0.0625640162365994,1.0037865131241939,0.803347280334728,717,576,orb,-99.34233382874201,scheme_b_pairwise,NA,False,2123.9355825011075,307.71999999999997
1734763859600,F:\agent\UAV\data\IR-image\1734763859600.jpg,116.1987027527445,38.81216690614389,483.54,116.2232509,38.8121279,791.21,2578.6192882927285,5.143667937474401,-1.0130244442058824,4.898411245894124,0.04185989273738873,1.0012165332349785,0.8666666666666667,795,689,orb,-99.34233382874201,scheme_b_pairwise,NA,False,2126.9485287484445,307.67
1734763859800,F:\agent\UAV\data\IR-image\1734763859800.jpg,116.19874843561385,38.81216696599952,483.54,116.223306,38.8121279,791.14,2582.5818726513758,5.150331067015765,-1.8240020679707527,10.971932709683301,-0.3492462279525088,1.0014864106978807,0.7922077922077922,847,671,orb,-99.34233382874201,scheme_b_pairwise,NA,False,2127.7644754643798,307.59999999999997
1734763860000,F:\agent\UAV\data\IR-image\1734763860000.jpg,116.19878826794702,38.812191901804404,483.54,116.223361,38.812128,791.11,2586.036974808618,7.926184865920197,-9.262455151779193,8.304606101696152,-0.3528329897211794,0.9981201927369802,0.9141193595342066,687,628,orb,-99.34233382874201,scheme_b_pairwise,NA,False,2129.0857079957527,307.57
1734763860200,F:\agent\UAV\data\IR-image\1734763860200.jpg,116.19880206410757,38.81217644803308,483.54,116.223416,38.8121282,791.14,2587.2336695595445,6.205871042488365,4.219393126660464,4.098283953063458,-0.5082649819582131,0.9992700461618919,0.9323979591836735,784,731,orb,-99.34233382874201,scheme_b_pairwise,NA,False,2132.6508828985507,307.59999999999997
1734763860400,F:\agent\UAV\data\IR-image\1734763860400.jpg,116.19886036403607,38.812232484488284,483.54,116.2234708,38.8121283,791.16,2592.290672065339,12.44384923555016,-19.581229615291477,11.163794722791408,-0.4611751320717686,0.9992794710688588,0.9200507614213198,788,725,orb,-99.34233382874201,scheme_b_pairwise,NA,False,2132.3715169092998,307.61999999999995
1734763860600,F:\agent\UAV\data\IR-image\1734763860600.jpg,116.19889276579438,38.812210959960744,483.54,116.2235256,38.8121283,791.13,2595.1012376576045,10.047738829710426,5.35575400874535,8.876066128490152,-0.12093852928854593,0.9979136636311804,0.8972099853157122,681,611,orb,-99.34233382874201,scheme_b_pairwise,NA,False,2134.300828768268,307.59
1734763860800,F:\agent\UAV\data\IR-image\1734763860800.jpg,116.1989240078909,38.812219184143984,483.54,116.2235803,38.8121282,791.11,2597.8112128561484,10.963254907991246,-3.770455855920204,7.088526778689243,-0.09285689199594187,1.0021600147135348,0.9082278481012658,632,574,orb,-99.34233382874201,scheme_b_pairwise,NA,False,2136.337351597743,307.57
1734763861000,F:\agent\UAV\data\IR-image\1734763861000.jpg,116.19893955482334,38.81226388539832,483.54,116.2236348,38.812128,791.11,2599.1597715660255,15.939398541288588,-14.396641838521646,1.4676598162544678,0.2542875371172703,0.9994406875576064,0.9509394572025052,958,911,orb,-99.34233382874201,scheme_b_pairwise,NA,False,2139.741116774509,307.57
1734763861200,F:\agent\UAV\data\IR-image\1734763861200.jpg,116.1989751420522,38.812256218601476,483.54,116.2236893,38.8121279,791.1,2602.246648517405,15.085930716005485,0.9572741677141607,8.938448150079068,0.46314693437845794,1.0020073907555749,0.9383003492433062,859,806,orb,-99.34233382874201,scheme_b_pairwise,NA,False,2141.3740937731386,307.56
1734763861400,F:\agent\UAV\data\IR-image\1734763861400.jpg,116.19903495041062,38.81229494915373,483.54,116.2237436,38.8121277,791.02,2607.434493960361,19.397415792958373,-14.305137871497436,12.403988394959583,0.4919478511129697,1.0003318788674092,0.9484777517564403,854,810,orb,-99.34233382874201,scheme_b_pairwise,NA,False,2140.92948760137,307.47999999999996
1734763861600,F:\agent\UAV\data\IR-image\1734763861600.jpg,116.19903981788754,38.812232280085965,483.54,116.2237978,38.8121277,790.95,2607.8567044778515,12.421095169742998,19.129581319756994,4.348128441680274,0.2195264423383904,1.0007913575424434,0.9411764705882353,901,848,orb,-99.34233382874201,scheme_b_pairwise,NA,False,2145.155528538437,307.41
1734763861800,F:\agent\UAV\data\IR-image\1734763861800.jpg,116.19908283379398,38.812196049850954,483.54,116.2238519,38.8121279,790.88,2611.587953423071,8.387945407943477,9.470270382856995,12.171951396409952,-0.10879396639441985,1.0006885047841818,0.9458874458874459,924,874,orb,-99.34233382874201,scheme_b_pairwise,NA,False,2146.098297719445,307.34
1734763862000,F:\agent\UAV\data\IR-image\1734763862000.jpg,116.19913519924499,38.812161328531126,483.54,116.2239058,38.8121281,790.76,2616.1301925616526,4.522768084597513,8.63551878884158,14.341573298318735,-0.2644708826156396,1.000571053486124,0.9113082039911308,902,822,orb,-99.34233382874201,scheme_b_pairwise,NA,False,2146.2215783628467,307.21999999999997
1734763862200,F:\agent\UAV\data\IR-image\1734763862200.jpg,116.19915337636786,38.81214648988023,483.54,116.2239597,38.8121283,790.64,2617.706896997764,2.870929466479722,3.8565897994000693,5.119576831161055,-0.46956719302971134,1.0000259049069207,0.8936651583710408,884,790,orb,-99.34233382874201,scheme_b_pairwise,NA,False,2149.3147354285124,307.09999999999997
1734763862400,F:\agent\UAV\data\IR-image\1734763862400.jpg,116.19920015513796,38.81215008099531,483.54,116.2240135,38.8121286,790.5,2621.764541040805,3.270692397516303,-2.956064483073817,11.056099167241712,-0.6342988343844417,1.0010863328429902,0.8407557354925776,741,623,orb,-99.34233382874201,scheme_b_pairwise,NA,False,2149.9233978066973,306.96
1734763862600,F:\agent\UAV\data\IR-image\1734763862600.jpg,116.19926800433032,38.81215008729473,483.54,116.2240672,38.8121288,790.27,2627.6498576214026,3.2713936496325013,-2.6835807417706405,16.299943070575637,-0.5809247440169546,1.0004915178161664,0.8938053097345132,904,808,orb,-99.34233382874201,scheme_b_pairwise,NA,False,2148.69743206942,306.72999999999996
1734763862800,F:\agent\UAV\data\IR-image\1734763862800.jpg,116.1993230967407,38.81210390800706,483.54,116.2241208,38.812129,790.04,2632.4286363363735,-1.8692846542947246,12.06043009288237,15.577885681985038,-0.8064139932645534,1.001284943622382,0.8881987577639752,644,572,orb,-99.34233382874201,scheme_b_pairwise,NA,False,2148.569325247299,306.49999999999994
1734763863000,F:\agent\UAV\data\IR-image\1734763863000.jpg,116.19937704309227,38.812095538204765,483.54,116.2241744,38.8121291,789.84,2637.108004598308,-2.801011045661338,0.44840589841220435,13.384748934386437,-0.458323208237246,0.999582158447684,0.9489130434782609,920,873,orb,-99.34233382874201,scheme_b_pairwise,NA,False,2148.5408702201594,306.3
1734763863200,F:\agent\UAV\data\IR-image\1734763863200.jpg,116.19940140730323,38.81214710462419,483.54,116.2242279,38.8121291,789.74,2639.221384134314,2.9393627641294615,-16.861781198359267,3.237724532859829,-0.03991286909569084,1.0003301254320793,0.9047619047619048,903,817,orb,-99.34233382874201,scheme_b_pairwise,NA,False,2151.0622181233894,306.2
1734763863400,F:\agent\UAV\data\IR-image\1734763863400.jpg,116.1994137360188,38.81218791011828,483.54,116.2242813,38.8121288,789.78,2640.2907910296326,7.481830367243504,-13.06831611042719,0.8921112476392636,0.15290450962086438,1.0021243796665107,0.9227467811158798,932,860,orb,-99.34233382874201,scheme_b_pairwise,NA,False,2154.6292705565083,306.23999999999995
1734763863600,F:\agent\UAV\data\IR-image\1734763863600.jpg,116.19946164663286,38.812274007922035,483.54,116.2243347,38.8121285,789.84,2644.446612514141,17.06623788093941,-28.43904282375962,7.143042272608739,0.30446443783628485,1.0026175517168212,0.9236641221374046,786,726,orb,-99.34233382874201,scheme_b_pairwise,NA,False,2155.1543039097423,306.3
1734763863800,F:\agent\UAV\data\IR-image\1734763863800.jpg,116.19948031667235,38.81229656354065,483.54,116.224388,38.8121282,789.93,2646.066073102346,19.57712934475552,-7.692194206157069,3.3412526435870973,0.8777221374052462,0.9992635994927253,0.9118421052631579,760,693,orb,-99.34233382874201,scheme_b_pairwise,NA,False,2158.1749000016634,306.38999999999993
1734763864000,F:\agent\UAV\data\IR-image\1734763864000.jpg,116.19949500668548,38.812272476220045,483.54,116.2244412,38.8121278,790.08,2647.34030165015,16.895728815592236,6.845937995132033,4.750943555495894,0.9889921482165482,0.998855358040303,0.904709748083242,913,826,orb,-99.34233382874201,scheme_b_pairwise,NA,False,2161.4905856066416,306.54
