timestamp,image_path,pred_lon,pred_lat,pred_alt,gt_lon,gt_lat,gt_alt,pred_east_m,pred_north_m,pixel_dx,pixel_dy,rotation_deg,affine_scale,match_confidence,num_matches,num_inliers,matcher_backend,yaw_deg,method,flight_phase,is_keyframe_reset,horizontal_error,altitude_error
1734763664200,F:\agent\UAV\data\IR-image\1734763664200.jpg,116.168975,38.8121207,483.54,116.168975,38.8121207,483.54,0.0,0.0,0.0,0.0,0.0,1.0,1.0,0,0,orb,-99.34233382874201,scheme_d_initial,NA,False,0.0,0.0
1734763664400,F:\agent\UAV\data\IR-image\1734763664400.jpg,116.16903080185138,38.8121267074157,483.54,116.1690312,38.8121209,484.06,4.8403164385464965,0.6687455153241325,-4.057675774926963,13.10126553153168,-0.4852283613353713,1.0000022110459863,0.8942148760330578,605,541,orb,-99.34233382874201,scheme_d_local_map,NA,True,0.6466768388853024,0.5199999999999818
1734763664600,F:\agent\UAV\data\IR-image\1734763664600.jpg,116.16907091167897,38.81213168409996,483.54,116.1690873,38.8121209,484.58,8.319488778575725,1.222750007315889,-7.177355236453991,22.48492097557778,-0.7205880583248121,1.0030938846124893,0.9363636363636364,440,412,orb,-99.34233382874201,scheme_d_local_map,NA,True,1.8585429186453168,1.0399999999999636
1734763664800,F:\agent\UAV\data\IR-image\1734763664800.jpg,116.16913311733921,38.81215327440873,483.54,116.1691435,38.8121208,485.11,13.715278925333216,3.626183179392288,-16.2926083924541,36.334245172933606,-1.0116820693501951,1.0040899218435155,0.9024390243902439,369,333,orb,-99.34233382874201,scheme_d_local_map,NA,True,3.721363836209495,1.5699999999999932
1734763665000,F:\agent\UAV\data\IR-image\1734763665000.jpg,116.16918218425991,38.81215880358872,483.54,116.1691998,38.8121208,485.62,17.971399769352274,4.241691496288162,-19.936647672211734,47.84175129535873,-1.2244658352578648,1.0051643706134579,0.9484240687679083,349,331,orb,-99.34233382874201,scheme_d_local_map,NA,True,4.493001485187294,2.079999999999984
1734763665200,F:\agent\UAV\data\IR-image\1734763665200.jpg,116.16924585175884,38.81216714824888,483.54,116.169256,38.8121206,486.12,23.493991477758833,5.1706190657085624,-25.025814508956444,62.71412832106347,-1.1235449328047529,1.0059270917929746,0.8760563380281691,355,311,orb,-99.34233382874201,scheme_d_local_map,NA,True,5.250090762446868,2.579999999999984
1734763665400,F:\agent\UAV\data\IR-image\1734763665400.jpg,116.16928432771884,38.812198872886455,483.54,116.1693123,38.8121203,486.59,26.831440272842435,8.702205719756599,-36.32777595381691,70.34852697017493,-0.9615743419989234,1.0058929681454207,0.9400428265524625,467,439,orb,-99.34233382874201,scheme_d_local_map,NA,True,9.066845903229998,3.0499999999999545
1734763665600,F:\agent\UAV\data\IR-image\1734763665600.jpg,116.16930038054235,38.81226465037608,483.54,116.1693685,38.81212,487.15,28.22388055184008,16.024555864945818,-57.24258146757131,70.86867672803595,-0.8043359513074406,1.0089231113924293,0.9212827988338192,343,316,orb,-99.34233382874201,scheme_d_local_map,NA,True,17.133105621541898,3.609999999999957
1734763665800,F:\agent\UAV\data\IR-image\1734763665800.jpg,116.16935686984193,38.81227394662201,483.54,116.1694246,38.8121198,487.76,33.12382703423919,17.05941396176872,-62.34143104453551,83.96827773949121,-0.8760555940540372,1.0093061133159722,0.8895705521472392,326,290,orb,-99.34233382874201,scheme_d_local_map,NA,True,18.11710491476935,4.21999999999997
1734763666000,F:\agent\UAV\data\IR-image\1734763666000.jpg,116.1693822653225,38.812243914739696,483.54,116.1694808,38.8121197,488.33,35.32666007660188,13.71626482309377,-54.0857992102226,91.59265510918914,-0.9982077614251237,1.0097832575731187,0.842911877394636,261,220,orb,-99.34233382874201,scheme_d_local_map,NA,True,16.23762998293189,4.789999999999964
1734763666200,F:\agent\UAV\data\IR-image\1734763666200.jpg,116.16940318006492,38.812191637867436,483.54,116.169537,38.8121196,488.97,37.140828765591,7.896803402965108,-38.79455642959135,99.26889772255288,-1.4453763203628076,1.0086587629774666,0.8050541516245487,277,223,orb,-99.34233382874201,scheme_d_local_map,NA,True,14.092565922373264,5.430000000000007
1734763666400,F:\agent\UAV\data\IR-image\1734763666400.jpg,116.16945693415792,38.81214775980195,483.54,116.1695933,38.8121197,489.59,41.80352029870292,3.0122971533300023,-27.3907380657742,114.40853809329263,-1.5255797144766123,1.008351126883644,0.9075144508670521,346,314,orb,-99.34233382874201,scheme_d_local_map,NA,True,12.220282799862778,6.0499999999999545
1734763666600,F:\agent\UAV\data\IR-image\1734763666600.jpg,116.16950697579634,38.81220174643899,483.54,116.1696498,38.8121196,490.14,46.14418927448533,9.022089587544745,-46.01357652244309,123.69231280814404,-1.700241322876107,1.0110941223397938,0.8905109489051095,274,244,orb,-99.34233382874201,scheme_d_local_map,NA,True,15.380877052026257,6.599999999999966
1734763666800,F:\agent\UAV\data\IR-image\1734763666800.jpg,116.16954075153859,38.81218862538418,483.54,116.1697062,38.8121196,490.75,49.07393580427022,7.56145376687736,-43.30306366075422,132.4722202855541,-1.6822876739050434,1.0132271503855932,0.8641975308641975,324,280,orb,-99.34233382874201,scheme_d_local_map,NA,True,16.260517312037805,7.2099999999999795
1734763667000,F:\agent\UAV\data\IR-image\1734763667000.jpg,116.16957888316472,38.81214927606991,483.54,116.1697627,38.8121195,491.42,52.38151668503854,3.1810881025599382,-32.678083094284545,143.62896832233525,-1.822863019465855,1.0116585076124969,0.8926380368098159,326,291,orb,-99.34233382874201,scheme_d_local_map,NA,True,16.26710131385778,7.8799999999999955
1734763667200,F:\agent\UAV\data\IR-image\1734763667200.jpg,116.16962874101387,38.81215351202248,483.54,116.1698192,38.8121194,492.09,56.70624356941899,3.6526343430228234,-35.95465819101594,155.3920852861504,-2.211356623457786,1.0104151994173878,0.9509803921568627,306,291,orb,-99.34233382874201,scheme_d_local_map,NA,True,16.932407590215345,8.549999999999955
1734763667400,F:\agent\UAV\data\IR-image\1734763667400.jpg,116.16966705363723,38.812166584710106,483.54,116.1698757,38.8121193,492.77,60.02952435765788,5.107885928692799,-41.499444153561626,163.93332348983648,-2.377862607453694,1.0140856808528877,0.8440860215053764,186,157,orb,-99.34233382874201,scheme_d_local_map,NA,True,18.826990002215542,9.229999999999961
1734763667600,F:\agent\UAV\data\IR-image\1734763667600.jpg,116.16971407691084,38.81215476864402,483.54,116.1699323,38.8121191,493.49,64.1083769163239,3.7925214522855644,-39.71487095447145,175.829658866579,-2.1217817435764874,1.013481483336955,0.8111111111111111,180,146,orb,-99.34233382874201,scheme_d_local_map,NA,True,19.319180331812156,9.949999999999989
1734763667800,F:\agent\UAV\data\IR-image\1734763667800.jpg,116.16975169305489,38.81217578633671,483.54,116.1699891,38.8121188,494.14,67.37124429215359,6.132211002662036,-47.68171254393758,183.80057984862606,-1.8080309567591704,1.0139929286982627,0.8708133971291866,209,182,orb,-99.34233382874201,scheme_d_local_map,NA,True,21.52372084091772,10.599999999999966
1734763668000,F:\agent\UAV\data\IR-image\1734763668000.jpg,116.16981000178043,38.81219621105404,483.54,116.1700459,38.8121185,494.74,72.42900986385574,8.40589053521066,-56.28357307668665,196.77281665253093,-1.1353077420332909,1.0149361329422075,0.8222222222222222,180,148,orb,-99.34233382874201,scheme_d_local_map,NA,True,22.190663852601922,11.199999999999989
1734763668200,F:\agent\UAV\data\IR-image\1734763668200.jpg,116.1698453889558,38.81221347099509,483.54,116.1701029,38.8121181,495.3,75.49853394762636,10.327267173285193,-63.003737951903986,204.39884838604905,-0.5512136457119342,1.0166855484862272,0.75,164,123,orb,-99.34233382874201,scheme_d_local_map,NA,True,24.70373354557145,11.759999999999991
1734763668400,F:\agent\UAV\data\IR-image\1734763668400.jpg,116.16987643953144,38.81220407454851,483.54,116.1701599,38.8121177,495.86,78.19189640583676,9.281254740059655,-61.33387827818149,212.33513217408955,-0.21608756081000932,1.0157061151914313,0.8202247191011236,178,146,orb,-99.34233382874201,scheme_d_local_map,NA,True,26.371243938339084,12.319999999999993
1734763668600,F:\agent\UAV\data\IR-image\1734763668600.jpg,116.16993842020938,38.81224755911978,483.54,116.170217,38.8121175,496.36,83.56817133057451,14.121957214189639,-77.19062041352981,225.01986677084278,-0.24410725318356136,1.0156536885865315,0.8711656441717791,163,142,orb,-99.34233382874201,scheme_d_local_map,NA,True,28.138080950456267,12.819999999999993
1734763668800,F:\agent\UAV\data\IR-image\1734763668800.jpg,116.16996585000193,38.81224036036914,483.54,116.1702741,38.8121173,496.9,85.94746292261772,13.32059229229607,-76.0552424626531,231.9748110331243,-0.3562777628745276,1.0150074854507856,0.853448275862069,232,198,orb,-99.34233382874201,scheme_d_local_map,NA,True,30.00928933464506,13.359999999999957
1734763669000,F:\agent\UAV\data\IR-image\1734763669000.jpg,116.1700153164529,38.81221331023941,483.54,116.1703311,38.8121172,497.63,90.23823948110565,10.309371850844732,-69.67030603376963,245.23081660210858,-0.582861417757177,1.0123183784725303,0.7481481481481481,270,202,orb,-99.34233382874201,scheme_d_local_map,NA,True,29.373763788680264,14.089999999999975
1734763669200,F:\agent\UAV\data\IR-image\1734763669200.jpg,116.17006353844549,38.812177392078176,483.54,116.170388,38.8121171,498.34,94.42107029427555,6.3109621421122615,-60.50201623173291,258.6376621060672,-1.0412748208301357,1.0141741007109737,0.8010752688172043,186,149,orb,-99.34233382874201,scheme_d_local_map,NA,True,28.900914398558537,14.799999999999955
1734763669400,F:\agent\UAV\data\IR-image\1734763669400.jpg,116.17011846306627,38.81215325533121,483.54,116.170445,38.812117,499.06,99.185294747023,3.6240594702212654,-55.23105231878242,273.0571772134962,-1.144361414114636,1.0153542346065536,0.8175675675675675,148,121,orb,-99.34233382874201,scheme_d_local_map,NA,True,28.5781740539252,15.519999999999982
1734763669600,F:\agent\UAV\data\IR-image\1734763669600.jpg,116.17015734835707,38.812164652443236,483.54,116.170502,38.8121168,499.84,102.55824936356848,4.892785981080188,-60.281863079002164,281.8209844587998,-0.9835783904620293,1.0151484234013672,0.8106060606060606,132,107,orb,-99.34233382874201,scheme_d_local_map,NA,True,30.33227561883777,16.299999999999955
1734763669800,F:\agent\UAV\data\IR-image\1734763669800.jpg,116.17021159456553,38.812185787724054,483.54,116.170559,38.8121166,500.62,107.26362755588612,7.245565441702993,-68.94223771611058,293.78119002331334,-0.9937445656561401,1.0154737912803502,0.7933884297520661,121,96,orb,-99.34233382874201,scheme_d_local_map,NA,True,31.068126302612978,17.079999999999984
1734763670000,F:\agent\UAV\data\IR-image\1734763670000.jpg,116.17026804041976,38.812189183515066,483.54,116.1706161,38.8121164,501.34,112.15980553905041,7.623584896986063,-72.22015753579763,307.1696414732746,-1.2328579720630757,1.0138075593089757,0.7368421052631579,114,84,orb,-99.34233382874201,scheme_d_local_map,NA,True,31.224280328739393,17.799999999999955
1734763670200,F:\agent\UAV\data\IR-image\1734763670200.jpg,116.17030821557528,38.81220025269165,483.54,116.1706731,38.8121162,502.04,115.64464449705584,8.855805634441413,-77.22084009494077,316.2599629184401,-1.469067170158675,1.0154149893020523,0.6915887850467289,107,74,orb,-99.34233382874201,scheme_d_local_map,NA,True,32.96752830753452,18.5
1734763670400,F:\agent\UAV\data\IR-image\1734763670400.jpg,116.17035891262738,38.81220782570488,483.54,116.17073,38.8121161,502.79,120.04216480533606,9.698833466987699,-4.338617055596671,11.795464005066947,-0.4563776387964185,1.000838774029916,0.9507829977628636,894,850,orb,-99.34233382874201,scheme_d_local_map,NA,True,33.731376885971144,19.25
1734763670600,F:\agent\UAV\data\IR-image\1734763670600.jpg,116.1704148302599,38.81220713819555,483.54,116.170787,38.8121161,503.49,124.89252423314352,9.622299928369085,-6.336707342935824,25.26413073776166,-0.6733670588437006,1.001338546276969,0.9276485788113695,774,718,orb,-99.34233382874201,scheme_d_local_map,NA,True,33.79780344331004,19.94999999999999
1734763670800,F:\agent\UAV\data\IR-image\1734763670800.jpg,116.17045192503316,38.81218911878682,483.54,116.1708438,38.812116,504.18,128.1101673101325,7.616379348891158,-2.2471267325290682,35.0898691146142,-0.9759199851221131,1.0017424668563797,0.9408060453400504,794,747,orb,-99.34233382874201,scheme_d_local_map,NA,True,34.913406610996105,20.639999999999986
1734763671000,F:\agent\UAV\data\IR-image\1734763671000.jpg,116.17051087415356,38.81220154969035,483.54,116.1709005,38.812116,504.96,133.22348146535876,9.000187529786636,-8.409666407991665,48.62142498777405,-1.484301773819286,1.001042806554611,0.9423728813559322,590,556,orb,-99.34233382874201,scheme_d_local_map,NA,True,35.07332149771147,21.41999999999996
1734763671200,F:\agent\UAV\data\IR-image\1734763671200.jpg,116.17054950641008,38.81212903033433,483.54,116.170957,38.8121159,505.74,136.57448759945237,0.9273328175306137,12.422426971748337,61.58092462687199,-1.8396774785022019,0.9965380299161404,0.7193877551020408,392,282,orb,-99.34233382874201,scheme_d_local_map,NA,True,35.33696981456523,22.19999999999999
1734763671400,F:\agent\UAV\data\IR-image\1734763671400.jpg,116.1705940198443,38.81214808971094,483.54,116.1710134,38.8121158,506.55,140.4356338167752,3.0490226218257126,4.786763067201036,71.30819951042179,-2.1000480430584028,1.0005948968817355,0.8753117206982544,401,351,orb,-99.34233382874201,scheme_d_local_map,NA,True,36.51364421711533,23.00999999999999
1734763671600,F:\agent\UAV\data\IR-image\1734763671600.jpg,116.17064497609329,38.81219924531404,483.54,116.1710695,38.8121155,507.44,144.8556371598693,8.743664359068475,-12.999367124919445,80.95530069023829,-2.1312174181227554,1.002125350023355,0.75,188,141,orb,-99.34233382874201,scheme_d_local_map,NA,True,37.94279539720324,23.899999999999977
1734763671800,F:\agent\UAV\data\IR-image\1734763671800.jpg,116.1706857211156,38.81221972938941,483.54,116.1711253,38.8121149,508.4,148.38990701685424,11.023951629109732,-20.92534949853632,89.70497793665805,-1.75279457431169,0.9944275294354155,0.825531914893617,235,194,orb,-99.34233382874201,scheme_d_local_map,NA,True,39.83058840476642,24.859999999999957
1734763672000,F:\agent\UAV\data\IR-image\1734763672000.jpg,116.17074962756618,38.812282705239554,483.54,116.171181,38.8121143,509.4,153.93322566319014,18.034423266616812,-42.86770445049336,101.86371193559813,-1.5957160513813577,0.9955297612592998,0.851063829787234,235,200,orb,-99.34233382874201,scheme_d_local_map,NA,True,41.804311531479904,25.859999999999957
1734763672200,F:\agent\UAV\data\IR-image\1734763672200.jpg,116.17079344884536,38.81229080435939,483.54,116.1712364,38.8121138,510.4,157.73433356013237,18.936017287740178,-47.09677459661907,111.98063713448624,-1.1541036486566778,0.9999224170258524,0.8888888888888888,261,232,orb,-99.34233382874201,scheme_d_local_map,NA,True,43.13147271783447,26.859999999999957
1734763672400,F:\agent\UAV\data\IR-image\1734763672400.jpg,116.1708323091375,38.812280754375266,483.54,116.1712917,38.8121132,511.41,161.10511976484113,17.81725305442633,-45.53408539676798,121.82629637104452,-0.113536892138902,0.9987444951379109,0.9009433962264151,212,191,orb,-99.34233382874201,scheme_d_local_map,NA,True,43.948009441366274,27.870000000000005
1734763672600,F:\agent\UAV\data\IR-image\1734763672600.jpg,116.17088195761423,38.812304101600304,483.54,116.1713467,38.8121126,512.44,165.41168544577818,20.416266145916776,-54.694722306960614,132.56973506277154,1.0051544363362328,0.9975645558071543,0.9032258064516129,155,140,orb,-99.34233382874201,scheme_d_local_map,NA,True,45.5507103966939,28.900000000000034
1734763672800,F:\agent\UAV\data\IR-image\1734763672800.jpg,116.17090333428284,38.8122852323377,483.54,116.1714015,38.8121122,513.49,167.2659221417645,18.315739832398286,-49.72188226512526,138.6624229990672,1.7436370317976813,0.999503100469528,0.8695652173913043,115,100,orb,-99.34233382874201,scheme_d_local_map,NA,True,47.25705331840528,29.94999999999999
1734763673000,F:\agent\UAV\data\IR-image\1734763673000.jpg,116.17091001281494,38.812217932140626,483.54,116.171456,38.812112,514.57,167.8452256575231,10.823881894788283,-29.236022679320683,143.68054799745357,1.6695198399580855,0.9970425309311532,0.7466666666666667,75,56,orb,-99.34233382874201,scheme_d_local_map,NA,True,48.7508092932414,31.03000000000003
1734763673200,F:\agent\UAV\data\IR-image\1734763673200.jpg,116.17097705229442,38.8122479110044,483.54,116.1715104,38.812112,515.65,173.66030681613046,14.161129009657872,-41.12866243587513,158.2656698530676,1.160134647234396,0.9991506382459131,0.813953488372093,43,35,orb,-99.34233382874201,scheme_d_local_map,NA,True,48.61964765118766,32.10999999999996
1734763673400,F:\agent\UAV\data\IR-image\1734763673400.jpg,116.17105421935314,38.81217521082514,483.54,116.1715648,38.8121122,516.52,180.3538657853111,6.068145054452802,-21.7638489163528,180.492040281061,0.5906415413165971,0.993703905432747,0.7,30,21,orb,-99.34233382874201,scheme_d_local_map,NA,True,44.79004234389181,32.97999999999996
1734763673600,F:\agent\UAV\data\IR-image\1734763673600.jpg,116.17107943859438,38.812149270806465,483.54,116.1716193,38.8121123,517.23,182.54141162637222,3.180502175419294,-14.762844050192882,187.86652650096323,1.1491027767324324,1.0185444043512075,0.6590909090909091,44,29,orb,-99.34233382874201,scheme_d_local_map,NA,True,46.95594334578618,33.69
1734763673800,F:\agent\UAV\data\IR-image\1734763673800.jpg,116.17110649723543,38.81222802365761,483.54,116.1716735,38.8121121,518.03,184.88850911306008,11.947269565128586,-40.11316727424213,190.37259461901954,1.0657559172982314,1.0064769123561044,0.6206896551724138,29,18,orb,-99.34233382874201,scheme_d_local_map,NA,True,50.79017401572355,34.48999999999995
1734763674000,F:\agent\UAV\data\IR-image\1734763674000.jpg,116.17115246443531,38.81221373435467,483.54,116.1717273,38.8121119,518.86,188.87575662703375,10.356584361846974,-37.52431248764526,202.14066576276122,2.6881297649966758,0.9954592534023355,0.6363636363636364,22,14,orb,-99.34233382874201,scheme_d_local_map,NA,True,51.076903061082255,35.31999999999999
1734763674200,F:\agent\UAV\data\IR-image\1734763674200.jpg,116.17117797941457,38.81217500701333,483.54,116.171781,38.8121119,519.62,191.08895512294174,6.045456724117013,-26.592442747334985,210.2348102224439,2.8546528589534415,1.0043790845227631,0.56,25,14,orb,-99.34233382874201,scheme_d_local_map,NA,True,52.7170993813307,36.079999999999984
1734763674400,F:\agent\UAV\data\IR-image\1734763674400.jpg,116.17123313496724,38.81219133911646,483.54,116.1718345,38.8121121,520.39,195.87321087230285,7.86354644448901,-7.215412083028923,12.422299567244181,-0.5311720205635913,1.0000184699469854,0.8631415241057543,643,555,orb,-99.34233382874201,scheme_d_pairwise_fallback,NA,False,52.84426208690107,36.849999999999966
1734763674600,F:\agent\UAV\data\IR-image\1734763674600.jpg,116.1712694024906,38.81219768623076,483.54,116.1718877,38.8121125,521.17,199.0190973462864,8.5701072080207,-3.390345456891339,8.391058388304032,-0.7275064594327454,1.0019915797105865,0.8381818181818181,550,461,orb,-99.34233382874201,scheme_d_pairwise_fallback,NA,False,54.40260225161907,37.62999999999994
1734763674800,F:\agent\UAV\data\IR-image\1734763674800.jpg,116.1713424079496,38.81221353906848,483.54,116.1719408,38.8121128,521.95,205.35167439472215,10.334845103336527,-7.773137267845186,16.7349161815784,-0.2528219840557721,0.9985011094062668,0.8763796909492274,453,397,orb,-99.34233382874201,scheme_d_pairwise_fallback,NA,False,53.04321240586679,38.410000000000025
1734763675000,F:\agent\UAV\data\IR-image\1734763675000.jpg,116.17137783102258,38.81220224461264,483.54,116.1719936,38.812113,522.7,208.42431227721653,9.077546279139023,2.082232404267245,9.083016108049776,-0.06301162177817728,0.9998812408470727,0.8726968174204355,597,521,orb,-99.34233382874201,scheme_d_pairwise_fallback,NA,False,54.267583571979614,39.160000000000025
1734763675200,F:\agent\UAV\data\IR-image\1734763675200.jpg,116.17142838924732,38.812197087311716,483.54,116.1720462,38.8121133,523.5,212.8097905413634,8.503435540193102,-0.40815334272872406,12.407829516709114,-0.14090697750163259,1.0005281167846474,0.9210526315789473,760,700,orb,-99.34233382874201,scheme_d_pairwise_fallback,NA,False,54.334183610469445,39.95999999999998
1734763675400,F:\agent\UAV\data\IR-image\1734763675400.jpg,116.17145367565854,38.81218323322376,483.54,116.1720986,38.8121136,524.27,215.0031627836739,6.9611984690104025,3.2720478989677986,6.777590518528996,-0.05301770994637468,1.0001976524597695,0.9512578616352201,636,605,orb,-99.34233382874201,scheme_d_pairwise_fallback,NA,False,56.412575734662575,40.72999999999996
1734763675600,F:\agent\UAV\data\IR-image\1734763675600.jpg,116.17149214276526,38.81214763428138,483.54,116.1721507,38.8121138,525.07,218.33984363608008,2.998324203177683,9.455416459388914,11.047115219644695,0.31698381527162284,1.002396245921133,0.8809523809523809,630,555,orb,-99.34233382874201,scheme_d_pairwise_fallback,NA,False,57.183792039348326,41.53000000000003
1734763675800,F:\agent\UAV\data\IR-image\1734763675800.jpg,116.17153181521067,38.8121281855887,483.54,116.1722028,38.812114,525.76,221.781076944784,0.8332957336927542,4.4283749951918026,10.517502240621411,0.34006020459992037,1.0007106905818592,0.9184491978609626,748,687,orb,-99.34233382874201,scheme_d_pairwise_fallback,NA,False,58.15807031992634,42.21999999999997
1734763676000,F:\agent\UAV\data\IR-image\1734763676000.jpg,116.17155403813835,38.81220081494139,483.54,116.1722547,38.8121143,526.43,223.70871911956382,8.918395275403658,-23.27121800019114,1.6549252944007549,0.15818467353990331,1.0032464786747257,0.8966165413533834,532,477,orb,-99.34233382874201,scheme_d_pairwise_fallback,NA,False,61.46546843387601,42.88999999999993
1734763676200,F:\agent\UAV\data\IR-image\1734763676200.jpg,116.17161073371105,38.81217665962406,483.54,116.1723064,38.8121147,527.14,228.62655796876038,6.2294253502372445,5.206695235772486,14.84591504568192,0.13398287299050762,1.0001243304369103,0.924219910846954,673,622,orb,-99.34233382874201,scheme_d_pairwise_fallback,NA,False,60.66762595272356,43.599999999999966
1734763676400,F:\agent\UAV\data\IR-image\1734763676400.jpg,116.17163983647777,38.812153249609956,483.54,116.172358,38.812115,527.73,231.15096525340533,3.623422580496075,6.067469977012138,8.179145231553377,-0.11016938848278252,0.9976547146285267,0.9111709286675639,743,677,orb,-99.34233382874201,scheme_d_local_map,NA,True,62.36959631670367,44.19
1734763676600,F:\agent\UAV\data\IR-image\1734763676600.jpg,116.17166789930278,38.81213951299583,483.54,116.1724095,38.8121154,528.34,233.58516680509183,2.09426269552657,9.193565027031411,15.617789857187972,-0.17837651345542022,1.000712842204565,0.8923512747875354,706,630,orb,-99.34233382874201,scheme_d_local_map,NA,True,64.31101829345238,44.80000000000001
1734763676800,F:\agent\UAV\data\IR-image\1734763676800.jpg,116.17170927030062,38.812117582302335,483.54,116.1724608,38.8121158,528.97,237.1737344959874,-0.347062103897569,14.320051180964015,26.669250799460542,-0.5784689784675026,1.0005762032446404,0.9359534206695779,687,643,orb,-99.34233382874201,scheme_d_local_map,NA,True,65.11569878319904,45.43000000000001
1734763677000,F:\agent\UAV\data\IR-image\1734763677000.jpg,116.17174131002253,38.812117924746616,483.54,116.172512,38.8121162,529.57,239.9528966338116,-0.30894120694426697,12.948147263726923,34.34918535473088,-0.5721273309416888,1.0016635956941489,0.927536231884058,621,576,orb,-99.34233382874201,scheme_d_local_map,NA,True,66.7757917651305,46.03000000000003
1734763677200,F:\agent\UAV\data\IR-image\1734763677200.jpg,116.1717755646322,38.81210418951002,483.54,116.1725631,38.8121165,530.19,242.92418067193515,-1.837947743950144,15.829096504505287,43.275290207970386,-0.2937022881416849,1.0034511205938355,0.9128367670364501,631,576,orb,-99.34233382874201,scheme_d_local_map,NA,True,68.24880065130758,46.650000000000034
1734763677400,F:\agent\UAV\data\IR-image\1734763677400.jpg,116.17182314925121,38.81211325646193,483.54,116.1726141,38.8121167,530.8,247.05172497346945,-0.8286146580752947,11.15288652352541,54.2472385514173,-0.5003884920199674,1.0051009255751906,0.9184027777777778,576,529,orb,-99.34233382874201,scheme_d_local_map,NA,True,68.53205849080513,47.259999999999934
1734763677600,F:\agent\UAV\data\IR-image\1734763677600.jpg,116.1718593376868,38.812109447399344,483.54,116.172665,38.812117,531.36,250.19075128351173,-1.2526395050739723,10.89699247047264,63.1344468764284,-0.7098700920982756,1.0068591407238108,0.9196141479099679,622,572,orb,-99.34233382874201,scheme_d_local_map,NA,True,69.81070813722127,47.81999999999999
1734763677800,F:\agent\UAV\data\IR-image\1734763677800.jpg,116.1718972850105,38.8121081007483,483.54,116.1727158,38.8121174,531.92,253.48234556141887,-1.4025486999130177,9.8123767701872,72.31931443935065,-1.4380956615929659,1.0072758367290306,0.8868274582560297,539,478,orb,-99.34233382874201,scheme_d_local_map,NA,True,70.92679982215854,48.37999999999994
1734763678000,F:\agent\UAV\data\IR-image\1734763678000.jpg,116.17193326689934,38.81211470962668,483.54,116.1727664,38.8121176,532.42,256.6034557713181,-0.6668483586854199,6.352614183625349,80.62847384769441,-1.2004309602234648,1.0068270303907556,0.8882466281310212,519,461,orb,-99.34233382874201,scheme_d_local_map,NA,True,72.18654288672968,48.87999999999994
1734763678200,F:\agent\UAV\data\IR-image\1734763678200.jpg,116.17195855533278,38.81210843223354,483.54,116.172817,38.8121177,532.93,258.7970034231396,-1.3656477618357616,7.288555661062958,87.0222386726918,-0.5411190532044027,1.0090870328828563,0.9215686274509803,510,470,orb,-99.34233382874201,scheme_d_local_map,NA,True,74.38605996126961,49.38999999999993
1734763678400,F:\agent\UAV\data\IR-image\1734763678400.jpg,116.17197597945864,38.812064543771896,483.54,116.1728674,38.8121178,533.5,260.30839203750367,-6.251311312820185,20.13146731630411,93.43440263227876,-0.7658579388881978,1.0113886354701418,0.8824701195219123,502,443,orb,-99.34233382874201,scheme_d_local_map,NA,True,77.46278656404613,49.95999999999998
1734763678600,F:\agent\UAV\data\IR-image\1734763678600.jpg,116.17203458811262,38.812071031610394,483.54,116.1729176,38.8121179,534.06,265.39217374512987,-5.529085131399338,15.814734152710173,107.18561315015484,-0.6771325046388846,1.0086927913217483,0.8158415841584158,505,412,orb,-99.34233382874201,scheme_d_local_map,NA,True,76.68483291518743,50.519999999999925
1734763678800,F:\agent\UAV\data\IR-image\1734763678800.jpg,116.17206440755886,38.81208987768982,483.54,116.1729678,38.812118,534.57,267.978746633017,-3.4311395690476427,8.825591512174242,113.39358602005314,-1.2598828877691142,1.016187400397107,0.9059304703476483,489,443,orb,-99.34233382874201,scheme_d_local_map,NA,True,78.3358168818449,51.03000000000003
1734763679000,F:\agent\UAV\data\IR-image\1734763679000.jpg,116.17210952149146,38.81211504540267,483.54,116.173018,38.812118,535.05,271.8919807668794,-0.6294697746796682,-0.7171122614238357,122.95529397057533,-1.3771171309182981,1.012584929483608,0.8836206896551724,464,410,orb,-99.34233382874201,scheme_d_local_map,NA,True,78.7147259469643,51.509999999999934
1734763679200,F:\agent\UAV\data\IR-image\1734763679200.jpg,116.1721354662855,38.812147449641934,483.54,116.1730681,38.8121179,535.54,274.1424618883985,2.977770140301989,-11.733330987043018,127.54470209708376,-1.3664725202403447,1.0183102776911568,0.8649425287356322,348,301,orb,-99.34233382874201,scheme_d_local_map,NA,True,80.87369668178329,51.99999999999994
1734763679400,F:\agent\UAV\data\IR-image\1734763679400.jpg,116.17217645744705,38.81215313064624,483.54,116.1731181,38.8121179,536.09,277.6980821442082,3.6101795393826004,-15.104997955051488,137.10436633673976,-0.9139430017342929,1.021980564298898,0.8409090909090909,264,222,orb,-99.34233382874201,scheme_d_local_map,NA,True,81.6814736412646,52.55000000000001
1734763679600,F:\agent\UAV\data\IR-image\1734763679600.jpg,116.17221924993673,38.812168660649434,483.54,116.1731681,38.8121179,536.62,281.4099516629349,5.338979494427432,-21.584477011144486,146.5972169860155,-1.1212390944620756,1.0243350957818234,0.8314606741573034,267,222,orb,-99.34233382874201,scheme_d_local_map,NA,True,82.40548540795535,53.079999999999984
1734763679800,F:\agent\UAV\data\IR-image\1734763679800.jpg,116.17225764753285,38.81215458267316,483.54,116.1732181,38.812118,537.14,284.7406030853833,3.771819176178451,-18.761600562621936,156.53602817383086,-0.5356689364677403,1.028124579325809,0.8446866485013624,367,310,orb,-99.34233382874201,scheme_d_local_map,NA,True,83.31660090489832,53.599999999999966
1734763680000,F:\agent\UAV\data\IR-image\1734763680000.jpg,116.17229017380984,38.812120340863416,483.54,116.1732681,38.8121181,537.65,287.5619695703172,-0.03997908430063024,-9.489809178778842,166.08706571885847,-0.3126498808685322,1.0262947079729128,0.8835616438356164,438,387,orb,-99.34233382874201,scheme_d_local_map,NA,True,84.73161530441979,54.10999999999996
1734763680200,F:\agent\UAV\data\IR-image\1734763680200.jpg,116.17231259802058,38.812080494368665,483.54,116.1733181,38.8121183,538.17,289.5070712677528,-4.475690880049958,1.909273013910365,173.49544272937112,-0.4459785371176295,1.0226422981093384,0.8912037037037037,432,385,orb,-99.34233382874201,scheme_d_local_map,NA,True,87.22190791823293,54.62999999999994
1734763680400,F:\agent\UAV\data\IR-image\1734763680400.jpg,116.17234558010092,38.81204374693726,483.54,116.1733681,38.8121185,538.7,292.3679746558589,-8.566414944198987,11.935576088187588,183.28307588722896,-0.7720723498131475,1.0298017718805104,0.7988980716253443,363,290,orb,-99.34233382874201,scheme_d_local_map,NA,True,88.98414336377962,55.160000000000025
1734763680600,F:\agent\UAV\data\IR-image\1734763680600.jpg,116.17237056217361,38.81202538893025,483.54,116.1734181,38.8121188,539.24,294.53494822549624,-10.610028284734133,16.608288918965343,190.21600292968765,-1.2743253029792019,1.0229114351047524,0.8284182305630027,373,309,orb,-99.34233382874201,scheme_d_local_map,NA,True,91.35512657536316,55.69999999999999
1734763680800,F:\agent\UAV\data\IR-image\1734763680800.jpg,116.17239913898986,38.812024208270806,483.54,116.1734682,38.8121189,539.76,297.0137339655022,-10.741459293918654,15.842850510153824,197.14125637672248,-1.5413946348345076,1.0227230009476012,0.8488372093023255,344,292,orb,-99.34233382874201,scheme_d_local_map,NA,True,93.22410387485102,56.21999999999997
1734763681000,F:\agent\UAV\data\IR-image\1734763681000.jpg,116.17243387870661,38.812033391353935,483.54,116.1735183,38.812119,540.29,300.02709674604944,-9.719198479963511,11.638510934743124,205.02142221103537,-1.7897264943203361,1.0227175495454877,0.7755775577557755,303,235,orb,-99.34233382874201,scheme_d_local_map,NA,True,94.43943068657197,56.74999999999994
1734763681200,F:\agent\UAV\data\IR-image\1734763681200.jpg,116.17248413302896,38.81207266054276,483.54,116.1735684,38.8121191,540.79,304.3862141695482,-5.347752380165,-2.4550888581912886,215.10280349750008,-1.7303331833785638,1.0251850783980891,0.8102189781021898,274,222,orb,-99.34233382874201,scheme_d_local_map,NA,True,94.08686218426715,57.24999999999994
1734763681400,F:\agent\UAV\data\IR-image\1734763681400.jpg,116.17252703409468,38.81208194456964,483.54,116.1736187,38.8121191,541.29,308.10750169892765,-4.314254508070837,-7.013116335561051,224.93855242036477,-1.5425899798074245,1.034601394520053,0.8343558282208589,326,272,orb,-99.34233382874201,scheme_d_local_map,NA,True,94.67630432409386,57.74999999999994
1734763681600,F:\agent\UAV\data\IR-image\1734763681600.jpg,116.17256363852006,38.81209470074436,483.54,116.173669,38.8121192,541.79,311.28261143987413,-2.8942371381302987,-12.392801892155433,233.08546323010046,-1.4518157983391733,1.036903391541075,0.8566433566433567,286,245,orb,-99.34233382874201,scheme_d_local_map,NA,True,95.81148040454266,58.24999999999994
1734763681800,F:\agent\UAV\data\IR-image\1734763681800.jpg,116.17259664283527,38.81208291244892,483.54,116.1737194,38.8121192,542.27,314.1454435057482,-4.206510186070984,-10.062712363729474,241.61243976675712,-1.0569516626782391,1.0390155911019925,0.8277027027027027,296,245,orb,-99.34233382874201,scheme_d_local_map,NA,True,97.3636270892115,58.72999999999996
1734763682000,F:\agent\UAV\data\IR-image\1734763682000.jpg,116.17261707641228,38.812060032219485,483.54,116.1737699,38.8121191,542.75,315.91787535490755,-6.753537326874085,-3.8159473495589964,247.68200461942422,-0.8728798882947866,1.0340534792707163,0.8659003831417624,261,226,orb,-99.34233382874201,scheme_d_local_map,NA,True,100.1007784703614,59.20999999999998
1734763682200,F:\agent\UAV\data\IR-image\1734763682200.jpg,116.17264827688878,38.81204295537041,483.54,116.1738205,38.8121191,543.22,318.62424038778306,-8.65453216636415,0.21598908606739542,256.04387284309996,-0.8244428362919204,1.0317992951385697,0.8362068965517241,232,194,orb,-99.34233382874201,scheme_d_local_map,NA,True,101.91823371568641,59.68000000000001
1734763682400,F:\agent\UAV\data\IR-image\1734763682400.jpg,116.17269036007137,38.81203386585158,483.54,116.1738711,38.8121192,543.68,322.2745837984208,-9.666377402351491,1.1391811233502835,10.571217107050586,0.26153453407257354,1.0021261077380235,0.9399038461538461,832,782,orb,-99.34233382874201,scheme_d_local_map,NA,True,102.74296519779304,60.13999999999993
1734763682600,F:\agent\UAV\data\IR-image\1734763682600.jpg,116.17272787186252,38.81200655893315,483.54,116.1739219,38.8121193,544.13,325.5283994842079,-12.706183562327277,8.075780133725857,20.96822983650941,0.15483726758789318,1.0019304764851504,0.9341614906832298,805,752,orb,-99.34233382874201,scheme_d_local_map,NA,True,104.21200247562376,60.589999999999975
1734763682800,F:\agent\UAV\data\IR-image\1734763682800.jpg,116.17274725379336,38.81200567312503,483.54,116.1739727,38.8121194,544.58,327.2096103422506,-12.804791721649588,7.582848128217563,25.669524919580454,-0.2736749207094337,1.003057223704918,0.9479034307496823,787,746,orb,-99.34233382874201,scheme_d_local_map,NA,True,106.92782815464312,61.04000000000002
1734763683000,F:\agent\UAV\data\IR-image\1734763683000.jpg,116.17278722003961,38.811975226307766,483.54,116.1740237,38.8121195,545.04,330.67632827274196,-16.194131419871432,15.390523745745611,36.81546679081805,-1.1107110335739716,1.0029967795720356,0.9364161849710982,692,648,orb,-99.34233382874201,scheme_d_local_map,NA,True,108.3279124241879,61.49999999999994
1734763683200,F:\agent\UAV\data\IR-image\1734763683200.jpg,116.17282726894342,38.811995330649545,483.54,116.1740748,38.8121197,545.51,334.15021601399667,-13.956116092614572,7.609132876013518,45.417167924061744,-1.6503453926118343,1.0073639758814006,0.9016129032258065,620,559,orb,-99.34233382874201,scheme_d_local_map,NA,True,108.97200841644023,61.96999999999997
1734763683400,F:\agent\UAV\data\IR-image\1734763683400.jpg,116.17288480574796,38.812006698835965,483.54,116.174126,38.8121198,546.04,339.14102427402617,-12.690609580691419,1.8300670147842766,58.663329472929036,-2.200383263698668,1.0090720704552305,0.8939130434782608,575,514,orb,-99.34233382874201,scheme_d_local_map,NA,True,108.27473977246167,62.49999999999994
1734763683600,F:\agent\UAV\data\IR-image\1734763683600.jpg,116.17292687629764,38.81203977630662,483.54,116.1741774,38.8121196,546.58,342.79027189217084,-9.008425547183158,-10.031067164546641,67.09268195248933,-2.336783330142592,1.012601287541104,0.9152215799614644,519,475,orb,-99.34233382874201,scheme_d_local_map,NA,True,108.71314678649937,63.04000000000002
1734763683800,F:\agent\UAV\data\IR-image\1734763683800.jpg,116.17296898170905,38.81204672136748,483.54,116.1742289,38.8121193,547.13,346.44254345566554,-8.235301372164267,-13.836503774939047,76.85591986836891,-2.4131142783994854,1.013257995706802,0.880085653104925,467,411,orb,-99.34233382874201,scheme_d_local_map,NA,True,109.46208471883985,63.589999999999975
1734763684000,F:\agent\UAV\data\IR-image\1734763684000.jpg,116.17302170306439,38.81208931635577,483.54,116.1742805,38.812119,547.68,351.01565414400795,-3.4936272764681275,-29.05301106905631,87.36129342809056,-1.8654861350691547,1.0184640619249505,0.8805194805194805,385,339,orb,-99.34233382874201,scheme_d_local_map,NA,True,109.1169153468429,64.13999999999993
1734763684200,F:\agent\UAV\data\IR-image\1734763684200.jpg,116.17304245048155,38.812083314674005,483.54,116.1743323,38.8121185,548.19,352.81530884689107,-4.161734489909777,-28.022599269607667,92.65012808131564,-1.3342669691448887,1.0173729542080725,0.8591160220994475,362,311,orb,-99.34233382874201,scheme_d_local_map,NA,True,111.82596538166472,64.65000000000003
1734763684400,F:\agent\UAV\data\IR-image\1734763684400.jpg,116.17306571972355,38.812077967810005,483.54,116.1743843,38.8121181,548.72,354.833709523845,-4.756947390197594,-27.293750529994497,98.5115981356933,-1.052493340068108,1.021310953689995,0.8333333333333334,318,265,orb,-99.34233382874201,scheme_d_local_map,NA,True,114.33396995411341,65.18
1734763684600,F:\agent\UAV\data\IR-image\1734763684600.jpg,116.1731120452337,38.81208651842393,483.54,116.1744364,38.8121178,549.21,358.85203728052545,-3.805093048214524,-31.761000143952288,109.20724508992112,-1.2526489432636545,1.0203375262898087,0.8912386706948641,331,295,orb,-99.34233382874201,scheme_d_local_map,NA,True,114.79987542543326,65.67000000000002
1734763684800,F:\agent\UAV\data\IR-image\1734763684800.jpg,116.1731368494321,38.81208461382099,483.54,116.1744888,38.8121176,549.64,361.00358183207055,-4.017113447291664,-32.15412709530034,115.26287570160628,-1.4891249784839964,1.021756075100944,0.8471760797342193,301,255,orb,-99.34233382874201,scheme_d_local_map,NA,True,117.19558672837816,66.09999999999997
1734763685000,F:\agent\UAV\data\IR-image\1734763685000.jpg,116.1731790122303,38.81209349263939,483.54,116.1745412,38.8121174,550.12,364.66083119254597,-3.0287233831331104,-36.558042840110716,124.94181468547447,-2.1375760677966853,1.0246167007252487,0.8431372549019608,255,215,orb,-99.34233382874201,scheme_d_local_map,NA,True,118.05509290902262,66.57999999999998
1734763685200,F:\agent\UAV\data\IR-image\1734763685200.jpg,116.17322960791329,38.81208878963276,483.54,116.1745938,38.8121174,550.61,369.0495586260667,-3.552262081322765,-37.107743477815404,137.33560016269087,-2.401743810654404,1.0264818193021208,0.8375,240,201,orb,-99.34233382874201,scheme_d_local_map,NA,True,118.24162898609087,67.07
1734763685400,F:\agent\UAV\data\IR-image\1734763685400.jpg,116.1732685002661,38.812095994799996,483.54,116.1746466,38.8121174,551.09,372.42312581183137,-2.750182864724673,-40.86638403061812,146.31373137529704,-2.503534141068917,1.032078268885261,0.8457142857142858,175,148,orb,-99.34233382874201,scheme_d_local_map,NA,True,119.4275497594359,67.55000000000001
1734763685600,F:\agent\UAV\data\IR-image\1734763685600.jpg,116.17331017713148,38.812083370289166,483.54,116.1746996,38.8121173,551.6,376.03822480183493,-4.155543410368988,-38.62124444444885,156.96663865048015,-2.438174982088568,1.0319735372739764,0.7967032967032966,182,145,orb,-99.34233382874201,scheme_d_local_map,NA,True,120.4440247876667,68.06
1734763685800,F:\agent\UAV\data\IR-image\1734763685800.jpg,116.17334830926818,38.812052375708994,483.54,116.1747527,38.8121173,552.1,379.3458499706491,-7.605860075059752,-30.572193562884024,167.69973346803567,-2.3859644192929,1.0325852734615675,0.773972602739726,146,113,orb,-99.34233382874201,scheme_d_local_map,NA,True,121.89578717321375,68.56
1734763686000,F:\agent\UAV\data\IR-image\1734763686000.jpg,116.17338556641806,38.81203535360457,483.54,116.174806,38.8121173,552.57,382.57757778183355,-9.500760739638254,-26.796516870241476,177.5138955068429,-2.0288613723478544,1.031880319602531,0.8243243243243243,148,122,orb,-99.34233382874201,scheme_d_local_map,NA,True,123.40870750087171,69.03000000000003
1734763686200,F:\agent\UAV\data\IR-image\1734763686200.jpg,116.1734130876549,38.812023103639184,483.54,116.1748594,38.8121172,553.04,384.9648013558257,-10.864426886422006,-24.107375958636908,184.74702055862133,-1.7763381041106485,1.0353312673581658,0.6879432624113475,141,97,orb,-99.34233382874201,scheme_d_local_map,NA,True,125.75014090953283,69.49999999999994
1734763686400,F:\agent\UAV\data\IR-image\1734763686400.jpg,116.1734459762855,38.81200569184216,483.54,116.174913,38.8121171,553.55,387.8175988064156,-12.802708130691105,-20.03889104267614,193.53144472919803,-1.8834699176571645,1.0315216044096431,0.8181818181818182,121,99,orb,-99.34233382874201,scheme_d_local_map,NA,True,127.7108680472885,70.00999999999993
1734763686600,F:\agent\UAV\data\IR-image\1734763686600.jpg,116.17347856285396,38.81200422563874,483.54,116.1749667,38.8121171,554.05,390.6441950407411,-12.965925896127477,-20.874770784485463,201.43449485072028,-2.128052815097963,1.0335889921493049,0.6906474820143885,139,96,orb,-99.34233382874201,scheme_d_local_map,NA,True,129.54740768022467,70.50999999999993
1734763686800,F:\agent\UAV\data\IR-image\1734763686800.jpg,116.17351853978771,38.812045028479545,483.54,116.1750206,38.8121171,554.57,394.1118400172059,-8.423753657324115,-35.0350235839951,208.96901895991016,-2.6691253999024753,1.0133569229679629,0.6052631578947368,76,46,orb,-99.34233382874201,scheme_d_local_map,NA,True,130.39079488403706,71.03000000000003
1734763687000,F:\agent\UAV\data\IR-image\1734763687000.jpg,116.17357475097482,38.812049603771285,483.54,116.1750746,38.8121172,555.08,398.987662705995,-7.914432180372772,-38.66732907902616,222.24126575152638,-2.76359162843521,1.0232010490044625,0.5961538461538461,52,31,orb,-99.34233382874201,scheme_d_local_map,NA,True,130.16988521455485,71.54000000000002
1734763687200,F:\agent\UAV\data\IR-image\1734763687200.jpg,116.17362479726879,38.812047506273935,483.54,116.1751288,38.8121173,555.56,403.328735507786,-8.147925585649908,-39.998639657328226,234.37090577120784,-2.7432163904151063,1.0326531943992956,0.6666666666666666,36,24,orb,-99.34233382874201,scheme_d_local_map,NA,True,130.54347988492924,72.01999999999992
1734763687400,F:\agent\UAV\data\IR-image\1734763687400.jpg,116.17367251793581,38.81204533256628,483.54,116.1751831,38.8121174,556.02,407.4680807694951,-8.389902722061807,-41.21453632749353,245.94569686625812,-2.806719491003619,1.0407543712808411,0.75,52,39,orb,-99.34233382874201,scheme_d_local_map,NA,True,131.12774459687049,72.47999999999996
1734763687600,F:\agent\UAV\data\IR-image\1734763687600.jpg,116.17369313854245,38.812030540919245,483.54,116.1752375,38.8121174,556.52,409.2567357835165,-10.036508869554813,-37.46901370182718,251.64991828455038,-2.6784891753458484,1.04004930340969,0.7115384615384616,52,37,orb,-99.34233382874201,scheme_d_local_map,NA,True,134.157555449949,72.97999999999996
1734763687800,F:\agent\UAV\data\IR-image\1734763687800.jpg,116.17373669939633,38.812018557014,483.54,116.1752921,38.8121174,557.05,413.0352540917431,-11.370557201567326,-35.495845780239506,262.72294641259805,-2.434596975494847,1.042867293836807,0.6739130434782609,46,31,orb,-99.34233382874201,scheme_d_local_map,NA,True,135.2133655333671,73.50999999999993
1734763688000,F:\agent\UAV\data\IR-image\1734763688000.jpg,116.17377993233353,38.81200111720535,483.54,116.1753468,38.8121175,557.62,416.7853285335727,-13.311956700713996,-31.827567741285634,273.9939339498161,-1.076032668779369,1.0427575969722827,0.59375,32,19,orb,-99.34233382874201,scheme_d_local_map,NA,True,136.37490624526447,74.07999999999998
1734763688200,F:\agent\UAV\data\IR-image\1734763688200.jpg,116.17380808947676,38.812000404099365,483.54,116.1754015,38.8121175,558.24,419.22771135601823,-13.391339659066958,-32.72057404213888,280.79464844242045,-2.000146042631359,1.03602502122413,0.6363636363636364,33,21,orb,-99.34233382874201,scheme_d_local_map,NA,True,138.67189948318952,74.69999999999999
1734763688400,F:\agent\UAV\data\IR-image\1734763688400.jpg,116.17384755411808,38.81197564005269,483.54,116.1754564,38.8121174,558.88,422.6509195002046,-16.14807333537592,6.075404019549808,10.737188733619746,0.20634558781489187,1.0008964350083815,0.888402625820569,914,812,orb,-99.34233382874201,scheme_d_local_map,NA,True,140.28508707374317,75.33999999999997
1734763688600,F:\agent\UAV\data\IR-image\1734763688600.jpg,116.17388811705368,38.812007755161915,483.54,116.1755113,38.8121173,559.52,426.16939494693696,-12.573019375675539,-5.429431225248493,18.853161877264142,0.4453154529955452,1.001647619190485,0.9037433155080213,935,845,orb,-99.34233382874201,scheme_d_local_map,NA,True,141.16537428548983,75.97999999999996
1734763688800,F:\agent\UAV\data\IR-image\1734763688800.jpg,116.1739195311579,38.812027516978596,483.54,116.1755663,38.8121173,560.22,428.89429029200824,-10.373133942912801,-12.76393803746231,25.397790637232617,0.49019352787403336,1.0025655736721057,0.917936694021102,853,783,orb,-99.34233382874201,scheme_d_local_map,NA,True,143.03125875062383,76.68
1734763689000,F:\agent\UAV\data\IR-image\1734763689000.jpg,116.17398374302465,38.812002840825734,483.54,116.1756214,38.8121174,560.86,434.4641010860977,-13.120083279495644,-7.693730523083445,42.075857544568805,0.15604100093569323,1.0031502159482044,0.8366336633663366,606,507,orb,-99.34233382874201,scheme_d_local_map,NA,True,142.4636012010339,77.32
1734763689200,F:\agent\UAV\data\IR-image\1734763689200.jpg,116.17401582737668,38.811978167631906,483.54,116.1756766,38.8121174,561.41,437.2471344930182,-15.866703216143762,-1.354643046400838,51.03537848836913,0.35382170713376887,1.0029033767933864,0.9387019230769231,832,781,orb,-99.34233382874201,scheme_d_local_map,NA,True,144.72627468952334,77.86999999999995
1734763689400,F:\agent\UAV\data\IR-image\1734763689400.jpg,116.17404430673223,38.81197278510746,483.54,116.1757319,38.8121173,562.03,439.7174663797557,-16.465885838229873,-0.8207215663177294,58.15034827421937,0.5625033025389815,1.0025558138835498,0.8408488063660478,754,634,orb,-99.34233382874201,scheme_d_local_map,NA,True,147.10000871688743,78.48999999999995
1734763689600,F:\agent\UAV\data\IR-image\1734763689600.jpg,116.17406360389458,38.81197249347715,483.54,116.1757872,38.8121173,562.66,441.39132432312783,-16.49835012390736,-1.493498553108111,62.80113997394858,0.7813279205463963,1.004861241032601,0.9238578680203046,788,728,orb,-99.34233382874201,scheme_d_local_map,NA,True,150.20462571538005,79.11999999999995
1734763689800,F:\agent\UAV\data\IR-image\1734763689800.jpg,116.17412794027283,38.812004777329754,483.54,116.1758426,38.8121173,563.26,446.9719353871531,-12.904511652140293,-13.989970305986787,76.61994631924352,0.575562718671281,1.0053246116368326,0.8415300546448088,732,616,orb,-99.34233382874201,scheme_d_local_map,NA,True,149.09071066477551,79.71999999999997
1734763690000,F:\agent\UAV\data\IR-image\1734763690000.jpg,116.174147352455,38.81196677329364,483.54,116.175898,38.8121173,563.85,448.655770279928,-17.135120951725284,-3.039904131900073,83.21125117880058,0.7411095468730517,1.0048910950737333,0.8398876404494382,712,598,orb,-99.34233382874201,scheme_d_local_map,NA,True,152.60362826937225,80.31
1734763690200,F:\agent\UAV\data\IR-image\1734763690200.jpg,116.1741851228817,38.81195739156201,483.54,116.1759534,38.8121173,564.49,451.9320203108128,-18.179495317311993,-1.6401734611363281,92.76118270572624,0.5109998904968636,1.0054502574582185,0.8422575976845152,691,582,orb,-99.34233382874201,scheme_d_local_map,NA,True,154.23878793077742,80.94999999999999
1734763690400,F:\agent\UAV\data\IR-image\1734763690400.jpg,116.17423872153297,38.811947579955415,483.54,116.1760089,38.8121174,565.1,456.5812286507151,-19.271723363384417,-0.7334919389022048,106.13553165084062,-0.5167894588663527,1.006730532359811,0.8733333333333333,600,524,orb,-99.34233382874201,scheme_d_local_map,NA,True,154.53324015427643,81.56
1734763690600,F:\agent\UAV\data\IR-image\1734763690600.jpg,116.17428268373884,38.811952018944666,483.54,116.1760645,38.8121177,565.67,460.3945606909349,-18.77757507969314,-3.8396502264164383,116.47196567508956,-1.2435239522281951,1.0071964223698,0.719672131147541,610,439,orb,-99.34233382874201,scheme_d_local_map,NA,True,155.47886617905593,82.12999999999994
1734763690800,F:\agent\UAV\data\IR-image\1734763690800.jpg,116.17433545956952,38.811950364962264,483.54,116.1761201,38.8121177,566.25,464.97239663142767,-18.961696400659704,-5.41558504406737,129.23486020192274,-1.8452582113512002,1.0075600889228735,0.7741312741312741,518,401,orb,-99.34233382874201,scheme_d_local_map,NA,True,155.74370925002603,82.70999999999998
1734763691000,F:\agent\UAV\data\IR-image\1734763691000.jpg,116.17438304379934,38.81199809090811,483.54,116.1761758,38.8121175,566.77,469.09990717285274,-13.648844109098912,-22.011018340210512,138.2458208888088,-1.5470219488862391,1.0095364827970716,0.6919831223628692,474,328,orb,-99.34233382874201,scheme_d_local_map,NA,True,155.89781304540386,83.22999999999996
1734763691200,F:\agent\UAV\data\IR-image\1734763691200.jpg,116.17441343081444,38.81201604134225,483.54,116.1762315,38.8121172,567.3,471.73571163204616,-11.650601781406104,-28.746450308072042,144.63557762032138,-0.865567539486218,1.010235588263652,0.7609649122807017,456,347,orb,-99.34233382874201,scheme_d_local_map,NA,True,157.92564779063534,83.75999999999993
1734763691400,F:\agent\UAV\data\IR-image\1734763691400.jpg,116.17445231535744,38.81204082268875,483.54,116.1762871,38.8121169,567.85,475.1086013852989,-8.891942288514848,-37.92382326493225,152.7203187678399,-0.41273351449789797,1.009795995653036,0.7695961995249406,421,324,orb,-99.34233382874201,scheme_d_local_map,NA,True,159.19773470261865,84.31
1734763691600,F:\agent\UAV\data\IR-image\1734763691600.jpg,116.17447945838605,38.812070845824195,483.54,116.1763428,38.8121167,568.39,477.4630187433053,-5.549766850665339,-48.253264803413344,157.7183701724084,0.21793219941796868,1.009410040407591,0.6506329113924051,395,257,orb,-99.34233382874201,scheme_d_local_map,NA,True,161.52756391316333,84.84999999999997
1734763691800,F:\agent\UAV\data\IR-image\1734763691800.jpg,116.17451339797864,38.81195981587684,483.54,116.1763985,38.8121167,568.92,480.4069778401475,-17.909620590147426,-15.362217256580266,171.50385904445704,-0.25865615582069396,1.0103091917867852,0.728494623655914,372,271,orb,-99.34233382874201,scheme_d_local_map,NA,True,164.26155438180737,85.37999999999994
1734763692000,F:\agent\UAV\data\IR-image\1734763692000.jpg,116.17454746461844,38.81194617374727,483.54,116.1764542,38.8121167,569.42,483.3619571558356,-19.428262453537688,-12.502545295996526,180.3800828825922,-0.22516011170639033,1.0105561326961974,0.6902887139107612,381,263,orb,-99.34233382874201,scheme_d_local_map,NA,True,166.29162336959442,85.87999999999994
1734763692200,F:\agent\UAV\data\IR-image\1734763692200.jpg,116.17459269653025,38.81196145661287,483.54,116.17651,38.8121167,569.93,487.28542494198035,-17.726973855733494,-19.00224207793906,190.47152203440567,-0.6558128675853101,1.0119956988951448,0.6569767441860465,344,226,orb,-99.34233382874201,scheme_d_local_map,NA,True,167.0171407895033,86.38999999999993
1734763692400,F:\agent\UAV\data\IR-image\1734763692400.jpg,116.17464112953203,38.81198758731345,483.54,116.1765658,38.8121166,570.43,491.4865589352878,-14.818104266154952,-28.973032961281092,200.78176613412114,-0.06818960947703316,1.0131917642796655,0.6470588235294118,340,220,orb,-99.34233382874201,scheme_d_local_map,NA,True,167.37683568277683,86.88999999999993
1734763692600,F:\agent\UAV\data\IR-image\1734763692600.jpg,116.17467700318069,38.81199186220773,483.54,116.1766216,38.8121166,570.97,494.59828026703957,-14.342223036291859,-31.70890971069332,209.18330795730697,0.004919660716641062,1.0124275246898744,0.6143344709897611,293,180,orb,-99.34233382874201,scheme_d_local_map,NA,True,169.05737569279728,87.43
1734763692800,F:\agent\UAV\data\IR-image\1734763692800.jpg,116.17472003061839,38.8119952261644,483.54,116.1766773,38.8121164,571.53,498.3305294462697,-13.96774737907347,-34.446671476017514,219.349699607871,0.1799101123529576,1.011248467031118,0.5818181818181818,220,128,orb,-99.34233382874201,scheme_d_local_map,NA,True,170.11984796265529,87.98999999999995
1734763693000,F:\agent\UAV\data\IR-image\1734763693000.jpg,116.17476161129692,38.811984628602914,483.54,116.1767331,38.8121162,572.09,501.9372850787183,-15.147467923648037,-32.82267390496298,229.8766860719462,0.04414699910014217,1.0138440576544414,0.6188524590163934,244,151,orb,-99.34233382874201,scheme_d_local_map,NA,True,171.44282423559437,88.55000000000001
1734763693200,F:\agent\UAV\data\IR-image\1734763693200.jpg,116.1747890299434,38.81197174321998,483.54,116.1767887,38.812116,572.66,504.31560984801285,-16.581868751966816,-29.933568005076324,237.11739474181798,0.07317449527526075,1.01477555787522,0.6215139442231076,251,156,orb,-99.34233382874201,scheme_d_local_map,NA,True,174.0001627077852,89.11999999999995
1734763693400,F:\agent\UAV\data\IR-image\1734763693400.jpg,116.17482653724005,38.8119676013844,483.54,116.1768444,38.8121158,573.23,507.56903567684833,-17.042937888363358,-30.13898839463411,246.33832879994634,-0.10004793849135821,1.015167172280156,0.6196581196581197,234,145,orb,-99.34233382874201,scheme_d_local_map,NA,True,175.61039070238357,89.69
1734763693600,F:\agent\UAV\data\IR-image\1734763693600.jpg,116.17485132342452,38.81200254895876,483.54,116.1769001,38.8121158,573.77,509.719017678413,-13.152573911261639,-41.893569141885735,250.52038442404046,0.6586386888327473,1.0144921250526697,0.5401069518716578,187,101,orb,-99.34233382874201,scheme_d_local_map,NA,True,177.9600694895443,90.22999999999996
1734763693800,F:\agent\UAV\data\IR-image\1734763693800.jpg,116.17489315556949,38.81200127264658,483.54,116.1769557,38.8121157,574.31,513.3475857978857,-13.294652982276407,-43.15341332715286,260.6349835432354,-0.13316279217671692,1.0144810810850582,0.6836158192090396,177,121,orb,-99.34233382874201,scheme_d_local_map,NA,True,179.15924291134823,90.76999999999992
1734763694000,F:\agent\UAV\data\IR-image\1734763694000.jpg,116.1749347580979,38.81202952268885,483.54,116.1770114,38.8121157,574.84,516.9562367157962,-10.149858276854868,-53.507669717085264,269.1967583040962,0.15855829268809232,1.013959936312891,0.6302083333333334,192,121,orb,-99.34233382874201,scheme_d_local_map,NA,True,180.18326784595791,91.30000000000001
1734763694200,F:\agent\UAV\data\IR-image\1734763694200.jpg,116.17497343287847,38.81200436119346,483.54,116.1770672,38.8121157,575.37,520.3109314350561,-12.950835944166919,-47.278507289027914,279.76434861197015,-0.8248874358348763,1.017832691689604,0.5408805031446541,159,86,orb,-99.34233382874201,scheme_d_local_map,NA,True,181.83405911641455,91.82999999999998
1734763694400,F:\agent\UAV\data\IR-image\1734763694400.jpg,116.17503291857071,38.812014780996776,483.54,116.1771229,38.8121157,575.89,525.4707884438101,-11.790903439267687,-5.563689783469272,13.762471976335235,-0.1047695819963456,1.0000783666798183,0.9296482412060302,796,740,orb,-99.34233382874201,scheme_d_local_map,NA,True,181.43145512323585,92.34999999999997
1734763694600,F:\agent\UAV\data\IR-image\1734763694600.jpg,116.17505537435116,38.81199072569431,483.54,116.1771785,38.8121158,576.43,527.4186285356723,-14.468739709406215,0.9654460488271184,20.37745918197237,-0.26826780999602584,1.0027735268310942,0.8372093023255814,688,576,orb,-99.34233382874201,scheme_d_local_map,NA,True,184.4808431861225,92.88999999999993
1734763694800,F:\agent\UAV\data\IR-image\1734763694800.jpg,116.17510597062365,38.81197785346728,483.54,116.1772341,38.8121158,577.01,531.8074071041754,-15.901676022018787,2.93443452328421,33.18575238404958,-0.13164743251529132,1.0008776498070775,0.767515923566879,628,482,orb,-99.34233382874201,scheme_d_local_map,NA,True,185.02632909873836,93.46999999999997
1734763695000,F:\agent\UAV\data\IR-image\1734763695000.jpg,116.17513395260322,38.81195696143199,483.54,116.1772897,38.8121159,577.59,534.2345960297762,-18.22737739148201,8.269865386515107,40.96791781315113,-0.07247662165164385,1.0023450268280827,0.9375,768,720,orb,-99.34233382874201,scheme_d_local_map,NA,True,187.6166281043931,94.05000000000001
1734763695200,F:\agent\UAV\data\IR-image\1734763695200.jpg,116.17516296676436,38.81192275724414,483.54,116.1773453,38.8121159,578.2,536.7513175660011,-22.034987582382822,17.668868447936802,49.67328741782933,0.09853576493859187,1.0059476474911833,0.8066429418742586,843,680,orb,-99.34233382874201,scheme_d_local_map,NA,True,190.30167835247101,94.66000000000003
1734763695400,F:\agent\UAV\data\IR-image\1734763695400.jpg,116.17520172811946,38.811912184290556,483.54,116.1774008,38.812116,578.81,540.1135218587611,-23.21196877571247,19.396708546317143,59.52170426715168,0.18884388836728772,1.0052414431159133,0.8832298136645963,805,711,orb,-99.34233382874201,scheme_d_local_map,NA,True,191.87935048556025,95.26999999999992
1734763695600,F:\agent\UAV\data\IR-image\1734763695600.jpg,116.17522596350067,38.81191562323981,483.54,116.1774563,38.8121161,579.41,542.2157265556796,-22.829144944559708,17.378553379337973,65.16964061892935,-0.11872704924594055,1.0038546426326824,0.7963525835866262,658,524,orb,-99.34233382874201,scheme_d_local_map,NA,True,194.52664057038317,95.86999999999995
1734763695800,F:\agent\UAV\data\IR-image\1734763695800.jpg,116.17526514189903,38.81190739442449,483.54,116.1775117,38.8121163,580.0,545.6141056583456,-23.745176666199402,18.36717195636595,74.9993476414171,-0.0973184994311068,1.0082986961138334,0.7539797395079595,691,521,orb,-99.34233382874201,scheme_d_local_map,NA,True,196.0318123964585,96.45999999999998
1734763696000,F:\agent\UAV\data\IR-image\1734763696000.jpg,116.17529656691015,38.81191029442334,483.54,116.1775672,38.8121164,580.57,548.3399470803084,-23.422348793577058,16.23102511030521,82.40187607237033,-0.12320990676958969,1.0078153856511083,0.856508875739645,676,579,orb,-99.34233382874201,scheme_d_local_map,NA,True,198.06695085548685,97.03000000000003
1734763696200,F:\agent\UAV\data\IR-image\1734763696200.jpg,116.17533366553585,38.81191101928723,483.54,116.1776227,38.8121165,581.15,551.5579243228686,-23.34165694544436,14.541268933926688,91.27777713838634,0.01907924949337718,1.0056778473250156,0.7728571428571429,700,541,orb,-99.34233382874201,scheme_d_local_map,NA,True,199.64272963771288,97.60999999999996
1734763696400,F:\agent\UAV\data\IR-image\1734763696400.jpg,116.1753603823022,38.81190951569042,483.54,116.1776782,38.8121165,581.74,553.875367206297,-23.50903734286719,13.948913429578056,97.77254776751977,-0.15616942691958344,1.0072367472858137,0.785472972972973,592,465,orb,-99.34233382874201,scheme_d_local_map,NA,True,202.13940786504898,98.19999999999999
1734763696600,F:\agent\UAV\data\IR-image\1734763696600.jpg,116.17539663966787,38.81190142628703,483.54,116.1777337,38.8121165,582.35,557.0203725909817,-24.40954972773475,15.00999836443134,106.89342709450159,-0.579272622596404,1.006612465569955,0.764808362369338,574,439,orb,-99.34233382874201,scheme_d_local_map,NA,True,203.89946653450218,98.81
1734763696800,F:\agent\UAV\data\IR-image\1734763696800.jpg,116.17544224021309,38.811912624415484,483.54,116.1777892,38.8121165,582.96,560.9758160603772,-23.162974068371245,9.755127239339402,117.28061716146112,-1.105520740945273,1.0090982757757407,0.7299813780260708,537,392,orb,-99.34233382874201,scheme_d_local_map,NA,True,204.6095823720674,99.42000000000002
1734763697000,F:\agent\UAV\data\IR-image\1734763697000.jpg,116.17547512611672,38.81190427498722,483.54,116.1778448,38.8121165,583.56,563.8283769703121,-24.09243242288624,11.029634384773715,125.6047170728267,-1.3639254187308458,1.0111696754287407,0.7445972495088409,509,379,orb,-99.34233382874201,scheme_d_local_map,NA,True,206.6695822465548,100.01999999999992
1734763697200,F:\agent\UAV\data\IR-image\1734763697200.jpg,116.17550643657428,38.811892955594125,483.54,116.1779005,38.8121164,584.16,566.5442818849627,-25.352507262143334,13.282100391332676,133.70097287599913,-1.2211854840734926,1.0069864703287246,0.7112403100775194,516,367,orb,-99.34233382874201,scheme_d_local_map,NA,True,208.91381718371076,100.61999999999995
1734763697400,F:\agent\UAV\data\IR-image\1734763697400.jpg,116.17554717443574,38.81190449803439,483.54,116.1779562,38.8121162,584.77,570.0779306014128,-24.067602812044548,8.113262310663742,142.90247495142222,-0.8722734096446385,1.0077705671875297,0.7067961165048544,515,364,orb,-99.34233382874201,scheme_d_local_map,NA,True,210.0507018938365,101.22999999999996
1734763697600,F:\agent\UAV\data\IR-image\1734763697600.jpg,116.17559119728715,38.81194827917857,483.54,116.1780119,38.8121158,585.36,573.8965231040313,-19.193885841441503,-7.1251619870091645,151.25793258961642,-0.9094823994593851,1.0089707265784353,0.7006651884700665,451,316,orb,-99.34233382874201,scheme_d_local_map,NA,True,210.56471119019895,101.82
1734763697800,F:\agent\UAV\data\IR-image\1734763697800.jpg,116.17562205181514,38.811971538128205,483.54,116.1780678,38.8121156,585.94,576.5728801665194,-16.60469956814389,-15.515779157258123,157.49074279972308,-0.7084595991341515,1.0100443602967826,0.7686915887850467,428,329,orb,-99.34233382874201,scheme_d_local_map,NA,True,212.513764044824,102.40000000000003
1734763698000,F:\agent\UAV\data\IR-image\1734763698000.jpg,116.17565922428763,38.81193983677783,483.54,116.1781236,38.8121156,586.53,579.7972629641919,-20.1336938915614,-7.210889456164239,168.02913484254663,-0.7214004403544376,1.0090006553856634,0.6943127962085308,422,293,orb,-99.34233382874201,scheme_d_local_map,NA,True,214.41574636912355,102.98999999999995
1734763698200,F:\agent\UAV\data\IR-image\1734763698200.jpg,116.1756865379936,38.811927490691374,483.54,116.1781797,38.8121155,587.11,582.166485073157,-21.508060236007452,-4.483910400988293,175.21727768458322,-0.2152902216871514,1.010958641763024,0.7236533957845434,427,309,orb,-99.34233382874201,scheme_d_local_map,NA,True,217.02659419486127,103.57
1734763698400,F:\agent\UAV\data\IR-image\1734763698400.jpg,116.17571186674056,38.81188566464745,483.54,116.1782358,38.8121154,587.69,584.3635295663166,-26.164135446402838,7.410703676777132,183.42385623378323,-0.04184710420834094,1.0144016822616544,0.6229946524064172,374,233,orb,-99.34233382874201,scheme_d_local_map,NA,True,220.17053801501055,104.15000000000003
1734763698600,F:\agent\UAV\data\IR-image\1734763698600.jpg,116.17574655859218,38.81187490938139,483.54,116.1782921,38.8121153,588.27,587.3727404715695,-27.36141166414515,9.355594952411536,192.303852622875,-0.10639768527597775,1.0098533002544425,0.7150395778364116,379,271,orb,-99.34233382874201,scheme_d_local_map,NA,True,222.169666615061,104.72999999999996
1734763698800,F:\agent\UAV\data\IR-image\1734763698800.jpg,116.17579135239912,38.811877635977396,483.54,116.1783485,38.8121151,588.86,591.2582065387869,-27.057886996048353,6.744529420879871,202.92693005692234,0.34317256260845713,1.0081307077565864,0.6620498614958449,361,239,orb,-99.34233382874201,scheme_d_local_map,NA,True,223.12925301896087,105.32
1734763699000,F:\agent\UAV\data\IR-image\1734763699000.jpg,116.17583409847613,38.811899273445356,483.54,116.178405,38.8121148,589.48,594.9660501710533,-24.64920406308167,-1.6161526173186758,212.09884242481917,1.0361351324237313,1.0089142115857401,0.6875,336,231,orb,-99.34233382874201,scheme_d_local_map,NA,True,224.03853563122846,105.94
1734763699200,F:\agent\UAV\data\IR-image\1734763699200.jpg,116.17586792172047,38.81190965012746,483.54,116.1784617,38.8121144,590.12,597.8999170861862,-23.494071811081863,-6.1522772598514734,219.69828986017023,1.397867574217691,1.0090221688199854,0.6221498371335505,307,191,orb,-99.34233382874201,scheme_d_local_map,NA,True,225.88545515618318,106.57999999999998
1734763699400,F:\agent\UAV\data\IR-image\1734763699400.jpg,116.17591237013335,38.81191926248578,483.54,116.1785184,38.8121142,590.75,601.7554232778768,-22.42402408337812,-10.872691614128371,229.8891234945495,1.4981150531857417,1.0111429298305852,0.6237288135593221,295,184,orb,-99.34233382874201,scheme_d_local_map,NA,True,226.8347236520062,107.20999999999998
1734763699600,F:\agent\UAV\data\IR-image\1734763699600.jpg,116.17595036218154,38.811933529366755,483.54,116.1785753,38.812114,591.38,605.0508970091339,-20.835834892912036,-16.772997855525944,238.29277301945933,1.5128564898746888,1.0104398900499953,0.6363636363636364,264,168,orb,-99.34233382874201,scheme_d_local_map,NA,True,228.31850990501437,107.83999999999997
1734763699800,F:\agent\UAV\data\IR-image\1734763699800.jpg,116.17597765656592,38.8119258876902,483.54,116.1786322,38.8121139,592.04,607.4184431414869,-21.68650632658751,-15.49570635498668,245.23765294022405,1.377592338892169,1.0129665894250002,0.5758620689655173,290,167,orb,-99.34233382874201,scheme_d_local_map,NA,True,230.94825348471502,108.49999999999994
1734763700000,F:\agent\UAV\data\IR-image\1734763700000.jpg,116.17602302900049,38.81190526884076,483.54,116.1786892,38.8121138,592.71,611.3541000321464,-23.981796646398244,-10.931835327714111,257.1838887586431,0.600021348636114,1.0087672322280927,0.5826086956521739,230,134,orb,-99.34233382874201,scheme_d_local_map,NA,True,232.16838935081805,109.17000000000002
1734763700200,F:\agent\UAV\data\IR-image\1734763700200.jpg,116.17606376251294,38.81190569279114,483.54,116.1787463,38.8121137,593.34,614.8873715100715,-23.934602489771024,-12.672478146215042,266.9483074531498,0.696704955009416,1.0099635936993878,0.5549738219895288,191,106,orb,-99.34233382874201,scheme_d_local_map,NA,True,233.57362216222919,109.80000000000001
1734763700400,F:\agent\UAV\data\IR-image\1734763700400.jpg,116.17609962834456,38.81190331234982,483.54,116.1788036,38.8121135,593.97,617.9984147839046,-24.19959321782324,-0.6836123377352123,8.737241395348121,0.016753404660075626,0.999995497922411,0.9540983606557377,915,873,orb,-99.34233382874201,scheme_d_local_map,NA,True,235.44565522797492,110.43
1734763700600,F:\agent\UAV\data\IR-image\1734763700600.jpg,116.17611879146015,38.81186506463158,483.54,116.1788608,38.8121133,594.66,619.6606453573513,-28.45732921203943,10.351429251672016,15.281070119137212,0.1518953907011963,1.000806763309234,0.8261421319796954,788,651,orb,-99.34233382874201,scheme_d_local_map,NA,True,239.1765917845884,111.11999999999995
1734763700800,F:\agent\UAV\data\IR-image\1734763700800.jpg,116.17619450551427,38.81193668288739,483.54,116.1789181,38.812113,595.35,626.2281690464037,-20.484784975684253,-14.722207329568846,29.838125434354822,0.2626934420288946,1.0004606220495929,0.7164750957854407,522,374,orb,-99.34233382874201,scheme_d_local_map,NA,True,236.79593152011037,111.81
1734763701000,F:\agent\UAV\data\IR-image\1734763701000.jpg,116.1762162647355,38.811964472128345,483.54,116.1789755,38.8121128,595.96,628.1155887927939,-17.39128667296508,-24.150113442520933,33.656066742687415,0.6844457513310056,1.0032595385038467,0.8723684210526316,760,663,orb,-99.34233382874201,scheme_d_local_map,NA,True,239.63917665288614,112.42000000000002
1734763701200,F:\agent\UAV\data\IR-image\1734763701200.jpg,116.17625255056545,38.81195266978234,483.54,116.1790329,38.8121126,596.6,631.2630632017735,-18.70512382975456,-21.945388875597246,42.97211541324333,0.7260642537014566,1.0032530880791344,0.8922413793103449,696,621,orb,-99.34233382874201,scheme_d_local_map,NA,True,241.55585745379742,113.06
1734763701400,F:\agent\UAV\data\IR-image\1734763701400.jpg,116.17628117365275,38.81193459204282,483.54,116.1790903,38.8121126,597.28,633.7458625456144,-20.717537793888848,-17.5029930670392,50.765553107086305,0.6599224982396357,1.0026386736451864,0.9210884353741496,735,677,orb,-99.34233382874201,scheme_d_local_map,NA,True,244.1972458558408,113.73999999999995
1734763701600,F:\agent\UAV\data\IR-image\1734763701600.jpg,116.17632708608414,38.81192349959873,483.54,116.1791477,38.8121127,598.01,637.7283593781658,-21.952348669718955,-15.897620697888499,62.35831275396754,0.7966590065188424,1.0027307616390708,0.8557692307692307,728,623,orb,-99.34233382874201,scheme_d_local_map,NA,True,245.29293698466302,114.46999999999997
1734763701800,F:\agent\UAV\data\IR-image\1734763701800.jpg,116.17635854444006,38.811886869667035,483.54,116.1792051,38.8121126,598.79,640.4570931656646,-26.029992666101442,-5.847321879153753,71.77392255834854,0.9025191895074121,1.0023466281162094,0.8598639455782313,735,632,orb,-99.34233382874201,scheme_d_local_map,NA,True,247.91074895007029,115.24999999999994
1734763702000,F:\agent\UAV\data\IR-image\1734763702000.jpg,116.17640259387466,38.811878272920346,483.54,116.1792625,38.8121126,599.61,644.2779915254405,-26.98698250699231,-4.937784148409037,82.792522245648,0.8606781919780474,1.0036324973065605,0.8168067226890756,595,486,orb,-99.34233382874201,scheme_d_local_map,NA,True,249.15974409238746,116.07
1734763702200,F:\agent\UAV\data\IR-image\1734763702200.jpg,116.17644636459396,38.811857840262654,483.54,116.1793199,38.8121126,600.4,648.0747138004604,-29.261545961305547,-0.368013851978958,94.34451373623091,1.1273922225433994,1.0036923312444572,0.8438061041292639,557,470,orb,-99.34233382874201,scheme_d_local_map,NA,True,250.58090082842574,116.85999999999996
1734763702400,F:\agent\UAV\data\IR-image\1734763702400.jpg,116.17650736316389,38.811891432162184,483.54,116.1793776,38.8121126,601.04,653.3657995538005,-25.522095705775467,-13.13585725750869,107.29508866348442,1.359294140773307,1.0060765889184482,0.7354709418837675,499,367,orb,-99.34233382874201,scheme_d_local_map,NA,True,249.90168726436647,117.49999999999994
1734763702600,F:\agent\UAV\data\IR-image\1734763702600.jpg,116.17652634454915,38.811868378855465,483.54,116.1794354,38.8121127,601.61,655.0122666287713,-28.088389810154272,-6.778333790955571,113.02455424741112,1.130532241760998,1.0021897453461148,0.7251356238698011,553,401,orb,-99.34233382874201,scheme_d_local_map,NA,True,253.51197652473638,118.07
1734763702800,F:\agent\UAV\data\IR-image\1734763702800.jpg,116.17655819868475,38.811825073703595,483.54,116.179493,38.8121129,602.28,657.7753307994982,-32.90911931616534,5.314408640643364,122.87383332896354,0.7565201792322236,1.0038783708944479,0.6236559139784946,465,290,orb,-99.34233382874201,scheme_d_local_map,NA,True,256.2891015833097,118.73999999999995
1734763703000,F:\agent\UAV\data\IR-image\1734763703000.jpg,116.17658891201354,38.811819204086675,483.54,116.1795505,38.8121127,602.97,660.4394400820795,-33.56252507169736,5.910214707569935,130.5502052476213,2.2385538241965133,1.006340761727834,0.7087378640776699,412,292,orb,-99.34233382874201,scheme_d_local_map,NA,True,258.6707937894207,119.43
1734763703200,F:\agent\UAV\data\IR-image\1734763703200.jpg,116.176626946296,38.81182559300948,483.54,116.1796079,38.8121123,603.69,663.7385772624618,-32.85131018506547,2.4371504335310874,139.3635936919914,2.468791422826833,1.0044374111835592,0.6266318537859008,383,240,orb,-99.34233382874201,scheme_d_local_map,NA,True,260.2418293477161,120.15000000000003
1734763703400,F:\agent\UAV\data\IR-image\1734763703400.jpg,116.17667191497696,38.81186258071906,483.54,116.1796651,38.8121122,604.39,667.6392121028634,-28.733838354809006,-10.74412259366784,148.29086215839902,3.2404821078712494,1.003610014513852,0.6863905325443787,338,232,orb,-99.34233382874201,scheme_d_local_map,NA,True,260.82253741124134,120.84999999999997
1734763703600,F:\agent\UAV\data\IR-image\1734763703600.jpg,116.17669995364896,38.8118746740865,483.54,116.1797222,38.812112,605.12,670.0713185948684,-27.387604690392532,-15.580904490971818,154.41353405473245,2.7103510501602948,1.0037140603260297,0.5395894428152492,341,184,orb,-99.34233382874201,scheme_d_local_map,NA,True,263.18576529027365,121.57999999999998
1734763703800,F:\agent\UAV\data\IR-image\1734763703800.jpg,116.17674598679537,38.81188428851881,483.54,116.179779,38.8121118,605.85,674.0642863866271,-26.317326085798292,-20.364592531637697,164.98498290646722,3.0987361023258675,1.004536218664118,0.6525974025974026,308,201,orb,-99.34233382874201,scheme_d_local_map,NA,True,264.00713796938135,122.31
1734763704000,F:\agent\UAV\data\IR-image\1734763704000.jpg,116.1767889226071,38.811928309915125,483.54,116.1798355,38.8121116,606.59,677.7885878240279,-21.416864248351285,-35.63412710139306,173.06710109612987,3.092520689504076,1.0046333320125806,0.6451612903225806,279,180,orb,-99.34233382874201,scheme_d_local_map,NA,True,264.75307295285444,123.05000000000001
1734763704200,F:\agent\UAV\data\IR-image\1734763704200.jpg,116.1768144335565,38.8118954316363,483.54,116.1798915,38.8121112,607.4,680.0014367660006,-25.076874247392368,-26.505465560418713,180.86359632360842,3.2484913963748103,1.0044834939755471,0.6710097719869706,307,206,orb,-99.34233382874201,scheme_d_local_map,NA,True,267.6865577515059,123.85999999999996
1734763704400,F:\agent\UAV\data\IR-image\1734763704400.jpg,116.17684725398267,38.811917002435145,483.54,116.1799472,38.8121108,608.21,682.8483180857795,-22.675612920117526,-34.45329575126419,187.65432672403347,2.6835171573700856,1.0070542823127504,0.5348837209302325,258,138,orb,-99.34233382874201,scheme_d_local_map,NA,True,269.45459871518693,124.67000000000002
1734763704600,F:\agent\UAV\data\IR-image\1734763704600.jpg,116.17690660221317,38.811931053792044,483.54,116.1800025,38.8121105,609.02,687.9962515059516,-21.11141586962041,-41.1312235552403,201.19957181291898,2.7253057111508143,1.007504686982729,0.594017094017094,234,139,orb,-99.34233382874201,scheme_d_local_map,NA,True,268.9818584487698,125.47999999999996
1734763704800,F:\agent\UAV\data\IR-image\1734763704800.jpg,116.17695636318786,38.811934260072064,483.54,116.1800576,38.8121101,609.75,692.3125753886708,-20.754492777600888,-44.086503916816014,212.99164333067813,3.22630561676411,1.006452016775665,0.7209302325581395,215,155,orb,-99.34233382874201,scheme_d_local_map,NA,True,269.4137757220486,126.20999999999998
1734763705000,F:\agent\UAV\data\IR-image\1734763705000.jpg,116.17698445092157,38.811935911303614,483.54,116.1801124,38.8121096,610.47,694.7489375496889,-20.570677681631288,-45.705733200566726,219.65575677694068,3.327031595145959,1.0075070718598234,0.6989247311827957,186,130,orb,-99.34233382874201,scheme_d_local_map,NA,True,271.70506984870195,126.93
1734763705200,F:\agent\UAV\data\IR-image\1734763705200.jpg,116.17700536066168,38.81194765051165,483.54,116.1801668,38.8121092,611.23,696.5626723328082,-19.263869043504066,-50.15156116299261,224.08371991280478,3.8937238110514443,1.0058525813912491,0.7430167597765364,179,133,orb,-99.34233382874201,scheme_d_local_map,NA,True,274.50787893393124,127.69
1734763705400,F:\agent\UAV\data\IR-image\1734763705400.jpg,116.17704609377235,38.811952571082784,483.54,116.180221,38.8121089,611.97,700.0959089593001,-18.71611106429804,-53.27857431231661,233.61996068397394,4.277752628937773,1.004757061844804,0.7142857142857143,161,115,orb,-99.34233382874201,scheme_d_local_map,NA,True,275.63498536510895,128.43
1734763705600,F:\agent\UAV\data\IR-image\1734763705600.jpg,116.17709426920024,38.81196206307959,483.54,116.1802749,38.8121086,612.66,704.2747006985331,-17.659461979834774,-58.10918385574354,244.71228696762677,4.083976111770985,1.0061698357093378,0.7181208053691275,149,107,orb,-99.34233382874201,scheme_d_local_map,NA,True,276.06357630628423,129.11999999999995
1734763705800,F:\agent\UAV\data\IR-image\1734763705800.jpg,116.17712013729438,38.811943838510814,483.54,116.1803286,38.8121084,613.35,706.518528782649,-19.688220976449884,-53.512631028740316,251.85130569099925,3.8297722612179586,1.0049806941082822,0.7154471544715447,123,88,orb,-99.34233382874201,scheme_d_local_map,NA,True,278.5953687639093,129.81
1734763706000,F:\agent\UAV\data\IR-image\1734763706000.jpg,116.17712013729438,38.811943838510814,483.54,116.1803819,38.8121083,614.08,706.518528782649,-19.688220976449884,-53.512631028740316,251.85130569099925,3.8297722612179586,1.0049806941082822,0.7154471544715447,123,88,orb,-99.34233382874201,scheme_d_local_map,NA,True,283.20296211028415,130.54000000000002
1734763706200,F:\agent\UAV\data\IR-image\1734763706200.jpg,116.17712013729438,38.811943838510814,483.54,116.180435,38.812108,614.75,706.518528782649,-19.688220976449884,-53.512631028740316,251.85130569099925,3.8297722612179586,1.0049806941082822,0.7154471544715447,123,88,orb,-99.34233382874201,scheme_d_local_map,NA,True,287.7921885304898,131.20999999999998
1734763706400,F:\agent\UAV\data\IR-image\1734763706400.jpg,116.17712013729438,38.811943838510814,483.54,116.180488,38.8121077,615.34,706.518528782649,-19.688220976449884,0.0,0.0,0.0,1.0,1.0,1500,1500,orb,-99.34233382874201,scheme_d_local_map,NA,True,292.3731347730258,131.8
1734763706600,F:\agent\UAV\data\IR-image\1734763706600.jpg,116.17712013729438,38.811943838510814,483.54,116.1805407,38.8121075,615.98,706.518528782649,-19.688220976449884,0.0,0.0,0.0,1.0,1.0,1500,1500,orb,-99.34233382874201,scheme_d_local_map,NA,True,296.92916691690743,132.44
1734763706800,F:\agent\UAV\data\IR-image\1734763706800.jpg,116.17712013729438,38.811943838510814,483.54,116.1805932,38.8121074,616.62,706.518528782649,-19.688220976449884,0.0,0.0,0.0,1.0,1.0,1500,1500,orb,-99.34233382874201,scheme_d_local_map,NA,True,301.4688795501492,133.07999999999998
1734763707000,F:\agent\UAV\data\IR-image\1734763707000.jpg,116.17712013729438,38.811943838510814,483.54,116.1806455,38.8121073,617.18,706.518528782649,-19.688220976449884,0.0,0.0,0.0,1.0,1.0,1500,1500,orb,-99.34233382874201,scheme_d_local_map,NA,True,305.9915644845112,133.63999999999993
1734763707200,F:\agent\UAV\data\IR-image\1734763707200.jpg,116.17712013729438,38.811943838510814,483.54,116.1806975,38.8121071,617.74,706.518528782649,-19.688220976449884,0.0,0.0,0.0,1.0,1.0,1500,1500,orb,-99.34233382874201,scheme_d_local_map,NA,True,310.48790741368254,134.2
1734763707400,F:\agent\UAV\data\IR-image\1734763707400.jpg,116.17712013729438,38.811943838510814,483.54,116.1807493,38.812107,618.32,706.518528782649,-19.688220976449884,0.0,0.0,0.0,1.0,1.0,1500,1500,orb,-99.34233382874201,scheme_d_local_map,NA,True,314.967853216059,134.78000000000003
1734763707600,F:\agent\UAV\data\IR-image\1734763707600.jpg,116.17712013729438,38.811943838510814,483.54,116.180801,38.8121069,618.87,706.518528782649,-19.688220976449884,0.0,0.0,0.0,1.0,1.0,1500,1500,orb,-99.34233382874201,scheme_d_local_map,NA,True,319.43937946154176,135.32999999999998
1734763707800,F:\agent\UAV\data\IR-image\1734763707800.jpg,116.17712013729438,38.811943838510814,483.54,116.1808524,38.8121067,619.42,706.518528782649,-19.688220976449884,0.0,0.0,0.0,1.0,1.0,1500,1500,orb,-99.34233382874201,scheme_d_local_map,NA,True,323.8845520351876,135.87999999999994
1734763708000,F:\agent\UAV\data\IR-image\1734763708000.jpg,116.17712013729438,38.811943838510814,483.54,116.1809036,38.8121066,620.01,706.518528782649,-19.688220976449884,0.0,0.0,0.0,1.0,1.0,1500,1500,orb,-99.34233382874201,scheme_d_local_map,NA,True,328.3132618485687,136.46999999999997
1734763708200,F:\agent\UAV\data\IR-image\1734763708200.jpg,116.17750026173466,38.811940077382076,483.54,116.1809546,38.8121065,620.6,739.4909576811134,-20.10690982727867,-13.86423246395367,91.51283779336222,1.7626386989899725,1.0066184652860182,0.8623024830699775,443,382,orb,-99.34233382874201,scheme_d_local_map,NA,True,299.8689663726506,137.06
1734763708400,F:\agent\UAV\data\IR-image\1734763708400.jpg,116.17753585072245,38.81193445810852,483.54,116.1810054,38.8121065,621.15,742.5779872040769,-20.732447359709802,-13.53831477772735,100.3478523068946,1.945776186068717,1.009570530668986,0.8620689655172413,435,375,orb,-99.34233382874201,scheme_d_local_map,NA,True,301.2234557852301,137.60999999999996
1734763708600,F:\agent\UAV\data\IR-image\1734763708600.jpg,116.17758914948759,38.81198511265456,483.54,116.1810561,38.8121066,621.66,747.2011830779322,-15.093583294540984,-31.26254485293208,110.5831405647346,1.7954127978313854,1.0097458469199647,0.722488038277512,209,151,orb,-99.34233382874201,scheme_d_local_map,NA,True,300.69370096674146,138.11999999999995
1734763708800,F:\agent\UAV\data\IR-image\1734763708800.jpg,116.17757733664219,38.81196913347482,483.54,116.1811066,38.8121069,622.18,746.1765233502391,-16.872385583022613,-25.86900128261368,108.55570198369003,2.235915979068717,1.0057858752892426,0.772189349112426,338,261,orb,-99.34233382874201,scheme_d_local_map,NA,True,306.17263739003954,138.63999999999993
1734763709000,F:\agent\UAV\data\IR-image\1734763709000.jpg,116.17760433792486,38.811939991234176,483.54,116.181157,38.8121072,622.78,748.5186455053051,-20.116499811831623,-17.951128353817353,116.52073618250284,2.4597296215608453,1.0067581548700881,0.7415384615384616,325,241,orb,-99.34233382874201,scheme_d_local_map,NA,True,308.37759480958385,139.23999999999995
1734763709200,F:\agent\UAV\data\IR-image\1734763709200.jpg,116.17764569931693,38.811919284296636,483.54,116.1812075,38.8121075,623.34,752.1063799799722,-22.421596098936,-13.201567741387692,127.50781702487598,3.1847843154597313,1.0067926090232076,0.8512396694214877,363,309,orb,-99.34233382874201,scheme_d_local_map,NA,True,309.3172698870326,139.8
1734763709400,F:\agent\UAV\data\IR-image\1734763709400.jpg,116.17766673683028,38.81187429024914,483.54,116.1812579,38.8121078,623.93,753.9311979600584,-27.430333465323393,-0.16059855882463125,134.84414884799287,4.020203055130797,1.005534008450879,0.8309859154929577,355,295,orb,-99.34233382874201,scheme_d_local_map,NA,True,312.23410440738854,140.38999999999993
1734763709600,F:\agent\UAV\data\IR-image\1734763709600.jpg,116.17768837147776,38.81182175715944,483.54,116.1813082,38.8121082,624.56,755.8078120371646,-33.27831701060036,15.181187326411077,142.70633936044499,4.46879595804745,1.0079458369038352,0.6395939086294417,197,126,orb,-99.34233382874201,scheme_d_local_map,NA,True,315.2495577328798,141.01999999999992
1734763709800,F:\agent\UAV\data\IR-image\1734763709800.jpg,116.17771197865574,38.811801144085315,483.54,116.1813585,38.8121086,625.16,757.8555256665361,-35.57296442292687,20.603517153965072,149.42334161968313,4.84245045785783,1.009199034373867,0.734982332155477,283,208,orb,-99.34233382874201,scheme_d_local_map,NA,True,317.79349101362925,141.61999999999995
1734763710000,F:\agent\UAV\data\IR-image\1734763710000.jpg,116.17772040337294,38.81175542669085,483.54,116.1814088,38.8121091,625.8,758.5862952767411,-40.66222477479862,34.36600879006909,153.76623342300024,4.273974029128151,1.0026078867324602,0.7903225806451613,310,245,orb,-99.34233382874201,scheme_d_local_map,NA,True,321.98821945987703,142.25999999999993
1734763710200,F:\agent\UAV\data\IR-image\1734763710200.jpg,116.17777350940204,38.81177129419258,483.54,116.1814591,38.8121099,626.47,763.1927730063331,-38.89585448194919,27.37484575423059,165.71971613747291,3.0400356134956183,1.0079771094255499,0.7793594306049823,281,219,orb,-99.34233382874201,scheme_d_local_map,NA,True,321.5463920299674,142.93
1734763710400,F:\agent\UAV\data\IR-image\1734763710400.jpg,116.17781704883735,38.81170657325921,483.54,116.1815096,38.8121108,627.03,766.96943344469,-46.10058878547785,45.60860115240138,179.46257071486707,1.5978842568040015,1.010381359604157,0.6993464052287581,153,107,orb,-99.34233382874201,scheme_d_local_map,NA,True,323.0795843761574,143.48999999999995
1734763710600,F:\agent\UAV\data\IR-image\1734763710600.jpg,116.17783838287934,38.811699378474124,483.54,116.1815603,38.8121115,627.57,768.8199726571722,-46.90151226051745,46.983681934771255,184.95285520606876,0.7823735142115468,1.0110350969665127,0.6567164179104478,134,88,orb,-99.34233382874201,scheme_d_local_map,NA,True,325.7217797236254,144.03000000000003
1734763710800,F:\agent\UAV\data\IR-image\1734763710800.jpg,116.1778690224468,38.811703229593185,483.54,116.181611,38.8121118,628.17,771.4776837971757,-46.47280568706658,44.5853317191565,192.11844313092263,0.05225761176294051,1.010541643285011,0.7419354838709677,155,115,orb,-99.34233382874201,scheme_d_local_map,NA,True,327.38766274179585,144.62999999999994
1734763711000,F:\agent\UAV\data\IR-image\1734763711000.jpg,116.1779095354181,38.81173064854409,483.54,116.1816619,38.812112,628.75,774.9918252827242,-43.42052807191079,34.53037834479454,200.4606152324219,0.4044119090009492,1.004101045041624,0.7051282051282052,234,165,orb,-99.34233382874201,scheme_d_local_map,NA,True,327.8737355606055,145.20999999999998
1734763711200,F:\agent\UAV\data\IR-image\1734763711200.jpg,116.17795594758616,38.81179274323822,483.54,116.1817128,38.812112,629.36,779.0176698472031,-36.508146721433896,13.551134605138998,208.46117303323388,0.5695779608955589,1.0066938632380218,0.7688888888888888,225,173,orb,-99.34233382874201,scheme_d_local_map,NA,True,327.43883103457017,145.82
1734763711400,F:\agent\UAV\data\IR-image\1734763711400.jpg,116.1779784290373,38.81184205948136,483.54,116.1817639,38.8121117,630.02,780.9677366424089,-31.01826253529645,-2.542464913018023,211.36071390010625,0.03503678395830289,1.0043381015987454,0.5735294117647058,136,78,orb,-99.34233382874201,scheme_d_local_map,NA,True,329.3558413709085,146.47999999999996
1734763711600,F:\agent\UAV\data\IR-image\1734763711600.jpg,116.17803166433472,38.8118599069812,483.54,116.181815,38.8121115,630.69,785.5854272541295,-29.031478853134942,-10.149204863427201,223.24482122818654,0.8624125933312682,1.0138882778674927,0.5309734513274337,113,60,orb,-99.34233382874201,scheme_d_local_map,NA,True,328.99483925749576,147.15000000000003
1734763711800,F:\agent\UAV\data\IR-image\1734763711800.jpg,116.17806474571171,38.81185563575946,483.54,116.1818661,38.8121115,631.36,788.4549437463265,-29.506951257166747,-10.13980535460712,231.4090239180764,-0.07766252733943829,1.0093871429028742,0.7368421052631579,171,126,orb,-99.34233382874201,scheme_d_local_map,NA,True,330.59096095414094,147.82
1734763712000,F:\agent\UAV\data\IR-image\1734763712000.jpg,116.17810338550358,38.81186550042396,483.54,116.1819173,38.8121114,632.01,791.806603506114,-28.408816804273,-14.708432971268735,240.19158197740012,0.27086765671248,1.0089526963764806,0.7933333333333333,150,119,orb,-99.34233382874201,scheme_d_local_map,NA,True,331.58197279463263,148.46999999999997
1734763712200,F:\agent\UAV\data\IR-image\1734763712200.jpg,116.17813301878189,38.8118742962427,483.54,116.1819686,38.8121111,632.64,794.3770279741664,-27.429666262884187,-18.591547821043093,246.86460720297282,0.532470736844247,1.0107992664795518,0.6885245901639344,122,84,orb,-99.34233382874201,scheme_d_local_map,NA,True,333.37147532471624,149.09999999999997
1734763712400,F:\agent\UAV\data\IR-image\1734763712400.jpg,116.17816081101012,38.811877852705194,483.54,116.1820199,38.8121108,633.3,796.7877576510278,-27.03376085782008,-2.19496563181508,6.496481722179283,0.27687819902653876,1.0022789404939951,0.9196787148594378,747,687,orb,-99.34233382874201,scheme_d_local_map,NA,True,335.3685564567775,149.75999999999993
1734763712600,F:\agent\UAV\data\IR-image\1734763712600.jpg,116.17819150576562,38.811873443265206,483.54,116.1820713,38.8121107,633.96,799.4502558653122,-27.524619717717783,-2.0486233692355995,14.094327218934552,0.23838514129367994,1.0001513936167212,0.8483033932135728,501,425,orb,-99.34233382874201,scheme_d_local_map,NA,True,337.19437379558053,150.42000000000002
1734763712800,F:\agent\UAV\data\IR-image\1734763712800.jpg,116.17821823501676,38.81185776782069,483.54,116.1821229,38.8121104,634.57,801.7687816934565,-29.269610200897635,1.727954258998352,21.31093365750945,0.6849047621477534,0.998128275287987,0.6967871485943775,498,347,orb,-99.34233382874201,scheme_d_local_map,NA,True,339.47994372155307,151.03000000000003
1734763713000,F:\agent\UAV\data\IR-image\1734763713000.jpg,116.17825110288344,38.811867948712546,483.54,116.1821746,38.8121101,635.13,804.6197780569535,-28.136273319781097,-2.7100449684881482,28.690789771087907,0.9282603035768682,1.0007664440626982,0.8483606557377049,488,414,orb,-99.34233382874201,scheme_d_local_map,NA,True,341.01204245493636,151.58999999999997
1734763713200,F:\agent\UAV\data\IR-image\1734763713200.jpg,116.17827457940744,38.811873488235186,483.54,116.1822264,38.81211,635.69,806.6561586120418,-27.51961365903003,-5.345850659894552,34.04986928032736,0.8712214997773094,0.9972491665332519,0.7546777546777547,481,363,orb,-99.34233382874201,scheme_d_local_map,NA,True,343.40988787061156,152.15000000000003
1734763713400,F:\agent\UAV\data\IR-image\1734763713400.jpg,116.17831654428548,38.81187020188785,483.54,116.1822782,38.81211,636.26,810.2962401493576,-27.88544984446778,-5.991212200366306,44.298311230311015,0.518418550114712,1.0018707567847556,0.8610421836228288,403,347,orb,-99.34233382874201,scheme_d_local_map,NA,True,344.2876620546296,152.71999999999997
1734763713600,F:\agent\UAV\data\IR-image\1734763713600.jpg,116.17833983148037,38.81185695683323,483.54,116.1823301,38.8121101,636.83,812.3161980807071,-29.35988932509272,-2.8279237920012292,50.56471303101614,0.21249697115268032,1.0044409493202306,0.8144329896907216,485,395,orb,-99.34233382874201,scheme_d_local_map,NA,True,346.8766889651973,153.29000000000002
1734763713800,F:\agent\UAV\data\IR-image\1734763713800.jpg,116.17837726991529,38.811875034647585,483.54,116.182382,38.8121101,637.44,815.5636507635955,-27.347467031113712,-9.881326184291424,58.64205971328505,-0.2554331551170357,1.009577759751078,0.8249211356466877,634,523,orb,-99.34233382874201,scheme_d_local_map,NA,True,347.96876817274153,153.90000000000003
1734763714000,F:\agent\UAV\data\IR-image\1734763714000.jpg,116.17840385667503,38.811845368567035,483.54,116.1824341,38.8121102,638.07,817.869816724078,-30.649895117864105,-1.7855609196346904,66.53407851520467,-0.8552886729939481,1.0082135449254452,0.9055258467023173,561,508,orb,-99.34233382874201,scheme_d_local_map,NA,True,350.4358043281592,154.53000000000003
1734763714200,F:\agent\UAV\data\IR-image\1734763714200.jpg,116.17842930719448,38.81183863938854,483.54,116.1824862,38.8121104,638.74,820.0774239025784,-31.398987267625092,-0.7167323838069137,72.98969913647142,-1.8031054661009847,1.0089642092930933,0.7832167832167832,286,224,orb,-99.34233382874201,scheme_d_local_map,NA,True,352.8018831599114,155.2
1734763714400,F:\agent\UAV\data\IR-image\1734763714400.jpg,116.17847167084541,38.8118552238727,483.54,116.1825385,38.8121105,639.41,823.7520954581632,-29.552802491072864,-7.5043770074853455,82.32603820076162,-2.3379148680904547,1.0083902967127085,0.7298245614035088,285,208,orb,-99.34233382874201,scheme_d_local_map,NA,True,353.5077081439163,155.86999999999995
1734763714600,F:\agent\UAV\data\IR-image\1734763714600.jpg,116.17852126943016,38.81187840146183,483.54,116.1825911,38.8121105,640.08,828.054333450904,-26.97267326902618,-16.610740316293402,93.06609513008686,-2.4399161449484374,1.0109146138047134,0.6514657980456026,307,200,orb,-99.34233382874201,scheme_d_local_map,NA,True,353.5694076378957,156.54000000000002
1734763714800,F:\agent\UAV\data\IR-image\1734763714800.jpg,116.17854454349113,38.81188268851913,483.54,116.1826438,38.8121104,640.77,830.0731521304823,-26.495438050751428,-18.852387155809424,98.44006300969824,-1.805316880755246,1.0073940447128158,0.7535714285714286,280,211,orb,-99.34233382874201,scheme_d_local_map,NA,True,356.0772036337758,157.22999999999996
1734763715000,F:\agent\UAV\data\IR-image\1734763715000.jpg,116.17858214806708,38.81189997473528,483.54,116.1826966,38.8121105,641.52,833.3350160760366,-24.571136468479565,-25.6682925630692,106.59747594740145,-1.9208392896979765,1.0112228246289638,0.746938775510204,245,183,orb,-99.34233382874201,scheme_d_local_map,NA,True,357.2601246419088,157.97999999999996
1734763715200,F:\agent\UAV\data\IR-image\1734763715200.jpg,116.1786203397563,38.81192502831984,483.54,116.1827495,38.8121106,642.29,836.6478068997579,-21.782171435068328,-34.90221722103297,114.50195545166832,-1.7825279481147471,1.011600579071047,0.8,355,284,orb,-99.34233382874201,scheme_d_local_map,NA,True,358.3612474029156,158.74999999999994
1734763715400,F:\agent\UAV\data\IR-image\1734763715400.jpg,116.17865725110103,38.81188761180367,483.54,116.1828026,38.8121107,643.07,839.849539175628,-25.94737801544825,-24.82492203863825,125.26750296236952,-1.5514438542079627,1.0079113589639863,0.7525,400,301,orb,-99.34233382874201,scheme_d_local_map,NA,True,360.02503315892307,159.53000000000003
1734763715600,F:\agent\UAV\data\IR-image\1734763715600.jpg,116.17868074064067,38.811882943426895,483.54,116.1828557,38.8121108,643.83,841.8870487211508,-26.46706171826791,-24.313969619945794,131.1474830779838,-1.3667445570831693,1.0069718087694994,0.7992277992277992,259,207,orb,-99.34233382874201,scheme_d_local_map,NA,True,362.6212189667897,160.29000000000002
1734763715800,F:\agent\UAV\data\IR-image\1734763715800.jpg,116.17871609340223,38.81185910799627,483.54,116.1829091,38.8121109,644.62,844.9535877113533,-29.12042185504495,-18.362358108039416,140.84972131205257,-1.0089871906248014,1.006053351556538,0.6807511737089202,213,145,orb,-99.34233382874201,scheme_d_local_map,NA,True,364.37599556615737,161.07999999999998
1734763716000,F:\agent\UAV\data\IR-image\1734763716000.jpg,116.17875028992259,38.81183533140236,483.54,116.1829626,38.812111,645.39,847.9198330157044,-31.76723229000065,-12.3831882567643,150.27119685033347,-1.1164139933677313,1.0203290532764875,0.6606060606060606,165,109,orb,-99.34233382874201,scheme_d_local_map,NA,True,366.25630380254375,161.84999999999997
1734763716200,F:\agent\UAV\data\IR-image\1734763716200.jpg,116.17877811739285,38.811832154211345,483.54,116.1830162,38.8121111,646.18,850.3336196264227,-32.12091719321502,-12.503444549650794,157.11769526929106,-1.0327905641296553,1.0060327932345121,0.6545454545454545,165,108,orb,-99.34233382874201,scheme_d_local_map,NA,True,368.51205244404025,162.63999999999993
1734763716400,F:\agent\UAV\data\IR-image\1734763716400.jpg,116.17881934049004,38.81184097762786,483.54,116.18307,38.8121114,647.01,853.9093582445093,-31.138694466480253,-16.853138646112313,166.5736882284698,-1.384425338423924,1.0082709206262004,0.6358024691358025,162,103,orb,-99.34233382874201,scheme_d_local_map,NA,True,369.51955523072934,163.46999999999997
1734763716600,F:\agent\UAV\data\IR-image\1734763716600.jpg,116.17883771956535,38.811835289785236,483.54,116.1831239,38.8121116,647.88,855.5035802679794,-31.77186510735576,-15.825883706707259,171.27762760347207,-0.6824443403185702,1.0034296245941061,0.6851851851851852,162,111,orb,-99.34233382874201,scheme_d_local_map,NA,True,372.6405299512869,164.33999999999997
1734763716800,F:\agent\UAV\data\IR-image\1734763716800.jpg,116.17889861996899,38.81183460068063,483.54,116.1831779,38.8121117,648.78,860.7861509635641,-31.84857623240459,-18.020418766881107,185.94344886261922,-0.6796023898793262,1.0303698267291066,0.6973684210526315,152,106,orb,-99.34233382874201,scheme_d_local_map,NA,True,372.05194837709655,165.23999999999995
1734763717000,F:\agent\UAV\data\IR-image\1734763717000.jpg,116.17891985272895,38.81182726977269,483.54,116.1832321,38.8121118,649.68,862.6279048570203,-32.66465290400045,-16.59936592349692,191.41630564026877,-0.6663741334942055,1.023439378073818,0.6666666666666666,135,90,orb,-99.34233382874201,scheme_d_local_map,NA,True,374.96745703134366,166.13999999999993
1734763717200,F:\agent\UAV\data\IR-image\1734763717200.jpg,116.17895103204549,38.811838756478934,483.54,116.1832865,38.8121119,650.58,865.332434450207,-31.385952764930153,-21.37323295286359,198.32426555398183,-0.1609766134006317,1.031879979465742,0.6016260162601627,123,74,orb,-99.34233382874201,scheme_d_local_map,NA,True,376.8680702480513,167.04000000000002
1734763717400,F:\agent\UAV\data\IR-image\1734763717400.jpg,116.1789754114009,38.81183452311289,483.54,116.1833412,38.8121121,651.48,867.4471276331241,-31.85721107312841,-21.031570537533298,204.39595229040594,-0.2912765400300596,1.0372750595838012,0.6666666666666666,108,72,orb,-99.34233382874201,scheme_d_local_map,NA,True,379.526468920046,167.94
1734763717600,F:\agent\UAV\data\IR-image\1734763717600.jpg,116.17900124314207,38.81181153426272,483.54,116.183396,38.8121123,652.35,869.6878024195009,-34.41632987413013,-14.96467028440361,211.76789539101702,-0.5851225904243808,1.041773288937343,0.6134453781512605,119,73,orb,-99.34233382874201,scheme_d_local_map,NA,True,382.24515924659846,168.81
1734763717800,F:\agent\UAV\data\IR-image\1734763717800.jpg,116.17905142845513,38.811794485477655,483.54,116.1834511,38.8121126,653.22,874.0409338977317,-36.31420062748505,-11.6917339289746,224.68930556207363,-1.6177837035373857,1.0346014250599669,0.6629213483146067,89,59,orb,-99.34233382874201,scheme_d_local_map,NA,True,382.8428190710482,169.68
1734763718000,F:\agent\UAV\data\IR-image\1734763718000.jpg,116.17909202155073,38.81179267127529,483.54,116.1835065,38.8121128,654.04,877.5620254574737,-36.51615763475634,-12.736765648362905,234.53351563008664,-1.9391661066727146,1.0371924201081684,0.6705882352941176,85,57,orb,-99.34233382874201,scheme_d_local_map,NA,True,384.1409729930357,170.49999999999994
1734763718200,F:\agent\UAV\data\IR-image\1734763718200.jpg,116.17913762254359,38.811781073106786,483.54,116.183562,38.8121129,654.85,881.5175077565549,-37.80726575278088,-10.963160520422889,246.07710627606684,-2.324935183536956,1.042930350314683,0.5595238095238095,84,47,orb,-99.34233382874201,scheme_d_local_map,NA,True,385.1174596068227,171.31
1734763718400,F:\agent\UAV\data\IR-image\1734763718400.jpg,116.17918474513623,38.811829265539664,483.54,116.1836179,38.8121129,655.64,885.6049753610996,-32.442484124809056,-16.721013819776033,8.876394247816961,-0.20125349572806464,0.9980070726251602,0.8117942283563363,797,647,orb,-99.34233382874201,scheme_d_local_map,NA,True,385.39885721493323,172.09999999999997
1734763718600,F:\agent\UAV\data\IR-image\1734763718600.jpg,116.17922063625014,38.81189731341516,483.54,116.183674,38.8121129,656.43,888.7182116481382,-24.867394624373212,-39.11989764915785,14.047384931383078,0.2631775144363957,1.0001688373563584,0.8986975397973951,691,621,orb,-99.34233382874201,scheme_d_local_map,NA,True,386.60095438700273,172.88999999999993
1734763718800,F:\agent\UAV\data\IR-image\1734763718800.jpg,116.17925186242908,38.81190393381542,483.54,116.1837303,38.8121128,657.22,891.42680613982,-24.130411667642676,-42.395250262959166,21.21343607177232,0.819633866875307,1.0007712666028843,0.9117221418234442,691,630,orb,-99.34233382874201,scheme_d_local_map,NA,True,388.72391152297246,173.68
1734763719000,F:\agent\UAV\data\IR-image\1734763719000.jpg,116.17926234763883,38.8118738743511,483.54,116.1837868,38.8121127,658.03,892.3363052303642,-27.476631235754116,-33.54180811521087,25.2571310826317,0.8821248826656043,1.002701349503687,0.8901408450704226,710,632,orb,-99.34233382874201,scheme_d_local_map,NA,True,392.91493954221085,174.48999999999995
1734763719200,F:\agent\UAV\data\IR-image\1734763719200.jpg,116.17929448997528,38.8118427837233,483.54,116.1838433,38.8121128,658.9,895.1243682726499,-30.937639922631913,-25.226406127538723,34.556092860290676,0.5500428474179477,1.0022664435562498,0.9114114114114115,666,607,orb,-99.34233382874201,scheme_d_local_map,NA,True,395.26897806275434,175.35999999999996
1734763719400,F:\agent\UAV\data\IR-image\1734763719400.jpg,116.17933131586547,38.81182802421996,483.54,116.1839,38.812113,659.77,898.3186881248243,-32.58066783361576,-22.131283716990083,44.15188240962459,0.11369681421167145,1.0051937869317547,0.9073806078147613,691,627,orb,-99.34233382874201,scheme_d_local_map,NA,True,397.1153073807625,176.22999999999996
1734763719600,F:\agent\UAV\data\IR-image\1734763719600.jpg,116.17936868125656,38.81182512732597,483.54,116.183957,38.812113,660.58,901.5598049023993,-32.90315007370599,-22.7149325918964,53.275577734810724,-0.10452309083686682,1.0035035479364747,0.9252336448598131,749,693,orb,-99.34233382874201,scheme_d_local_map,NA,True,398.8368582809264,177.04000000000002
1734763719800,F:\agent\UAV\data\IR-image\1734763719800.jpg,116.17940392608135,38.811812606222624,483.54,116.1840141,38.812113,661.35,904.6169813325748,-34.29699929736928,-20.247458482471586,62.377990093950416,0.3555809787146523,1.0070131044306956,0.8663522012578616,636,551,orb,-99.34233382874201,scheme_d_local_map,NA,True,400.83805190271585,177.81
1734763720000,F:\agent\UAV\data\IR-image\1734763720000.jpg,116.17943463082766,38.81184787894303,483.54,116.1840716,38.8121128,662.08,907.280346160991,-30.370440062385754,-32.33620976157499,67.96544374185794,0.7653940922719137,1.0054469455947959,0.8647798742138365,636,550,orb,-99.34233382874201,scheme_d_local_map,NA,True,402.8439465069964,178.54000000000002
1734763720200,F:\agent\UAV\data\IR-image\1734763720200.jpg,116.17946472587396,38.81186841794917,483.54,116.1841293,38.8121125,662.81,909.8908249117738,-28.084037898376707,-39.85820376782476,74.15375740772151,1.312227519865541,1.0125349081826691,0.837037037037037,540,452,orb,-99.34233382874201,scheme_d_local_map,NA,True,405.06747221736987,179.26999999999992
1734763720400,F:\agent\UAV\data\IR-image\1734763720400.jpg,116.17950072059678,38.811878004759464,483.54,116.1841872,38.8121123,663.43,913.0130483557517,-27.016834176231132,-44.23662168542404,82.31495090533866,1.3420492165571845,1.0057209009800012,0.9065108514190318,599,543,orb,-99.34233382874201,scheme_d_local_map,NA,True,406.8900327534299,179.88999999999993
1734763720600,F:\agent\UAV\data\IR-image\1734763720600.jpg,116.17951483708785,38.811882129560075,483.54,116.1842455,38.8121122,663.99,914.2375289438229,-26.557661372862214,-46.06630262702021,85.49711101439601,1.4281068265272425,1.007974896781329,0.8601398601398601,572,492,orb,-99.34233382874201,scheme_d_local_map,NA,True,410.6809416251151,180.45
1734763720800,F:\agent\UAV\data\IR-image\1734763720800.jpg,116.17953568370693,38.811870537373856,483.54,116.1843039,38.812112,664.61,916.0457885361847,-27.848103542803077,-43.316162097342556,91.09334448374864,1.2048814674565238,1.0111619600991506,0.8261589403973509,604,499,orb,-99.34233382874201,scheme_d_local_map,NA,True,414.0087015725414,181.07
1734763721000,F:\agent\UAV\data\IR-image\1734763721000.jpg,116.17959181350191,38.81187311300456,483.54,116.1843624,38.8121121,665.25,920.9145511776205,-27.56138433234516,-46.3287204907262,104.44746591710043,0.6174329644589807,1.0114422454638274,0.8729903536977492,622,543,orb,-99.34233382874201,scheme_d_local_map,NA,True,414.1958731678161,181.70999999999998
1734763721200,F:\agent\UAV\data\IR-image\1734763721200.jpg,116.17962827545104,38.811855786756546,483.54,116.1844211,38.8121123,665.85,924.0773023653882,-29.49014226153756,-42.427841922505934,114.08601393149053,-0.3761442802028665,1.0167658203077032,0.8716216216216216,592,516,orb,-99.34233382874201,scheme_d_local_map,NA,True,416.247764350427,182.31
1734763721400,F:\agent\UAV\data\IR-image\1734763721400.jpg,116.17967765082054,38.81184009110742,483.54,116.1844799,38.8121125,666.5,928.3601784126248,-31.237381921746866,-39.54008904400797,126.74420629695607,-0.7411340911603134,1.0172429352555687,0.8345864661654135,532,444,orb,-99.34233382874201,scheme_d_local_map,NA,True,417.18708903949374,182.95999999999998
1734763721600,F:\agent\UAV\data\IR-image\1734763721600.jpg,116.17970722531604,38.81186021639057,483.54,116.1845388,38.8121124,667.17,930.9255039919561,-28.997035401432584,-46.91395107500682,132.82844672306794,0.12223286231592673,1.0256386066960794,0.8238213399503722,403,332,orb,-99.34233382874201,scheme_d_local_map,NA,True,419.56493636405645,183.62999999999994
1734763721800,F:\agent\UAV\data\IR-image\1734763721800.jpg,116.17975109261872,38.811849050546186,483.54,116.1845979,38.8121121,667.86,934.7306040209735,-30.24001719830644,-45.20511744733375,143.93360251970944,0.5745201734717222,1.0239433023429418,0.7951002227171492,449,357,orb,-99.34233382874201,scheme_d_local_map,NA,True,420.9640749849065,184.32
1734763722000,F:\agent\UAV\data\IR-image\1734763722000.jpg,116.17979355616582,38.81186646041404,483.54,116.1846569,38.8121117,668.59,938.4139406841166,-28.301950709190855,-52.25119043384893,153.2520750836036,0.99976073259175,1.0231562618805161,0.7654584221748401,469,359,orb,-99.34233382874201,scheme_d_local_map,NA,True,422.26084315402943,185.05
1734763722200,F:\agent\UAV\data\IR-image\1734763722200.jpg,116.17983317452679,38.81191696416273,483.54,116.1847158,38.8121113,669.37,941.850482647273,-22.679873405404443,-69.38822941959631,160.20839711014168,1.1639454579435815,1.0170053796119298,0.7505154639175258,485,364,orb,-99.34233382874201,scheme_d_local_map,NA,True,423.6014215599862,185.82999999999998
1734763722400,F:\agent\UAV\data\IR-image\1734763722400.jpg,116.17988207394102,38.81196309450791,483.54,116.1847745,38.812111,670.12,946.092073789255,-17.544643379536407,-85.5436920522497,169.6162544505397,1.64707808752541,1.0061346700501312,0.771505376344086,372,287,orb,-99.34233382874201,scheme_d_local_map,NA,True,424.2178341626755,186.57999999999998
1734763722600,F:\agent\UAV\data\IR-image\1734763722600.jpg,116.17990557643407,38.811969158473225,483.54,116.1848331,38.8121107,670.86,948.1307069279762,-16.869602760638777,-88.34221890746824,174.95497160207287,1.3358320955426815,1.020987482805874,0.7840616966580977,389,305,orb,-99.34233382874201,scheme_d_local_map,NA,True,427.2298781177692,187.32
1734763722800,F:\agent\UAV\data\IR-image\1734763722800.jpg,116.17994531190827,38.811922364692954,483.54,116.1848915,38.8121107,671.69,951.5774074266002,-22.078686380755553,-75.4853699969396,186.87463667716486,0.3837889895315958,1.0250604173048181,0.8329177057356608,401,334,orb,-99.34233382874201,scheme_d_local_map,NA,True,429.06856032531704,188.15000000000003
1734763723000,F:\agent\UAV\data\IR-image\1734763723000.jpg,116.18000347853652,38.81191831041913,483.54,116.1849498,38.8121108,672.48,956.6228473168844,-22.530008142687777,-76.53431658085742,201.05437973762173,-0.07161516505807561,1.027748070351783,0.7439024390243902,328,244,orb,-99.34233382874201,scheme_d_local_map,NA,True,429.10290782193204,188.94
1734763723200,F:\agent\UAV\data\IR-image\1734763723200.jpg,116.1800363501386,38.811892524941086,483.54,116.1850081,38.8121109,673.18,959.4741676931341,-25.400447558230717,-69.88340746672284,210.25944985387042,-0.8258320409043999,1.0287714669769954,0.752542372881356,295,222,orb,-99.34233382874201,scheme_d_local_map,NA,True,431.4558913244066,189.63999999999993
1734763723400,F:\agent\UAV\data\IR-image\1734763723400.jpg,116.18005647945459,38.81185191732585,483.54,116.1850663,38.8121111,673.89,961.2202075954801,-29.92088728594201,-58.15895631700823,217.1551017109732,-1.5983932805244532,1.0134631961647305,0.7615658362989324,281,214,orb,-99.34233382874201,scheme_d_local_map,NA,True,435.02645281812687,190.34999999999997
1734763723600,F:\agent\UAV\data\IR-image\1734763723600.jpg,116.18010102215868,38.81184687295196,483.54,116.1851244,38.8121112,674.65,965.083892715858,-30.482426988162562,-58.36417250633099,228.11201926342693,-2.38419418116566,1.031607660774137,0.7827715355805244,267,209,orb,-99.34233382874201,scheme_d_local_map,NA,True,436.2367199361476,191.10999999999996
1734763723800,F:\agent\UAV\data\IR-image\1734763723800.jpg,116.18014833279216,38.81190019510104,483.54,116.1851826,38.8121111,675.37,969.1876711976328,-24.54660535239003,-76.67419888443237,236.77339512069778,-2.3041700188968415,1.0164641722156214,0.6205357142857143,224,139,orb,-99.34233382874201,scheme_d_local_map,NA,True,436.8187557431515,191.82999999999998
1734763724000,F:\agent\UAV\data\IR-image\1734763724000.jpg,116.18017077816592,38.811927647846254,483.54,116.1852407,38.8121109,676.1,971.1346085988523,-21.490565754843125,-86.02547668200978,240.77324747744944,-1.3784054888135988,1.0181535456496824,0.7233009708737864,206,149,orb,-99.34233382874201,scheme_d_local_map,NA,True,439.75030240354596,192.56
1734763724200,F:\agent\UAV\data\IR-image\1734763724200.jpg,116.18019829332424,38.81192348321266,483.54,116.1852988,38.8121106,676.83,973.5213049159206,-21.954172766721854,-85.82894362538741,247.594801182296,-0.20747389617356957,1.0345519651149517,0.8109452736318408,201,163,orb,-99.34233382874201,scheme_d_local_map,NA,True,442.4174791403536,193.29000000000002
1734763724400,F:\agent\UAV\data\IR-image\1734763724400.jpg,116.18022830753276,38.811952270268414,483.54,116.1853569,38.8121104,677.54,976.1247717058312,-18.749597720329838,-10.061815839405824,5.750528452937431,0.5501991110724705,1.0009414426621708,0.9497326203208556,935,888,orb,-99.34233382874201,scheme_d_local_map,NA,True,444.7090745033659,193.99999999999994
1734763724600,F:\agent\UAV\data\IR-image\1734763724600.jpg,116.1802581814189,38.811923381570445,483.54,116.1854149,38.8121102,678.25,978.7160667730694,-21.965487578229776,-2.3356499022765433,14.392823812686004,1.1318135502759934,1.0009548532980228,0.9431554524361949,862,813,orb,-99.34233382874201,scheme_d_local_map,NA,True,447.2810288265783,194.70999999999998
1734763724800,F:\agent\UAV\data\IR-image\1734763724800.jpg,116.18028372621887,38.81190286058285,483.54,116.1854729,38.8121101,678.97,980.9318519511683,-24.249883917281252,2.98170641758486,21.570654418023764,1.0699232556414582,1.0025587121127904,0.9294554455445545,808,751,orb,-99.34233382874201,scheme_d_local_map,NA,True,450.20064049721327,195.43
1734763725000,F:\agent\UAV\data\IR-image\1734763725000.jpg,116.1803143490568,38.8119151521764,483.54,116.1855308,38.8121101,679.69,983.5881119518748,-22.88158372330062,-2.018327345017269,28.304098317632906,0.6155815529544556,1.00426791858055,0.9454094292803971,806,762,orb,-99.34233382874201,scheme_d_local_map,NA,True,452.4933849116214,196.15000000000003
1734763725200,F:\agent\UAV\data\IR-image\1734763725200.jpg,116.18036155590744,38.811950006547086,483.54,116.1855886,38.8121103,680.43,987.6828881922248,-19.00159517873397,-14.630315302064275,37.87727938268387,-0.25860363867590935,1.0076187646548784,0.8795731707317073,656,577,orb,-99.34233382874201,scheme_d_local_map,NA,True,453.24216910075955,196.88999999999993
1734763725400,F:\agent\UAV\data\IR-image\1734763725400.jpg,116.18039749477067,38.8118990446975,483.54,116.1856463,38.8121105,681.16,990.8002663105541,-24.674668274622324,-0.33832288460661175,49.09625331057015,-0.3653896449216783,1.0048207700511536,0.956343792633015,733,701,orb,-99.34233382874201,scheme_d_local_map,NA,True,455.3846233100007,197.61999999999995
1734763725600,F:\agent\UAV\data\IR-image\1734763725600.jpg,116.18041160132927,38.81189340951898,483.54,116.1857039,38.8121106,681.88,992.0238853442762,-25.30197634721541,0.8415596726872536,52.77108112334628,-0.15126031475652224,1.0048193705834714,0.9486823855755895,721,684,orb,-99.34233382874201,scheme_d_local_map,NA,True,459.1811984271781,198.33999999999997
1734763725800,F:\agent\UAV\data\IR-image\1734763725800.jpg,116.18042477199835,38.81187499123875,483.54,116.1857615,38.8121106,682.62,993.1663242506312,-27.352299301824196,5.999683959193703,56.86946374299015,0.08612967752041734,1.00727991719802,0.9162861491628614,657,602,orb,-99.34233382874201,scheme_d_local_map,NA,True,463.13684396521194,199.07999999999998
1734763726000,F:\agent\UAV\data\IR-image\1734763726000.jpg,116.18045380343224,38.81186601222936,483.54,116.185819,38.8121106,683.37,995.6845440456303,-28.35184262828333,7.62064408318588,64.29949018567606,0.01015702146604851,1.0061940964646812,0.8687707641196013,602,523,orb,-99.34233382874201,scheme_d_local_map,NA,True,465.65682038935665,199.82999999999998
1734763726200,F:\agent\UAV\data\IR-image\1734763726200.jpg,116.18047904471932,38.81180687380783,483.54,116.1858763,38.8121108,684.11,997.8740021680284,-34.93513171202119,24.856421322955043,73.36319019184384,-0.4097424964914695,1.0059031562310357,0.8606870229007634,524,451,orb,-99.34233382874201,scheme_d_local_map,NA,True,468.8593535549254,200.57
1734763726400,F:\agent\UAV\data\IR-image\1734763726400.jpg,116.18052513908715,38.81183637586767,483.54,116.1859335,38.812111,684.87,1001.8722803759542,-31.650962411141755,13.938612911856751,82.94058998764052,-1.721000405393037,1.0137040086936326,0.8490566037735849,477,405,orb,-99.34233382874201,scheme_d_local_map,NA,True,469.59586732694504,201.32999999999998
1734763726600,F:\agent\UAV\data\IR-image\1734763726600.jpg,116.1805784052,38.811843806683655,483.54,116.1859907,38.8121113,685.6,1006.4926439524858,-30.82376397536418,9.542299424263547,95.36046432984028,-1.7370334821007734,1.0117536738294766,0.8620689655172413,464,400,orb,-99.34233382874201,scheme_d_local_map,NA,True,469.88511077296795,202.06
1734763726800,F:\agent\UAV\data\IR-image\1734763726800.jpg,116.1806108291983,38.81187830011528,483.54,116.1860478,38.812111,686.26,1009.3051386662175,-26.983955167291892,-2.3741344815645675,101.40048319516103,-0.7803787376639432,1.0129064714412137,0.7225806451612903,310,224,orb,-99.34233382874201,scheme_d_local_map,NA,True,471.79076337964574,202.71999999999997
1734763727000,F:\agent\UAV\data\IR-image\1734763727000.jpg,116.18065026934553,38.811910523047814,483.54,116.1861047,38.8121105,686.95,1012.7262221650087,-23.39689831751376,-13.867836979634887,109.24124569952818,0.7914490730970574,1.0086318620410488,0.8379446640316206,506,424,orb,-99.34233382874201,scheme_d_local_map,NA,True,473.116208188798,203.41000000000003
1734763727200,F:\agent\UAV\data\IR-image\1734763727200.jpg,116.1806897716161,38.81192054024096,483.54,116.1861615,38.8121101,687.63,1016.1526943143052,-22.281784376335583,-18.51758001237789,118.22327115002565,1.7253900099100037,1.0101334696414752,0.7931034482758621,435,345,orb,-99.34233382874201,scheme_d_local_map,NA,True,474.5604089173729,204.08999999999997
1734763727400,F:\agent\UAV\data\IR-image\1734763727400.jpg,116.18067955423248,38.81190425043813,483.54,116.1862181,38.8121097,688.35,1015.2664267676388,-24.095165227244163,-13.091324209561606,116.59488605483358,2.734484219135289,1.01250440713187,0.8132678132678133,407,331,orb,-99.34233382874201,scheme_d_local_map,NA,True,480.4249167192097,204.81
1734763727600,F:\agent\UAV\data\IR-image\1734763727600.jpg,116.18070151570934,38.811873116955816,483.54,116.1862745,38.8121094,689.1,1017.1713903993676,-27.560944478599282,-4.360326082581821,123.45014592393875,2.5285068595429054,1.0165829051176694,0.8171428571428572,350,286,orb,-99.34233382874201,scheme_d_local_map,NA,True,483.5797119624413,205.56
1734763727800,F:\agent\UAV\data\IR-image\1734763727800.jpg,116.18072929486463,38.81186584039546,483.54,116.1863308,38.8121094,689.78,1019.580986114887,-28.37097117717608,-3.21476609156349,130.49296870852237,2.441159317776129,1.0117438580451976,0.8442211055276382,398,336,orb,-99.34233382874201,scheme_d_local_map,NA,True,486.09167297189543,206.23999999999995
1734763728000,F:\agent\UAV\data\IR-image\1734763728000.jpg,116.18077639690078,38.81187119268393,483.54,116.186387,38.8121094,690.44,1023.6666706251755,-27.775154424776943,-6.726607502406239,141.53739841009258,1.9939742342048261,1.014859575331352,0.7622549019607843,408,311,orb,-99.34233382874201,scheme_d_local_map,NA,True,486.84597349981954,206.90000000000003
1734763728200,F:\agent\UAV\data\IR-image\1734763728200.jpg,116.18082582672415,38.811871422015656,483.54,116.1864432,38.8121093,691.08,1027.9542700627906,-27.749625217253,-8.75095477938197,153.40091257700908,1.8380611033476935,1.0119128736308136,0.7338501291989664,387,284,orb,-99.34233382874201,scheme_d_local_map,NA,True,487.4297116352058,207.54000000000002
1734763728400,F:\agent\UAV\data\IR-image\1734763728400.jpg,116.18085234450919,38.8118544848376,483.54,116.1864993,38.8121091,691.69,1030.254453080583,-29.6350718780203,-4.577004922723972,160.63071457941965,1.3523218321228219,1.0143468012726118,0.7154255319148937,376,269,orb,-99.34233382874201,scheme_d_local_map,NA,True,490.09312368367125,208.15000000000003
1734763728600,F:\agent\UAV\data\IR-image\1734763728600.jpg,116.18089017034163,38.81192119825176,483.54,116.1865552,38.8121089,692.3,1033.535509066847,-22.20853461429873,-26.64091803798624,166.33419464112615,1.1530113871179137,1.0111000632252336,0.7975308641975308,405,323,orb,-99.34233382874201,scheme_d_local_map,NA,True,491.2840076788339,208.75999999999993
1734763728800,F:\agent\UAV\data\IR-image\1734763728800.jpg,116.18091914478399,38.8118925046461,483.54,116.1866111,38.8121088,692.9,1036.04878534998,-25.40270679586338,-18.939353266920534,174.75050969760946,0.16332929261232781,1.0081813846860088,0.7461139896373057,386,288,orb,-99.34233382874201,scheme_d_local_map,NA,True,493.7596031927634,209.35999999999996
1734763729000,F:\agent\UAV\data\IR-image\1734763729000.jpg,116.18095959757144,38.81186618328505,483.54,116.1866669,38.8121088,693.5,1039.5577064215004,-28.33280070873476,-12.4228572081459,185.8040845909121,-0.07714155154084411,1.0105641873072164,0.8314606741573034,356,296,orb,-99.34233382874201,scheme_d_local_map,NA,True,495.2386735289374,209.95999999999998
1734763729200,F:\agent\UAV\data\IR-image\1734763729200.jpg,116.18099701885072,38.8118779770052,483.54,116.1867227,38.8121085,694.11,1042.8036710039942,-27.01992378094917,-17.538086257087855,194.19605689229275,0.1631232976915871,1.0133233209330978,0.790273556231003,329,260,orb,-99.34233382874201,scheme_d_local_map,NA,True,496.7574762533239,210.57
1734763729400,F:\agent\UAV\data\IR-image\1734763729400.jpg,116.18103248376774,38.81189018859661,483.54,116.1867783,38.8121082,694.78,1045.8799384869299,-25.66052942595627,-22.704829951977388,202.0968321323927,0.0540658685039933,1.0118849951415734,0.75,284,213,orb,-99.34233382874201,scheme_d_local_map,NA,True,498.4301011150527,211.23999999999995
1734763729600,F:\agent\UAV\data\IR-image\1734763729600.jpg,116.18108943858489,38.811921064742634,483.54,116.1868338,38.8121078,695.45,1050.8202644949263,-22.22339685033058,-34.4755361035522,214.21367634112357,0.2685192616317667,1.0134608399647793,0.8416988416988417,259,218,orb,-99.34233382874201,scheme_d_local_map,NA,True,498.14701621205984,211.91000000000003
1734763729800,F:\agent\UAV\data\IR-image\1734763729800.jpg,116.18111448878318,38.81197326848606,483.54,116.1868892,38.8121075,696.05,1052.9931473584847,-16.412076132222648,-51.560927983354645,217.5838773332449,0.8017447640992196,1.0147985126739103,0.9037800687285223,291,263,orb,-99.34233382874201,scheme_d_local_map,NA,True,500.56610239880564,212.50999999999993
1734763730000,F:\agent\UAV\data\IR-image\1734763730000.jpg,116.1811345771835,38.811972990574056,483.54,116.1869445,38.8121071,696.68,1054.735638187635,-16.443013296236558,-52.26920706616124,222.42406222148327,1.4478533985327293,1.014301660247878,0.8517241379310345,290,247,orb,-99.34233382874201,scheme_d_local_map,NA,True,503.61522471119474,213.13999999999993
1734763730200,F:\agent\UAV\data\IR-image\1734763730200.jpg,116.18117205608033,38.811949092200344,483.54,116.1869998,38.8121068,697.29,1057.9866005823349,-19.103380258088194,-46.3822214433622,232.64028125040562,1.7688120954219497,1.0115673854190879,0.8666666666666667,285,247,orb,-99.34233382874201,scheme_d_local_map,NA,True,505.24299483445907,213.74999999999994
1734763730400,F:\agent\UAV\data\IR-image\1734763730400.jpg,116.1811904874563,38.81190033870811,483.54,116.187055,38.8121065,697.84,1059.5853592244696,-24.53061901332693,14.303074943809008,6.900916482090167,0.5658594339783201,0.9994783222581973,0.9370409233997902,953,893,orb,-99.34233382874201,scheme_d_local_map,NA,True,508.64137394767613,214.3
1734763730600,F:\agent\UAV\data\IR-image\1734763730600.jpg,116.1812014453414,38.811890770836115,483.54,116.1871102,38.8121062,698.37,1060.5358587164305,-25.595714523819904,16.81992178748527,10.018776364768485,1.0480152025513643,1.0005416520021013,0.9582463465553236,958,918,orb,-99.34233382874201,scheme_d_local_map,NA,True,512.5179876077784,214.82999999999998
1734763730800,F:\agent\UAV\data\IR-image\1734763730800.jpg,116.18124562584501,38.81189254961748,483.54,116.1871654,38.8121059,698.89,1064.368126151744,-25.397700582059954,14.5253238615457,20.542588103623586,1.179548516874206,1.003054622230525,0.9651162790697675,860,830,orb,-99.34233382874201,scheme_d_local_map,NA,True,513.4609817427928,215.34999999999997
1734763731000,F:\agent\UAV\data\IR-image\1734763731000.jpg,116.18126810473767,38.811909824288755,483.54,116.1872205,38.8121057,699.41,1066.3179710218114,-23.474684175829644,8.310798099624549,25.06675399502302,1.339443721069607,1.0051857067010648,0.9309090909090909,825,768,orb,-99.34233382874201,scheme_d_local_map,NA,True,516.1987029652943,215.86999999999995
1734763731200,F:\agent\UAV\data\IR-image\1734763731200.jpg,116.18130666369987,38.81192366134258,483.54,116.1872755,38.8121055,699.95,1069.6626195237445,-21.934343344178536,2.520608594572593,33.62840244224054,1.598644315134678,1.0068108043696276,0.9105793450881612,794,723,orb,-99.34233382874201,scheme_d_local_map,NA,True,517.5585769092421,216.41000000000003
1734763731400,F:\agent\UAV\data\IR-image\1734763731400.jpg,116.18135672619793,38.81193791006004,483.54,116.1873306,38.8121053,700.47,1074.0050978883967,-20.348176116707915,-3.8511641158073076,44.93280885983245,2.032305840370094,1.0047845874811074,0.9601293103448276,928,891,orb,-99.34233382874201,scheme_d_local_map,NA,True,517.9344364989983,216.93
1734763731600,F:\agent\UAV\data\IR-image\1734763731600.jpg,116.18138690594738,38.81193082442374,483.54,116.1873856,38.8121052,700.96,1076.6229238867375,-21.136949149020655,-2.85934924217446,52.542672277569864,2.649049250096773,1.0041733699702224,0.9516957862281603,973,926,orb,-99.34233382874201,scheme_d_local_map,NA,True,520.1119818626643,217.42000000000002
1734763731800,F:\agent\UAV\data\IR-image\1734763731800.jpg,116.18140074940199,38.81190188397119,483.54,116.1874405,38.812105,701.51,1077.8237209798444,-24.358600327442076,5.5163525208693045,57.33640111970118,2.7482046555528687,1.0062825195141982,0.9309494451294698,811,755,orb,-99.34233382874201,scheme_d_local_map,NA,True,523.7949992844439,217.96999999999997
1734763732000,F:\agent\UAV\data\IR-image\1734763732000.jpg,116.18141299482461,38.81188531679151,483.54,116.1874953,38.8121051,702.15,1078.8859029504351,-26.202858768808373,10.140319376080583,61.11860709213079,2.402870117964785,1.0072211893500644,0.896640826873385,774,694,orb,-99.34233382874201,scheme_d_local_map,NA,True,527.5613555358254,218.60999999999996
1734763732200,F:\agent\UAV\data\IR-image\1734763732200.jpg,116.1814886815269,38.81186148907293,483.54,116.18755,38.8121054,702.81,1085.4510541090358,-28.85536040116381,14.495414052573949,80.51038268325397,1.4149884430482056,1.0090605748756065,0.7471526195899773,439,328,orb,-99.34233382874201,scheme_d_local_map,NA,True,525.8765705564454,219.26999999999992
1734763732400,F:\agent\UAV\data\IR-image\1734763732400.jpg,116.1815252008079,38.81185842235672,483.54,116.1876047,38.8121057,703.36,1088.6187783292578,-29.196747249631237,13.997565556072118,89.43942023333199,1.515047988462864,1.013781716293289,0.6650366748166259,409,272,orb,-99.34233382874201,scheme_d_local_map,NA,True,527.4691227208541,219.82
1734763732600,F:\agent\UAV\data\IR-image\1734763732600.jpg,116.1815400688354,38.811862984616155,483.54,116.1876594,38.8121057,703.97,1089.9084480476624,-28.688876529509663,12.003305105353604,92.77994221140062,1.6053653122064016,1.0085042335581444,0.88268156424581,716,632,orb,-99.34233382874201,scheme_d_local_map,NA,True,530.8896130811319,220.43
1734763732800,F:\agent\UAV\data\IR-image\1734763732800.jpg,116.18157381493602,38.811869561432225,483.54,116.1877139,38.8121057,704.62,1092.835623427409,-27.956745365075857,8.641794094872012,100.55359645655597,1.8410417588364363,1.006137181307116,0.8438661710037175,807,681,orb,-99.34233382874201,scheme_d_local_map,NA,True,532.6489201517909,221.07999999999998
1734763733000,F:\agent\UAV\data\IR-image\1734763733000.jpg,116.18159964273613,38.81188555795256,483.54,116.1877685,38.8121058,705.25,1095.0759563627425,-26.176012721797118,2.68898385714391,105.94714384918933,2.0042902849550197,1.0069016742772603,0.8758002560819462,781,684,orb,-99.34233382874201,scheme_d_local_map,NA,True,535.0549624932831,221.70999999999998
1734763733200,F:\agent\UAV\data\IR-image\1734763733200.jpg,116.18162231383754,38.81187770862216,483.54,116.187823,38.8121057,705.91,1097.0424736395746,-27.04980018110728,4.2130270310158835,111.7918472985794,1.8538663646681424,1.0070808725940648,0.9329113924050633,790,737,orb,-99.34233382874201,scheme_d_local_map,NA,True,537.8498255916363,222.36999999999995
1734763733400,F:\agent\UAV\data\IR-image\1734763733400.jpg,116.18164394488814,38.81187527275124,483.54,116.1878775,38.8121057,706.59,1098.9187757191276,-27.320961332364316,4.109113171669776,117.11210023049199,2.2860269796781822,1.0068966737027096,0.7714285714285715,735,567,orb,-99.34233382874201,scheme_d_local_map,NA,True,540.7073495071096,223.05
1734763733600,F:\agent\UAV\data\IR-image\1734763733600.jpg,116.18166059761046,38.811873081594925,483.54,116.187932,38.8121055,707.27,1100.3632519071966,-27.564880852916126,4.126510579180604,121.2239342888389,2.302795918715114,1.0044319927953815,0.8511749347258486,766,652,orb,-99.34233382874201,scheme_d_local_map,NA,True,543.9934086835008,223.72999999999996
1734763733800,F:\agent\UAV\data\IR-image\1734763733800.jpg,116.18169080377467,38.81188012343821,483.54,116.1879866,38.8121053,707.94,1102.9833691544502,-26.780982858841764,0.7615343343636027,128.12355770733762,2.2611587109460847,1.008354292182867,0.8768768768768769,666,584,orb,-99.34233382874201,scheme_d_local_map,NA,True,546.0670684489857,224.40000000000003
1734763734000,F:\agent\UAV\data\IR-image\1734763734000.jpg,116.181718256019,38.81189091247419,483.54,116.1880413,38.8121052,708.55,1105.3646082382998,-25.579947373528633,-3.6499218536828266,134.17150412808581,2.4313050221547323,1.0106621067496537,0.817910447761194,670,548,orb,-99.34233382874201,scheme_d_local_map,NA,True,548.3714626593822,225.00999999999993
1734763734200,F:\agent\UAV\data\IR-image\1734763734200.jpg,116.18175302132946,38.81192454781961,483.54,116.188096,38.8121051,709.12,1108.3801910467196,-21.835660721593513,-15.394329776319296,140.81753035391432,2.1123745307128425,1.0137526886588244,0.8191823899371069,636,521,orb,-99.34233382874201,scheme_d_local_map,NA,True,549.9472119764828,225.57999999999998
1734763734400,F:\agent\UAV\data\IR-image\1734763734400.jpg,116.18177871626409,38.811946755777996,483.54,116.1881509,38.8121051,709.67,1110.6089990779944,-19.3634707935972,-23.256982846426467,145.86409599564593,2.2516510972070285,1.0083555090100547,0.8273026315789473,608,503,orb,-99.34233382874201,scheme_d_local_map,NA,True,552.3916646085075,226.12999999999994
1734763734600,F:\agent\UAV\data\IR-image\1734763734600.jpg,116.18182117181829,38.81192477297483,483.54,116.1882058,38.8121052,710.18,1114.2916424273392,-21.81059644218606,-18.157295853186838,157.17875666488465,2.0992923312260388,1.0095316688414,0.8303886925795053,566,470,orb,-99.34233382874201,scheme_d_local_map,NA,True,553.55299390383,226.63999999999993
1734763734800,F:\agent\UAV\data\IR-image\1734763734800.jpg,116.18185019381693,38.81187704784058,483.54,116.1882609,38.8121053,710.59,1116.8090437971125,-27.12335838617096,-4.589860148017522,166.57183003681394,2.2639393225372766,1.0076270684899782,0.7258620689655172,580,421,orb,-99.34233382874201,scheme_d_local_map,NA,True,556.0285556549238,227.05
1734763735000,F:\agent\UAV\data\IR-image\1734763735000.jpg,116.18186714161251,38.81185706723877,483.54,116.188316,38.8121054,710.99,1118.2791149784027,-29.347598980567827,0.9006696842342876,171.65688453361201,2.7271596734198664,1.008728014164535,0.7913188647746243,599,474,orb,-99.34233382874201,scheme_d_local_map,NA,True,559.4366330882877,227.45
1734763735200,F:\agent\UAV\data\IR-image\1734763735200.jpg,116.1819021738294,38.81185366044313,483.54,116.1883712,38.8121054,711.43,1121.3178495559062,-29.726843471219343,0.5664475772681499,180.24591581394083,3.3702266218191514,1.006190780248404,0.7491408934707904,582,436,orb,-99.34233382874201,scheme_d_local_map,NA,True,561.2007076825187,227.88999999999993
1734763735400,F:\agent\UAV\data\IR-image\1734763735400.jpg,116.18193761376823,38.81187676303641,483.54,116.1884265,38.8121053,711.86,1124.3919504011287,-27.155062787257265,-7.957193766125329,187.58826762875867,3.9624914848165216,1.0146673456719735,0.708253358925144,521,369,orb,-99.34233382874201,scheme_d_local_map,NA,True,562.7968395406372,228.32
1734763735600,F:\agent\UAV\data\IR-image\1734763735600.jpg,116.1819655784111,38.811882906306245,483.54,116.1884819,38.8121054,712.3,1126.81763552113,-26.471193989071566,-10.956531423354704,193.99496045521414,4.064661689038729,1.0083353659849081,0.6739606126914661,457,308,orb,-99.34233382874201,scheme_d_local_map,NA,True,565.1416925389058,228.75999999999993
1734763735800,F:\agent\UAV\data\IR-image\1734763735800.jpg,116.18199717209035,38.81189255904594,483.54,116.1885372,38.8121055,712.79,1129.5581074095433,-25.39665100664047,-15.181331809264009,201.0954919205513,3.7521774948025217,1.0104012090207464,0.7977011494252874,435,347,orb,-99.34233382874201,scheme_d_local_map,NA,True,567.1483616586861,229.24999999999994
1734763736000,F:\agent\UAV\data\IR-image\1734763736000.jpg,116.18202899249596,38.81189614141933,483.54,116.1885926,38.8121057,713.29,1132.3182458023302,-24.997861200469522,-17.54349394676052,208.558398952856,3.5445342684469963,1.0096242060093927,0.8423529411764706,425,358,orb,-99.34233382874201,scheme_d_local_map,NA,True,569.1740793346776,229.74999999999994
1734763736200,F:\agent\UAV\data\IR-image\1734763736200.jpg,116.18205870109304,38.81189759893728,483.54,116.1886481,38.8121058,713.82,1134.8952035066613,-24.835610302600536,-19.16706018206736,215.62173844377298,3.829706517040975,1.0124353527289502,0.7262569832402235,358,260,orb,-99.34233382874201,scheme_d_local_map,NA,True,571.4007401892966,230.28000000000003
1734763736400,F:\agent\UAV\data\IR-image\1734763736400.jpg,116.18207923870835,38.8118636839454,483.54,116.1887036,38.8121061,714.39,1136.6766597586995,-28.611027198802265,9.64486180679529,6.654273827019438,-0.20311815396100782,0.9998193883105272,0.959915611814346,948,910,orb,-99.34233382874201,scheme_d_local_map,NA,True,574.593588325678,230.84999999999997
1734763736600,F:\agent\UAV\data\IR-image\1734763736600.jpg,116.18210460777736,38.811853293196364,483.54,116.1887592,38.8121064,715.0,1138.8772018316506,-29.767725380485587,11.8458352873742,13.276051858312258,-0.7285361225237835,0.9999713691519942,0.9111361079865017,889,810,orb,-99.34233382874201,scheme_d_local_map,NA,True,577.2668221451494,231.45999999999998
1734763736800,F:\agent\UAV\data\IR-image\1734763736800.jpg,116.18214594949043,38.81186466205036,483.54,116.1888149,38.8121067,715.61,1142.463229327875,-28.502144553751286,6.706650527695615,22.631429570686237,-1.123570370925376,1.001029930593214,0.9596083231334149,817,784,orb,-99.34233382874201,scheme_d_local_map,NA,True,578.4507860396392,232.07
1734763737000,F:\agent\UAV\data\IR-image\1734763737000.jpg,116.18218152749232,38.81184868139468,483.54,116.1888708,38.812107,716.2,1145.5493059207497,-30.281111144180684,10.22759632957991,31.98936358030221,-1.4896419500605709,1.001035344191704,0.9535483870967741,775,739,orb,-99.34233382874201,scheme_d_local_map,NA,True,580.2965183975565,232.66000000000003
1734763737200,F:\agent\UAV\data\IR-image\1734763737200.jpg,116.18222269947036,38.81185198146829,483.54,116.1889268,38.8121072,716.74,1149.1206104064327,-29.913746950569585,7.582865110097089,41.713235213846076,-1.8414939452924186,1.0017010755336355,0.9058988764044944,712,645,orb,-99.34233382874201,scheme_d_local_map,NA,True,581.5627684151083,233.2
1734763737400,F:\agent\UAV\data\IR-image\1734763737400.jpg,116.18226799806718,38.811894686325104,483.54,116.188983,38.8121074,717.24,1153.0498625263144,-25.159842289622826,-7.374143057333129,50.42977353404996,-1.7027479623146797,1.0041365635072839,0.9429037520391517,613,578,orb,-99.34233382874201,scheme_d_local_map,NA,True,582.2948852768496,233.7
1734763737600,F:\agent\UAV\data\IR-image\1734763737600.jpg,116.18227504511353,38.81189213782051,483.54,116.1890394,38.8121075,717.71,1153.6611313900096,-25.443541821334183,-6.866918901483416,52.25204128123272,-1.3702389710717178,1.004128809512285,0.911620294599018,611,557,orb,-99.34233382874201,scheme_d_local_map,NA,True,586.5794760183674,234.17000000000002
1734763737800,F:\agent\UAV\data\IR-image\1734763737800.jpg,116.18230989044899,38.811906819197716,483.54,116.1890959,38.8121075,718.2,1156.6836556594546,-23.809210910280072,-12.770652379338458,59.87869210854291,-1.2145312200324703,1.00859782266979,0.8781609195402299,435,382,orb,-99.34233382874201,scheme_d_local_map,NA,True,588.3899282569324,234.66000000000003
1734763738000,F:\agent\UAV\data\IR-image\1734763738000.jpg,116.18233450757792,38.81189536718513,483.54,116.1891526,38.8121077,718.66,1158.818973590067,-25.084048951542343,-10.21275361227049,66.37365245053405,-1.2186061635923795,1.0071224010231712,0.7188264058679706,409,294,orb,-99.34233382874201,scheme_d_local_map,NA,True,591.2180951962567,235.11999999999995
1734763738200,F:\agent\UAV\data\IR-image\1734763738200.jpg,116.18236083096474,38.81188384018698,483.54,116.1892094,38.8121078,719.11,1161.1022942821032,-26.367234385556426,-7.6991728030551485,73.28233200926604,-0.8596110383225274,1.0045653225264108,0.815845824411135,467,381,orb,-99.34233382874201,scheme_d_local_map,NA,True,593.9094661054593,235.57
1734763738400,F:\agent\UAV\data\IR-image\1734763738400.jpg,116.1823734287377,38.8118557891011,483.54,116.1892664,38.8121079,719.58,1162.1950395245995,-29.489881265522836,0.45155549593295063,77.73168391747436,-0.7152753244114567,1.0015382514994862,0.8902439024390244,410,365,orb,-99.34233382874201,scheme_d_local_map,NA,True,597.8919971773436,236.04000000000002
1734763738600,F:\agent\UAV\data\IR-image\1734763738600.jpg,116.18240242186772,38.81187820941313,483.54,116.1893235,38.812108,720.11,1164.7099367961648,-26.994052130334065,-7.606926158030944,83.559845225451,-0.6127599635516899,1.0030728271824414,0.9144385026737968,374,342,orb,-99.34233382874201,scheme_d_local_map,NA,True,600.2137478899249,236.57
1734763738800,F:\agent\UAV\data\IR-image\1734763738800.jpg,116.18243571526028,38.811871279503805,483.54,116.1893807,38.8121082,720.63,1167.597843762349,-27.765489636833177,-6.786186728840619,91.90983927582823,-0.5658724879257813,1.0043764863320448,0.9257142857142857,350,324,orb,-99.34233382874201,scheme_d_local_map,NA,True,602.3174235825757,237.08999999999997
1734763739000,F:\agent\UAV\data\IR-image\1734763739000.jpg,116.18247382384797,38.811862745312474,483.54,116.1894381,38.8121084,721.1,1170.9034262628936,-28.715515815761474,-5.661132751556522,101.49802179968299,-0.5113139949729771,1.004556689229606,0.8780487804878049,328,288,orb,-99.34233382874201,scheme_d_local_map,NA,True,604.0304886869288,237.56
1734763739200,F:\agent\UAV\data\IR-image\1734763739200.jpg,116.18249534060362,38.81185665486386,483.54,116.1894957,38.8121086,721.58,1172.7698142682848,-29.39350455535371,-4.633759552188053,106.97618680084048,-0.5104582222463769,1.006773056195312,0.8776978417266187,278,244,orb,-99.34233382874201,scheme_d_local_map,NA,True,607.1855980991496,238.04000000000002
1734763739400,F:\agent\UAV\data\IR-image\1734763739400.jpg,116.18252956005983,38.811852368638704,483.54,116.1895535,38.8121088,722.06,1175.7380490553587,-29.87064713942941,-4.664715121223139,115.414565556963,-0.1651424993382844,1.0043431794588216,0.7760617760617761,259,201,orb,-99.34233382874201,scheme_d_local_map,NA,True,609.2497020302923,238.51999999999992
1734763739600,F:\agent\UAV\data\IR-image\1734763739600.jpg,116.18254750264185,38.8118442032875,483.54,116.1896114,38.8121089,722.53,1177.294409149753,-30.779614035948832,-2.856349542433861,120.1393069524944,-0.22171114776577253,1.0058888162163235,0.872,250,218,orb,-99.34233382874201,scheme_d_local_map,NA,True,612.7514927401062,238.98999999999995
1734763739800,F:\agent\UAV\data\IR-image\1734763739800.jpg,116.18258546912193,38.81182446422144,483.54,116.1896696,38.812109,723.04,1180.5876650733126,-32.976966869709635,1.7289783488810144,130.26169230452888,-0.3550400769320624,1.0065459924281719,0.9012345679012346,243,219,orb,-99.34233382874201,scheme_d_local_map,NA,True,614.6122836156169,239.49999999999994
1734763740000,F:\agent\UAV\data\IR-image\1734763740000.jpg,116.18262465258063,38.81184863345623,483.54,116.1897278,38.8121092,723.56,1183.9864831153598,-30.286447652720707,-7.2714841430452,138.44929376487676,-0.6178071303697902,1.0077257362075338,0.9094827586206896,232,211,orb,-99.34233382874201,scheme_d_local_map,NA,True,616.1265825291798,240.01999999999992
1734763740200,F:\agent\UAV\data\IR-image\1734763740200.jpg,116.1826726000955,38.811868405371456,483.54,116.1897863,38.8121093,724.06,1188.1455054191304,-28.085438049326907,-15.262563004986418,148.96543893905437,-0.895050479526507,1.0096101983854229,0.8899082568807339,218,194,orb,-99.34233382874201,scheme_d_local_map,NA,True,616.9409527435137,240.51999999999992
1734763740400,F:\agent\UAV\data\IR-image\1734763740400.jpg,116.18270824677622,38.81185966120342,483.54,116.1898449,38.8121094,724.57,1191.2375392920244,-29.058838835523513,-13.975466349259136,157.97281728465418,-1.1505767634218511,1.0098090599910596,0.905,200,181,orb,-99.34233382874201,scheme_d_local_map,NA,True,618.9712285738166,241.03000000000003
1734763740600,F:\agent\UAV\data\IR-image\1734763740600.jpg,116.18273046605583,38.811858307125696,483.54,116.1899036,38.8121094,725.12,1193.1648650292054,-29.20957476730953,-14.43616470395466,163.37951622226728,-1.4329210052602426,1.0125412139950059,0.8351648351648352,182,152,orb,-99.34233382874201,scheme_d_local_map,NA,True,622.1356414324455,241.57999999999998
1734763740800,F:\agent\UAV\data\IR-image\1734763740800.jpg,116.18277499327783,38.8118787151525,483.54,116.1899625,38.8121093,725.69,1197.0272072142136,-26.937753223720634,-22.4881858076173,173.0416961423606,-1.0752137031326239,1.010983682778227,0.8690476190476191,168,146,orb,-99.34233382874201,scheme_d_local_map,NA,True,623.2816428834695,242.15000000000003
1734763741000,F:\agent\UAV\data\IR-image\1734763741000.jpg,116.1827999995789,38.81186957582989,483.54,116.1900215,38.8121092,726.23,1199.1962823828853,-27.955142617264855,-20.65871094329293,179.5128459783749,-1.139939259978804,1.0117222861963697,0.9407894736842105,152,143,orb,-99.34233382874201,scheme_d_local_map,NA,True,626.2665094884197,242.69
1734763741200,F:\agent\UAV\data\IR-image\1734763741200.jpg,116.18283679486687,38.81187448172331,483.54,116.1900807,38.8121091,726.79,1202.3879477625705,-27.409018561763638,-23.62556210556147,188.10379870105032,-1.4002921494074239,1.0113776949028976,0.8257575757575758,132,109,orb,-99.34233382874201,scheme_d_local_map,NA,True,628.1826060787072,243.24999999999994
1734763741400,F:\agent\UAV\data\IR-image\1734763741400.jpg,116.1828790839578,38.81188693356376,483.54,116.1901399,38.812109,727.36,1206.0561518987204,-26.022879682192595,-29.13609408714649,197.63184472748435,-1.598820722935825,1.012326969125495,0.8225806451612904,124,102,orb,-99.34233382874201,scheme_d_local_map,NA,True,629.590234236865,243.82
1734763741600,F:\agent\UAV\data\IR-image\1734763741600.jpg,116.18291602726606,38.811906921063695,483.54,116.1901992,38.8121089,727.93,1209.2606567285814,-23.797871189967626,-36.758716536282236,205.49337623604663,-1.8748409212085715,1.019968943661524,0.7479674796747967,123,92,orb,-99.34233382874201,scheme_d_local_map,NA,True,631.4423419980523,244.38999999999993
1734763741800,F:\agent\UAV\data\IR-image\1734763741800.jpg,116.18294873609123,38.81192920236552,483.54,116.1902585,38.8121087,728.49,1212.09785765023,-21.31751667064863,-44.92119626280146,212.22125659656433,-1.6871807675266532,1.0120969103901785,0.851063829787234,94,80,orb,-99.34233382874201,scheme_d_local_map,NA,True,633.6610904440139,244.95
1734763742000,F:\agent\UAV\data\IR-image\1734763742000.jpg,116.18298207866724,38.81191406405913,483.54,116.1903179,38.8121085,729.06,1214.990030843771,-23.002712937579822,-41.57160947927616,220.99941985094233,-2.1755851204512107,1.023905292074703,0.8241758241758241,91,75,orb,-99.34233382874201,scheme_d_local_map,NA,True,635.9720623729827,245.51999999999992
1734763742200,F:\agent\UAV\data\IR-image\1734763742200.jpg,116.18301102694731,38.811894759134546,483.54,116.1903773,38.8121083,729.62,1217.5010377805663,-25.151737142295755,-36.76370398276248,228.93322900047758,-1.4451618513961584,1.0293586584955206,0.90625,64,58,orb,-99.34233382874201,scheme_d_local_map,NA,True,638.6845382305715,246.07999999999998
1734763742400,F:\agent\UAV\data\IR-image\1734763742400.jpg,116.18305551364631,38.811903333411166,483.54,116.1904368,38.8121081,730.19,1221.3598649542905,-24.197248668943374,-4.401868955361238,10.252686046560541,0.2636299211114763,0.9994474864814479,0.870216306156406,601,523,orb,-99.34233382874201,scheme_d_local_map,NA,True,639.948958845033,246.65000000000003
1734763742600,F:\agent\UAV\data\IR-image\1734763742600.jpg,116.18308285602633,38.811918431076656,483.54,116.1904962,38.8121078,730.75,1223.7315742832677,-22.516576546528817,-10.137408167771696,16.05569244267241,0.23949533932752848,1.0031643228421276,0.9579967689822294,619,593,orb,-99.34233382874201,scheme_d_local_map,NA,True,642.66636355586,247.20999999999998
1734763742800,F:\agent\UAV\data\IR-image\1734763742800.jpg,116.18310498016933,38.81192442046127,483.54,116.1905556,38.8121075,731.32,1225.6506477623434,-21.849838251727743,-12.858463259942084,21.06705421925568,0.5642874639515837,1.001378872073133,0.9441117764471058,501,473,orb,-99.34233382874201,scheme_d_local_map,NA,True,645.8719180365234,247.78000000000003
1734763743000,F:\agent\UAV\data\IR-image\1734763743000.jpg,116.18314264480148,38.811948152534406,483.54,116.1906151,38.8121072,731.89,1228.917721052304,-19.20798387028708,-21.664111864659503,28.91194300995977,0.4219358638080887,1.0042881716389,0.9101123595505618,445,405,orb,-99.34233382874201,scheme_d_local_map,NA,True,647.684301715394,248.34999999999997
1734763743200,F:\agent\UAV\data\IR-image\1734763743200.jpg,116.18318287921917,38.8119512853125,483.54,116.1906745,38.812107,732.43,1232.4077004797425,-18.859243012183555,-24.22020729695737,38.4190584616332,0.5605994837043069,1.0051667438402856,0.8571428571428571,392,336,orb,-99.34233382874201,scheme_d_local_map,NA,True,649.3342644003501,248.88999999999993
1734763743400,F:\agent\UAV\data\IR-image\1734763743400.jpg,116.18321877156694,38.81199473310397,483.54,116.190734,38.8121066,732.99,1235.5210437944625,-14.022634866212698,-39.03450709088298,44.838131820693945,0.9877171454032497,1.0087628733189438,0.9393063583815029,346,325,orb,-99.34233382874201,scheme_d_local_map,NA,True,651.267437164305,249.45
1734763743600,F:\agent\UAV\data\IR-image\1734763743600.jpg,116.18324124042006,38.81200356131477,483.54,116.1907934,38.8121062,733.56,1237.470017823362,-13.039878440284987,-42.64444571493908,49.788314292061614,1.3828169680747655,1.0094238800902813,0.9049295774647887,284,257,orb,-99.34233382874201,scheme_d_local_map,NA,True,654.4479769828021,250.01999999999992
1734763743800,F:\agent\UAV\data\IR-image\1734763743800.jpg,116.18326830026763,38.811987143744076,483.54,116.1908528,38.812106,734.11,1239.8172199632515,-14.867482409763936,-38.65212403945844,57.121986806753114,1.5411339719926167,1.0085946532805352,0.8581818181818182,275,236,orb,-99.34233382874201,scheme_d_local_map,NA,True,657.2834927739157,250.57
1734763744000,F:\agent\UAV\data\IR-image\1734763744000.jpg,116.18329033818385,38.81195276042841,483.54,116.1909121,38.812106,734.63,1241.7288140338462,-18.69503310914516,-28.922167049082987,64.1604514584908,1.2347639251621747,1.008625197826227,0.93,300,279,orb,-99.34233382874201,scheme_d_local_map,NA,True,660.5990938741099,251.08999999999997
1734763744200,F:\agent\UAV\data\IR-image\1734763744200.jpg,116.1833227240158,38.811902680269114,483.54,116.1909714,38.8121059,735.12,1244.5379981524377,-24.269956442388793,-14.761586764355059,74.48111426957973,1.1880992801713839,1.0050301480459465,0.8463949843260188,319,270,orb,-99.34233382874201,scheme_d_local_map,NA,True,663.0966246959675,251.57999999999998
1734763744400,F:\agent\UAV\data\IR-image\1734763744400.jpg,116.1833535611731,38.811877302688494,483.54,116.1910307,38.8121059,735.57,1247.2128484624682,-27.09498871726649,-8.15603109651397,83.17673448351621,1.0901116171669327,1.0067812723582168,0.8786127167630058,346,304,orb,-99.34233382874201,scheme_d_local_map,NA,True,665.6632308048607,252.03000000000003
1734763744600,F:\agent\UAV\data\IR-image\1734763744600.jpg,116.18337564208866,38.81190393463108,483.54,116.1910899,38.8121057,736.03,1249.1281723438944,-24.130320867628576,-17.239836533757,87.13066192327847,1.3804611370156,1.0078110725001748,0.9054878048780488,328,297,orb,-99.34233382874201,scheme_d_local_map,NA,True,668.770179733334,252.48999999999995
1734763744800,F:\agent\UAV\data\IR-image\1734763744800.jpg,116.18340908477833,38.81195711630949,483.54,116.1911492,38.8121054,736.52,1252.0290295119266,-18.210136427487335,-34.958443490644015,92.4674927503026,1.6466052821410864,1.0120236630634736,0.8974358974358975,234,210,orb,-99.34233382874201,scheme_d_local_map,NA,True,670.836548203171,252.97999999999996
1734763745000,F:\agent\UAV\data\IR-image\1734763745000.jpg,116.18343917984757,38.81197815487208,483.54,116.1912083,38.8121052,737.02,1254.6395102520185,-15.868123640251937,-42.63446032368256,98.63047300189197,1.6240301875532246,1.014319035695323,0.8215767634854771,241,198,orb,-99.34233382874201,scheme_d_local_map,NA,True,673.2951039087521,253.47999999999996
1734763745200,F:\agent\UAV\data\IR-image\1734763745200.jpg,116.18349626040181,38.811978150589546,483.54,116.1912673,38.8121051,737.49,1259.5907428399037,-15.868600371640657,-44.88916404225654,112.3438677988193,1.7877113060035232,1.0181963965026597,0.7544910179640718,167,126,orb,-99.34233382874201,scheme_d_local_map,NA,True,673.4611528969039,253.95
1734763745400,F:\agent\UAV\data\IR-image\1734763745400.jpg,116.18352744868959,38.81196981606127,483.54,116.1913263,38.812105,737.93,1262.2960506090517,-16.79640005925916,-43.552155078368514,120.259372390811,1.8984556940762087,1.0141836370482762,0.8518518518518519,189,161,orb,-99.34233382874201,scheme_d_local_map,NA,True,675.8901245210579,254.38999999999993
1734763745600,F:\agent\UAV\data\IR-image\1734763745600.jpg,116.18355478951028,38.81195775767261,483.54,116.1913851,38.8121048,738.4,1264.6676246802392,-18.13873988516508,-40.91494991512792,127.43943649260171,2.2113269855821267,1.0127104837179932,0.88,200,176,orb,-99.34233382874201,scheme_d_local_map,NA,True,678.6457457604324,254.85999999999996
1734763745800,F:\agent\UAV\data\IR-image\1734763745800.jpg,116.18358078102348,38.811958043054766,483.54,116.1914439,38.8121046,738.87,1266.922158274832,-18.106971143770735,-42.030214126944145,133.66922835498508,2.48003551041442,1.0125376967352449,0.8489583333333334,192,163,orb,-99.34233382874201,scheme_d_local_map,NA,True,681.4862866149086,255.32999999999998
1734763746000,F:\agent\UAV\data\IR-image\1734763746000.jpg,116.18361665596356,38.81194874164007,483.54,116.1915025,38.8121044,739.33,1270.0339916260173,-19.142404627165075,-40.580330270723266,142.75970944603068,2.9623792197423398,1.0159594069490707,0.801980198019802,202,162,orb,-99.34233382874201,scheme_d_local_map,NA,True,683.4796388106718,255.79000000000002
1734763746200,F:\agent\UAV\data\IR-image\1734763746200.jpg,116.18364976850965,38.81195097783863,483.54,116.191561,38.8121043,739.78,1272.906211762127,-18.893471004231444,-42.57851327663667,150.60132541117252,3.131701652894822,1.0139759474927994,0.8372093023255814,172,144,orb,-99.34233382874201,scheme_d_local_map,NA,True,685.6720856535562,256.23999999999995
1734763746400,F:\agent\UAV\data\IR-image\1734763746400.jpg,116.18367379574329,38.8119554087612,483.54,116.1916193,38.8121042,740.24,1274.9903615000828,-18.400220703449854,-44.89428430760961,156.1489401509058,3.0765544577867265,1.0154238239276767,0.8301886792452831,159,132,orb,-99.34233382874201,scheme_d_local_map,NA,True,688.6283886417006,256.7
1734763746600,F:\agent\UAV\data\IR-image\1734763746600.jpg,116.18370144683986,38.81192846194472,483.54,116.1916775,38.8121041,740.7,1277.3888492569424,-21.399940314147948,-37.67898167633592,164.15872913650333,3.089342116431364,1.0186969752972028,0.7810650887573964,169,132,orb,-99.34233382874201,scheme_d_local_map,NA,True,691.3525248201585,257.16
1734763746800,F:\agent\UAV\data\IR-image\1734763746800.jpg,116.18373260651047,38.811944210068354,483.54,116.1917355,38.8121041,741.18,1280.091674738553,-19.646859190936304,-43.76594116125489,170.84581804551908,2.857752216572451,1.0155975897763938,0.8174603174603174,126,103,orb,-99.34233382874201,scheme_d_local_map,NA,True,693.6299819446334,257.63999999999993
1734763747000,F:\agent\UAV\data\IR-image\1734763747000.jpg,116.18377606061362,38.811963556832275,483.54,116.1917934,38.812104,741.69,1283.8609333676566,-17.493177431651077,-51.448343073433705,180.30401943839888,2.7613747786672826,1.0186202352953047,0.768595041322314,121,93,orb,-99.34233382874201,scheme_d_local_map,NA,True,694.8291634387043,258.15000000000003
1734763747200,F:\agent\UAV\data\IR-image\1734763747200.jpg,116.18381427273938,38.81197846821287,483.54,116.1918511,38.8121037,742.21,1287.1754968787636,-15.833242543493542,-57.55605797071502,188.72785010331802,2.9027553920739715,1.0193292477869524,0.808695652173913,115,93,orb,-99.34233382874201,scheme_d_local_map,NA,True,696.4813015103479,258.67
1734763747400,F:\agent\UAV\data\IR-image\1734763747400.jpg,116.18385297182249,38.81198746308901,483.54,116.1919088,38.8121034,742.71,1290.5322996277241,-14.831932931160052,-61.85885813908345,197.56877057890625,3.1083463231564727,1.0191217785935256,0.7241379310344828,87,63,orb,-99.34233382874201,scheme_d_local_map,NA,True,698.1073934400264,259.17
1734763747600,F:\agent\UAV\data\IR-image\1734763747600.jpg,116.18388175430883,38.811996785287604,483.54,116.1919662,38.8121034,743.2,1293.0289254273428,-13.794185783738426,-65.87063874595225,204.01069989453526,2.9222449951590503,1.0212338093273552,0.6341463414634146,82,52,orb,-99.34233382874201,scheme_d_local_map,NA,True,700.5681515021114,259.66
1734763747800,F:\agent\UAV\data\IR-image\1734763747800.jpg,116.18390861852572,38.8119718333067,483.54,116.1920235,38.8121035,743.7,1295.3591583394132,-16.571840298104572,-59.23927828932557,211.73026316564255,2.667070787838317,1.0179954297935578,0.6164383561643836,73,45,orb,-99.34233382874201,scheme_d_local_map,NA,True,703.2574504099545,260.16
1734763748000,F:\agent\UAV\data\IR-image\1734763748000.jpg,116.1839458928434,38.81197661119411,483.54,116.1920807,38.8121035,744.2,1298.592375304357,-16.039965871768416,-62.18559591460388,220.4427920339043,2.448521220226578,1.019814305195904,0.7887323943661971,71,56,orb,-99.34233382874201,scheme_d_local_map,NA,True,704.9726593342439,260.66
1734763748200,F:\agent\UAV\data\IR-image\1734763748200.jpg,116.18397980838853,38.81198782419915,483.54,116.1921377,38.8121035,744.75,1301.534248496656,-14.791734150584446,-66.9832214832742,228.02199337019732,2.6417737407677206,1.0194162063673962,0.625,56,35,orb,-99.34233382874201,scheme_d_local_map,NA,True,706.9485469266427,261.21
1734763748400,F:\agent\UAV\data\IR-image\1734763748400.jpg,116.18400421351645,38.81197743611483,483.54,116.1921946,38.8121035,745.29,1303.6511772170613,-15.948135697195303,2.2382502445966566,6.390063211480594,0.039005956041257214,1.0009971290930617,0.9577464788732394,852,816,orb,-99.34233382874201,scheme_d_local_map,NA,True,709.7854896006667,261.74999999999994
1734763748600,F:\agent\UAV\data\IR-image\1734763748600.jpg,116.18402311469356,38.81196456259962,483.54,116.1922514,38.8121035,745.84,1305.2906869464807,-17.38121541075734,5.460337442147704,11.58391140296709,-0.11625400381843846,1.0018908989858921,0.9702842377260982,774,751,orb,-99.34233382874201,scheme_d_local_map,NA,True,713.0981949285195,262.3
1734763748800,F:\agent\UAV\data\IR-image\1734763748800.jpg,116.18405415970437,38.81195627311725,483.54,116.192308,38.8121036,746.38,1307.983566707545,-18.304000588316974,6.78912078131566,19.462709915401263,-0.27091752412419295,1.0030533657251675,0.9306803594351734,779,725,orb,-99.34233382874201,scheme_d_local_map,NA,True,715.3326580702582,262.84
1734763749000,F:\agent\UAV\data\IR-image\1734763749000.jpg,116.18408578614041,38.811953050446526,483.54,116.1923646,38.8121037,746.89,1310.726879957628,-18.662748293011262,6.5327381943343426,27.224188401028528,-0.3506213387350013,1.0030085493946468,0.9526462395543176,718,684,orb,-99.34233382874201,scheme_d_local_map,NA,True,717.504446162412,263.34999999999997
1734763749200,F:\agent\UAV\data\IR-image\1734763749200.jpg,116.1841112521892,38.81195796287083,483.54,116.1924211,38.8121038,747.4,1312.9358341675868,-18.115897219755063,4.011644793762798,33.09304461430054,-0.32943907667207434,1.0033184139878928,0.9410876132930514,662,623,orb,-99.34233382874201,scheme_d_local_map,NA,True,720.1803457738671,263.85999999999996
1734763749400,F:\agent\UAV\data\IR-image\1734763749400.jpg,116.18413875875464,38.811965719295785,483.54,116.1924775,38.8121038,747.9,1315.3217851280026,-17.25245199366055,0.5330482488679991,39.30786393895886,-0.26859829161528126,1.003702238843086,0.961038961038961,770,740,orb,-99.34233382874201,scheme_d_local_map,NA,True,722.6642754136285,264.35999999999996
1734763749600,F:\agent\UAV\data\IR-image\1734763749600.jpg,116.18415497956804,38.81195754842152,483.54,116.1925338,38.8121039,748.39,1316.728797041992,-18.162033716432447,2.411167027356214,43.61924340507494,-0.35373332150583986,1.0049294466403673,0.9439252336448598,749,707,orb,-99.34233382874201,scheme_d_local_map,NA,True,726.1561823315384,264.84999999999997
1734763749800,F:\agent\UAV\data\IR-image\1734763749800.jpg,116.18418170932574,38.81195321497122,483.54,116.1925901,38.812104,748.88,1319.0473668099532,-18.644433404088364,2.6907909970364017,50.26067332857525,-0.6041817233636612,1.0056618692695134,0.9475177304964539,705,668,orb,-99.34233382874201,scheme_d_local_map,NA,True,728.7288200939682,265.34
1734763750000,F:\agent\UAV\data\IR-image\1734763750000.jpg,116.18421087394871,38.81194806056742,483.54,116.1926463,38.8121041,749.34,1321.5771395781237,-19.21822163495231,3.127294743545349,57.52870257796445,-0.8157003527971108,1.0055291357550074,0.9175108538350217,691,634,orb,-99.34233382874201,scheme_d_local_map,NA,True,731.0843118959697,265.8
1734763750200,F:\agent\UAV\data\IR-image\1734763750200.jpg,116.1842432316057,38.811945640492006,483.54,116.1927025,38.8121042,749.79,1324.3838797694777,-19.4876244303272,2.594557675021292,65.42514152614615,-0.9825782338935355,1.007204102010638,0.9364599092284418,661,619,orb,-99.34233382874201,scheme_d_local_map,NA,True,733.1562229333638,266.24999999999994
1734763750400,F:\agent\UAV\data\IR-image\1734763750400.jpg,116.18427917774885,38.81195047719924,483.54,116.1927586,38.8121043,750.24,1327.5018893562842,-18.949202180665644,-0.31740099937854893,73.81560285804835,-1.0217599808612234,1.0077688686940847,0.9251170046801872,641,593,orb,-99.34233382874201,scheme_d_local_map,NA,True,734.8894554992988,266.7
1734763750600,F:\agent\UAV\data\IR-image\1734763750600.jpg,116.18431124958576,38.81195159068469,483.54,116.1928147,38.8121043,750.69,1330.2838371877851,-18.82524898027056,-1.9282995891149994,81.46414340585187,-0.889968173234519,1.0084104459646348,0.9668874172185431,604,584,orb,-99.34233382874201,scheme_d_local_map,NA,True,736.9679183895857,267.15000000000003
1734763750800,F:\agent\UAV\data\IR-image\1734763750800.jpg,116.18434020085724,38.81196700021423,483.54,116.1928707,38.8121043,751.15,1332.7951036021582,-17.1098601515601,-7.823580944882565,87.63785534553995,-0.8660879188545565,1.008964635637758,0.8896321070234113,598,532,orb,-99.34233382874201,scheme_d_local_map,NA,True,739.2734558376383,267.60999999999996
1734763751000,F:\agent\UAV\data\IR-image\1734763751000.jpg,116.18437004407711,38.81197214732709,483.54,116.1929268,38.8121043,751.61,1335.3837386413054,-16.53688354873138,-10.590034082576437,94.54639020786476,-0.8340230650572245,1.009242535938657,0.9518900343642611,582,554,orb,-99.34233382874201,scheme_d_local_map,NA,True,741.5363729652263,268.07
1734763751200,F:\agent\UAV\data\IR-image\1734763751200.jpg,116.1843974524853,38.81197628569293,483.54,116.1929828,38.8121044,752.05,1337.7611753292279,-16.076200663062007,-12.94924069774936,100.92114623531552,-0.9291044667407764,1.0109003483098342,0.9142857142857143,595,544,orb,-99.34233382874201,scheme_d_local_map,NA,True,744.0044197098852,268.50999999999993
1734763751400,F:\agent\UAV\data\IR-image\1734763751400.jpg,116.18442761616217,38.811968105286034,483.54,116.1930388,38.8121044,752.48,1340.3776071740838,-16.986843558569312,-11.619253805505991,108.5826782162352,-0.9987380263875275,1.0114829292976397,0.9278350515463918,582,540,orb,-99.34233382874201,scheme_d_local_map,NA,True,746.2605320081711,268.94
1734763751600,F:\agent\UAV\data\IR-image\1734763751600.jpg,116.18444257748723,38.81194686358537,483.54,116.1930948,38.8121046,752.89,1341.675369629773,-19.351469676880416,-5.661393017897012,113.25446450341849,-1.2464670986470427,1.0116476081254768,0.8985239852398524,542,487,orb,-99.34233382874201,scheme_d_local_map,NA,True,749.8676426152266,269.34999999999997
1734763751800,F:\agent\UAV\data\IR-image\1734763751800.jpg,116.18447619448716,38.811934302943726,483.54,116.1931508,38.8121047,753.33,1344.591346668631,-20.749720304411923,-3.1173912044239387,121.96780957088845,-1.6738490449577619,1.0131896384438055,0.8138686131386861,548,446,orb,-99.34233382874201,scheme_d_local_map,NA,True,751.8406910928512,269.79
1734763752000,F:\agent\UAV\data\IR-image\1734763752000.jpg,116.18451634689652,38.81194066851965,483.54,116.1932068,38.8121049,753.77,1348.0742125994184,-20.041104393055413,-6.666973046985902,131.29124642965132,-1.8996036763495407,1.0140234578101088,0.7737226277372263,548,424,orb,-99.34233382874201,scheme_d_local_map,NA,True,753.1963844203433,270.22999999999996
1734763752200,F:\agent\UAV\data\IR-image\1734763752200.jpg,116.18454404780888,38.811945443903525,483.54,116.1932628,38.8121049,754.18,1350.477021434399,-19.509508659355987,-9.23414417084507,137.7039630377776,-1.7724265591148878,1.0124991590129129,0.9001956947162426,511,460,orb,-99.34233382874201,scheme_d_local_map,NA,True,755.6349384850898,270.63999999999993
1734763752400,F:\agent\UAV\data\IR-image\1734763752400.jpg,116.18457767912797,38.811954699873375,483.54,116.1933189,38.8121049,754.61,1353.3942405341747,-18.479134095793523,-13.417148216246574,145.31414757793493,-1.6526333299872031,1.0143853958069942,0.8098859315589354,526,426,orb,-99.34233382874201,scheme_d_local_map,NA,True,757.5577398212115,271.07
1734763752600,F:\agent\UAV\data\IR-image\1734763752600.jpg,116.1846091775459,38.8119626463918,483.54,116.193375,38.8121049,755.05,1356.1264493460899,-17.59452766485828,-17.112125914222474,152.47833761640618,-1.5671991027116603,1.0151460139272597,0.857685009487666,527,452,orb,-99.34233382874201,scheme_d_local_map,NA,True,759.6698459314415,271.50999999999993
1734763752800,F:\agent\UAV\data\IR-image\1734763752800.jpg,116.18464453709468,38.81194959233702,483.54,116.1934311,38.812105,755.5,1359.1935770672928,-19.047705043173764,-14.484867921991054,161.63534437455718,-1.6344398249037684,1.0164643018837674,0.8591836734693877,490,421,orb,-99.34233382874201,scheme_d_local_map,NA,True,761.4983482828043,271.96
1734763753000,F:\agent\UAV\data\IR-image\1734763753000.jpg,116.18466991532108,38.811940952831115,483.54,116.1934872,38.812105,755.94,1361.394913463254,-20.009454840427942,-12.824195018683668,168.17049436870957,-1.8924346731383883,1.0165820966955468,0.8622129436325678,479,413,orb,-99.34233382874201,scheme_d_local_map,NA,True,764.1818943653386,272.40000000000003
1734763753200,F:\agent\UAV\data\IR-image\1734763753200.jpg,116.18470458014677,38.81195596653859,483.54,116.1935434,38.812105,756.39,1364.4017801080213,-18.33812892401677,-18.823257304241224,175.73692233113172,-1.9046573287810573,1.016262822462459,0.6979166666666666,480,335,orb,-99.34233382874201,scheme_d_local_map,NA,True,766.009240297712,272.84999999999997
1734763753400,F:\agent\UAV\data\IR-image\1734763753400.jpg,116.18471455546408,38.811942761826174,483.54,116.1935996,38.812105,756.85,1365.2670505458013,-19.808077510855387,-15.14627491336995,178.80319852149182,-1.6653239364920829,1.014873732997673,0.8256658595641646,413,341,orb,-99.34233382874201,scheme_d_local_map,NA,True,770.0464657615858,273.31
1734763753600,F:\agent\UAV\data\IR-image\1734763753600.jpg,116.18473467684134,38.81195943404662,483.54,116.1936558,38.8121049,757.32,1367.0124018321467,-17.952125930043735,-21.081877338911,182.79154693367502,-1.6389037349039595,1.0166521784884706,0.7986870897155361,457,365,orb,-99.34233382874201,scheme_d_local_map,NA,True,773.1302480307779,273.78000000000003
1734763753800,F:\agent\UAV\data\IR-image\1734763753800.jpg,116.18475672409447,38.81197556105459,483.54,116.1937121,38.8121049,757.77,1368.9248057961618,-16.156867403509672,-26.925498675614676,187.27022739613471,-1.1733946629180951,1.0157024207619276,0.7025316455696202,474,333,orb,-99.34233382874201,scheme_d_local_map,NA,True,776.0620020248682,274.22999999999996
1734763754000,F:\agent\UAV\data\IR-image\1734763754000.jpg,116.1847817347868,38.81197294964448,483.54,116.1937685,38.8121048,758.22,1371.0942618660251,-16.44756957703927,-27.10886607525856,193.411317901494,-1.391384116012448,1.020630383896511,0.7363636363636363,440,324,orb,-99.34233382874201,scheme_d_local_map,NA,True,778.7864506939795,274.68
1734763754200,F:\agent\UAV\data\IR-image\1734763754200.jpg,116.18480403982694,38.81196410501745,483.54,116.193825,38.8121048,758.69,1373.029026569858,-17.432153457283942,-25.263487650715263,199.21856213781325,-0.7682818647988815,1.018056242496328,0.7772727272727272,440,342,orb,-99.34233382874201,scheme_d_local_map,NA,True,781.7678238266335,275.15000000000003
1734763754400,F:\agent\UAV\data\IR-image\1734763754400.jpg,116.18482823124747,38.8119482848646,483.54,116.1938815,38.8121047,759.15,1375.1274180665741,-19.19325287322888,3.9214977060441925,6.614251573652609,0.0455304860431258,1.0008820413272987,0.9424460431654677,973,917,orb,-99.34233382874201,scheme_d_local_map,NA,True,784.6034968905861,275.60999999999996
1734763754600,F:\agent\UAV\data\IR-image\1734763754600.jpg,116.18484595165914,38.81194969624802,483.54,116.1939382,38.8121047,759.62,1376.6645068518003,-19.036137670452153,2.7859707610382998,10.799858977183533,-0.03047870020716395,1.0017411605215176,0.9035714285714286,840,759,orb,-99.34233382874201,scheme_d_local_map,NA,True,787.9765587042918,276.08
1734763754800,F:\agent\UAV\data\IR-image\1734763754800.jpg,116.18488334698257,38.81195154372267,483.54,116.193995,38.8121047,760.06,1379.9082199951274,-18.830476792160155,0.7383676682070472,19.69009744960198,-0.028109975937892457,1.0048143818402469,0.724824355971897,854,619,orb,-99.34233382874201,scheme_d_local_map,NA,True,789.652987148084,276.5199999999999
1734763755000,F:\agent\UAV\data\IR-image\1734763755000.jpg,116.18491471668345,38.811947673148296,483.54,116.1940518,38.8121047,760.49,1382.6292637429838,-19.26134913152684,0.691892096900574,27.422760741805746,-0.3002361671560217,1.0023786920358588,0.8475336322869955,892,756,orb,-99.34233382874201,scheme_d_local_map,NA,True,791.865251522749,276.95
1734763755200,F:\agent\UAV\data\IR-image\1734763755200.jpg,116.1849532003117,38.81195187571736,483.54,116.1941088,38.8121047,760.93,1385.9673776908855,-18.793519143339772,-2.124841102613459,36.454999242370604,-0.6644451792228768,1.0046746539723943,0.8929001203369434,831,742,orb,-99.34233382874201,scheme_d_local_map,NA,True,793.459024208353,277.38999999999993
1734763755400,F:\agent\UAV\data\IR-image\1734763755400.jpg,116.18499259566963,38.81197301167965,483.54,116.1941658,38.8121048,761.38,1389.3845761155187,-16.440663821857207,-10.198468045577783,44.84736412623954,-0.7127115045544864,1.007680909795598,0.8261405672009864,811,670,orb,-99.34233382874201,scheme_d_local_map,NA,True,794.9373318428806,277.84
1734763755600,F:\agent\UAV\data\IR-image\1734763755600.jpg,116.18503341956182,38.812000923106794,483.54,116.1942229,38.8121047,761.85,1392.9256872350757,-13.333563752183514,-20.417549075767283,53.239252858385896,-0.5817942393883793,1.0063148215550188,0.9024390243902439,779,703,orb,-99.34233382874201,scheme_d_local_map,NA,True,796.2959357475236,278.31
1734763755800,F:\agent\UAV\data\IR-image\1734763755800.jpg,116.18506652450876,38.81200743434938,483.54,116.1942801,38.8121046,762.35,1395.797248212458,-12.608732226604081,-23.73350200111986,60.86220078931893,-0.6032225789034039,1.0072500117469776,0.9191919191919192,792,728,orb,-99.34233382874201,scheme_d_local_map,NA,True,798.3730832993792,278.81
1734763756000,F:\agent\UAV\data\IR-image\1734763756000.jpg,116.1851034072004,38.812000036318935,483.54,116.1943373,38.8121046,762.84,1398.9964950877027,-13.432280976089764,-22.91029442057402,70.09824161716102,-0.7084079100334466,1.006545598513215,0.9344262295081968,793,741,orb,-99.34233382874201,scheme_d_local_map,NA,True,800.1448653492794,279.3
1734763756200,F:\agent\UAV\data\IR-image\1734763756200.jpg,116.18513059921264,38.81198869407858,483.54,116.1943946,38.8121046,763.32,1401.3551613425898,-14.694899173061465,-20.48800877295264,77.20623051613154,-0.6674603693798612,1.0072178733022428,0.9577804583835947,829,794,orb,-99.34233382874201,scheme_d_local_map,NA,True,802.772585436488,279.78000000000003
1734763756400,F:\agent\UAV\data\IR-image\1734763756400.jpg,116.185154337518,38.81197445098994,483.54,116.194452,38.8121046,763.81,1403.4142491118512,-16.28043979998197,-17.034838630053628,83.63163136708607,-0.5866995669305348,1.0083786829863637,0.9021897810218978,685,618,orb,-99.34233382874201,scheme_d_local_map,NA,True,805.7157625427983,280.2699999999999
1734763756600,F:\agent\UAV\data\IR-image\1734763756600.jpg,116.18518257728171,38.81196761784378,483.54,116.1945094,38.8121046,764.31,1405.8637985282355,-17.041105630940255,-16.044195791725997,90.76262065974038,-0.5134821014359382,1.0090681435291264,0.9163059163059163,693,635,orb,-99.34233382874201,scheme_d_local_map,NA,True,808.2559135129385,280.7699999999999
1734763756800,F:\agent\UAV\data\IR-image\1734763756800.jpg,116.18521160493995,38.81196601749462,483.54,116.1945668,38.8121046,764.79,1408.3816908192687,-17.219256499501206,-16.6980554377526,97.81747339256106,-0.35011584031541987,1.011209199018429,0.8739837398373984,738,645,orb,-99.34233382874201,scheme_d_local_map,NA,True,810.7171408501506,281.24999999999994
1734763757000,F:\agent\UAV\data\IR-image\1734763757000.jpg,116.18523858021794,38.81199014881985,483.54,116.1946243,38.8121046,765.29,1410.7215572972384,-14.53295737406679,-25.204319552230174,103.07407333855326,-0.14969275581640418,1.0132192682617833,0.8395573997233748,723,607,orb,-99.34233382874201,scheme_d_local_map,NA,True,813.3148962165346,281.74999999999994
1734763757200,F:\agent\UAV\data\IR-image\1734763757200.jpg,116.18526106275749,38.81200520355149,483.54,116.1946819,38.8121045,765.8,1412.67171850288,-12.857064647919385,-30.734543539373817,107.71171702224103,-0.1035664655917939,1.010428196982589,0.9132492113564669,634,579,orb,-99.34233382874201,scheme_d_local_map,NA,True,816.3326218699822,282.25999999999993
1734763757400,F:\agent\UAV\data\IR-image\1734763757400.jpg,116.18528516662217,38.81198836679782,483.54,116.1947395,38.8121046,766.3,1414.7625153047172,-14.731332066754774,-26.496149645112894,114.356498840511,0.14282177212309824,1.0105287071051459,0.9149606299212598,635,581,orb,-99.34233382874201,scheme_d_local_map,NA,True,819.2622351571241,282.75999999999993
1734763757600,F:\agent\UAV\data\IR-image\1734763757600.jpg,116.18531166492711,38.811981107018745,483.54,116.1947973,38.8121046,766.75,1417.0610085965427,-15.539490673064234,-25.305139907967828,121.09075568739104,0.332206290241246,1.0106932567067013,0.8966565349544073,658,590,orb,-99.34233382874201,scheme_d_local_map,NA,True,821.9871308151346,283.21
1734763757800,F:\agent\UAV\data\IR-image\1734763757800.jpg,116.18533395649884,38.81197553444552,483.54,116.1948551,38.8121046,767.2,1418.99460503394,-16.159829524436027,-24.468060131450102,126.72879635819936,0.33614494232399905,1.0120890143985053,0.8949096880131363,609,545,orb,-99.34233382874201,scheme_d_local_map,NA,True,825.073869621693,283.66
1734763758000,F:\agent\UAV\data\IR-image\1734763758000.jpg,116.1853607678532,38.81197245726876,483.54,116.194913,38.8121048,767.66,1421.3202525895288,-16.50238084175276,-24.578992081153785,133.32610750299125,-0.011692984701923202,1.0107562020523464,0.8369384359400999,601,503,orb,-99.34233382874201,scheme_d_local_map,NA,True,827.7735198623972,284.11999999999995
1734763758200,F:\agent\UAV\data\IR-image\1734763758200.jpg,116.1853885771331,38.811941771592075,483.54,116.194971,38.812105,768.14,1423.7324613486605,-19.91831037018496,-16.217185928234585,141.56354447817534,-0.6343098705632387,1.009676838838491,0.7876712328767124,584,460,orb,-99.34233382874201,scheme_d_local_map,NA,True,830.4570884898052,284.59999999999997
1734763758400,F:\agent\UAV\data\IR-image\1734763758400.jpg,116.18542298684673,38.81192867512071,483.54,116.195029,38.8121052,768.65,1426.7171992807116,-21.376209562834692,-13.539309342816523,150.49451190931063,-1.0617365386537836,1.0097517865669392,0.8392330383480826,678,569,orb,-99.34233382874201,scheme_d_local_map,NA,True,832.5341783293279,285.10999999999996
1734763758600,F:\agent\UAV\data\IR-image\1734763758600.jpg,116.18545522009946,38.811944293748965,483.54,116.195087,38.8121053,769.19,1429.513148505178,-19.63754386516493,-19.628774894138587,157.4460892959649,-1.3611557557720497,1.0162590377980887,0.8049713193116634,523,421,orb,-99.34233382874201,scheme_d_local_map,NA,True,834.7272066202672,285.65000000000003
1734763758800,F:\agent\UAV\data\IR-image\1734763758800.jpg,116.18548376980227,38.81196677131544,483.54,116.1951451,38.8121053,769.77,1431.989582394432,-17.13534116506891,-27.68738328624056,163.16481641797702,-1.3339584647312748,1.0128377269533886,0.6907407407407408,540,373,orb,-99.34233382874201,scheme_d_local_map,NA,True,837.2371273226073,286.22999999999996
1734763759000,F:\agent\UAV\data\IR-image\1734763759000.jpg,116.18552878011609,38.81199356161982,483.54,116.1952033,38.8121051,770.35,1435.893828516946,-14.15304448190837,-37.72626480689303,172.6193282713699,-1.024580962900216,1.0215625558595054,0.8089430894308943,492,398,orb,-99.34233382874201,scheme_d_local_map,NA,True,838.3298125459105,286.81
1734763759200,F:\agent\UAV\data\IR-image\1734763759200.jpg,116.1855521009314,38.81203868365297,483.54,116.1952616,38.812105,770.91,1437.9167027218532,-9.130059751382499,-52.55989122484192,175.9332623876909,-0.87697885906815,1.0123585966879058,0.7923250564334086,443,351,orb,-99.34233382874201,scheme_d_local_map,NA,True,841.3008485898672,287.36999999999995
1734763759400,F:\agent\UAV\data\IR-image\1734763759400.jpg,116.1855901815379,38.81205440023811,483.54,116.1953199,38.8121048,771.5,1441.2198581014081,-7.380489493509181,-58.91066655219663,184.28465426460082,-0.2324809806398511,1.018142466449514,0.8117977528089888,356,289,orb,-99.34233382874201,scheme_d_local_map,NA,True,843.0389530893317,287.96
1734763759600,F:\agent\UAV\data\IR-image\1734763759600.jpg,116.18560984091171,38.81202897593023,483.54,116.1953783,38.8121047,772.08,1442.9251346808403,-10.21072344634804,-51.84891877586193,190.29726547161033,0.045153625544263346,1.015308404008395,0.8181818181818182,363,297,orb,-99.34233382874201,scheme_d_local_map,NA,True,846.4189971113846,288.54
1734763759800,F:\agent\UAV\data\IR-image\1734763759800.jpg,116.18563632015628,38.81199171198764,483.54,116.1954367,38.8121047,772.63,1445.221974653187,-14.358945536478938,-41.40635141541691,198.5488397357342,0.5847743121564942,1.0288503301549305,0.7536656891495601,341,257,orb,-99.34233382874201,scheme_d_local_map,NA,True,849.2360140753152,289.09
1734763760000,F:\agent\UAV\data\IR-image\1734763760000.jpg,116.18564830627386,38.8119853024875,483.54,116.1954951,38.8121047,773.18,1446.2616642071534,-15.072451091642233,-39.90392478547676,201.7535232000073,0.657748045027568,1.025731451317702,0.7742782152230971,381,295,orb,-99.34233382874201,scheme_d_local_map,NA,True,853.267885681821,289.63999999999993
1734763760200,F:\agent\UAV\data\IR-image\1734763760200.jpg,116.18568341646227,38.8119811507002,483.54,116.1955535,38.8121047,773.74,1449.3071621224517,-15.534628053853815,-40.01153474359768,210.39907465011186,1.015186808630193,1.031950108102725,0.7576923076923077,260,197,orb,-99.34233382874201,scheme_d_local_map,NA,True,855.2928777467894,290.2
1734763760400,F:\agent\UAV\data\IR-image\1734763760400.jpg,116.18571889368349,38.811987046999796,483.54,116.195612,38.8121046,774.3,1452.3844968854128,-14.878251982432532,-3.2201159450553405,8.224060797924324,0.3702663211063636,1.0012879931654448,0.923896499238965,657,607,orb,-99.34233382874201,scheme_d_local_map,NA,True,857.2769438594012,290.75999999999993
1734763760600,F:\agent\UAV\data\IR-image\1734763760600.jpg,116.18574797798539,38.81199818265733,483.54,116.1956706,38.8121045,774.85,1454.907302511198,-13.638630586257593,-7.8029462227751765,14.646515252898837,0.516592372720883,1.0008539925536277,0.8284883720930233,344,285,orb,-99.34233382874201,scheme_d_local_map,NA,True,859.8158506504514,291.31
1734763760800,F:\agent\UAV\data\IR-image\1734763760800.jpg,116.18578136252407,38.81199724661422,483.54,116.1957292,38.8121045,775.36,1457.8031155962924,-13.742830905399522,-8.833822177584182,22.714380533126075,0.9072510208233567,1.0007551381808837,0.8253012048192772,332,274,orb,-99.34233382874201,scheme_d_local_map,NA,True,862.0018497207246,291.82
1734763761000,F:\agent\UAV\data\IR-image\1734763761000.jpg,116.18579878015048,38.81199202164324,483.54,116.1957878,38.8121046,775.85,1459.313940440319,-14.324474674163383,-7.911278760303048,27.163860806536547,0.5654234868821034,1.0023638465513776,0.8159340659340659,364,297,orb,-99.34233382874201,scheme_d_local_map,NA,True,865.5781025629161,292.31
1734763761200,F:\agent\UAV\data\IR-image\1734763761200.jpg,116.18584036934116,38.8120186468763,483.54,116.1958463,38.8121047,776.37,1462.9214344274783,-11.360553730400275,-17.764051119377257,35.80484622072032,0.5926382097249646,1.003325801533631,0.8875,480,426,orb,-99.34233382874201,scheme_d_local_map,NA,True,867.005437408636,292.83
1734763761400,F:\agent\UAV\data\IR-image\1734763761400.jpg,116.18588199492478,38.81200266910257,483.54,116.1959048,38.8121049,776.88,1466.5320851799129,-13.139199502384544,-14.483015554794804,46.615520472155254,0.4012094427428416,1.0039282022034977,0.9046563192904656,451,408,orb,-99.34233382874201,scheme_d_local_map,NA,True,868.4891923049703,293.34
1734763761600,F:\agent\UAV\data\IR-image\1734763761600.jpg,116.18590933162184,38.811977273949665,483.54,116.1959634,38.8121051,777.38,1468.9033015625314,-15.966187923690129,-7.733691557009081,54.47107252588904,0.27763364485043474,1.0029790715135785,0.8800904977375565,442,389,orb,-99.34233382874201,scheme_d_local_map,NA,True,871.2396728423888,293.84
1734763761800,F:\agent\UAV\data\IR-image\1734763761800.jpg,116.18594319383506,38.811996838979695,483.54,116.1960218,38.8121052,777.93,1471.8405486820693,-13.788208780139271,-15.104283502200246,61.61382279506881,0.600547237641479,1.004826007621882,0.918429003021148,331,304,orb,-99.34233382874201,scheme_d_local_map,NA,True,873.3327761493582,294.38999999999993
1734763762000,F:\agent\UAV\data\IR-image\1734763762000.jpg,116.18599125480803,38.81203262792995,483.54,116.1960802,38.8121051,778.49,1476.00941247115,-9.804182837539862,-28.038176475946443,71.34479584847213,0.9442830051095473,1.007385881310844,0.8151815181518152,303,247,orb,-99.34233382874201,scheme_d_local_map,NA,True,874.1823904292936,294.95
1734763762200,F:\agent\UAV\data\IR-image\1734763762200.jpg,116.18601840374723,38.812078570260155,483.54,116.1961386,38.812105,779.04,1478.3643425207006,-4.689882639442775,-43.27601561744791,75.53680038258562,1.6804452097288487,1.0078531458161235,0.7849056603773585,265,208,orb,-99.34233382874201,scheme_d_local_map,NA,True,876.8576019234581,295.49999999999994
1734763762400,F:\agent\UAV\data\IR-image\1734763762400.jpg,116.18603241784575,38.81203942195906,483.54,116.1961968,38.812105,779.63,1479.579941462058,-9.047871517849602,-31.75980145421994,80.88929627074634,1.6835651614789215,1.006481455764042,0.8687258687258688,259,225,orb,-99.34233382874201,scheme_d_local_map,NA,True,880.7115430619435,296.09
1734763762600,F:\agent\UAV\data\IR-image\1734763762600.jpg,116.1860772042637,38.81202166664116,483.54,116.1962549,38.8121054,780.17,1483.4647666011667,-11.024393506423497,-28.05564545739594,92.54949950090696,1.5722446382481483,1.004915846215443,0.8611111111111112,180,155,orb,-99.34233382874201,scheme_d_local_map,NA,True,881.8841545961841,296.62999999999994
1734763762800,F:\agent\UAV\data\IR-image\1734763762800.jpg,116.18610698442069,38.81204194596602,483.54,116.196313,38.8121059,780.7,1486.0479314940737,-8.766899062573653,-35.48512968688766,98.67533513437485,1.1829652589153625,1.0076367712541756,0.839622641509434,212,178,orb,-99.34233382874201,scheme_d_local_map,NA,True,884.3172089132883,297.16
1734763763000,F:\agent\UAV\data\IR-image\1734763763000.jpg,116.18614453087449,38.812027195020136,483.54,116.196371,38.8121063,781.23,1489.3047538579701,-10.408974358325317,-32.421124892345006,108.4438006596435,1.3672454452056875,1.0054888007073954,0.6905829596412556,223,154,orb,-99.34233382874201,scheme_d_local_map,NA,True,886.104537428572,297.69
1734763763200,F:\agent\UAV\data\IR-image\1734763763200.jpg,116.18616979980031,38.81203017414159,483.54,116.196429,38.8121067,781.72,1491.4966093973615,-10.077338558228334,-34.338356483277664,114.36336217348787,1.9088988551021397,1.007963749920332,0.8085106382978723,188,152,orb,-99.34233382874201,scheme_d_local_map,NA,True,888.9375325553823,298.18
1734763763400,F:\agent\UAV\data\IR-image\1734763763400.jpg,116.18616561187612,38.811963205699826,483.54,116.196487,38.812107,782.19,1491.1333440610465,-17.532265495858873,-13.525302273880357,116.7540744943442,2.5625523199008873,1.0044620502442172,0.8078602620087336,229,185,orb,-99.34233382874201,scheme_d_local_map,NA,True,894.4283519344467,298.65000000000003
1734763763600,F:\agent\UAV\data\IR-image\1734763763600.jpg,116.18617769004368,38.81193156855138,483.54,116.1965449,38.8121075,782.65,1492.181018134605,-21.054112860526462,-4.248392023453334,121.26049036894472,2.9141799798251866,1.0031433460917798,0.7992125984251969,254,203,orb,-99.34233382874201,scheme_d_local_map,NA,True,898.4688027224287,299.10999999999996
1734763763800,F:\agent\UAV\data\IR-image\1734763763800.jpg,116.18620075925287,38.811874985360824,483.54,116.1966029,38.812108,783.07,1494.1820677366843,-27.352953632935954,12.285411317813669,129.6727562759724,3.06259596734692,1.0006445246479951,0.8052434456928839,267,215,orb,-99.34233382874201,scheme_d_local_map,NA,True,901.6550546555073,299.53000000000003
1734763764000,F:\agent\UAV\data\IR-image\1734763764000.jpg,116.1862202598189,38.811871280475245,483.54,116.1966607,38.8121085,783.48,1495.8735691463398,-27.76538149582016,12.656960936428732,134.54554420652823,2.5942320766871094,1.0001955407778518,0.7727272727272727,286,221,orb,-99.34233382874201,scheme_d_local_map,NA,True,904.9856317449603,299.94
1734763764200,F:\agent\UAV\data\IR-image\1734763764200.jpg,116.18627136748228,38.8118893819829,483.54,116.1967185,38.812109,783.95,1500.306706346662,-25.750321663855658,5.055997543567116,145.90561932004118,1.6865420327871272,1.0022672404921618,0.8063063063063063,222,179,orb,-99.34233382874201,scheme_d_local_map,NA,True,905.5102212791277,300.41
1734763764400,F:\agent\UAV\data\IR-image\1734763764400.jpg,116.18631279508335,38.81189618873755,483.54,116.1967763,38.8121095,784.4,1503.9001838671502,-24.992593735815447,1.319992582870384,155.51303364367402,0.8604805631176942,1.002361302801928,0.7806122448979592,196,153,orb,-99.34233382874201,scheme_d_local_map,NA,True,906.9096169032865,300.85999999999996
1734763764600,F:\agent\UAV\data\IR-image\1734763764600.jpg,116.18634935327599,38.81190689239234,483.54,116.196834,38.8121097,784.84,1507.071283326747,-23.80106288524682,-3.4250381783433568,163.75294703108437,0.5232761586605547,1.0046042874302896,0.8076923076923077,104,84,orb,-99.34233382874201,scheme_d_local_map,NA,True,908.7109968657031,301.3
1734763764800,F:\agent\UAV\data\IR-image\1734763764800.jpg,116.18636457067569,38.81192751325548,483.54,116.1968917,38.8121098,785.33,1508.3912579889013,-21.505548399571296,-10.384253242779494,166.3628650083822,-0.37875635137644303,1.0137999521076189,0.7037037037037037,135,95,orb,-99.34233382874201,scheme_d_local_map,NA,True,912.3370480698525,301.79
1734763765000,F:\agent\UAV\data\IR-image\1734763765000.jpg,116.18641894655588,38.811981469593064,483.54,116.1969494,38.8121098,785.84,1513.1078840537434,-15.499128900415368,-29.169054318013934,176.68944586370242,0.2542863944716268,1.0073517483493035,0.6666666666666666,138,92,orb,-99.34233382874201,scheme_d_local_map,NA,True,912.5111076404479,302.3
1734763765200,F:\agent\UAV\data\IR-image\1734763765200.jpg,116.18644343385245,38.811991717431546,483.54,116.197007,38.8121097,786.33,1515.2319401782818,-14.358339520597823,-33.29646477168882,182.05253677336702,0.22107701778749325,1.0122090965094623,0.7204301075268817,93,67,orb,-99.34233382874201,scheme_d_local_map,NA,True,915.3624924428464,302.79
1734763765400,F:\agent\UAV\data\IR-image\1734763765400.jpg,116.18647625917556,38.812018128553945,483.54,116.1970646,38.8121095,786.82,1518.07924626461,-11.418253374876416,-42.736844255955816,188.59892864716318,0.3220192241335685,1.0125161312482929,0.6162790697674418,86,53,orb,-99.34233382874201,scheme_d_local_map,NA,True,917.4711389719993,303.28000000000003
1734763765600,F:\agent\UAV\data\IR-image\1734763765600.jpg,116.1865008231492,38.81202821741588,483.54,116.1971221,38.8121095,787.32,1520.2099534442848,-10.295161264329847,-46.81827002775617,193.9885043893923,0.12771511065452754,1.016110467382213,0.5416666666666666,72,39,orb,-99.34233382874201,scheme_d_local_map,NA,True,920.3129033511491,303.78000000000003
1734763765800,F:\agent\UAV\data\IR-image\1734763765800.jpg,116.18652644483012,38.81201753004727,483.54,116.1971795,38.8121095,787.82,1522.4324073652224,-11.48487913776173,-44.53582769428505,200.68601594280216,-0.3588808521910627,1.0219476484407422,0.5416666666666666,72,39,orb,-99.34233382874201,scheme_d_local_map,NA,True,923.0786376922024,304.28000000000003
1734763766000,F:\agent\UAV\data\IR-image\1734763766000.jpg,116.18653112098451,38.81201185123436,483.54,116.1972369,38.8121096,788.32,1522.8380223467325,-12.117044591210105,-42.96976918064922,202.09747271459503,-0.24012343411959322,1.0152806134807124,0.5606060606060606,66,37,orb,-99.34233382874201,scheme_d_local_map,NA,True,927.6538997871972,304.78000000000003
1734763766200,F:\agent\UAV\data\IR-image\1734763766200.jpg,116.18653112098451,38.81201185123436,483.54,116.1972943,38.8121096,788.81,1522.8380223467325,-12.117044591210105,-42.96976918064922,202.09747271459503,-0.24012343411959322,1.0152806134807124,0.5606060606060606,66,37,orb,-99.34233382874201,scheme_d_local_map,NA,True,932.6269188616037,305.2699999999999
1734763766400,F:\agent\UAV\data\IR-image\1734763766400.jpg,116.18653112098451,38.81201185123436,483.54,116.1973516,38.8121096,789.32,1522.8380223467325,-12.117044591210105,0.0,0.0,0.0,1.0,1.0,1436,1436,orb,-99.34233382874201,scheme_d_local_map,NA,True,937.5912777305459,305.78000000000003
1734763766600,F:\agent\UAV\data\IR-image\1734763766600.jpg,116.18653112098451,38.81201185123436,483.54,116.1974088,38.8121095,789.82,1522.8380223467325,-12.117044591210105,0.0,0.0,0.0,1.0,1.0,1436,1436,orb,-99.34233382874201,scheme_d_local_map,NA,True,942.5468488231851,306.28000000000003
1734763766800,F:\agent\UAV\data\IR-image\1734763766800.jpg,116.18653112098451,38.81201185123436,483.54,116.1974661,38.8121096,790.25,1522.8380223467325,-12.117044591210105,0.0,0.0,0.0,1.0,1.0,1436,1436,orb,-99.34233382874201,scheme_d_local_map,NA,True,947.5113421963758,306.71
1734763767000,F:\agent\UAV\data\IR-image\1734763767000.jpg,116.18653112098451,38.81201185123436,483.54,116.1975234,38.8121096,790.65,1522.8380223467325,-12.117044591210105,0.0,0.0,0.0,1.0,1.0,1436,1436,orb,-99.34233382874201,scheme_d_local_map,NA,True,952.4757114928344,307.10999999999996
1734763767200,F:\agent\UAV\data\IR-image\1734763767200.jpg,116.18653112098451,38.81201185123436,483.54,116.1975807,38.8121094,791.04,1522.8380223467325,-12.117044591210105,0.0,0.0,0.0,1.0,1.0,1436,1436,orb,-99.34233382874201,scheme_d_local_map,NA,True,957.4398332988145,307.49999999999994
1734763767400,F:\agent\UAV\data\IR-image\1734763767400.jpg,116.18653112098451,38.81201185123436,483.54,116.1976379,38.8121093,791.42,1522.8380223467325,-12.117044591210105,0.0,0.0,0.0,1.0,1.0,1436,1436,orb,-99.34233382874201,scheme_d_local_map,NA,True,962.3954221676979,307.87999999999994
1734763767600,F:\agent\UAV\data\IR-image\1734763767600.jpg,116.18653112098451,38.81201185123436,483.54,116.1976952,38.8121096,791.7,1522.8380223467325,-12.117044591210105,0.0,0.0,0.0,1.0,1.0,1436,1436,orb,-99.34233382874201,scheme_d_local_map,NA,True,967.3601755555038,308.16
1734763767800,F:\agent\UAV\data\IR-image\1734763767800.jpg,116.18653112098451,38.81201185123436,483.54,116.1977524,38.8121101,791.91,1522.8380223467325,-12.117044591210105,0.0,0.0,0.0,1.0,1.0,1436,1436,orb,-99.34233382874201,scheme_d_local_map,NA,True,972.3165138560282,308.36999999999995
1734763768000,F:\agent\UAV\data\IR-image\1734763768000.jpg,116.18653112098451,38.81201185123436,483.54,116.1978095,38.8121105,792.2,1522.8380223467325,-12.117044591210105,0.0,0.0,0.0,1.0,1.0,1436,1436,orb,-99.34233382874201,scheme_d_local_map,NA,True,977.2640640909914,308.66
1734763768200,F:\agent\UAV\data\IR-image\1734763768200.jpg,116.18658265176606,38.811969868497876,483.54,116.1978666,38.8121108,792.49,1527.3078613007403,-16.79056281629091,10.907328623628246,14.50936989258122,-1.516296239692447,1.0109235497085647,0.7151162790697675,172,123,orb,-99.34233382874201,scheme_d_local_map,NA,True,977.8109077701408,308.95
1734763768400,F:\agent\UAV\data\IR-image\1734763768400.jpg,116.18659126972956,38.81200298421458,483.54,116.1979238,38.8121108,792.71,1528.055393316532,-13.104121232841269,0.3565662898701589,14.900048010700118,-1.4593854204978882,1.0133012084732598,0.7492163009404389,319,239,orb,-99.34233382874201,scheme_d_local_map,NA,True,981.9676194400803,309.17
1734763768600,F:\agent\UAV\data\IR-image\1734763768600.jpg,116.18657603730146,38.81205966785467,483.54,116.1979808,38.8121107,792.98,1526.7341150735642,-6.794098418259251,-16.517944515008935,8.365415245746476,-1.038501106017382,1.0136561984607493,0.8167420814479638,442,361,orb,-99.34233382874201,scheme_d_local_map,NA,True,988.1688325831666,309.44
1734763768800,F:\agent\UAV\data\IR-image\1734763768800.jpg,116.1865725906808,38.812093143981,483.54,116.1980378,38.8121107,793.23,1526.4351512533299,-3.0675360352681764,-26.702992626478363,5.839385965273323,-0.8087970356545858,1.0093971696216095,0.6807387862796834,379,258,orb,-99.34233382874201,scheme_d_local_map,NA,True,993.3915521352842,309.69
1734763769000,F:\agent\UAV\data\IR-image\1734763769000.jpg,116.18658588861314,38.8121240897082,483.54,116.1980946,38.8121106,793.39,1527.588629120243,0.37734231658259354,-36.769678353942254,7.4644597424909875,-0.727768611659156,1.013831525304425,0.6474576271186441,295,191,orb,-99.34233382874201,scheme_d_local_map,NA,True,997.1597320099312,309.84999999999997
1734763769200,F:\agent\UAV\data\IR-image\1734763769200.jpg,116.18659580649161,38.812087466665716,483.54,116.1981513,38.8121106,793.5,1528.4489172475264,-3.6995347726885015,-25.87014823251485,11.704781003382266,-0.9883998972918518,1.0145992215326083,0.7019867549668874,151,106,orb,-99.34233382874201,scheme_d_local_map,NA,True,1001.2155468399558,309.96
1734763769400,F:\agent\UAV\data\IR-image\1734763769400.jpg,116.18660687257879,38.812086986434544,483.54,116.198208,38.8121107,793.57,1529.408802312365,-3.7529941065003243,-26.159455283618,14.387684634953416,-1.0428373174203989,1.017252611153426,0.7354497354497355,189,139,orb,-99.34233382874201,scheme_d_local_map,NA,True,1005.1696007893262,310.03000000000003
1734763769600,F:\agent\UAV\data\IR-image\1734763769600.jpg,116.18662652459152,38.812102685377965,483.54,116.1982645,38.8121107,793.6,1531.113440381617,-2.005387724763006,-31.7764285748745,18.312639096210717,-1.0306808304043455,1.0159972298061442,0.8307692307692308,325,270,orb,-99.34233382874201,scheme_d_local_map,NA,True,1008.3590757558353,310.06
1734763769800,F:\agent\UAV\data\IR-image\1734763769800.jpg,116.1866602514932,38.81212566911875,483.54,116.1983209,38.8121108,793.62,1534.0389504241296,0.553162299187699,-40.19572038256189,25.2494750440012,-0.8453224262618118,1.0188167597579831,0.6666666666666666,294,196,orb,-99.34233382874201,scheme_d_local_map,NA,True,1010.3243550047398,310.08
1734763770000,F:\agent\UAV\data\IR-image\1734763770000.jpg,116.18669641311762,38.81208700456808,483.54,116.1983772,38.8121109,793.64,1537.1756511043168,-3.750975481517216,-29.70400292626755,35.89821170538272,-0.38730121696882336,1.0202508261437966,0.7918781725888325,197,156,orb,-99.34233382874201,scheme_d_local_map,NA,True,1012.0716295527262,310.09999999999997
1734763770200,F:\agent\UAV\data\IR-image\1734763770200.jpg,116.18672165020737,38.81206661693781,483.54,116.1984334,38.812111,793.61,1539.3647451458528,-6.020526482984307,-24.41560119511456,42.99535296163651,0.2806342543232654,1.0206554083676682,0.8009367681498829,427,342,orb,-99.34233382874201,scheme_d_local_map,NA,True,1014.7630322910046,310.07
1734763770400,F:\agent\UAV\data\IR-image\1734763770400.jpg,116.18674006077688,38.81206539609474,483.54,116.1984895,38.8121111,793.57,1540.961699012038,-6.156430734049234,-24.7668444957489,47.48027965753687,0.7842839724597737,1.0170521256615461,0.7759562841530054,366,284,orb,-99.34233382874201,scheme_d_local_map,NA,True,1018.0292815576099,310.03000000000003
1734763770600,F:\agent\UAV\data\IR-image\1734763770600.jpg,116.18676208737435,38.812021576639545,483.54,116.1985455,38.8121114,793.5,1542.8723112784128,-11.0344124862076,-12.127114580142802,54.99465289772888,0.44261178921932426,1.0189733981809286,0.7446808510638298,376,280,orb,-99.34233382874201,scheme_d_local_map,NA,True,1021.0093487179647,309.96
1734763770800,F:\agent\UAV\data\IR-image\1734763770800.jpg,116.18679623100847,38.81199789198991,483.54,116.1986014,38.8121118,793.41,1545.8339691710185,-13.670987683042606,-6.174202498851059,64.3987592387059,-0.07671170924028697,1.0165340693146923,0.7598784194528876,329,250,orb,-99.34233382874201,scheme_d_local_map,NA,True,1022.9241369323485,309.86999999999995
1734763771000,F:\agent\UAV\data\IR-image\1734763771000.jpg,116.186834154731,38.81195338034377,483.54,116.1986572,38.8121122,793.32,1549.1235162561054,-18.626024131619957,6.050631649246839,75.7674081458581,-0.9860475738439174,1.0178234089622413,0.7477744807121661,337,252,orb,-99.34233382874201,scheme_d_local_map,NA,True,1024.5471173618284,309.78000000000003
1734763771200,F:\agent\UAV\data\IR-image\1734763771200.jpg,116.18686503766894,38.81197953863959,483.54,116.1987129,38.8121125,793.25,1551.802337629568,-15.714082640887916,-3.2350271245093722,81.85998054613731,-1.1616879460576242,1.0189997704958682,0.7485029940119761,334,250,orb,-99.34233382874201,scheme_d_local_map,NA,True,1026.651422940508,309.71
1734763771400,F:\agent\UAV\data\IR-image\1734763771400.jpg,116.18690287090165,38.81202997033892,483.54,116.1987686,38.8121123,793.19,1555.0840355250045,-10.100025871530864,-20.279297501062672,88.39109336653854,-0.6358546905733903,1.022708637729385,0.7083333333333334,336,238,orb,-99.34233382874201,scheme_d_local_map,NA,True,1028.1334035350578,309.65000000000003
1734763771600,F:\agent\UAV\data\IR-image\1734763771600.jpg,116.18693575840798,38.8120680182155,483.54,116.1988241,38.812112,793.1,1557.9367354556698,-5.86453625063209,-33.3099479357104,94.36217502010896,0.11352331575560236,1.0241308142161571,0.799373040752351,319,255,orb,-99.34233382874201,scheme_d_local_map,NA,True,1030.063216290198,309.56
1734763771800,F:\agent\UAV\data\IR-image\1734763771800.jpg,116.18696308643968,38.81210558049683,483.54,116.1988796,38.8121117,793.02,1560.3072001931807,-1.6831030935505922,-45.9711509507016,99.02226511020086,0.4862561924446607,1.0220669675228768,0.7054545454545454,275,194,orb,-99.34233382874201,scheme_d_local_map,NA,True,1032.4924882463824,309.47999999999996
1734763772000,F:\agent\UAV\data\IR-image\1734763772000.jpg,116.18698279304988,38.81212002710168,483.54,116.198935,38.8121116,792.97,1562.01657411173,-0.07490704157379291,-51.20416441299005,103.02385838795419,0.6995025491206226,1.0236745314360807,0.7661870503597122,278,213,orb,-99.34233382874201,scheme_d_local_map,NA,True,1035.5851953381687,309.43
1734763772200,F:\agent\UAV\data\IR-image\1734763772200.jpg,116.18701723322984,38.812125591166534,483.54,116.1989902,38.8121114,792.93,1565.003954728975,0.5444846583578471,-54.28085910656682,111.01562964583542,0.6337068350970502,1.024227793350197,0.8052434456928839,267,215,orb,-99.34233382874201,scheme_d_local_map,NA,True,1037.3846424277156,309.38999999999993
1734763772400,F:\agent\UAV\data\IR-image\1734763772400.jpg,116.18703908102094,38.81210545755134,483.54,116.1990453,38.8121114,792.89,1566.899057127447,-1.6967893850832518,5.344041469255387,6.27000315824597,-0.1929822517271954,0.9999643233607122,0.812962962962963,540,439,orb,-99.34233382874201,scheme_d_local_map,NA,True,1040.264897170751,309.34999999999997
1734763772600,F:\agent\UAV\data\IR-image\1734763772600.jpg,116.18705693711519,38.81209965376643,483.54,116.1991003,38.8121114,792.88,1568.4479151743744,-2.342866721143419,6.42771347698465,10.85418115263326,-0.9026103515856929,1.0021604658019407,0.7811860940695297,489,382,orb,-99.34233382874201,scheme_d_local_map,NA,True,1043.4838371698443,309.34
1734763772800,F:\agent\UAV\data\IR-image\1734763772800.jpg,116.18708867176976,38.812083692931694,483.54,116.1991552,38.8121116,792.88,1571.2006154226221,-4.119626844381393,10.094450731346228,19.287774248140863,-1.429993175881016,1.0008577358035036,0.7931873479318735,411,326,orb,-99.34233382874201,scheme_d_local_map,NA,True,1045.4948747236933,309.34
1734763773000,F:\agent\UAV\data\IR-image\1734763773000.jpg,116.18712649211187,38.81206379759079,483.54,116.1992101,38.8121117,792.86,1574.4811951730092,-6.334376193603991,14.733736753915537,29.38297775137238,-1.7923779926904397,1.0023767012057008,0.7878787878787878,429,338,orb,-99.34233382874201,scheme_d_local_map,NA,True,1046.9838113988426,309.32
1734763773200,F:\agent\UAV\data\IR-image\1734763773200.jpg,116.18716375908618,38.812072196757896,483.54,116.1992649,38.8121117,792.84,1577.7137751654695,-5.399380911551411,10.671205992785474,37.910060821017964,-1.8320896356255445,1.0029161645398297,0.7584033613445378,476,361,orb,-99.34233382874201,scheme_d_local_map,NA,True,1048.498530122415,309.3
1734763773400,F:\agent\UAV\data\IR-image\1734763773400.jpg,116.18720018691643,38.81209945015501,483.54,116.1993195,38.8121116,792.83,1580.8735668435527,-2.3655327443030103,0.8287548545029608,45.279205606741186,-1.523227259302134,1.002528621034375,0.837708830548926,419,351,orb,-99.34233382874201,scheme_d_local_map,NA,True,1050.0645045344952,309.29
1734763773600,F:\agent\UAV\data\IR-image\1734763773600.jpg,116.18722285557433,38.81211088898618,483.54,116.1993741,38.8121115,792.79,1582.839872167575,-1.0921620585622234,-3.5939803204268514,50.14497159430971,-1.3140743556733505,1.003979969349374,0.7462235649546828,331,247,orb,-99.34233382874201,scheme_d_local_map,NA,True,1052.8302074336914,309.24999999999994
1734763773800,F:\agent\UAV\data\IR-image\1734763773800.jpg,116.18723373116016,38.81211257292434,483.54,116.1994286,38.8121114,792.74,1583.7832329266234,-0.9047060624024721,-4.543009048980423,52.67233586961822,-1.2680610481270487,1.0037910111724633,0.8119402985074626,335,272,orb,-99.34233382874201,scheme_d_local_map,NA,True,1056.609987320509,309.2
1734763774000,F:\agent\UAV\data\IR-image\1734763774000.jpg,116.18727628554122,38.812128237761755,483.54,116.199483,38.8121115,792.69,1587.4744486316413,0.8391036384858968,-11.05464894701521,62.10114352400848,-1.3511077798489315,1.0060675528296772,0.8081081081081081,370,299,orb,-99.34233382874201,scheme_d_local_map,NA,True,1057.6378494347634,309.15000000000003
1734763774200,F:\agent\UAV\data\IR-image\1734763774200.jpg,116.18729756375237,38.81209958666028,483.54,116.1995373,38.8121116,792.62,1589.3201450133254,-2.350336977390433,-3.062006849552006,68.66634048061758,-1.2684178249226334,1.006555410624464,0.8415492957746479,284,239,orb,-99.34233382874201,scheme_d_local_map,NA,True,1060.4983992126467,309.08
1734763774400,F:\agent\UAV\data\IR-image\1734763774400.jpg,116.18733004481442,38.81208932395946,483.54,116.1995915,38.8121117,792.55,1592.1375895012352,-3.4927808326188217,-1.181603811896764,76.99022684737304,-1.6308484400857923,1.007216521094085,0.7465564738292011,363,271,orb,-99.34233382874201,scheme_d_local_map,NA,True,1062.3823591096566,309.00999999999993
1734763774600,F:\agent\UAV\data\IR-image\1734763774600.jpg,116.18736455118922,38.812093732073805,483.54,116.1996456,38.8121121,792.48,1595.130711935422,-3.0020695437797125,-3.9045151557259032,85.05653402273487,-2.235512246963214,1.0072148235747063,0.7554347826086957,184,139,orb,-99.34233382874201,scheme_d_local_map,NA,True,1064.0790364980846,308.94
1734763774800,F:\agent\UAV\data\IR-image\1734763774800.jpg,116.18742618614885,38.812055318650565,483.54,116.1996998,38.8121125,792.38,1600.4769988575622,-7.278251819178255,5.502979630741208,101.81231164256354,-2.249894567705017,1.0062738536422788,0.6807017543859649,285,194,orb,-99.34233382874201,scheme_d_local_map,NA,True,1063.4521747288095,308.84
1734763775000,F:\agent\UAV\data\IR-image\1734763775000.jpg,116.18747925886,38.8120036371106,483.54,116.199754,38.8121127,792.28,1605.0805865491964,-13.031440848374098,19.33967520019371,117.18406952942985,-1.9553612554917743,1.0083235834625308,0.697841726618705,278,194,orb,-99.34233382874201,scheme_d_local_map,NA,True,1063.60036395195,308.73999999999995
1734763775200,F:\agent\UAV\data\IR-image\1734763775200.jpg,116.18749287202621,38.81197245666991,483.54,116.1998083,38.812113,792.22,1606.2614081631193,-16.50244750577837,28.415105982916486,122.03609187142564,-2.227973935306024,1.010305115144609,0.7511111111111111,225,169,orb,-99.34233382874201,scheme_d_local_map,NA,True,1067.171153130932,308.68
1734763775400,F:\agent\UAV\data\IR-image\1734763775400.jpg,116.18751834890828,38.81200997213315,483.54,116.1998625,38.8121132,792.2,1608.4713020653815,-12.326226138444694,15.841501735351471,126.2538318163862,-2.0520857080450288,1.0096325618878514,0.608433734939759,166,101,orb,-99.34233382874201,scheme_d_local_map,NA,True,1069.6067119531783,308.66
1734763775600,F:\agent\UAV\data\IR-image\1734763775600.jpg,116.18757838357817,38.812042916533535,483.54,116.1999167,38.8121131,792.15,1613.6787780247935,-8.658855486707273,3.3113902673354687,139.0056799396409,-1.3875640503745943,1.0104036629392625,0.6622222222222223,225,149,orb,-99.34233382874201,scheme_d_local_map,NA,True,1069.06781986388,308.60999999999996
1734763775800,F:\agent\UAV\data\IR-image\1734763775800.jpg,116.18761994051728,38.81205408716495,483.54,116.199971,38.8121131,792.05,1617.2834744734246,-7.415340797406223,-1.775185520761454,148.42281851496034,-0.8260795867264473,1.0100114908273268,0.6146788990825688,218,134,orb,-99.34233382874201,scheme_d_local_map,NA,True,1070.163477382491,308.50999999999993
1734763776000,F:\agent\UAV\data\IR-image\1734763776000.jpg,116.18765912646052,38.81211735988361,483.54,116.2000252,38.8121132,791.98,1620.6825080280175,-0.3718217569726736,-22.832028864059453,154.62757692336652,-0.9192473517348881,1.014781985779937,0.736,125,92,orb,-99.34233382874201,scheme_d_local_map,NA,True,1071.4438581511888,308.44
1734763776200,F:\agent\UAV\data\IR-image\1734763776200.jpg,116.18764202998246,38.81209073496049,483.54,116.2000795,38.8121133,792.0,1619.1995399583416,-3.3357081979248706,-13.9473901410596,151.87076738101132,-1.5456189655884907,1.0153081478908037,0.8287671232876712,146,121,orb,-99.34233382874201,scheme_d_local_map,NA,True,1077.6329430805333,308.46
1734763776400,F:\agent\UAV\data\IR-image\1734763776400.jpg,116.18768359415644,38.81201950344673,483.54,116.2001338,38.8121138,792.1,1622.8048639687754,-11.265200310418392,6.371759441264317,165.46931531016833,-2.423539597240215,1.0136770983020347,0.7074829931972789,147,104,orb,-99.34233382874201,scheme_d_local_map,NA,True,1078.7849958203194,308.56
1734763776600,F:\agent\UAV\data\IR-image\1734763776600.jpg,116.18771305546662,38.811979644015594,483.54,116.200188,38.8121142,792.09,1625.3603717241958,-15.702352184426113,17.496699245572245,174.56895916554555,-2.5091293623841553,1.0186425695214183,0.5625,144,81,orb,-99.34233382874201,scheme_d_local_map,NA,True,1080.9813434900698,308.55
1734763776800,F:\agent\UAV\data\IR-image\1734763776800.jpg,116.18771705909924,38.811952955575926,483.54,116.2002424,38.8121143,792.12,1625.707651398848,-18.673309288288443,25.56697069989525,176.8845156378925,-2.6194276777816756,1.0160732326165183,0.6173913043478261,115,71,orb,-99.34233382874201,scheme_d_local_map,NA,True,1085.392816852212,308.58
1734763777000,F:\agent\UAV\data\IR-image\1734763777000.jpg,116.18776249300208,38.811965361116926,483.54,116.2002968,38.8121143,792.16,1629.6486401182365,-17.29232446424222,19.946419626124964,187.1704277181758,-2.2406994858246985,1.0199211111978208,0.6,55,33,orb,-99.34233382874201,scheme_d_local_map,NA,True,1086.1475649947502,308.61999999999995
1734763777200,F:\agent\UAV\data\IR-image\1734763777200.jpg,116.187763206154,38.81199382446967,483.54,116.2003512,38.8121145,792.18,1629.7104997315553,-14.123784036421489,11.142487767934938,185.8980149230855,-3.4371395173448374,1.014625908695784,0.6549295774647887,142,93,orb,-99.34233382874201,scheme_d_local_map,NA,True,1090.755256351569,308.63999999999993
1734763777400,F:\agent\UAV\data\IR-image\1734763777400.jpg,116.18780977501049,38.811997070527156,483.54,116.2004057,38.8121149,792.25,1633.749935628969,-13.762432917206224,8.301107053336295,196.9211862166497,-4.74917376723487,1.0083491732699248,0.6666666666666666,36,24,orb,-99.34233382874201,scheme_d_local_map,NA,True,1091.4385166770066,308.71
1734763777600,F:\agent\UAV\data\IR-image\1734763777600.jpg,116.18785562629535,38.81202711296351,483.54,116.2004603,38.8121152,792.27,1637.7271285412264,-10.418108901684235,-2.773701323917294,206.4127777047214,-4.857927993451373,1.0104955408895382,0.5769230769230769,26,15,orb,-99.34233382874201,scheme_d_local_map,NA,True,1092.1615852665443,308.72999999999996
1734763777800,F:\agent\UAV\data\IR-image\1734763777800.jpg,116.18787147388653,38.812062817480346,483.54,116.200515,38.8121151,792.28,1639.1017667335948,-6.443482087840899,-14.408375954154053,208.40900866089908,-4.169832623925504,1.0130398922010793,0.6730769230769231,52,35,orb,-99.34233382874201,scheme_d_local_map,NA,True,1095.4991376043458,308.73999999999995
1734763778000,F:\agent\UAV\data\IR-image\1734763778000.jpg,116.18787958158535,38.812064317834576,483.54,116.2005697,38.8121149,792.37,1639.8050378065218,-6.276462655242762,-15.191405948462602,210.2807206188976,-2.9312611826287984,1.0131707873279243,0.6756756756756757,74,50,orb,-99.34233382874201,scheme_d_local_map,NA,True,1099.5350236141956,308.83
1734763778200,F:\agent\UAV\data\IR-image\1734763778200.jpg,116.18786611707463,38.8121050212893,483.54,116.2006245,38.8121147,792.6,1638.637110739623,-1.7453540751494359,-27.208822603072292,204.9813772854559,-2.3009535276728803,1.0186175137736293,0.693069306930693,101,70,orb,-99.34233382874201,scheme_d_local_map,NA,True,1105.4355471583244,309.06
1734763778400,F:\agent\UAV\data\IR-image\1734763778400.jpg,116.18787042624962,38.812114185480574,483.54,116.2006794,38.8121146,792.9,1639.0108935082224,-0.7251963025969983,-2.995792938244847,0.5704133086312595,0.4756434939623307,1.0021437236513273,0.8943338437978561,653,584,orb,-99.34233382874201,scheme_d_local_map,NA,True,1109.8183358956003,309.35999999999996
1734763778600,F:\agent\UAV\data\IR-image\1734763778600.jpg,116.18789628111526,38.81209628111634,483.54,116.2007343,38.8121145,793.14,1641.253574138496,-2.718310129191965,1.502558106874858,7.690012301844092,0.46271403027848496,1.0023426847255632,0.8831168831168831,616,544,orb,-99.34233382874201,scheme_d_local_map,NA,True,1112.336901517804,309.59999999999997
1734763778800,F:\agent\UAV\data\IR-image\1734763778800.jpg,116.18790847906897,38.81206962912839,483.54,116.2007892,38.8121146,793.31,1642.3116385998474,-5.685209427742543,9.237722498028802,11.972344383703103,0.13602116073088047,1.0025070861299108,0.9190647482014388,556,511,orb,-99.34233382874201,scheme_d_local_map,NA,True,1116.0463360587657,309.7699999999999
1734763779000,F:\agent\UAV\data\IR-image\1734763779000.jpg,116.18792437999214,38.812075575741474,483.54,116.2008442,38.8121148,793.48,1643.6909028708953,-5.023232458954764,6.775818125925127,15.490793490815179,-0.0950467186819519,1.0033695439958372,0.8784530386740331,543,477,orb,-99.34233382874201,scheme_d_local_map,NA,True,1119.431276002433,309.94
1734763779200,F:\agent\UAV\data\IR-image\1734763779200.jpg,116.18793438317849,38.81209508457485,483.54,116.2008994,38.8121148,793.66,1644.5585907001255,-2.8515091279613696,0.36554517480414006,16.9044408988201,0.280519405467901,1.0067422254438005,0.766798418972332,506,388,orb,-99.34233382874201,scheme_d_local_map,NA,True,1123.3407898882915,310.11999999999995
1734763779400,F:\agent\UAV\data\IR-image\1734763779400.jpg,116.18794060109146,38.81208622170838,483.54,116.2009546,38.8121148,793.82,1645.0979395857687,-3.8381234235495247,2.8523669372183917,18.84779793130997,0.6430458909937997,1.0043689523702324,0.8517699115044248,452,385,orb,-99.34233382874201,scheme_d_local_map,NA,True,1127.587194059356,310.28000000000003
1734763779600,F:\agent\UAV\data\IR-image\1734763779600.jpg,116.18795136987549,38.81208300801064,483.54,116.2010099,38.8121149,793.94,1646.032036234669,-4.195872256080149,3.4175855305384175,21.597925897150674,0.9595892242501578,1.0072719606784148,0.8214285714285714,476,391,orb,-99.34233382874201,scheme_d_local_map,NA,True,1131.4466535088338,310.40000000000003
1734763779800,F:\agent\UAV\data\IR-image\1734763779800.jpg,116.18796122531829,38.812091434543305,483.54,116.2010652,38.812115,794.05,1646.886908619775,-3.257830639648512,0.43001754681085913,23.538204839666264,1.0126853265159772,1.0042053804815467,0.8742268041237113,485,424,orb,-99.34233382874201,scheme_d_local_map,NA,True,1135.3815425433843,310.50999999999993
1734763780000,F:\agent\UAV\data\IR-image\1734763780000.jpg,116.18798684790401,38.81208240596277,483.54,116.2011206,38.8121153,794.12,1649.1094410234186,-4.262892224498991,2.2009909703616586,30.151795312395677,1.0320901921852772,1.009362756934049,0.7418604651162791,430,319,orb,-99.34233382874201,scheme_d_local_map,NA,True,1137.9644958553313,310.58
1734763780200,F:\agent\UAV\data\IR-image\1734763780200.jpg,116.18800747845296,38.81206898123125,483.54,116.201176,38.8121156,794.15,1650.8989584456385,-5.757333337259344,5.524676867786752,35.78907145545139,0.9191346159902056,1.0088794057060235,0.8277511961722488,418,346,orb,-99.34233382874201,scheme_d_local_map,NA,True,1140.983056891122,310.60999999999996
1734763780400,F:\agent\UAV\data\IR-image\1734763780400.jpg,116.18802072579571,38.81204461663601,483.54,116.2012315,38.812116,794.19,1652.0480481128393,-8.469600079987197,12.513122851646472,40.20748836421734,0.6224293799977785,1.0092640620935411,0.7582697201017812,393,298,orb,-99.34233382874201,scheme_d_local_map,NA,True,1144.6599272362616,310.65000000000003
1734763780600,F:\agent\UAV\data\IR-image\1734763780600.jpg,116.18803927894218,38.81203857887662,483.54,116.2012871,38.8121163,794.19,1653.6573692676043,-9.14172345485721,13.641383297329412,44.97099581039896,0.4857127005475091,1.0123959799476978,0.8292682926829268,410,340,orb,-99.34233382874201,scheme_d_local_map,NA,True,1147.8748681960199,310.65000000000003
1734763780800,F:\agent\UAV\data\IR-image\1734763780800.jpg,116.18805545855803,38.812050864200714,483.54,116.2013428,38.8121166,794.16,1655.060807659131,-7.774121176647583,9.214129409736586,48.234881296733874,0.5328383026689206,1.0111255762400833,0.8542141230068337,439,375,orb,-99.34233382874201,scheme_d_local_map,NA,True,1151.2896356625631,310.61999999999995
1734763781000,F:\agent\UAV\data\IR-image\1734763781000.jpg,116.18806825324558,38.812059860711024,483.54,116.2013985,38.8121168,794.15,1656.170633496383,-6.772629649283745,5.934658147018638,50.85238098681566,0.6522724242303424,1.010567694835712,0.8071748878923767,446,360,orb,-99.34233382874201,scheme_d_local_map,NA,True,1155.0011919447077,310.60999999999996
1734763781200,F:\agent\UAV\data\IR-image\1734763781200.jpg,116.18808865534156,38.81207971715956,483.54,116.2014544,38.8121171,794.16,1657.9403346472207,-4.562209797314583,-0.9937920473967097,54.74665687513931,0.9261527744202867,1.010596567642185,0.8243512974051896,501,413,orb,-99.34233382874201,scheme_d_local_map,NA,True,1158.0668097908729,310.61999999999995
1734763781400,F:\agent\UAV\data\IR-image\1734763781400.jpg,116.1881184160851,38.81206647186782,483.54,116.2015105,38.8121173,794.16,1660.5218155954467,-6.036675674462581,1.913712078049798,62.56829250040204,0.9048042788513833,1.011501919762766,0.9112903225806451,372,339,orb,-99.34233382874201,scheme_d_local_map,NA,True,1160.3553544444678,310.61999999999995
1734763781600,F:\agent\UAV\data\IR-image\1734763781600.jpg,116.18815858759888,38.812072636864244,483.54,116.2015666,38.8121175,794.12,1664.0063386644765,-5.350388272803163,-1.574782697952628,71.90649301359309,1.0119673662191058,1.012390065546869,0.8535211267605634,355,303,orb,-99.34233382874201,scheme_d_local_map,NA,True,1161.7323539130389,310.58
1734763781800,F:\agent\UAV\data\IR-image\1734763781800.jpg,116.1881819839516,38.81206167149106,483.54,116.2016229,38.8121177,794.08,1666.0357650705719,-6.571053615613057,0.8813260615516469,78.08348724016872,0.8412079026077401,1.0128937652693457,0.7637540453074434,309,236,orb,-99.34233382874201,scheme_d_local_map,NA,True,1164.589293901105,310.54
1734763782000,F:\agent\UAV\data\IR-image\1734763782000.jpg,116.18819273590842,38.81204588581007,483.54,116.2016793,38.812118,794.06,1666.9684021072105,-8.328315622574001,5.323370325831547,81.46725934778294,0.6324191990405057,1.0159609656049793,0.8212121212121212,330,271,orb,-99.34233382874201,scheme_d_local_map,NA,True,1168.5553914639559,310.5199999999999
1734763782200,F:\agent\UAV\data\IR-image\1734763782200.jpg,116.18822580539864,38.81205246369799,483.54,116.2017358,38.8121183,794.03,1669.836887529359,-7.596065140145188,1.9882708658954016,89.07830862935066,0.8506523556723204,1.0166576865091708,0.7887323943661971,284,224,orb,-99.34233382874201,scheme_d_local_map,NA,True,1170.5808230983437,310.48999999999995
1734763782400,F:\agent\UAV\data\IR-image\1734763782400.jpg,116.18827181496678,38.81206464526718,483.54,116.2017925,38.8121186,793.95,1673.8278101145188,-6.240012858174365,-3.5859781268578104,99.51388049048484,0.8412085116848272,1.015548512103044,0.8731117824773413,331,289,orb,-99.34233382874201,scheme_d_local_map,NA,True,1171.4994515578476,310.41
1734763782600,F:\agent\UAV\data\IR-image\1734763782600.jpg,116.18829463005464,38.81206698979473,483.54,116.2018493,38.812119,793.88,1675.8068169410856,-5.979020050985372,-5.210569106457228,104.87611413652326,0.7226260484774647,1.0158118386219535,0.8248407643312102,314,259,orb,-99.34233382874201,scheme_d_local_map,NA,True,1174.4428891073674,310.34
1734763782800,F:\agent\UAV\data\IR-image\1734763782800.jpg,116.18830585652279,38.81205528446254,483.54,116.2019062,38.8121193,793.83,1676.7806136332904,-7.282057630150258,-2.045321538705082,108.16691715395098,0.7020871135764073,1.0163620834496212,0.8790560471976401,339,298,orb,-99.34233382874201,scheme_d_local_map,NA,True,1178.4075734061362,310.29
1734763783000,F:\agent\UAV\data\IR-image\1734763783000.jpg,116.18834126477587,38.8120151089266,483.54,116.2019632,38.8121197,793.79,1679.8519660206234,-11.75439829112374,8.942034780346148,118.71130343715453,0.1235201707013345,1.0229355213699893,0.6617100371747212,269,178,orb,-99.34233382874201,scheme_d_local_map,NA,True,1180.3144943269594,310.24999999999994
1734763783200,F:\agent\UAV\data\IR-image\1734763783200.jpg,116.18838972889804,38.812001833220414,483.54,116.2020204,38.8121201,793.68,1684.055799432675,-13.232249903789386,11.119692954064249,131.02782903802643,0.3961073114606397,1.0173763154799675,0.7815126050420168,238,186,orb,-99.34233382874201,scheme_d_local_map,NA,True,1181.0874275124338,310.13999999999993
1734763783400,F:\agent\UAV\data\IR-image\1734763783400.jpg,116.18844955201897,38.81203485071845,483.54,116.2020778,38.8121203,793.58,1689.2449253927814,-9.556742022684123,-1.4245946265505722,143.72514637935546,1.0360019531929352,1.0172257841860077,0.8262910798122066,213,176,orb,-99.34233382874201,scheme_d_local_map,NA,True,1180.8422161796846,310.04
1734763783600,F:\agent\UAV\data\IR-image\1734763783600.jpg,116.18846689881082,38.81199797786731,483.54,116.2021353,38.8121204,793.51,1690.749605965861,-13.661427811686583,9.258339075851609,149.76287969386726,1.2446408291701072,1.020467397440933,0.8578431372549019,204,175,orb,-99.34233382874201,scheme_d_local_map,NA,True,1184.3615566863198,309.96999999999997
1734763783800,F:\agent\UAV\data\IR-image\1734763783800.jpg,116.18850225594748,38.812000935298386,483.54,116.2021929,38.8121206,793.41,1693.816524456693,-13.332206583719643,6.949073458185978,158.1071588435742,1.4295071351588544,1.0242939208354225,0.788546255506608,227,179,orb,-99.34233382874201,scheme_d_local_map,NA,True,1186.28513251736,309.86999999999995
1734763784000,F:\agent\UAV\data\IR-image\1734763784000.jpg,116.18854510939836,38.81197388102538,483.54,116.2022507,38.8121208,793.26,1697.5336818201188,-16.343888254882252,13.59665633491585,169.7746506036779,1.378559271189587,1.0260139756396385,0.7891566265060241,166,131,orb,-99.34233382874201,scheme_d_local_map,NA,True,1187.6181235178788,309.71999999999997
1734763784200,F:\agent\UAV\data\IR-image\1734763784200.jpg,116.18856363020981,38.81194080086738,483.54,116.2023086,38.8121211,793.15,1699.140198197489,-20.026371443065052,23.06383554403493,175.9020571901341,-1.0805858895021911,1.028007305903586,0.5217391304347826,115,60,orb,-99.34233382874201,scheme_d_local_map,NA,True,1191.0867354673705,309.60999999999996
1734763784400,F:\agent\UAV\data\IR-image\1734763784400.jpg,116.18858961054042,38.81196085770773,483.54,116.2023666,38.8121215,793.12,1701.3937618014977,-17.793643975598446,-7.210705899820709,5.224240721744593,-0.8665895179073291,1.0008998501270987,0.8754646840148699,538,471,orb,-99.34233382874201,scheme_d_local_map,NA,True,1193.825776854143,309.58
1734763784600,F:\agent\UAV\data\IR-image\1734763784600.jpg,116.18862840042586,38.8119618976392,483.54,116.2024248,38.8121218,793.08,1704.7584408488713,-17.677878804648138,-9.064447406376985,14.490473206087017,-2.1686234994363045,1.0025562523779636,0.7038123167155426,341,240,orb,-99.34233382874201,scheme_d_local_map,NA,True,1195.5061191821512,309.54
1734763784800,F:\agent\UAV\data\IR-image\1734763784800.jpg,116.18867582907423,38.811977999284565,483.54,116.202483,38.812122,793.04,1708.8724560770404,-15.88544364264018,-15.903410948934152,25.06813109655485,-3.1671862648901565,1.0010263229960668,0.6712328767123288,292,196,orb,-99.34233382874201,scheme_d_local_map,NA,True,1196.4141803077541,309.49999999999994
1734763785000,F:\agent\UAV\data\IR-image\1734763785000.jpg,116.18870736042174,38.8120199899212,483.54,116.2025415,38.8121219,793.1,1711.607521239678,-11.211045972700068,-30.09608256558397,30.513417697709997,-3.4428565821626,1.0011943220661614,0.6092307692307692,325,198,orb,-99.34233382874201,scheme_d_local_map,NA,True,1198.6969072058225,309.56
1734763785200,F:\agent\UAV\data\IR-image\1734763785200.jpg,116.18873630590225,38.81206259612827,483.54,116.2026002,38.8121216,793.19,1714.118285338942,-6.468123000747623,-44.37634268128738,35.306245544904925,-2.845060137592906,1.0005933143209338,0.6677018633540373,322,215,orb,-99.34233382874201,scheme_d_local_map,NA,True,1201.2389502002623,309.65000000000003
1734763785400,F:\agent\UAV\data\IR-image\1734763785400.jpg,116.1887761657973,38.81209953198893,483.54,116.2026589,38.8121211,793.25,1717.5757782443432,-2.3564229923906446,-57.33971261397926,43.008796212550465,-2.272049265980406,1.0011571288984655,0.63125,320,202,orb,-99.34233382874201,scheme_d_local_map,NA,True,1202.8554949951265,309.71
1734763785600,F:\agent\UAV\data\IR-image\1734763785600.jpg,116.18879819925384,38.812094451463786,483.54,116.2027177,38.8121207,793.3,1719.4869854752756,-2.9219870519127475,-56.644138178912385,48.55986855644181,-1.694840058216587,1.0025062745325257,0.7096774193548387,310,220,orb,-99.34233382874201,scheme_d_local_map,NA,True,1206.042276024188,309.75999999999993
1734763785800,F:\agent\UAV\data\IR-image\1734763785800.jpg,116.18879776521567,38.81209021985154,483.54,116.2027766,38.8121203,793.36,1719.4493365077324,-3.3930501266860773,-55.322303978009245,48.67023353342694,-1.1661904592461652,1.0077731858978267,0.6953125,256,178,orb,-99.34233382874201,scheme_d_local_map,NA,True,1211.1843298876581,309.82
1734763786000,F:\agent\UAV\data\IR-image\1734763786000.jpg,116.1888175259328,38.812095541846936,483.54,116.2028356,38.8121199,793.44,1721.1634037231606,-2.8006055988590184,-57.744180499226786,53.14765174710226,-0.8241487016603185,1.0072540089508033,0.7828571428571428,350,274,orb,-99.34233382874201,scheme_d_local_map,NA,True,1214.5825310385715,309.90000000000003
1734763786200,F:\agent\UAV\data\IR-image\1734763786200.jpg,116.1888443776385,38.812101172592826,483.54,116.2028946,38.8121197,793.5,1723.492551399853,-2.173790967040844,-60.54151093998621,59.312966389981,-0.6253887119255358,1.0055470510703886,0.7977839335180056,361,288,orb,-99.34233382874201,scheme_d_local_map,NA,True,1217.366658941431,309.96
1734763786400,F:\agent\UAV\data\IR-image\1734763786400.jpg,116.18886316930167,38.81211159722676,483.54,116.2029536,38.8121195,793.56,1725.1225617650966,-1.0133207174264172,-64.49831905155833,63.29875626950093,-0.60043809138122,1.0077432413311485,0.7261538461538461,325,236,orb,-99.34233382874201,scheme_d_local_map,NA,True,1220.8489481984438,310.0199999999999
1734763786600,F:\agent\UAV\data\IR-image\1734763786600.jpg,116.18887723040733,38.81211956682151,483.54,116.2030127,38.8121194,793.63,1726.3422381588541,-0.1261454301694478,-67.51122772117276,66.27259154857444,-0.4163835792412971,1.0078955404729235,0.8089430894308943,246,199,orb,-99.34233382874201,scheme_d_local_map,NA,True,1224.7509059252936,310.09
1734763786800,F:\agent\UAV\data\IR-image\1734763786800.jpg,116.18887871480375,38.81209306005386,483.54,116.2030718,38.8121194,793.72,1726.4709964026752,-3.076878804265956,-59.397399836728255,67.97370538415043,-0.6285681279412023,1.0046602682782617,0.575187969924812,266,153,orb,-99.34233382874201,scheme_d_local_map,NA,True,1229.7466576822353,310.18
1734763787000,F:\agent\UAV\data\IR-image\1734763787000.jpg,116.18888758032647,38.812075170047805,483.54,116.2031309,38.8121194,793.8,1727.2400019878255,-5.068394278129976,-54.23199713125109,71.01101312063821,-0.8666909667651335,1.0065734312875079,0.6478405315614618,301,195,orb,-99.34233382874201,scheme_d_local_map,NA,True,1234.1056319424133,310.25999999999993
1734763787200,F:\agent\UAV\data\IR-image\1734763787200.jpg,116.18890816473369,38.81207851144151,483.54,116.2031899,38.8121195,793.87,1729.025517023936,-4.696430330814309,-56.07577490708093,75.78677848903567,-0.924208128774068,1.0148493786040043,0.6748251748251748,286,193,orb,-99.34233382874201,scheme_d_local_map,NA,True,1237.432669925853,310.33
1734763787400,F:\agent\UAV\data\IR-image\1734763787400.jpg,116.18892939116888,38.81205971193193,483.54,116.203249,38.8121196,793.92,1730.8667223004013,-6.789191737848938,-51.11850317952593,81.8398358924087,-0.873204536810761,1.006047120314149,0.6764705882352942,272,184,orb,-99.34233382874201,scheme_d_local_map,NA,True,1240.723821049295,310.37999999999994
1734763787600,F:\agent\UAV\data\IR-image\1734763787600.jpg,116.18893780401567,38.812066882785444,483.54,116.203308,38.8121195,793.94,1731.5964622554704,-5.990932324791478,-53.66190702530548,83.4972335140792,-0.23812019746064703,1.0072723432758184,0.7988165680473372,338,270,orb,-99.34233382874201,scheme_d_local_map,NA,True,1245.102700164683,310.40000000000003
1734763787800,F:\agent\UAV\data\IR-image\1734763787800.jpg,116.18894934223353,38.81206844030475,483.54,116.203367,38.8121194,793.95,1732.5973004752775,-5.817549275630888,-54.59814817348342,86.19020251890242,0.6682366615867849,1.0111551273447408,0.7581227436823105,277,210,orb,-99.34233382874201,scheme_d_local_map,NA,True,1249.2140635337269,310.41
1734763788000,F:\agent\UAV\data\IR-image\1734763788000.jpg,116.18898198035785,38.81205072857262,483.54,116.2034259,38.8121193,793.89,1735.4283687255138,-7.789219296237924,-50.427287170449176,94.92965798824076,0.8993084560085084,1.0100352581758079,0.714828897338403,263,188,orb,-99.34233382874201,scheme_d_local_map,NA,True,1251.5000254328145,310.34999999999997
1734763788200,F:\agent\UAV\data\IR-image\1734763788200.jpg,116.18902170335313,38.81205503942484,483.54,116.2034848,38.8121193,793.78,1738.8739867880847,-7.3093352272031655,-53.326390086428546,104.2541527486216,0.5889156526601387,1.0109768150544136,0.6933962264150944,212,147,orb,-99.34233382874201,scheme_d_local_map,NA,True,1253.1587013382205,310.23999999999995
1734763788400,F:\agent\UAV\data\IR-image\1734763788400.jpg,116.18904374822294,38.81203331400823,483.54,116.2035436,38.8121195,793.71,1740.786184019467,-9.727808603667235,-47.499357862358295,110.65224329387286,0.01718654804029238,1.007825373686584,0.6962616822429907,214,149,orb,-99.34233382874201,scheme_d_local_map,NA,True,1256.3596769367364,310.17
1734763788600,F:\agent\UAV\data\IR-image\1734763788600.jpg,116.18907392788137,38.81205617495684,483.54,116.2036025,38.8121196,793.7,1743.4040021228489,-7.182927805424596,-55.740591190057046,116.74310886505822,-0.23792037186862391,1.012917834495376,0.7721518987341772,237,183,orb,-99.34233382874201,scheme_d_local_map,NA,True,1258.8311196423108,310.16
1734763788800,F:\agent\UAV\data\IR-image\1734763788800.jpg,116.18911787813754,38.81209346265307,483.54,116.2036613,38.8121194,793.64,1747.216297632686,-3.032061460718076,-68.97410358262456,125.4104921951203,0.1696546351508839,1.011140878392559,0.7393617021276596,188,139,orb,-99.34233382874201,scheme_d_local_map,NA,True,1260.1009750832252,310.09999999999997
1734763789000,F:\agent\UAV\data\IR-image\1734763789000.jpg,116.18915405171407,38.81210472546976,483.54,116.2037202,38.8121192,793.55,1750.3540350520404,-1.778284706572368,-73.87633228364751,133.52964215041266,0.5356369843033695,1.0130428501211008,0.7107843137254902,204,145,orb,-99.34233382874201,scheme_d_local_map,NA,True,1262.0677070181034,310.00999999999993
1734763789200,F:\agent\UAV\data\IR-image\1734763789200.jpg,116.18918623935552,38.81211973288388,483.54,116.2037789,38.8121191,793.47,1753.1460279015544,-0.10765936635164763,-79.7755471924358,140.50126428591602,0.573688840153174,1.009454865388293,0.6523809523809524,210,137,orb,-99.34233382874201,scheme_d_local_map,NA,True,1264.3636823149313,309.93
1734763789400,F:\agent\UAV\data\IR-image\1734763789400.jpg,116.18921412576697,38.81209859847745,483.54,116.2038377,38.8121192,793.44,1755.564927138109,-2.460341490444403,-74.36161191425691,148.27276393747906,0.3279829469159211,1.0043654738263887,0.61,200,122,orb,-99.34233382874201,scheme_d_local_map,NA,True,1267.0444092941689,309.90000000000003
1734763789600,F:\agent\UAV\data\IR-image\1734763789600.jpg,116.18923662550824,38.81208269394438,483.54,116.2038964,38.8121193,793.45,1757.516580441221,-4.2308341110560175,-70.34723721724276,154.4848821888794,0.13769234290831936,1.0157968606591883,0.7896995708154506,233,184,orb,-99.34233382874201,scheme_d_local_map,NA,True,1270.1855300673944,309.91
1734763789800,F:\agent\UAV\data\IR-image\1734763789800.jpg,116.18927775159597,38.81207642108655,483.54,116.2039551,38.8121194,793.45,1761.0839043482079,-4.929128644988248,-70.03865380510695,164.6832953319609,-0.11800022012905254,1.0144228446411017,0.7293233082706767,266,194,orb,-99.34233382874201,scheme_d_local_map,NA,True,1271.7107140012974,309.91
1734763790000,F:\agent\UAV\data\IR-image\1734763790000.jpg,116.18931225205117,38.81206896604089,483.54,116.2040137,38.8121195,793.4,1764.076513307685,-5.759024328243855,-69.10371308793088,173.34991358733748,-0.012762620909875259,1.0129504471954809,0.7658536585365854,205,157,orb,-99.34233382874201,scheme_d_local_map,NA,True,1273.8022708385279,309.85999999999996
1734763790200,F:\agent\UAV\data\IR-image\1734763790200.jpg,116.18934291905657,38.81206143092909,483.54,116.2040723,38.8121196,793.36,1766.7366044464184,-6.59783297400676,-67.99257518379693,181.09963529547042,0.1795921115490896,1.0139438417711837,0.746268656716418,201,150,orb,-99.34233382874201,scheme_d_local_map,NA,True,1276.22655621562,309.82
1734763790400,F:\agent\UAV\data\IR-image\1734763790400.jpg,116.18937862718181,38.81207825715444,483.54,116.2041307,38.8121196,793.31,1769.8339680884337,-4.7247375675814345,-6.599127865091589,7.725136838994899,0.5679834847056139,1.00018285037119,0.9080962800875274,914,830,orb,-99.34233382874201,scheme_d_local_map,NA,True,1278.1843926983795,309.7699999999999
1734763790600,F:\agent\UAV\data\IR-image\1734763790600.jpg,116.189409628803,38.81205750706237,483.54,116.2041891,38.8121196,793.25,1772.5230841835262,-7.0346378171886945,-1.4268074100753552,16.225548889842912,1.1416376386637788,1.000857184202148,0.9149400218102508,917,839,orb,-99.34233382874201,scheme_d_local_map,NA,True,1280.5688261194578,309.71
1734763790800,F:\agent\UAV\data\IR-image\1734763790800.jpg,116.18942564033719,38.81205301033569,483.54,116.2042473,38.8121196,793.19,1773.9119429794198,-7.5352134314812895,-0.6732206393327829,20.30028736851557,1.1309097281236427,1.0006905761289315,0.9072847682119205,906,822,orb,-99.34233382874201,scheme_d_local_map,NA,True,1284.2269701474195,309.65000000000003
1734763791000,F:\agent\UAV\data\IR-image\1734763791000.jpg,116.18943768266978,38.812047212218204,483.54,116.2043055,38.8121197,793.14,1774.9565086873495,-8.180659869943323,0.6384842951532619,23.487465001544024,0.8932899156898594,1.0010866403070082,0.9471910112359551,890,843,orb,-99.34233382874201,scheme_d_local_map,NA,True,1288.2301698786362,309.59999999999997
1734763791200,F:\agent\UAV\data\IR-image\1734763791200.jpg,116.18948208323523,38.81204771604264,483.54,116.2043635,38.8121199,793.1,1778.8078645385933,-8.124574133077859,-1.271719903268263,34.128814399410885,0.526629449751698,1.0017716396499716,0.9509918319719953,857,815,orb,-99.34233382874201,scheme_d_local_map,NA,True,1289.4082371031404,309.56
1734763791400,F:\agent\UAV\data\IR-image\1734763791400.jpg,116.18954091197631,38.81204682618966,483.54,116.2044215,38.8121199,793.02,1783.9107368529767,-8.22363256745188,-3.3224813703629366,48.307116702395604,0.4330706659491105,1.0026422175179446,0.9481668773704172,791,750,orb,-99.34233382874201,scheme_d_local_map,NA,True,1289.337060999947,309.47999999999996
1734763791600,F:\agent\UAV\data\IR-image\1734763791600.jpg,116.18957676606287,38.812063548777324,483.54,116.2044794,38.8121199,792.95,1787.0207613469397,-6.362074108296306,-9.895424842539626,56.07257645866673,0.5544135111361912,1.0019221017866742,0.921832884097035,742,684,orb,-99.34233382874201,scheme_d_local_map,NA,True,1291.2366521224765,309.41
1734763791800,F:\agent\UAV\data\IR-image\1734763791800.jpg,116.18959447764904,38.81207463391418,483.54,116.2045372,38.8121199,792.93,1788.5570845965233,-5.128076674071582,-14.013189026049702,59.765383302538396,0.6519094125657389,1.0025661136352806,0.9322493224932249,738,688,orb,-99.34233382874201,scheme_d_local_map,NA,True,1294.7045460385416,309.38999999999993
1734763792000,F:\agent\UAV\data\IR-image\1734763792000.jpg,116.1896314795467,38.812100957163764,483.54,116.2045949,38.8121198,792.9,1791.766671539547,-2.19777252972907,-23.591548701839542,67.31962323478297,0.576489940102339,1.0028271499561399,0.9189944134078212,716,658,orb,-99.34233382874201,scheme_d_local_map,NA,True,1296.48957933612,309.35999999999996
1734763792200,F:\agent\UAV\data\IR-image\1734763792200.jpg,116.18968834051509,38.81208272066664,483.54,116.2046525,38.8121198,792.84,1796.6988569987766,-4.227859389889987,-20.216265464678372,81.90505395901903,0.7128940688746773,1.0033179810945332,0.9204204204204204,666,613,orb,-99.34233382874201,scheme_d_local_map,NA,True,1296.5586404183935,309.3
1734763792400,F:\agent\UAV\data\IR-image\1734763792400.jpg,116.18972016387231,38.81206421718322,483.54,116.20471,38.8121198,792.79,1799.459251416965,-6.287667163736039,-15.769091340603609,90.48892758082673,0.7749583619699179,1.0035897203620128,0.9529780564263323,638,608,orb,-99.34233382874201,scheme_d_local_map,NA,True,1298.791681826929,309.24999999999994
1734763792600,F:\agent\UAV\data\IR-image\1734763792600.jpg,116.18973654323258,38.81205039447753,483.54,116.2047674,38.8121198,792.76,1800.8800158684826,-7.826410761539206,-12.15468118276442,95.12507372107075,0.7522945228943996,1.0039639551178845,0.9427244582043344,646,609,orb,-99.34233382874201,scheme_d_local_map,NA,True,1302.3541550003933,309.21999999999997
1734763792800,F:\agent\UAV\data\IR-image\1734763792800.jpg,116.18977476598327,38.81206307961724,483.54,116.2048248,38.8121199,792.73,1804.1955009993737,-6.414301009263909,-17.57642731588203,103.66437822085396,0.6576441584179281,1.0046720556710942,0.8768971332209107,593,520,orb,-99.34233382874201,scheme_d_local_map,NA,True,1304.0080683001108,309.19
1734763793000,F:\agent\UAV\data\IR-image\1734763793000.jpg,116.18981477830678,38.81206281955921,483.54,116.2048821,38.8121199,792.72,1807.6662157231433,-6.443250668946087,-19.077674549939104,113.29023150127381,0.6734828303614561,1.0049762714054646,0.9392857142857143,560,526,orb,-99.34233382874201,scheme_d_local_map,NA,True,1305.5060640894308,309.18
1734763793200,F:\agent\UAV\data\IR-image\1734763793200.jpg,116.1898544338835,38.812075786237706,483.54,116.2049394,38.8121199,792.72,1811.1059858229216,-4.999800019014585,-24.642854296212192,122.15948132252612,0.7411774661837294,1.0054909709032618,0.9265536723163842,531,492,orb,-99.34233382874201,scheme_d_local_map,NA,True,1307.0285013001487,309.18
1734763793400,F:\agent\UAV\data\IR-image\1734763793400.jpg,116.1898750688974,38.81205599477196,483.54,116.2049967,38.8121199,792.73,1812.8958905387874,-7.202985985385315,-19.356370223493627,128.1207690054656,0.9180178908500275,1.0050773141265659,0.9389312977099237,524,492,orb,-99.34233382874201,scheme_d_local_map,NA,True,1310.2155433268977,309.19
1734763793600,F:\agent\UAV\data\IR-image\1734763793600.jpg,116.18989123060302,38.812065608055974,483.54,116.2050539,38.8121199,792.77,1814.297775377646,-6.13283520897851,-22.9590799104476,131.51588517036492,1.0692697307970145,1.0056641891690499,0.9372549019607843,510,478,orb,-99.34233382874201,scheme_d_local_map,NA,True,1313.7657712779144,309.22999999999996
1734763793800,F:\agent\UAV\data\IR-image\1734763793800.jpg,116.18990460210236,38.81206045098608,483.54,116.2051111,38.8121199,792.82,1815.4576345302205,-6.706920229658405,-21.8975544133894,134.98986944724902,1.1365716059634488,1.0038784530401363,0.890020366598778,491,437,orb,-99.34233382874201,scheme_d_local_map,NA,True,1317.5660008393463,309.28000000000003
1734763794000,F:\agent\UAV\data\IR-image\1734763794000.jpg,116.18990952075082,38.81203767169949,483.54,116.2051682,38.8121199,792.87,1815.884283726079,-9.242710412622252,-15.068707332547262,137.326968288398,0.9402036295480658,1.004749906985313,0.9046610169491526,472,427,orb,-99.34233382874201,scheme_d_local_map,NA,True,1322.1024393810403,309.33
1734763794200,F:\agent\UAV\data\IR-image\1734763794200.jpg,116.18993666723881,38.81204353481395,483.54,116.2052253,38.81212,792.92,1818.239001155481,-8.590028511104821,-17.949331869011928,143.551315782286,0.7432362154728024,1.0045949237353482,0.9379157427937915,451,423,orb,-99.34233382874201,scheme_d_local_map,NA,True,1324.693341626236,309.37999999999994
1734763794400,F:\agent\UAV\data\IR-image\1734763794400.jpg,116.18996497681948,38.812030352845035,483.54,116.2052822,38.81212,792.94,1820.6946065757088,-10.057445291047465,-15.003996213864298,151.02110843309902,0.6536564175276737,1.0044391233038743,0.9393139841688655,379,356,orb,-99.34233382874201,scheme_d_local_map,NA,True,1327.1807974614915,309.40000000000003
1734763794600,F:\agent\UAV\data\IR-image\1734763794600.jpg,116.19000685371626,38.81206218599238,483.54,116.2053391,38.81212,792.93,1824.327056518042,-6.513779328210008,-26.473830080103255,159.46705286075314,0.773241312792193,1.005326014690422,0.8983050847457628,354,318,orb,-99.34233382874201,scheme_d_local_map,NA,True,1328.4602789122919,309.38999999999993
1734763794800,F:\agent\UAV\data\IR-image\1734763794800.jpg,116.19004240667851,38.812058221806446,483.54,116.205396,38.8121198,792.9,1827.4109611448844,-6.955072506837984,-26.65678077264448,168.20946175553456,1.11260112423999,1.0057702664247388,0.8501628664495114,307,261,orb,-99.34233382874201,scheme_d_local_map,NA,True,1330.3119740325396,309.35999999999996
1734763795000,F:\agent\UAV\data\IR-image\1734763795000.jpg,116.19006616582968,38.812057939471615,483.54,116.2054527,38.8121197,792.84,1829.4718571030492,-6.986502020073518,-27.50877719428047,173.93174150582445,1.3264927950540488,1.0055675390521752,0.9212328767123288,292,269,orb,-99.34233382874201,scheme_d_local_map,NA,True,1333.1661659490205,309.3
1734763795200,F:\agent\UAV\data\IR-image\1734763795200.jpg,116.19009182992505,38.81206735580924,483.54,116.2055095,38.8121196,792.78,1831.6979901012842,-5.938275315082386,-31.426332729728813,179.61972563988274,1.4637926888233963,1.005487404846388,0.9115384615384615,260,237,orb,-99.34233382874201,scheme_d_local_map,NA,True,1335.8587565578553,309.23999999999995
1734763795400,F:\agent\UAV\data\IR-image\1734763795400.jpg,116.19013428756449,38.812078858902154,483.54,116.2055661,38.8121194,792.72,1835.3808143278252,-4.657751012219375,-36.65101100851757,189.2363873631125,1.7165839596800758,1.0073504075628532,0.8157894736842105,228,186,orb,-99.34233382874201,scheme_d_local_map,NA,True,1337.078966619648,309.18
1734763795600,F:\agent\UAV\data\IR-image\1734763795600.jpg,116.19017588266004,38.81210253019862,483.54,116.2056227,38.8121192,792.65,1838.9888205096545,-2.0226622894704693,-45.593266837509645,198.02862344422533,1.7733751121429593,1.007273433682757,0.8426395939086294,197,166,orb,-99.34233382874201,scheme_d_local_map,NA,True,1338.3725127769287,309.10999999999996
1734763795800,F:\agent\UAV\data\IR-image\1734763795800.jpg,116.19019970785341,38.81212623195228,483.54,116.2056793,38.8121191,792.6,1841.0554450437937,0.615816927486291,-53.84258416476678,202.5502281408189,2.3309949723758066,1.0117432036091702,0.6573033707865169,178,117,orb,-99.34233382874201,scheme_d_local_map,NA,True,1341.2109758176614,309.06
1734763796000,F:\agent\UAV\data\IR-image\1734763796000.jpg,116.19022508901881,38.81209920625288,483.54,116.2057358,38.812119,792.56,1843.257036372308,-2.392683929423283,-46.51324490410366,210.0186842491779,2.0722282614841427,1.0083723243613036,0.8285714285714286,140,116,orb,-99.34233382874201,scheme_d_local_map,NA,True,1343.9090537399554,309.0199999999999
1734763796200,F:\agent\UAV\data\IR-image\1734763796200.jpg,116.1902467883766,38.81209340745683,483.54,116.2057923,38.8121189,792.52,1845.1392634962617,-3.0382059056438298,-45.58301032951459,215.52592460528786,2.381126072759773,1.0122001895699304,0.7956204379562044,137,109,orb,-99.34233382874201,scheme_d_local_map,NA,True,1346.925550582761,308.97999999999996
1734763796400,F:\agent\UAV\data\IR-image\1734763796400.jpg,116.19029778419711,38.812092568190124,483.54,116.2058488,38.8121189,792.48,1849.562699318054,-3.1316330756684496,-1.756773546704892,12.293935657683221,0.06081450904620798,1.0003978530259232,0.9502958579881656,845,803,orb,-99.34233382874201,scheme_d_local_map,NA,True,1347.402660184594,308.94
1734763796600,F:\agent\UAV\data\IR-image\1734763796600.jpg,116.19030399259776,38.812069936313804,483.54,116.2059052,38.8121189,792.46,1850.1012230934537,-5.651013547215774,4.975648850899063,14.933410774716549,-0.1942833975432654,1.0028440406297574,0.9107913669064748,695,633,orb,-99.34233382874201,scheme_d_local_map,NA,True,1351.7594502911134,308.92
1734763796800,F:\agent\UAV\data\IR-image\1734763796800.jpg,116.19030296616013,38.812075629512826,483.54,116.2059616,38.812119,792.56,1850.012188719069,-5.017246632152493,3.2609052183861422,14.39804153653165,-0.1625608583053434,1.0043489068127083,0.8560885608856088,542,464,orb,-99.34233382874201,scheme_d_local_map,NA,True,1356.7326485931073,309.0199999999999
1734763797000,F:\agent\UAV\data\IR-image\1734763797000.jpg,116.19034400657824,38.812101081615744,483.54,116.206018,38.812119,792.67,1853.5720815456204,-2.183918535594099,-6.208481340201445,22.96669293053094,-0.20683028761428626,1.0066001813017722,0.8104575163398693,459,372,orb,-99.34233382874201,scheme_d_local_map,NA,True,1358.0561095030905,309.12999999999994
1734763797200,F:\agent\UAV\data\IR-image\1734763797200.jpg,116.19037595381783,38.81210243209766,483.54,116.2060742,38.8121191,792.72,1856.3432216632955,-2.0335828883743305,-7.887525529916559,30.5732787668627,-0.12079617015474343,1.0043207375047303,0.9138755980861244,627,573,orb,-99.34233382874201,scheme_d_local_map,NA,True,1360.1572485950487,309.18
1734763797400,F:\agent\UAV\data\IR-image\1734763797400.jpg,116.19037946010336,38.8120944616649,483.54,116.2061304,38.8121192,792.8,1856.6473608815172,-2.9208514639602687,-5.568683519472756,31.81992074634161,-0.18736068121374416,1.0025541716940287,0.926905132192846,643,596,orb,-99.34233382874201,scheme_d_local_map,NA,True,1364.7244181306792,309.25999999999993
1734763797600,F:\agent\UAV\data\IR-image\1734763797600.jpg,116.19040380113128,38.81211512693129,483.54,116.2061865,38.8121193,792.87,1858.7587294949599,-0.6203940086943005,-12.90218672558126,36.61947012040065,-0.26793001430818947,1.001817128585559,0.9119086460032626,613,559,orb,-99.34233382874201,scheme_d_local_map,NA,True,1367.4732439952631,309.33
1734763797800,F:\agent\UAV\data\IR-image\1734763797800.jpg,116.19043400855298,38.81213895032659,483.54,116.2062425,38.8121194,792.89,1861.378955816989,2.0316263556922767,-21.441256373618216,42.668187578093296,-0.16824494118741973,0.9983544446487472,0.8019323671497585,414,332,orb,-99.34233382874201,scheme_d_local_map,NA,True,1369.70942763477,309.34999999999997
1734763798000,F:\agent\UAV\data\IR-image\1734763798000.jpg,116.19045547566796,38.81209976877114,483.54,116.2062984,38.8121196,792.92,1863.2410379340024,-2.3300643966363,-10.209358720136947,49.81290185755785,-0.43234509199714405,1.002021192979295,0.9315068493150684,584,544,orb,-99.34233382874201,scheme_d_local_map,NA,True,1372.6932451584328,309.37999999999994
1734763798200,F:\agent\UAV\data\IR-image\1734763798200.jpg,116.19047530258993,38.81203807341554,483.54,116.2063543,38.8121197,792.89,1864.9608478315956,-9.197991381537873,8.028760402686032,57.70553598518609,-0.4324276536757683,1.0056494061813173,0.8399209486166008,506,425,orb,-99.34233382874201,scheme_d_local_map,NA,True,1375.847517169896,309.34999999999997
1734763798400,F:\agent\UAV\data\IR-image\1734763798400.jpg,116.19052637153719,38.81206065038268,483.54,116.2064101,38.8121197,792.78,1869.3906267509403,-6.684723399920427,-0.9505346159747887,68.82930180122372,-0.025697315325964934,1.0050232329428102,0.8322440087145969,459,382,orb,-99.34233382874201,scheme_d_local_map,NA,True,1376.2429398965203,309.23999999999995
1734763798600,F:\agent\UAV\data\IR-image\1734763798600.jpg,116.19059293510396,38.812115786752784,483.54,116.2064659,38.8121197,792.64,1875.1644266971502,-0.5469426805335118,-20.58086039976604,82.02402888725112,0.48483376882043894,1.0079795067941526,0.931758530183727,381,355,orb,-99.34233382874201,scheme_d_local_map,NA,True,1375.294216391026,309.09999999999997
1734763798800,F:\agent\UAV\data\IR-image\1734763798800.jpg,116.1906425160341,38.81212967365034,483.54,116.2065217,38.8121196,792.51,1879.4651333095242,0.9989467554030584,-26.82204449895164,93.23109473766914,1.3725064996463114,1.0070630376906085,0.93,400,372,orb,-99.34233382874201,scheme_d_local_map,NA,True,1375.8333142931197,308.96999999999997
1734763799000,F:\agent\UAV\data\IR-image\1734763799000.jpg,116.19067299994681,38.81216125780778,483.54,116.2065776,38.8121194,792.39,1882.10934277853,4.514895162056604,-37.764819689330864,98.95258916561318,2.055309498671443,1.0054530439915914,0.9349112426035503,338,316,orb,-99.34233382874201,scheme_d_local_map,NA,True,1378.0425613232205,308.84999999999997
1734763799200,F:\agent\UAV\data\IR-image\1734763799200.jpg,116.19069204251326,38.81215354363153,483.54,116.2066334,38.8121195,792.31,1883.7611167808504,3.656153062216866,-36.139034430689776,103.91870874116154,2.3949877513296136,1.0055627045634765,0.9034267912772586,321,290,orb,-99.34233382874201,scheme_d_local_map,NA,True,1381.2247654108785,308.7699999999999
1734763799400,F:\agent\UAV\data\IR-image\1734763799400.jpg,116.19071803319449,38.81212693297045,483.54,116.2066893,38.8121197,792.25,1886.0155782093436,0.6938542704343922,-28.961748891928153,111.51254455772806,2.367834037711858,1.0080577408741889,0.8870056497175142,354,314,orb,-99.34233382874201,scheme_d_local_map,NA,True,1383.8115249077289,308.71
1734763799600,F:\agent\UAV\data\IR-image\1734763799600.jpg,116.1907243260849,38.81207126132198,483.54,116.2067451,38.8121201,792.23,1886.561430724632,-5.503513636767719,-12.045930720829745,115.8481889511661,2.2008532786762847,1.0061082733851714,0.9152542372881356,413,378,orb,-99.34233382874201,scheme_d_local_map,NA,True,1388.1119369389396,308.69
1734763799800,F:\agent\UAV\data\IR-image\1734763799800.jpg,116.19074484850479,38.812062872542846,483.54,116.2068011,38.8121206,792.27,1888.3415689084804,-6.4373525303419505,-10.270642693357104,121.20405006229691,1.6352397358157327,1.007927935844258,0.8945783132530121,332,297,orb,-99.34233382874201,scheme_d_local_map,NA,True,1391.190113507272,308.72999999999996
1734763800000,F:\agent\UAV\data\IR-image\1734763800000.jpg,116.19078408257958,38.81199342640881,483.54,116.206857,38.8121212,792.27,1891.7447774476925,-14.168096171191475,9.590137044576181,134.1522494910256,0.8435256341957988,1.0116718885965523,0.6952662721893491,338,235,orb,-99.34233382874201,scheme_d_local_map,NA,True,1392.6924509443236,308.72999999999996
1734763800200,F:\agent\UAV\data\IR-image\1734763800200.jpg,116.19080335783617,38.81189528824453,483.54,116.2069129,38.8121217,792.22,1893.4167352596749,-25.09283661926448,39.08601024721236,143.76083305812472,0.10702285903505028,1.0037871558158626,0.9226666666666666,375,346,orb,-99.34233382874201,scheme_d_local_map,NA,True,1396.0212735531836,308.68
1734763800400,F:\agent\UAV\data\IR-image\1734763800400.jpg,116.1908623715754,38.811950705487426,483.54,116.206969,38.8121221,792.19,1898.535654526255,-18.923789139884875,19.667482221559396,155.12752370002056,-0.750525207922675,1.0098155974130971,0.7596439169139466,337,256,orb,-99.34233382874201,scheme_d_local_map,NA,True,1395.6713677694895,308.65000000000003
1734763800600,F:\agent\UAV\data\IR-image\1734763800600.jpg,116.19091226063733,38.81203157867507,483.54,116.2070253,38.8121222,792.14,1902.863088842443,-9.920985891613572,-7.2389160027735215,163.01088071400972,-0.9302829633503996,1.0083622008676365,0.9041533546325878,313,283,orb,-99.34233382874201,scheme_d_local_map,NA,True,1396.1322793780462,308.59999999999997
1734763800800,F:\agent\UAV\data\IR-image\1734763800800.jpg,116.19094545086898,38.812121867444255,483.54,116.2070817,38.812122,792.09,1905.7420475126137,0.12995989456250356,-36.38830495457603,166.40488317336792,-0.5901133517270424,1.0122871550706662,0.9070631970260223,269,244,orb,-99.34233382874201,scheme_d_local_map,NA,True,1398.1060144400963,308.55
1734763801000,F:\agent\UAV\data\IR-image\1734763801000.jpg,116.19097729026848,38.8121527563423,483.54,116.2071382,38.8121217,792.06,1908.5038334554758,3.568512024643745,-47.17029320719092,172.48728872755692,0.15627455646912686,1.0133602563190902,0.9061224489795918,245,222,orb,-99.34233382874201,scheme_d_local_map,NA,True,1400.2466602652842,308.5199999999999
1734763801200,F:\agent\UAV\data\IR-image\1734763801200.jpg,116.1910048342719,38.812167452281855,483.54,116.2071948,38.8121215,792.02,1910.893031828674,5.20446401631456,-52.78994220869555,178.35911032383552,0.9155643924173544,1.0130843908169092,0.9057377049180327,244,221,orb,-99.34233382874201,scheme_d_local_map,NA,True,1402.7690869156431,308.47999999999996
1734763801400,F:\agent\UAV\data\IR-image\1734763801400.jpg,116.19103435895128,38.81217533164526,483.54,116.2072516,38.8121213,791.98,1913.4540363023511,6.081594749838278,-56.38620576427326,185.05253069092743,1.7067469037947591,1.0138237889783426,0.8995983935742972,249,224,orb,-99.34233382874201,scheme_d_local_map,NA,True,1405.135786420712,308.44
1734763801600,F:\agent\UAV\data\IR-image\1734763801600.jpg,116.19104975893147,38.81213019585268,483.54,116.2073084,38.8121213,791.93,1914.7898482040532,1.0570783204462124,-43.07871898915414,191.04167691465136,1.9974016578410918,1.012229850109185,0.8991596638655462,238,214,orb,-99.34233382874201,scheme_d_local_map,NA,True,1408.7107892969682,308.38999999999993
1734763801800,F:\agent\UAV\data\IR-image\1734763801800.jpg,116.19106559066837,38.81212810626138,483.54,116.2073653,38.8121214,791.92,1916.1631111788197,0.8244650173587598,-43.06018760997665,194.95112368438868,2.2672634216095453,1.015259207466972,0.8963963963963963,222,199,orb,-99.34233382874201,scheme_d_local_map,NA,True,1412.26896895701,308.37999999999994
1734763802000,F:\agent\UAV\data\IR-image\1734763802000.jpg,116.19110989773965,38.81211220434462,483.54,116.2074224,38.8121215,791.91,1920.006357238022,-0.9457363565793138,-39.908521881195156,206.40215766908278,2.9501409731118082,1.012227298851567,0.8440860215053764,186,157,orb,-99.34233382874201,scheme_d_local_map,NA,True,1413.377734782159,308.36999999999995
1734763802200,F:\agent\UAV\data\IR-image\1734763802200.jpg,116.19114470393998,38.81208047026271,483.54,116.2074796,38.8121217,791.85,1923.0254868806708,-4.478374355834877,-31.500017084573813,216.37373070425372,3.0683890865257863,1.01052005184271,0.8896551724137931,145,129,orb,-99.34233382874201,scheme_d_local_map,NA,True,1415.3253794232594,308.31
1734763802400,F:\agent\UAV\data\IR-image\1734763802400.jpg,116.19114755852577,38.812070204844304,483.54,116.2075368,38.812122,791.83,1923.2730969184538,-5.621120732473638,3.0521833716231868,1.206484178268795,-0.2857578711782165,1.0007665802341312,0.929192546583851,805,748,orb,-99.34233382874201,scheme_d_local_map,NA,True,1420.0384277987587,308.29
1734763802600,F:\agent\UAV\data\IR-image\1734763802600.jpg,116.19117369911817,38.81208958147993,483.54,116.2075942,38.8121224,791.87,1925.5405618133964,-3.46411365402828,-3.9551377193701,6.503728518197249,-0.3457998897057978,1.002462837375621,0.9270833333333334,768,712,orb,-99.34233382874201,scheme_d_local_map,NA,True,1422.7396659430146,308.33
1734763802800,F:\agent\UAV\data\IR-image\1734763802800.jpg,116.19120697774301,38.81207915006776,483.54,116.2076516,38.8121227,791.88,1928.4271878103007,-4.625338457425107,-2.0542405271632447,15.027780918718065,-0.0029009114911726407,1.002625277216008,0.9342723004694836,852,796,orb,-99.34233382874201,scheme_d_local_map,NA,True,1424.8332844743609,308.34
1734763803000,F:\agent\UAV\data\IR-image\1734763803000.jpg,116.19122857866434,38.81206612823387,483.54,116.2077091,38.8121229,791.86,1930.3008764426138,-6.074929005681762,1.1068725120192084,20.877745675709832,0.35783845298270045,1.001156336455954,0.9197080291970803,822,756,orb,-99.34233382874201,scheme_d_local_map,NA,True,1427.9495714195991,308.32
1734763803200,F:\agent\UAV\data\IR-image\1734763803200.jpg,116.19123933415203,38.81207455163119,483.54,116.2077668,38.8121231,791.89,1931.233819752551,-5.137236416116791,-1.9153017272771535,23.034412729597705,0.11496574583378444,0.9984531449003315,0.83645443196005,801,670,orb,-99.34233382874201,scheme_d_local_map,NA,True,1432.0131587972912,308.34999999999997
1734763803400,F:\agent\UAV\data\IR-image\1734763803400.jpg,116.19127755786697,38.81208008096632,483.54,116.2078244,38.8121235,791.9,1934.5493885225792,-4.521710829437701,-5.130827241537588,31.93691164603024,-0.46305096835267606,1.0038744718062813,0.8751753155680224,713,624,orb,-99.34233382874201,scheme_d_local_map,NA,True,1433.6898886691527,308.35999999999996
1734763803600,F:\agent\UAV\data\IR-image\1734763803600.jpg,116.19130900193952,38.81207114018842,483.54,116.2078821,38.8121239,791.87,1937.2768833548305,-5.516998224772882,-3.6170105120107223,39.94461732592828,-1.169148034249817,1.0026839645098617,0.9319371727748691,764,712,orb,-99.34233382874201,scheme_d_local_map,NA,True,1435.9687437174603,308.33
1734763803800,F:\agent\UAV\data\IR-image\1734763803800.jpg,116.19130807442167,38.81207697960056,483.54,116.2079399,38.8121242,791.87,1937.1964293954538,-4.866954865223903,-5.380743844004712,39.42559648226086,-1.5892068941586939,1.0011562118271808,0.8171500630517023,793,648,orb,-99.34233382874201,scheme_d_local_map,NA,True,1441.0546406450605,308.33
1734763804000,F:\agent\UAV\data\IR-image\1734763804000.jpg,116.19131096932728,38.812070509831855,483.54,116.2079977,38.8121244,791.94,1937.4475368198475,-5.587169518243405,-3.5004187202904973,40.449241044201244,-1.8538838420671053,1.004970395291916,0.8976982097186701,782,702,orb,-99.34233382874201,scheme_d_local_map,NA,True,1445.8147440830685,308.40000000000003
1734763804200,F:\agent\UAV\data\IR-image\1734763804200.jpg,116.19138586537885,38.81214497523409,483.54,116.2080556,38.8121245,791.96,1943.9441060313986,2.702319058785367,-29.419549618271674,54.665361977969894,-1.8965124991979234,1.0059004687950994,0.9152798789712556,661,605,orb,-99.34233382874201,scheme_d_local_map,NA,True,1444.330761557365,308.42
1734763804400,F:\agent\UAV\data\IR-image\1734763804400.jpg,116.19137223695562,38.812137744037805,483.54,116.2081136,38.8121247,792.0,1942.761961005765,1.897342288123772,-26.65140313743251,51.758021753544256,-2.2847736548837982,1.0077165297056556,0.8422619047619048,672,566,orb,-99.34233382874201,scheme_d_local_map,NA,True,1450.5359218215303,308.46
1734763804600,F:\agent\UAV\data\IR-image\1734763804600.jpg,116.19136034659351,38.81213264162561,483.54,116.2081716,38.8121249,792.21,1941.730577391882,1.3293417626296975,-24.608292018013742,49.160259773316454,-2.380606291489191,1.006859249231281,0.8976744186046511,645,579,orb,-99.34233382874201,scheme_d_local_map,NA,True,1456.5910672124226,308.67
1734763804800,F:\agent\UAV\data\IR-image\1734763804800.jpg,116.19137358743801,38.81210628702862,483.54,116.2082296,38.8121251,792.36,1942.8791033945135,-1.6044519738468206,-17.006037131061078,53.67805407852586,-2.278377003358564,1.0057405770184231,0.901689708141321,651,587,orb,-99.34233382874201,scheme_d_local_map,NA,True,1460.4706822827334,308.82
1734763805000,F:\agent\UAV\data\IR-image\1734763805000.jpg,116.19141195999364,38.81207020784947,483.54,116.2082875,38.8121252,792.34,1946.2075827763922,-5.620786196815427,-7.39881835030161,64.7268130766999,-1.781470711765237,1.0020537380324486,0.8953804347826086,736,659,orb,-99.34233382874201,scheme_d_local_map,NA,True,1462.174271905484,308.8
1734763805200,F:\agent\UAV\data\IR-image\1734763805200.jpg,116.19144425997274,38.81211046348229,483.54,116.2083455,38.8121251,792.32,1949.009319922529,-1.1395291518082757,-21.086937203397497,70.44476201577561,-1.5658417978860297,1.0076252601636013,0.9035087719298246,684,618,orb,-99.34233382874201,scheme_d_local_map,NA,True,1464.3887255594138,308.78000000000003
1734763805400,F:\agent\UAV\data\IR-image\1734763805400.jpg,116.19145841666663,38.812115314853024,483.54,116.2084034,38.8121252,792.35,1950.2372877486548,-0.5994745616408652,-23.142221280816557,73.59972684709726,-2.0841893652965178,1.0058386450147734,0.8152173913043478,552,450,orb,-99.34233382874201,scheme_d_local_map,NA,True,1468.178268262834,308.81
1734763805600,F:\agent\UAV\data\IR-image\1734763805600.jpg,116.1914779800897,38.81213287273911,483.54,116.2084611,38.8121253,792.38,1951.9342414504613,1.3550693180717879,-29.328837481877486,77.40910744523234,-2.064222559522714,1.011110611805106,0.8706293706293706,572,498,orb,-99.34233382874201,scheme_d_local_map,NA,True,1471.482213528998,308.84
1734763805800,F:\agent\UAV\data\IR-image\1734763805800.jpg,116.191512613049,38.81215265811957,483.54,116.2085188,38.8121253,792.36,1954.9383439675028,3.557577870597335,-36.79782987993127,84.72584691503323,-1.7643935455209596,1.012166108240593,0.8370883882149047,577,483,orb,-99.34233382874201,scheme_d_local_map,NA,True,1473.4835241968813,308.82
1734763806000,F:\agent\UAV\data\IR-image\1734763806000.jpg,116.19156486204005,38.81216302651123,483.54,116.2085764,38.8121252,792.31,1959.4704812364118,4.711787230021887,-42.05964869630435,96.75236313631058,-1.8437783916391854,1.0111793066494235,0.926056338028169,568,526,orb,-99.34233382874201,scheme_d_local_map,NA,True,1473.949910726186,308.7699999999999
1734763806200,F:\agent\UAV\data\IR-image\1734763806200.jpg,116.19160832078477,38.812171256010416,483.54,116.2086339,38.8121252,792.27,1963.2401424790278,5.627895079092912,-46.31458841888849,106.7755789219832,-2.1904206521680396,1.0096155947747512,0.9138276553106213,499,456,orb,-99.34233382874201,scheme_d_local_map,NA,True,1475.169300931241,308.72999999999996
1734763806400,F:\agent\UAV\data\IR-image\1734763806400.jpg,116.19164122709934,38.81216068190255,483.54,116.2086911,38.8121253,792.27,1966.0944738576216,4.450785391644905,-44.354980659623834,115.21742448871612,-2.5819703899351416,1.0103463895694127,0.8971553610503282,457,410,orb,-99.34233382874201,scheme_d_local_map,NA,True,1477.2706556246076,308.72999999999996
1734763806600,F:\agent\UAV\data\IR-image\1734763806600.jpg,116.19168385863864,38.81217668194923,483.54,116.2087482,38.8121253,792.24,1969.7923823573776,6.231910588536538,-50.9730209579306,124.64776606913318,-2.680549446812933,1.0117098047919102,0.8661971830985915,426,369,orb,-99.34233382874201,scheme_d_local_map,NA,True,1478.5298918290327,308.7
1734763806800,F:\agent\UAV\data\IR-image\1734763806800.jpg,116.1917153358756,38.81217859419386,483.54,116.2088053,38.8121252,792.2,1972.522753907874,6.444781660685464,-52.80669018357548,132.11294307153548,-1.99239700780904,1.0090691352497052,0.8636363636363636,396,342,orb,-99.34233382874201,scheme_d_local_map,NA,True,1480.750789442569,308.66
1734763807000,F:\agent\UAV\data\IR-image\1734763807000.jpg,116.19173359558654,38.81218711324583,483.54,116.2088622,38.812125,792.21,1974.1066221285907,7.393122525197285,-56.15494968362384,136.06759193428843,-1.3709503854818523,1.0110303540831183,0.925,400,370,orb,-99.34233382874201,scheme_d_local_map,NA,True,1484.1028113991642,308.67
1734763807200,F:\agent\UAV\data\IR-image\1734763807200.jpg,116.19174759254867,38.812179480008716,483.54,116.2089189,38.8121248,792.24,1975.3207346381867,6.543390569797918,-54.354699350270494,139.81743722591852,-1.3018604491440187,1.0126876872979913,0.9048723897911833,431,390,orb,-99.34233382874201,scheme_d_local_map,NA,True,1487.799197736654,308.7
1734763807400,F:\agent\UAV\data\IR-image\1734763807400.jpg,116.19177332179711,38.81219239140027,483.54,116.2089754,38.8121248,792.25,1977.5525190889266,7.980686678237056,-59.35241574192821,145.34379482279775,-1.3962876593742248,1.0148991479986662,0.910913140311804,449,409,orb,-99.34233382874201,scheme_d_local_map,NA,True,1490.4716823918577,308.71
1734763807600,F:\agent\UAV\data\IR-image\1734763807600.jpg,116.19180518647916,38.812205011901135,483.54,116.2090317,38.8121248,792.26,1980.3164980703484,9.385600834297172,-64.5029393808826,152.35889940087816,-1.278032148733958,1.013756398297527,0.9299719887955182,357,332,orb,-99.34233382874201,scheme_d_local_map,NA,True,1492.596417206202,308.71999999999997
1734763807800,F:\agent\UAV\data\IR-image\1734763807800.jpg,116.19183402474872,38.81222669949613,483.54,116.2090878,38.8121248,792.28,1982.8179625687571,11.799863908814292,-72.329391027448,158.18702213154734,-1.4095362208534634,1.0150230269702551,0.9142011834319527,338,309,orb,-99.34233382874201,scheme_d_local_map,NA,True,1494.9745388445635,308.73999999999995
1734763808000,F:\agent\UAV\data\IR-image\1734763808000.jpg,116.1918443132324,38.81219760582101,483.54,116.2091437,38.8121248,792.28,1983.710397415157,8.561155995042414,-63.765943145942686,162.13446759553068,-1.065934974346226,1.0174565646276321,0.8367346938775511,392,328,orb,-99.34233382874201,scheme_d_local_map,NA,True,1498.90572030477,308.73999999999995
1734763808200,F:\agent\UAV\data\IR-image\1734763808200.jpg,116.19187601172077,38.812152263835344,483.54,116.2091994,38.8121247,792.3,1986.4599605670544,3.513686150215481,-51.039057781724864,172.049667595512,-0.9537842769198848,1.0139310367411243,0.929637526652452,469,436,orb,-99.34233382874201,scheme_d_local_map,NA,True,1500.9670469038776,308.75999999999993
1734763808400,F:\agent\UAV\data\IR-image\1734763808400.jpg,116.19192693023618,38.812146624420244,483.54,116.2092549,38.8121248,792.28,1990.876690855642,2.885906461753458,-0.27374913066137196,12.518840864763604,-0.003004919197740986,1.0018487059153272,0.9532967032967034,728,694,orb,-99.34233382874201,scheme_d_local_map,NA,True,1501.3628944129905,308.73999999999995
1734763808600,F:\agent\UAV\data\IR-image\1734763808600.jpg,116.19198124124682,38.81216956714872,483.54,116.2093102,38.8121248,792.22,1995.5876900629767,5.43989099536085,-9.49395245505275,24.402935782203485,-0.04458838778165816,1.0014527011108327,0.9666203059805285,719,695,orb,-99.34233382874201,scheme_d_local_map,NA,True,1501.4546329141365,308.68
1734763808800,F:\agent\UAV\data\IR-image\1734763808800.jpg,116.1920058600218,38.8121718087189,483.54,116.2093654,38.8121248,792.18,1997.7231507735225,5.689422587667799,-11.158087942812244,30.203714100035313,-0.079919760827944,1.0007532819254825,0.9590395480225988,708,679,orb,-99.34233382874201,scheme_d_local_map,NA,True,1504.105113002507,308.63999999999993
1734763809000,F:\agent\UAV\data\IR-image\1734763809000.jpg,116.19202448499307,38.812192410950516,483.54,116.2094203,38.8121248,792.15,1999.3387020937325,7.98286301164948,-18.246237787736675,33.63322078782153,0.011712683387492522,1.0011090943115846,0.9260450160771704,622,576,orb,-99.34233382874201,scheme_d_local_map,NA,True,1507.2575670586236,308.60999999999996
1734763809200,F:\agent\UAV\data\IR-image\1734763809200.jpg,116.19206112869088,38.812200763408306,483.54,116.2094751,38.8121248,792.14,2002.5172183699656,8.91265861259278,-22.269733178673164,42.01293555631253,0.08718708919502051,1.0019475885028248,0.9543859649122807,570,544,orb,-99.34233382874201,scheme_d_local_map,NA,True,1508.835502834154,308.59999999999997
1734763809400,F:\agent\UAV\data\IR-image\1734763809400.jpg,116.19208704514799,38.81219155765882,483.54,116.2095298,38.8121248,792.12,2004.7652415132527,7.887874579490537,-20.4557503209237,48.70611295023099,-0.2935215785884284,1.00322979935578,0.9522900763358778,524,499,orb,-99.34233382874201,scheme_d_local_map,NA,True,1511.324101299932,308.58
1734763809600,F:\agent\UAV\data\IR-image\1734763809600.jpg,116.19211207595414,38.81216813746912,483.54,116.2095842,38.812125,792.12,2006.936442280825,5.280739062866045,-14.22420484178582,55.90751615513045,-0.8736830228850732,1.0033689458853938,0.9227722772277228,505,466,orb,-99.34233382874201,scheme_d_local_map,NA,True,1513.858374533883,308.58
1734763809800,F:\agent\UAV\data\IR-image\1734763809800.jpg,116.19214226863798,38.81215187409806,483.54,116.2096385,38.8121252,792.12,2009.5553902243178,3.4703005965786438,-10.403246288443938,63.986007784194555,-1.3208189051912824,1.0031566852452813,0.9043478260869565,460,416,orb,-99.34233382874201,scheme_d_local_map,NA,True,1515.9425967554557,308.58
1734763810000,F:\agent\UAV\data\IR-image\1734763810000.jpg,116.1921833755068,38.81215283034459,483.54,116.2096926,38.8121253,792.09,2013.1210470602332,3.5767499593743572,-12.322761599142211,73.81312298637488,-1.3202105648287548,1.002709671216064,0.8657407407407407,432,374,orb,-99.34233382874201,scheme_d_local_map,NA,True,1517.0685465388826,308.55
1734763810200,F:\agent\UAV\data\IR-image\1734763810200.jpg,116.19220541048377,38.81216947116753,483.54,116.2097466,38.8121252,792.07,2015.0323861760871,5.429206368934688,-18.324315812124155,78.2627920356565,-1.2793757580960217,1.0014679205665233,0.9363636363636364,440,412,orb,-99.34233382874201,scheme_d_local_map,NA,True,1519.842824353976,308.53000000000003
1734763810400,F:\agent\UAV\data\IR-image\1734763810400.jpg,116.19222786193107,38.812162291319936,483.54,116.2098004,38.8121252,792.05,2016.979850405221,4.629945734987006,-16.99800430166465,84.02076715372414,-1.2545146959187852,1.0034880700884197,0.9181585677749361,391,359,orb,-99.34233382874201,scheme_d_local_map,NA,True,1522.5566718021867,308.50999999999993
1734763810600,F:\agent\UAV\data\IR-image\1734763810600.jpg,116.1922703868251,38.81213157859611,483.54,116.2098541,38.8121253,791.98,2020.668508370458,1.2110053185693048,-9.209471828777794,95.7948926107158,-1.185465081216012,1.0043535917878224,0.9302325581395349,344,320,orb,-99.34233382874201,scheme_d_local_map,NA,True,1523.5198263856767,308.44
1734763810800,F:\agent\UAV\data\IR-image\1734763810800.jpg,116.19231564011143,38.81214039825112,483.54,116.2099078,38.8121252,791.89,2024.5938302066152,2.192809314036328,-13.71729342457445,106.21929925866317,-1.08179621076066,1.0039594408625905,0.946875,320,303,orb,-99.34233382874201,scheme_d_local_map,NA,True,1524.2523653196708,308.34999999999997
1734763811000,F:\agent\UAV\data\IR-image\1734763811000.jpg,116.19234878331463,38.81215063934872,483.54,116.2099614,38.812125,791.84,2027.4687095752404,3.3328482998241666,-18.184737398188133,113.66224911206359,-0.6296705537478667,1.0053318935904014,0.9118773946360154,261,238,orb,-99.34233382874201,scheme_d_local_map,NA,True,1526.0264384685884,308.3
1734763811200,F:\agent\UAV\data\IR-image\1734763811200.jpg,116.19237233447905,38.812167216149646,483.54,116.2100149,38.8121248,791.81,2029.51156452536,5.178177778575198,-24.22647756890848,118.47941827056604,-0.04268831670231083,1.0067457147145016,0.73568281938326,227,167,orb,-99.34233382874201,scheme_d_local_map,NA,True,1528.6257562572205,308.2699999999999
1734763811400,F:\agent\UAV\data\IR-image\1734763811400.jpg,116.19240233846226,38.8121544210191,483.54,116.2100684,38.8121245,791.79,2032.1141443595732,3.7538238465960942,-21.467379640280228,126.33665695247754,-0.08053799624415726,1.0047592556662959,0.9236363636363636,275,254,orb,-99.34233382874201,scheme_d_local_map,NA,True,1530.658020262004,308.24999999999994
1734763811600,F:\agent\UAV\data\IR-image\1734763811600.jpg,116.19242599467314,38.81216246269171,483.54,116.2101218,38.8121244,791.75,2034.166111160735,4.649022840919475,-24.881743442447032,131.61198873201624,-0.33260002272670086,1.004847541829381,0.8932806324110671,253,226,orb,-99.34233382874201,scheme_d_local_map,NA,True,1533.2372748933722,308.21
1734763811800,F:\agent\UAV\data\IR-image\1734763811800.jpg,116.19245226415596,38.81217011440383,483.54,116.2101751,38.8121243,791.73,2036.4447561582322,5.500811433670043,-28.279161348697073,137.53491951115313,-0.8613979469956601,1.00609896832049,0.812807881773399,203,165,orb,-99.34233382874201,scheme_d_local_map,NA,True,1535.5818283548024,308.19
1734763812000,F:\agent\UAV\data\IR-image\1734763812000.jpg,116.19250401337324,38.81219476754315,483.54,116.2102284,38.8121242,791.69,2040.9335424777473,8.245198903250019,-37.92546294349842,148.7168057684056,-1.1186683093944252,1.0072849914134272,0.8894472361809045,199,177,orb,-99.34233382874201,scheme_d_local_map,NA,True,1535.7275255740406,308.15000000000003
1734763812200,F:\agent\UAV\data\IR-image\1734763812200.jpg,116.19255157699331,38.812178062799546,483.54,116.2102816,38.812124,791.62,2045.0592653059925,6.385626845290357,-34.65498202039214,160.99092298319124,-1.3170984045908498,1.0081257555281355,0.8181818181818182,154,126,orb,-99.34233382874201,scheme_d_local_map,NA,True,1536.2077806825066,308.08
1734763812400,F:\agent\UAV\data\IR-image\1734763812400.jpg,116.1925722898328,38.81217445974032,483.54,116.2103348,38.8121239,791.59,2046.8559207031033,5.984534292312119,-34.36274054177284,166.14978565275908,-1.3454496830922607,1.006269405858766,0.8794326241134752,141,124,orb,-99.34233382874201,scheme_d_local_map,NA,True,1539.0211369901544,308.05
1734763812600,F:\agent\UAV\data\IR-image\1734763812600.jpg,116.19258810513396,38.81218084144411,483.54,116.210388,38.8121237,791.57,2048.2277580230993,6.694945558409589,-36.955406845917025,169.62559567218295,-1.1973851914221738,1.0093333863719849,0.8424242424242424,165,139,orb,-99.34233382874201,scheme_d_local_map,NA,True,1542.2630412488886,308.03000000000003
1734763812800,F:\agent\UAV\data\IR-image\1734763812800.jpg,116.19262065544417,38.81218655446689,483.54,116.2104412,38.8121235,791.53,2051.0512091754485,7.330919254199902,-40.00333355762655,177.15578424261787,-0.8522455947849878,1.007720843223821,0.865979381443299,194,168,orb,-99.34233382874201,scheme_d_local_map,NA,True,1544.0549788753183,307.98999999999995
1734763813000,F:\agent\UAV\data\IR-image\1734763813000.jpg,116.1926536837562,38.812185051944724,483.54,116.2104944,38.8121233,791.48,2053.9161227520585,7.163658486228762,-40.845474858611965,185.16680215207845,-0.5758535108845789,1.0089552750196655,0.9261363636363636,176,163,orb,-99.34233382874201,scheme_d_local_map,NA,True,1545.8020801767038,307.94
1734763813200,F:\agent\UAV\data\IR-image\1734763813200.jpg,116.19268914894617,38.812214381129124,483.54,116.2105475,38.8121231,791.43,2056.9924139104223,10.428583293639617,-51.28988031077449,192.19938995053633,-0.4075078323305755,1.0098495492516828,0.8783783783783784,148,130,orb,-99.34233382874201,scheme_d_local_map,NA,True,1547.3477498666584,307.88999999999993
1734763813400,F:\agent\UAV\data\IR-image\1734763813400.jpg,116.192714828922,38.812215179291535,483.54,116.2106007,38.8121231,791.37,2059.2199243985356,10.517434733769353,-52.55093052476093,198.3283276129203,-0.537283477532294,1.0090313428471889,0.8874172185430463,151,134,orb,-99.34233382874201,scheme_d_local_map,NA,True,1549.7327118050175,307.83
1734763813600,F:\agent\UAV\data\IR-image\1734763813600.jpg,116.19274512404118,38.81219594685232,483.54,116.2106538,38.8121232,791.33,2061.8477576994082,8.376479600165288,-47.81860533899544,206.58202814889705,-0.6024028840183133,1.0104985251567224,0.8611111111111112,144,124,orb,-99.34233382874201,scheme_d_local_map,NA,True,1551.696082063318,307.79
1734763813800,F:\agent\UAV\data\IR-image\1734763813800.jpg,116.1927793201789,38.812161603445176,483.54,116.210707,38.8121233,791.28,2064.8139698136765,4.5533715167269,-38.58148847640331,216.53939059048548,-0.5342137529664166,1.0103803397155733,0.8584905660377359,106,91,orb,-99.34233382874201,scheme_d_local_map,NA,True,1553.3277760798164,307.73999999999995
1734763814000,F:\agent\UAV\data\IR-image\1734763814000.jpg,116.19281055983042,38.81214666016537,483.54,116.2107602,38.8121233,791.23,2067.5237329318998,2.8898856088620075,-35.20891680691284,224.80244961532048,-0.5411139304367698,1.0092472943382924,0.8488372093023255,86,73,orb,-99.34233382874201,scheme_d_local_map,NA,True,1555.226996782421,307.69
1734763814200,F:\agent\UAV\data\IR-image\1734763814200.jpg,116.19283674086216,38.81212341679808,483.54,116.2108134,38.8121234,791.19,2069.794705581193,0.30243396249977295,-29.077349700609204,232.27121700113264,-0.8827245169678755,1.010943523706588,0.8571428571428571,105,90,orb,-99.34233382874201,scheme_d_local_map,NA,True,1557.5661063807597,307.65000000000003
1734763814400,F:\agent\UAV\data\IR-image\1734763814400.jpg,116.19287070752934,38.81212252213988,483.54,116.2108666,38.8121236,791.14,2072.741013158133,0.20284061139299958,-1.0666434042244646,8.20561815089377,-0.9890560466688009,0.9986816092855169,0.8341584158415841,808,674,orb,-99.34233382874201,scheme_d_local_map,NA,True,1559.2325676763078,307.59999999999997
1734763814600,F:\agent\UAV\data\IR-image\1734763814600.jpg,116.1928795283328,38.81213627601469,483.54,116.2109198,38.8121239,791.13,2073.506139743596,1.7339219551106093,-5.655830835589143,9.627114758524897,-2.4008523200273006,0.9965208506852007,0.6829268292682927,533,364,orb,-99.34233382874201,scheme_d_local_map,NA,True,1563.0781970163112,307.59
1734763814800,F:\agent\UAV\data\IR-image\1734763814800.jpg,116.19292224467469,38.81214534482138,483.54,116.2109731,38.8121242,791.14,2077.2114041156265,2.743461515824888,-10.140201258687,19.429401736046486,-2.6528533542337067,1.0062766633135674,0.8637640449438202,712,615,orb,-99.34233382874201,scheme_d_local_map,NA,True,1563.9962639790094,307.59999999999997
1734763815000,F:\agent\UAV\data\IR-image\1734763815000.jpg,116.19297019107,38.812198285061875,483.54,116.2110264,38.8121243,791.12,2081.370329307149,8.636769087653345,-28.35760613414817,28.26288612610051,-2.925769558091182,1.0004596798232677,0.8616071428571429,672,579,orb,-99.34233382874201,scheme_d_local_map,NA,True,1564.4794010817236,307.58
1734763815200,F:\agent\UAV\data\IR-image\1734763815200.jpg,116.19298489636151,38.812207935162284,483.54,116.2110798,38.8121243,791.15,2082.645883118178,9.711018265706572,-31.91410435165301,31.30624222322092,-2.1364123190151156,1.00365078678175,0.8348017621145375,908,758,orb,-99.34233382874201,scheme_d_local_map,NA,True,1567.83790121637,307.60999999999996
1734763815400,F:\agent\UAV\data\IR-image\1734763815400.jpg,116.19302892048991,38.812205110915706,483.54,116.2111332,38.8121243,791.19,2086.464586389163,9.396623136473611,-32.7833283857874,42.02596465714504,-1.864033406636926,1.0042178005382902,0.9493087557603687,868,824,orb,-99.34233382874201,scheme_d_local_map,NA,True,1568.6484483298675,307.65000000000003
1734763815600,F:\agent\UAV\data\IR-image\1734763815600.jpg,116.19303780041452,38.81218263351169,483.54,116.2111868,38.8121244,791.18,2087.2348412102087,6.894438521086061,-26.204120493596974,45.29941821428281,-1.6842440647842905,1.0023864406327223,0.9448717948717948,780,737,orb,-99.34233382874201,scheme_d_local_map,NA,True,1572.5110053839192,307.63999999999993
1734763815800,F:\agent\UAV\data\IR-image\1734763815800.jpg,116.1930554727127,38.812180206765916,483.54,116.2112404,38.8121245,791.17,2088.7677565752538,6.624293182028353,-26.15438398890808,49.668147539491656,-1.7319551422422945,1.0047857364537744,0.9544962080173348,923,881,orb,-99.34233382874201,scheme_d_local_map,NA,True,1575.6227865509707,307.62999999999994
1734763816000,F:\agent\UAV\data\IR-image\1734763816000.jpg,116.19309137648686,38.81220860341634,483.54,116.211294,38.8121246,791.11,2091.8820910291506,9.785408306299122,-36.32860741999389,56.85340269914758,-1.4779603935851915,1.0053438831498382,0.9387755102040817,882,828,orb,-99.34233382874201,scheme_d_local_map,NA,True,1577.1712231908798,307.57
1734763816200,F:\agent\UAV\data\IR-image\1734763816200.jpg,116.19309267413921,38.81219582795521,483.54,116.2113477,38.8121247,791.05,2091.9946508783246,8.363243973454582,-32.44099883708236,57.81316173296091,-1.2663071143300746,1.004950897043757,0.8974358974358975,741,665,orb,-99.34233382874201,scheme_d_local_map,NA,True,1581.7038135426558,307.50999999999993
1734763816400,F:\agent\UAV\data\IR-image\1734763816400.jpg,116.19311804276823,38.81213766587407,483.54,116.2114015,38.812125,791.05,2094.195154786812,1.8886411013939761,-15.511277282105027,66.85793193027229,-1.273243459984684,1.0069560607352808,0.9507119386637459,913,868,orb,-99.34233382874201,scheme_d_local_map,NA,True,1584.14870961128,307.50999999999993
1734763816600,F:\agent\UAV\data\IR-image\1734763816600.jpg,116.19316095555132,38.81211325324411,483.54,116.2114553,38.8121253,791.01,2097.917458693706,-0.8289728665235696,-9.680503813516736,78.40568616042555,-1.4208809414077475,1.0058012809851462,0.9131428571428571,875,799,orb,-99.34233382874201,scheme_d_local_map,NA,True,1585.0922276190106,307.46999999999997
1734763816800,F:\agent\UAV\data\IR-image\1734763816800.jpg,116.19317072702725,38.81210365081041,483.54,116.2115093,38.8121258,791.0,2098.7650476963468,-1.897915785563399,-7.106109937799488,81.240273152351,-2.0186763872539,1.0072682381991254,0.9425427872860636,818,771,orb,-99.34233382874201,scheme_d_local_map,NA,True,1588.9257996171896,307.46
1734763817000,F:\agent\UAV\data\IR-image\1734763817000.jpg,116.19319720448689,38.81209226093627,483.54,116.2115634,38.8121262,791.07,2101.061732842014,-3.165836574814015,-4.640896340070356,88.17901224005192,-2.5118976748168613,1.0067774069194633,0.9232769830949284,769,710,orb,-99.34233382874201,scheme_d_local_map,NA,True,1591.321810728104,307.53000000000003
1734763817200,F:\agent\UAV\data\IR-image\1734763817200.jpg,116.19324380168042,38.81211127791174,483.54,116.2116177,38.8121266,791.11,2105.103626727398,-1.0488668655121796,-12.345844728385146,98.4090454715896,-2.86733857871806,1.0084177831307954,0.93424317617866,806,753,orb,-99.34233382874201,scheme_d_local_map,NA,True,1591.985431089135,307.57
1734763817400,F:\agent\UAV\data\IR-image\1734763817400.jpg,116.19326526476968,38.81213290901452,483.54,116.2116721,38.8121268,791.15,2106.9653596469684,1.359107496434107,-19.863385803145206,102.4682015665332,-2.8123418994885387,1.0113266286454776,0.8306748466257668,815,677,orb,-99.34233382874201,scheme_d_local_map,NA,True,1594.8381990492314,307.60999999999996
1734763817600,F:\agent\UAV\data\IR-image\1734763817600.jpg,116.1932647847433,38.812161252113114,483.54,116.2117267,38.812127,791.24,2106.923721610128,4.514261231614303,-28.583082619113156,100.91523621622201,-2.705924972744454,1.0066818071800303,0.9223433242506812,734,677,orb,-99.34233382874201,scheme_d_local_map,NA,True,1599.614610583974,307.7
1734763817800,F:\agent\UAV\data\IR-image\1734763817800.jpg,116.19329354945744,38.81216386113908,483.54,116.2117815,38.8121271,791.31,2109.418805827528,4.804698002178043,-30.524373188203185,107.6934071036406,-2.522320069050899,1.014423802558513,0.7821350762527233,459,359,orb,-99.34233382874201,scheme_d_local_map,NA,True,1601.8710568793372,307.7699999999999
1734763818000,F:\agent\UAV\data\IR-image\1734763818000.jpg,116.19332032759414,38.81212842915241,483.54,116.2118364,38.8121271,791.31,2111.7415720446525,0.8604092463024822,-20.658442899103022,115.92386595539193,-2.633820310467763,1.0107358077944946,0.6821052631578948,475,324,orb,-99.34233382874201,scheme_d_local_map,NA,True,1604.3028316520981,307.7699999999999
1734763818200,F:\agent\UAV\data\IR-image\1734763818200.jpg,116.19332288105652,38.81211220363278,483.54,116.2118915,38.8121271,791.35,2111.9630622941404,-0.9458155993188742,-15.756755435024104,117.36032077203299,-1.7988544429607294,1.0087075824495308,0.9228758169934641,765,706,orb,-99.34233382874201,scheme_d_local_map,NA,True,1608.8566922981288,307.81
1734763818400,F:\agent\UAV\data\IR-image\1734763818400.jpg,116.19333180536624,38.81211334709089,483.54,116.2119467,38.8121271,791.43,2112.7371671304677,-0.818525842304445,-16.46202349585468,119.44632019531588,-1.8681067548000543,1.010074493582887,0.899874843554443,799,719,orb,-99.34233382874201,scheme_d_local_map,NA,True,1612.86605363812,307.88999999999993
1734763818600,F:\agent\UAV\data\IR-image\1734763818600.jpg,116.1933429401859,38.81212482154141,483.54,116.2120021,38.8121271,791.49,2113.703014128102,0.45880998955582797,-20.439882914953273,121.53936082462019,-1.9126353744947304,1.011323220417053,0.8535620052770448,758,647,orb,-99.34233382874201,scheme_d_local_map,NA,True,1616.7005219929724,307.95
1734763818800,F:\agent\UAV\data\IR-image\1734763818800.jpg,116.19337179885207,38.812135119322086,483.54,116.2120576,38.8121272,791.55,2116.2062478529297,1.6051589345699488,-24.755463302407634,127.95010747656909,-2.9824101405520533,1.0081264516086992,0.8265460030165912,663,548,orb,-99.34233382874201,scheme_d_local_map,NA,True,1619.0089298326861,308.00999999999993
1734763819000,F:\agent\UAV\data\IR-image\1734763819000.jpg,116.19340061781821,38.81213549051651,483.54,116.2121134,38.8121274,791.63,2118.706037951701,1.646480297733767,-26.008935802751978,134.8548211869861,-3.2593597749851573,1.0078388160486187,0.8559322033898306,590,505,orb,-99.34233382874201,scheme_d_local_map,NA,True,1621.3466725460862,308.09
1734763819200,F:\agent\UAV\data\IR-image\1734763819200.jpg,116.19342011664813,38.81214628968749,483.54,116.2121693,38.8121274,791.73,2120.3973887688435,2.848644011026437,-30.10916989889347,138.99150501814006,-3.2145431341274544,1.0088631694104049,0.8624161073825504,596,514,orb,-99.34233382874201,scheme_d_local_map,NA,True,1624.5015931567452,308.19
1734763819400,F:\agent\UAV\data\IR-image\1734763819400.jpg,116.19344231513438,38.812170967078046,483.54,116.2122254,38.8121274,791.83,2122.3229108662063,5.59573112795151,-38.594999831839175,143.07281837868004,-3.1962363963213662,1.0075686863438131,0.8323529411764706,680,566,orb,-99.34233382874201,scheme_d_local_map,NA,True,1627.4445191346258,308.29
1734763819600,F:\agent\UAV\data\IR-image\1734763819600.jpg,116.19346006641857,38.81216766670877,483.54,116.2122817,38.8121273,791.9,2123.862677568512,5.228334019886423,-38.279031843877874,147.504836174648,-2.8695959288984354,1.0058010196709408,0.8739376770538244,706,617,orb,-99.34233382874201,scheme_d_local_map,NA,True,1630.7835310810894,308.35999999999996
1734763819800,F:\agent\UAV\data\IR-image\1734763819800.jpg,116.19348515716295,38.81218414995624,483.54,116.212338,38.8121273,791.97,2126.0390774470434,7.063249128363111,-44.35277747280588,152.696623239882,-2.3000226118152893,1.0132293226565994,0.7871362940275651,653,514,orb,-99.34233382874201,scheme_d_local_map,NA,True,1633.493484198231,308.43
1734763820000,F:\agent\UAV\data\IR-image\1734763820000.jpg,116.1935322612109,38.81218050077853,483.54,116.2123945,38.8121272,791.96,2130.124936463691,6.6570226659352,-45.08939016876843,164.19811623543222,-1.9310558302801768,1.0099023989827387,0.8366972477064221,545,456,orb,-99.34233382874201,scheme_d_local_map,NA,True,1634.3061429121747,308.42
1734763820200,F:\agent\UAV\data\IR-image\1734763820200.jpg,116.19355005639461,38.81217604050649,483.54,116.2124512,38.812127,791.92,2131.6685110598273,6.160505182838579,-44.417539095170014,168.6995141293287,-1.5130070029042826,1.013309528799158,0.863849765258216,426,368,orb,-99.34233382874201,scheme_d_local_map,NA,True,1637.6753882443522,308.37999999999994
1734763820400,F:\agent\UAV\data\IR-image\1734763820400.jpg,116.19355363769503,38.812160572517456,483.54,116.2125079,38.8121268,791.92,2131.9791571564365,4.43860864328421,4.627503864117102,1.6449611339060652,0.03170675320876708,1.0002465723465053,0.9025641025641026,780,704,orb,-99.34233382874201,scheme_d_local_map,NA,True,1642.273188051147,308.37999999999994
1734763820600,F:\agent\UAV\data\IR-image\1734763820600.jpg,116.19358279530975,38.81216967656682,483.54,116.2125648,38.8121268,791.93,2134.508322019404,5.452071417877259,0.6681560608507198,8.188077391416641,-0.06410181240107687,0.9991965815713324,0.8478964401294499,618,524,orb,-99.34233382874201,scheme_d_local_map,NA,True,1644.679404753572,308.38999999999993
1734763820800,F:\agent\UAV\data\IR-image\1734763820800.jpg,116.19362777399465,38.812173202886434,483.54,116.2126217,38.8121267,791.88,2138.409824613338,5.844621317803606,-2.196785163472441,18.815006123080934,-0.0397417909538564,0.9971199530246496,0.8440065681444991,609,514,orb,-99.34233382874201,scheme_d_local_map,NA,True,1645.7134861045308,308.34
1734763821000,F:\agent\UAV\data\IR-image\1734763821000.jpg,116.19365247822763,38.81217794151485,483.54,116.2126787,38.8121266,791.83,2140.552698049893,6.37212543250414,-4.634184637730186,24.509657194513125,0.2751881384697128,0.9957016401313306,0.8033333333333333,600,482,orb,-99.34233382874201,scheme_d_local_map,NA,True,1648.5134210974009,308.29
1734763821200,F:\agent\UAV\data\IR-image\1734763821200.jpg,116.1936835944262,38.812186491781766,483.54,116.2127358,38.8121265,791.82,2143.2517527180935,7.323941145956839,-8.500201822067709,31.55139804275683,0.21278967004912422,0.9971475912607441,0.9017160686427457,641,578,orb,-99.34233382874201,scheme_d_local_map,NA,True,1650.7682508406656,308.28000000000003
1734763821400,F:\agent\UAV\data\IR-image\1734763821400.jpg,116.19372715311123,38.812194001452205,483.54,116.212793,38.8121265,791.8,2147.0300828976756,8.159917658964833,-12.53715584293343,41.63513550495918,0.10917383046174237,0.9986154304580321,0.8998410174880763,629,566,orb,-99.34233382874201,scheme_d_local_map,NA,True,1651.9536720086735,308.25999999999993
1734763821600,F:\agent\UAV\data\IR-image\1734763821600.jpg,116.19374889883977,38.81218158525325,483.54,116.2128503,38.8121266,791.78,2148.9163322729232,6.777746391482717,-9.568493853272628,47.489169587301205,0.06890018655338914,0.9981023283325094,0.8661844484629295,553,479,orb,-99.34233382874201,scheme_d_local_map,NA,True,1655.0286124305767,308.23999999999995
1734763821800,F:\agent\UAV\data\IR-image\1734763821800.jpg,116.19374816809821,38.81215385796853,483.54,116.2129077,38.8121267,791.84,2148.852946914727,3.6911450565573696,-0.990809337354392,48.720021139838195,-0.23424391210348997,0.9993728536679621,0.8588640275387264,581,499,orb,-99.34233382874201,scheme_d_local_map,NA,True,1660.057053856804,308.3
1734763822000,F:\agent\UAV\data\IR-image\1734763822000.jpg,116.19378818718023,38.81213276514727,483.54,116.2129651,38.8121268,791.9,2152.324247879703,1.3430921936172933,3.930778733070099,59.40419512069707,-0.8383962372401301,1.0017999702267617,0.8973451327433628,565,507,orb,-99.34233382874201,scheme_d_local_map,NA,True,1661.5606328475233,308.35999999999996
1734763822200,F:\agent\UAV\data\IR-image\1734763822200.jpg,116.1938363932786,38.812133339012576,483.54,116.2130226,38.812127,791.88,2156.505700010298,1.4069748794262047,1.8485716866844086,70.95624275597686,-1.2279097910300598,1.0008899548077765,0.8227360308285164,519,427,orb,-99.34233382874201,scheme_d_local_map,NA,True,1662.3658997620068,308.34
1734763822400,F:\agent\UAV\data\IR-image\1734763822400.jpg,116.1938709473617,38.81213225657454,483.54,116.2130801,38.8121271,791.83,2159.5029607171728,1.2864778778723638,0.8166073201595054,79.3125079315621,-1.0320397714170462,1.0025786062994742,0.8926441351888668,503,449,orb,-99.34233382874201,scheme_d_local_map,NA,True,1664.3539818717657,308.29
1734763822600,F:\agent\UAV\data\IR-image\1734763822600.jpg,116.19390451836438,38.812135260291996,483.54,116.2131378,38.8121269,791.79,2162.414947901173,1.6208517046437922,-1.4363348963507292,87.22533392862107,-0.804331010795276,1.002914567389418,0.8989473684210526,475,427,orb,-99.34233382874201,scheme_d_local_map,NA,True,1666.4447374898734,308.24999999999994
1734763822800,F:\agent\UAV\data\IR-image\1734763822800.jpg,116.19391840311677,38.812154128394624,483.54,116.2131954,38.8121268,791.77,2163.619327211199,3.721248889819199,-7.802472572989018,89.60399832643145,-0.794768778208042,1.0027486845214528,0.8363228699551569,446,373,orb,-99.34233382874201,scheme_d_local_map,NA,True,1670.2346773642125,308.22999999999996
1734763823000,F:\agent\UAV\data\IR-image\1734763823000.jpg,116.1939648286307,38.812154005312586,483.54,116.2132531,38.8121267,791.77,2167.6463294110386,3.7075473970856834,-9.59942370422948,100.76362498046973,-0.9666480382747275,1.0015434689515026,0.8473804100227791,439,372,orb,-99.34233382874201,scheme_d_local_map,NA,True,1671.2115378098567,308.22999999999996
1734763823200,F:\agent\UAV\data\IR-image\1734763823200.jpg,116.19400759825452,38.81216328427641,483.54,116.2133107,38.8121266,791.73,2171.3562155187933,4.740481649575735,-14.150695106813487,110.56805277729399,-1.0626160921667562,1.0009503401982147,0.8287153652392947,397,329,orb,-99.34233382874201,scheme_d_local_map,NA,True,1672.4986062050045,308.19
1734763823400,F:\agent\UAV\data\IR-image\1734763823400.jpg,116.19402408482736,38.812165301965905,483.54,116.2133683,38.8121265,791.74,2172.7862797122616,4.96509084467938,-15.424391089903338,114.42648603256941,-1.00698894086578,1.0007011257315883,0.8436724565756824,403,340,orb,-99.34233382874201,scheme_d_local_map,NA,True,1676.061385281514,308.2
1734763823600,F:\agent\UAV\data\IR-image\1734763823600.jpg,116.1940497446776,38.81219184816609,483.54,116.2134259,38.8121263,791.78,2175.0120444817467,7.920213848613067,-24.623212727673263,119.24457494129615,-1.1653129104076267,1.002303571639493,0.8027027027027027,370,297,orb,-99.34233382874201,scheme_d_local_map,NA,True,1678.8387583274427,308.23999999999995
1734763823800,F:\agent\UAV\data\IR-image\1734763823800.jpg,116.19409042313794,38.81220907779253,483.54,116.2134835,38.8121262,791.78,2178.5405406774785,9.83821586432828,-31.543161259052,128.14333607919832,-1.0473530406001188,1.0025684618427086,0.8504398826979472,341,290,orb,-99.34233382874201,scheme_d_local_map,NA,True,1680.3141517685133,308.23999999999995
1734763824000,F:\agent\UAV\data\IR-image\1734763824000.jpg,116.1941471277642,38.812227624687644,483.54,116.2135409,38.8121259,791.77,2183.4591648418264,11.902856228641312,-39.50265697747193,140.82544847453778,-0.8053020951575746,1.0069888702428542,0.8712121212121212,264,230,orb,-99.34233382874201,scheme_d_local_map,NA,True,1680.386985455048,308.22999999999996
1734763824200,F:\agent\UAV\data\IR-image\1734763824200.jpg,116.19418137028103,38.81221868866169,483.54,116.2135983,38.8121257,791.77,2186.429399933122,10.90809781896162,-38.10090970502836,149.50521849667075,-0.5072305290993903,1.0054547376134009,0.8731884057971014,276,241,orb,-99.34233382874201,scheme_d_local_map,NA,True,1682.3872481933072,308.22999999999996
1734763824400,F:\agent\UAV\data\IR-image\1734763824400.jpg,116.19421263593782,38.81220918833025,483.54,116.2136556,38.8121255,791.78,2189.141418777294,9.850520923369272,-36.407521290204045,157.49844326543865,-0.4349775457914436,1.0074608443264592,0.834061135371179,229,191,orb,-99.34233382874201,scheme_d_local_map,NA,True,1684.6370033618741,308.23999999999995
1734763824600,F:\agent\UAV\data\IR-image\1734763824600.jpg,116.19423487082182,38.81218674341281,483.54,116.2137128,38.8121254,791.78,2191.0700980566535,7.351952713837784,-30.366164501002118,163.97867843164198,-0.26686520683170756,1.0061353200449539,0.7634408602150538,186,142,orb,-99.34233382874201,scheme_d_local_map,NA,True,1687.6548617360245,308.23999999999995
1734763824800,F:\agent\UAV\data\IR-image\1734763824800.jpg,116.19424801532661,38.81220760063362,483.54,116.2137699,38.8121252,791.81,2192.210267442998,9.673778534109374,-37.316324642101904,166.07861013055066,-0.43446706154447695,0.9994860723218787,0.7195121951219512,164,118,orb,-99.34233382874201,scheme_d_local_map,NA,True,1691.4741178040274,308.2699999999999
1734763825000,F:\agent\UAV\data\IR-image\1734763825000.jpg,116.1943033582112,38.81223410505293,483.54,116.2138269,38.8121251,791.79,2197.010772577308,12.624250491759927,-47.67544234388828,178.029945978765,-0.7053742896277879,1.0064011963653245,0.8458149779735683,227,192,orb,-99.34233382874201,scheme_d_local_map,NA,True,1691.635990818172,308.24999999999994
1734763825200,F:\agent\UAV\data\IR-image\1734763825200.jpg,116.19433986633845,38.81226848605365,483.54,116.2138837,38.8121249,791.72,2200.1775293088717,16.45154349147242,-59.718630979032355,185.05684918794174,0.022073140484597693,1.0056494562724199,0.7741935483870968,186,144,orb,-99.34233382874201,scheme_d_local_map,NA,True,1693.4255916251395,308.18
1734763825400,F:\agent\UAV\data\IR-image\1734763825400.jpg,116.19435769622011,38.8122488025623,483.54,116.2139404,38.8121246,791.68,2201.724113645124,14.260377235359451,-54.354568603983466,190.33874799761168,0.8369593883078817,1.0093965516498191,0.933920704845815,227,212,orb,-99.34233382874201,scheme_d_local_map,NA,True,1696.774619554613,308.13999999999993
1734763825600,F:\agent\UAV\data\IR-image\1734763825600.jpg,116.1943760146075,38.81224681754075,483.54,116.213997,38.8121244,791.67,2203.3130715270786,14.039404636761983,-54.46655905842567,194.8402899279714,1.445685329323474,1.0085817464610094,0.9322033898305084,177,165,orb,-99.34233382874201,scheme_d_local_map,NA,True,1700.0897966831885,308.12999999999994
1734763825800,F:\agent\UAV\data\IR-image\1734763825800.jpg,116.19440944279815,38.8122242038289,483.54,116.2140534,38.8121241,791.66,2206.212671033685,11.522046232507035,-48.81555883559662,204.01819529692955,1.5069319288240808,1.013799255651009,0.7976190476190477,168,134,orb,-99.34233382874201,scheme_d_local_map,NA,True,1702.062335258471,308.11999999999995
1734763826000,F:\agent\UAV\data\IR-image\1734763826000.jpg,116.19441735396146,38.81223979029127,483.54,116.2141097,38.8121239,791.66,2206.8988943916697,13.257131224319396,-53.93381264047059,205.12820358558054,2.0101000628719214,1.008225503942183,0.8611111111111112,144,124,orb,-99.34233382874201,scheme_d_local_map,NA,True,1706.2670057819676,308.11999999999995
1734763826200,F:\agent\UAV\data\IR-image\1734763826200.jpg,116.19441735396146,38.81223979029127,483.54,116.2141658,38.8121238,791.62,2206.8988943916697,13.257131224319396,-53.93381264047059,205.12820358558054,2.0101000628719214,1.008225503942183,0.8611111111111112,144,124,orb,-99.34233382874201,scheme_d_local_map,NA,True,1711.1276658476766,308.08
1734763826400,F:\agent\UAV\data\IR-image\1734763826400.jpg,116.19441735396146,38.81223979029127,483.54,116.2142219,38.8121237,791.59,2206.8988943916697,13.257131224319396,0.0,0.0,0.0,1.0,1.0,1436,1436,orb,-99.34233382874201,scheme_d_local_map,NA,True,1715.9883262984029,308.05
1734763826600,F:\agent\UAV\data\IR-image\1734763826600.jpg,116.19441735396146,38.81223979029127,483.54,116.2142778,38.8121235,791.57,2206.8988943916697,13.257131224319396,0.0,0.0,0.0,1.0,1.0,1436,1436,orb,-99.34233382874201,scheme_d_local_map,NA,True,1720.83174360328,308.03000000000003
1734763826800,F:\agent\UAV\data\IR-image\1734763826800.jpg,116.19441735396146,38.81223979029127,483.54,116.2143335,38.8121235,791.55,2206.8988943916697,13.257131224319396,0.0,0.0,0.0,1.0,1.0,1436,1436,orb,-99.34233382874201,scheme_d_local_map,NA,True,1725.6576635704016,308.00999999999993
1734763827000,F:\agent\UAV\data\IR-image\1734763827000.jpg,116.19441735396146,38.81223979029127,483.54,116.2143892,38.8121235,791.55,2206.8988943916697,13.257131224319396,0.0,0.0,0.0,1.0,1.0,1436,1436,orb,-99.34233382874201,scheme_d_local_map,NA,True,1730.4835842952116,308.00999999999993
1734763827200,F:\agent\UAV\data\IR-image\1734763827200.jpg,116.19441735396146,38.81223979029127,483.54,116.2144446,38.8121235,791.56,2206.8988943916697,13.257131224319396,0.0,0.0,0.0,1.0,1.0,1436,1436,orb,-99.34233382874201,scheme_d_local_map,NA,True,1735.2835133742005,308.0199999999999
1734763827400,F:\agent\UAV\data\IR-image\1734763827400.jpg,116.19441735396146,38.81223979029127,483.54,116.2144999,38.8121236,791.56,2206.8988943916697,13.257131224319396,0.0,0.0,0.0,1.0,1.0,1436,1436,orb,-99.34233382874201,scheme_d_local_map,NA,True,1740.0746952390668,308.0199999999999
1734763827600,F:\agent\UAV\data\IR-image\1734763827600.jpg,116.19441735396146,38.81223979029127,483.54,116.2145551,38.8121237,791.52,2206.8988943916697,13.257131224319396,0.0,0.0,0.0,1.0,1.0,1436,1436,orb,-99.34233382874201,scheme_d_local_map,NA,True,1744.8572142120684,307.97999999999996
1734763827800,F:\agent\UAV\data\IR-image\1734763827800.jpg,116.19441735396146,38.81223979029127,483.54,116.2146101,38.8121238,791.47,2206.8988943916697,13.257131224319396,0.0,0.0,0.0,1.0,1.0,1436,1436,orb,-99.34233382874201,scheme_d_local_map,NA,True,1749.6224061447065,307.93
1734763828000,F:\agent\UAV\data\IR-image\1734763828000.jpg,116.19441735396146,38.81223979029127,483.54,116.214665,38.8121239,791.45,2206.8988943916697,13.257131224319396,0.0,0.0,0.0,1.0,1.0,1436,1436,orb,-99.34233382874201,scheme_d_local_map,NA,True,1754.3789351515857,307.91
1734763828200,F:\agent\UAV\data\IR-image\1734763828200.jpg,116.19476618749557,38.81218130557068,483.54,116.2147198,38.8121241,791.47,2237.1571142852135,6.746612128321825,4.244727120546827,86.7711671461102,0.9735644888053173,1.0082057915195866,0.9357907253269917,841,787,orb,-99.34233382874201,scheme_d_local_map,NA,True,1728.8678539647585,307.93
1734763828400,F:\agent\UAV\data\IR-image\1734763828400.jpg,116.19479652826715,38.81217028148744,483.54,116.2147746,38.8121244,791.5,2239.788907528244,5.519411181900772,6.444469372492961,94.619484166029,0.7730779805873499,1.0070105643212612,0.8949367088607595,790,707,orb,-99.34233382874201,scheme_d_local_map,NA,True,1730.9830404001707,307.96
1734763828600,F:\agent\UAV\data\IR-image\1734763828600.jpg,116.19483343083833,38.8121899885227,483.54,116.2148292,38.8121246,791.52,2242.9898787768634,7.713198346525406,-1.0900708776764532,102.48545486018389,0.363358711778516,1.008088971886563,0.8154761904761905,672,548,orb,-99.34233382874201,scheme_d_local_map,NA,True,1732.5239088512312,307.97999999999996
1734763828800,F:\agent\UAV\data\IR-image\1734763828800.jpg,116.19485770011961,38.81221071081351,483.54,116.2148838,38.8121247,791.54,2245.0950240052302,10.020003759386974,-8.438320020630215,107.26487520006833,0.27923159989164587,1.0044185960484209,0.8727858293075684,621,542,orb,-99.34233382874201,scheme_d_local_map,NA,True,1735.1627237387595,307.99999999999994
1734763829000,F:\agent\UAV\data\IR-image\1734763829000.jpg,116.19489445706975,38.81219585457989,483.54,116.2149383,38.812125,791.52,2248.283363918249,8.366207833365102,-5.310649232214303,116.84900885057397,-0.3007783004660202,1.0085757300348464,0.8875192604006163,649,576,orb,-99.34233382874201,scheme_d_local_map,NA,True,1736.6917389757798,307.97999999999996
1734763829200,F:\agent\UAV\data\IR-image\1734763829200.jpg,116.1949372992843,38.812194447052626,483.54,116.2149926,38.8121254,791.46,2251.999546629538,8.209521898415968,-6.569959027613436,127.21292526012633,-0.6952439049901078,1.0122011185933097,0.8923512747875354,706,630,orb,-99.34233382874201,scheme_d_local_map,NA,True,1737.6835869786687,307.92
1734763829400,F:\agent\UAV\data\IR-image\1734763829400.jpg,116.19496705294819,38.81217712537111,483.54,116.215047,38.8121256,791.41,2254.580413479035,6.281272311591059,-2.4053533820139137,135.23962613349636,-0.8086531308808541,1.0142316997154814,0.9396914446002805,713,670,orb,-99.34233382874201,scheme_d_local_map,NA,True,1739.8117195143243,307.86999999999995
1734763829600,F:\agent\UAV\data\IR-image\1734763829600.jpg,116.19498548671496,38.81216151793953,483.54,116.2151013,38.8121258,791.39,2256.179379501455,4.543853028511739,1.6781213718871868,140.45985449328543,-0.7592748140036613,1.0156685721537222,0.9524564183835182,631,601,orb,-99.34233382874201,scheme_d_local_map,NA,True,1742.9145851144087,307.84999999999997
1734763829800,F:\agent\UAV\data\IR-image\1734763829800.jpg,116.19500918299991,38.812168906571195,483.54,116.2151556,38.8121259,791.38,2258.234822372118,5.366355504885175,-1.5364824421151297,145.77793786060727,-0.6726853690133073,1.0162507108520173,0.9401294498381877,618,581,orb,-99.34233382874201,scheme_d_local_map,NA,True,1745.5681401362908,307.84
1734763830000,F:\agent\UAV\data\IR-image\1734763830000.jpg,116.19504401652165,38.81218005232565,483.54,116.2152098,38.8121259,791.36,2261.2563219055505,6.6071008914933245,-6.349655151338709,153.58108737285812,-0.6226892984375316,1.0163237181600668,0.8694096601073346,559,486,orb,-99.34233382874201,scheme_d_local_map,NA,True,1747.2498134795364,307.82
1734763830200,F:\agent\UAV\data\IR-image\1734763830200.jpg,116.19507525710844,38.81219774618035,483.54,116.215264,38.8121259,791.36,2263.966166149999,8.576780796613551,-13.039715380139114,160.1889227781624,-0.8125351246837768,1.0142684468777914,0.9187620889748549,517,475,orb,-99.34233382874201,scheme_d_local_map,NA,True,1749.2467535984808,307.82
1734763830400,F:\agent\UAV\data\IR-image\1734763830400.jpg,116.19510512524916,38.81220020928138,483.54,116.2153182,38.8121259,791.4,2266.5569628516064,8.850973203174782,-14.9796260549806,167.2395854026871,-0.8663908733523334,1.0135328926967149,0.9373601789709173,447,419,orb,-99.34233382874201,scheme_d_local_map,NA,True,1751.356175788489,307.85999999999996
1734763830600,F:\agent\UAV\data\IR-image\1734763830600.jpg,116.19512288243125,38.812213386984624,483.54,116.2153723,38.8121259,791.42,2268.0972411440594,10.31791512819079,-19.7443668816681,170.83720540752205,-0.8199547409620815,1.015723726631809,0.9066666666666666,450,408,orb,-99.34233382874201,scheme_d_local_map,NA,True,1754.5123693541757,307.87999999999994
1734763830800,F:\agent\UAV\data\IR-image\1734763830800.jpg,116.19515404476749,38.81222658140052,483.54,116.2154264,38.812126,791.43,2270.8002978474187,11.78671750632866,-25.04407931226268,177.65446604099225,-0.8782439413619596,1.0163710621326234,0.8901601830663616,437,389,orb,-99.34233382874201,scheme_d_local_map,NA,True,1756.5082475411434,307.88999999999993
1734763831000,F:\agent\UAV\data\IR-image\1734763831000.jpg,116.19519395048451,38.81221875637774,483.54,116.2154804,38.812126,791.43,2274.2617654025257,10.91563596986936,-24.20870317070853,187.63842444164413,-0.9509858585432495,1.0164467358298928,0.9339407744874715,439,410,orb,-99.34233382874201,scheme_d_local_map,NA,True,1757.7241797232066,307.88999999999993
1734763831200,F:\agent\UAV\data\IR-image\1734763831200.jpg,116.19521973793137,38.81220863961728,483.54,116.2155344,38.8121261,791.44,2276.4985980488086,9.789438196027074,-22.108740884390954,194.34681715195052,-0.7630498815902886,1.019947551149901,0.8898305084745762,354,315,orb,-99.34233382874201,scheme_d_local_map,NA,True,1760.1624123267802,307.90000000000003
1734763831400,F:\agent\UAV\data\IR-image\1734763831400.jpg,116.19523606721485,38.812179354120076,483.54,116.2155884,38.8121261,791.46,2277.915018783451,6.5293766467597365,-13.7249045600729,199.7552494954598,-0.7089630090295452,1.0221093414368547,0.9233038348082596,339,313,orb,-99.34233382874201,scheme_d_local_map,NA,True,1763.4127208649231,307.92
1734763831600,F:\agent\UAV\data\IR-image\1734763831600.jpg,116.19524861600908,38.81218268089751,483.54,116.2156424,38.8121261,791.49,2279.0035155535134,6.899713510550163,-15.24658022062789,202.60126013189313,-0.8190305652725582,1.0196143921835508,0.9372937293729373,303,284,orb,-99.34233382874201,scheme_d_local_map,NA,True,1767.0054263933982,307.95
1734763831800,F:\agent\UAV\data\IR-image\1734763831800.jpg,116.1952722409354,38.81219192608797,483.54,116.2156963,38.8121261,791.52,2281.052768693823,7.928888112847128,-19.03077298680546,207.80803017308654,-1.015219675236289,1.021293970163325,0.8884892086330936,278,247,orb,-99.34233382874201,scheme_d_local_map,NA,True,1769.6323947968704,307.97999999999996
1734763832000,F:\agent\UAV\data\IR-image\1734763832000.jpg,116.19531591473361,38.81221233697442,483.54,116.2157503,38.8121261,791.53,2284.8410839236976,10.20102799234204,-27.049945462386518,217.2650363437113,-1.373930250842792,1.023850517067884,0.8090909090909091,220,178,orb,-99.34233382874201,scheme_d_local_map,NA,True,1770.5376717667427,307.98999999999995
1734763832200,F:\agent\UAV\data\IR-image\1734763832200.jpg,116.19534714292494,38.81220966283914,483.54,116.2158043,38.8121261,791.55,2287.549852971665,9.903343252381235,-27.459711012651496,224.90301622836876,-1.3907909243442018,1.023099309307031,0.8137254901960784,204,166,orb,-99.34233382874201,scheme_d_local_map,NA,True,1772.5091272506306,308.00999999999993
1734763832400,F:\agent\UAV\data\IR-image\1734763832400.jpg,116.1953722333204,38.81220394800768,483.54,116.2158582,38.8121261,791.58,2289.726222582944,9.267168214209756,0.7703211092773472,6.317652949796695,0.025531959053481504,0.9982704016619788,0.8862837045720985,853,756,orb,-99.34233382874201,scheme_d_local_map,NA,True,1775.0021235640033,308.04
1734763832600,F:\agent\UAV\data\IR-image\1734763832600.jpg,116.1953767913622,38.812200826995486,483.54,116.2159121,38.8121261,791.62,2290.1215923428585,8.91973713709608,1.552433498667142,7.570995122148702,0.21706180817443024,0.9984433408392598,0.916256157635468,812,744,orb,-99.34233382874201,scheme_d_local_map,NA,True,1779.2756296587563,308.08
1734763832800,F:\agent\UAV\data\IR-image\1734763832800.jpg,116.19538305165408,38.81218904214155,483.54,116.215966,38.8121261,791.69,2290.6646172242254,7.6078471969099954,4.938479739259662,9.67274489032178,0.22595013843243275,1.0000173961281948,0.9444444444444444,846,799,orb,-99.34233382874201,scheme_d_local_map,NA,True,1783.3977913056517,308.15000000000003
1734763833000,F:\agent\UAV\data\IR-image\1734763833000.jpg,116.19541459298253,38.81218805638657,483.54,116.21602,38.8121261,791.72,2293.400548144666,7.4981129523341465,3.995780962678225,17.30031418220608,0.2731964536773737,1.0022436279348372,0.9505851755526658,769,731,orb,-99.34233382874201,scheme_d_local_map,NA,True,1785.343266125074,308.18
1734763833200,F:\agent\UAV\data\IR-image\1734763833200.jpg,116.19545027823409,38.81219099259969,483.54,116.2160738,38.812126,791.72,2296.4959276972286,7.824972197333193,1.6800889554891683,25.724496725046492,0.19231159119021618,1.0040342239312887,0.9565789473684211,760,727,orb,-99.34233382874201,scheme_d_local_map,NA,True,1786.9140823324892,308.18
1734763833400,F:\agent\UAV\data\IR-image\1734763833400.jpg,116.19547758502738,38.812203392538265,483.54,116.2161277,38.8121259,791.73,2298.864550192328,9.205333359238054,-3.2222877206224894,31.65579005803852,0.09723567560499424,1.0037260532483652,0.9620915032679739,765,736,orb,-99.34233382874201,scheme_d_local_map,NA,True,1789.2241984021307,308.19
1734763833600,F:\agent\UAV\data\IR-image\1734763833600.jpg,116.19549600917566,38.81222303257209,483.54,116.2161815,38.8121259,791.75,2300.4626818954766,11.391661924793297,-10.005838057434744,35.085855926115244,0.1095692717758453,1.002863972898135,0.9331395348837209,688,642,orb,-99.34233382874201,scheme_d_local_map,NA,True,1792.3008422475411,308.21
1734763833800,F:\agent\UAV\data\IR-image\1734763833800.jpg,116.19551158750933,38.8122224241234,483.54,116.2162353,38.8121258,791.76,2301.8139643836225,11.323929416224914,-10.43395325911689,38.85929669131241,0.13840989907669343,1.002996544353059,0.9473684210526315,665,630,orb,-99.34233382874201,scheme_d_local_map,NA,True,1795.6121200974094,308.21999999999997
1734763834000,F:\agent\UAV\data\IR-image\1734763834000.jpg,116.19552245487188,38.81221944761427,483.54,116.2162891,38.8121257,791.77,2302.7566118456084,10.992584420511719,-9.945760201668122,41.621076528703725,0.37779506017447745,1.0022247534655495,0.9365781710914455,678,635,orb,-99.34233382874201,scheme_d_local_map,NA,True,1799.3300553253002,308.22999999999996
1734763834200,F:\agent\UAV\data\IR-image\1734763834200.jpg,116.19554339834674,38.81221148556418,483.54,116.2163428,38.8121257,791.78,2304.57327281978,10.106249004244555,-8.318681716319361,47.05644804713722,0.172650346176075,1.0037564574600015,0.9385560675883257,651,611,orb,-99.34233382874201,scheme_d_local_map,NA,True,1802.1633528059845,308.23999999999995
1734763834400,F:\agent\UAV\data\IR-image\1734763834400.jpg,116.19557670822225,38.81219860349779,483.54,116.2163966,38.8121257,791.77,2307.462609534351,8.672217374080553,-5.663440439404212,55.71231233817855,0.1434949573381929,1.0075498323814411,0.953416149068323,644,614,orb,-99.34233382874201,scheme_d_local_map,NA,True,1803.9318265270251,308.22999999999996
1734763834600,F:\agent\UAV\data\IR-image\1734763834600.jpg,116.19562642344003,38.812214156087414,483.54,116.2164503,38.8121256,791.72,2311.7749644100563,10.403531650738433,-12.423493827145421,66.86715115203259,0.37912107116552063,1.0072784202665375,0.9386401326699834,603,566,orb,-99.34233382874201,scheme_d_local_map,NA,True,1804.2855432143608,308.18
1734763834800,F:\agent\UAV\data\IR-image\1734763834800.jpg,116.19564843971463,38.812221311710715,483.54,116.216504,38.8121255,791.67,2313.6846812606486,11.20009563652018,-15.499857207429727,71.79344340547846,0.5658353389632611,1.0076005186553538,0.9455445544554455,606,573,orb,-99.34233382874201,scheme_d_local_map,NA,True,1807.035186059584,308.12999999999994
1734763835000,F:\agent\UAV\data\IR-image\1734763835000.jpg,116.19564759315645,38.81221148839999,483.54,116.2165578,38.8121256,791.67,2313.6112498351126,10.106564686971755,-12.437701089526115,72.08833037947232,0.3692516851113802,1.0085787322548982,0.9377162629757786,578,542,orb,-99.34233382874201,scheme_d_local_map,NA,True,1811.7638574069513,308.12999999999994
1734763835200,F:\agent\UAV\data\IR-image\1734763835200.jpg,116.19568423388758,38.812199873447874,483.54,116.2166115,38.8121257,791.69,2316.7895087781376,8.813588217520461,-10.304780251092325,81.48013626036794,0.14615805504950036,1.0090805445184714,0.939622641509434,530,498,orb,-99.34233382874201,scheme_d_local_map,NA,True,1813.235669282962,308.15000000000003
1734763835400,F:\agent\UAV\data\IR-image\1734763835400.jpg,116.19572652813702,38.81216383819744,483.54,116.2166652,38.8121259,791.64,2320.458160368602,4.802144139424296,-0.8661045775270395,93.46882476802273,-0.08969581365780491,1.0077698271379156,0.8717434869739479,499,435,orb,-99.34233382874201,scheme_d_local_map,NA,True,1814.2105093472287,308.09999999999997
1734763835600,F:\agent\UAV\data\IR-image\1734763835600.jpg,116.19571427427836,38.81218134880016,483.54,116.216719,38.8121259,791.67,2319.395246647798,6.7514244335803095,-5.780611706273646,89.63673900366945,-0.02736265413459761,1.0048572538719294,0.7994350282485876,354,283,orb,-99.34233382874201,scheme_d_local_map,NA,True,1819.938980821893,308.12999999999994
1734763835800,F:\agent\UAV\data\IR-image\1734763835800.jpg,116.195726115637,38.81221547834709,483.54,116.2167727,38.8121257,791.83,2320.422379645798,10.550725597743945,-16.7713553954149,90.75038941643606,0.9611609223819526,1.0035310600191487,0.7773109243697479,238,185,orb,-99.34233382874201,scheme_d_local_map,NA,True,1823.5822178761555,308.29
1734763836000,F:\agent\UAV\data\IR-image\1734763836000.jpg,116.19576423096406,38.81223031553648,483.54,116.2168265,38.8121253,791.88,2323.7285467271254,12.20240152094048,-22.852370031970906,99.1547281049879,1.3648574541098855,1.0051044905720632,0.8408408408408409,333,280,orb,-99.34233382874201,scheme_d_local_map,NA,True,1824.9510461406646,308.34
1734763836200,F:\agent\UAV\data\IR-image\1734763836200.jpg,116.19578969738738,38.812231120431385,483.54,116.21688,38.8121251,791.92,2325.9375334262572,12.292002421415813,-24.107055642608316,105.23201987845061,1.255260704202223,1.0086805494060822,0.8849557522123894,452,400,orb,-99.34233382874201,scheme_d_local_map,NA,True,1827.3806399867913,308.37999999999994
1734763836400,F:\agent\UAV\data\IR-image\1734763836400.jpg,116.19580188399615,38.81224734144948,483.54,116.2169335,38.8121249,792.01,2326.9946138143982,14.097726155653692,-29.58993461569645,107.33698558766747,1.5006931173946616,1.0096408359947664,0.912751677852349,447,408,orb,-99.34233382874201,scheme_d_local_map,NA,True,1830.9725733180057,308.46999999999997
1734763836600,F:\agent\UAV\data\IR-image\1734763836600.jpg,116.19580912736535,38.81225090007611,483.54,116.2169869,38.8121247,792.09,2327.622911946616,14.493872472443622,-30.973404366452883,108.89664736545353,1.520107569943419,1.0115081411485936,0.9181818181818182,440,404,orb,-99.34233382874201,scheme_d_local_map,NA,True,1834.9747507813977,308.55
1734763836800,F:\agent\UAV\data\IR-image\1734763836800.jpg,116.19583407965533,38.81223601354144,483.54,116.2170401,38.8121245,792.16,2329.7873021308756,12.836703432988607,-27.369829583592946,115.64633638347522,1.5320101617480981,1.010461641145715,0.9209932279909706,443,408,orb,-99.34233382874201,scheme_d_local_map,NA,True,1837.4106142075927,308.61999999999995
1734763837000,F:\agent\UAV\data\IR-image\1734763837000.jpg,116.19587148754071,38.812265469338534,483.54,116.2170932,38.8121244,792.22,2333.032104912456,16.115722765830956,-37.93005407728651,123.1392201149381,1.0973067983755846,1.0123587621453416,0.9393139841688655,379,356,orb,-99.34233382874201,scheme_d_local_map,NA,True,1838.7949268324057,308.68
1734763837200,F:\agent\UAV\data\IR-image\1734763837200.jpg,116.19589569996707,38.812289855960124,483.54,116.2171462,38.8121242,792.27,2335.1323184782605,18.830441481009878,-46.40583288100834,127.7191161976686,1.4912547213782295,1.0101444097865697,0.9290953545232273,409,380,orb,-99.34233382874201,scheme_d_local_map,NA,True,1841.31410600226,308.72999999999996
1734763837400,F:\agent\UAV\data\IR-image\1734763837400.jpg,116.19593425064589,38.81230344207186,483.54,116.2171992,38.8121239,792.29,2338.4762484697526,20.342847438911576,-52.11832519565479,136.29150311982642,2.291082999733582,1.0102021214110246,0.9201101928374655,363,334,orb,-99.34233382874201,scheme_d_local_map,NA,True,1842.5818971593005,308.74999999999994
1734763837600,F:\agent\UAV\data\IR-image\1734763837600.jpg,116.19596217326534,38.81236149730453,483.54,116.217252,38.8121235,792.29,2340.8982884310303,26.805555940251942,-71.12136093270459,140.0549776968203,2.93065686620259,1.0062227690416776,0.8905775075987842,329,293,orb,-99.34233382874201,scheme_d_local_map,NA,True,1844.8182857505676,308.74999999999994
1734763837800,F:\agent\UAV\data\IR-image\1734763837800.jpg,116.19595768574389,38.81230739460474,483.54,116.2173047,38.8121234,792.31,2340.509035685798,20.782843398948735,-54.26319710133674,141.7211269760246,3.0357699343047417,1.0075350096334,0.8821656050955414,314,277,orb,-99.34233382874201,scheme_d_local_map,NA,True,1849.69725268463,308.7699999999999
1734763838000,F:\agent\UAV\data\IR-image\1734763838000.jpg,116.19598213949939,38.81228220657795,483.54,116.2173573,38.8121234,792.34,2342.6301824187367,17.97891225693927,-47.46378969787338,148.87356778866155,3.027017889158536,1.0098182685853225,0.9375,320,300,orb,-99.34233382874201,scheme_d_local_map,NA,True,1852.1073046815077,308.8
1734763838200,F:\agent\UAV\data\IR-image\1734763838200.jpg,116.1960160637103,38.81228697628166,483.54,116.2174098,38.8121234,792.35,2345.5728072900133,18.509875674822162,-50.27517615709718,156.78167358558557,3.2605298333698975,1.011620806261341,0.9272727272727272,330,306,orb,-99.34233382874201,scheme_d_local_map,NA,True,1853.7217728817102,308.81
1734763838400,F:\agent\UAV\data\IR-image\1734763838400.jpg,116.19606446525968,38.81228254308228,483.54,116.2174622,38.8121234,792.37,2349.7712130654845,18.01637191928031,-0.5461670236982741,11.85297585052217,0.09176080354191166,1.000917583788638,0.9314079422382672,831,774,orb,-99.34233382874201,scheme_d_local_map,NA,True,1854.0634840272191,308.83
1734763838600,F:\agent\UAV\data\IR-image\1734763838600.jpg,116.1960998610785,38.81229408818507,483.54,116.2175146,38.8121235,792.41,2352.8414868894824,19.301572761817315,-5.504689708587193,19.770956956255304,0.4921308802516513,1.000723990770386,0.9066834804539723,793,719,orb,-99.34233382874201,scheme_d_local_map,NA,True,1855.5491438954605,308.86999999999995
1734763838800,F:\agent\UAV\data\IR-image\1734763838800.jpg,116.1961101114468,38.812277196122146,483.54,116.2175669,38.8121236,792.45,2353.730615565892,17.421148317528544,-0.7017041532237727,23.090345006435427,0.970474410470803,0.9996223387560782,0.9306431273644389,793,738,orb,-99.34233382874201,scheme_d_local_map,NA,True,1859.174191509566,308.91
1734763839000,F:\agent\UAV\data\IR-image\1734763839000.jpg,116.19611275151583,38.81227476800266,483.54,116.2176191,38.8121236,792.49,2353.9596181737707,17.150850056238856,-0.05741758480445469,23.847763033417323,0.9611515164714409,1.0012763140627694,0.9033816425120773,828,748,orb,-99.34233382874201,scheme_d_local_map,NA,True,1863.465643696697,308.95
1734763839200,F:\agent\UAV\data\IR-image\1734763839200.jpg,116.19611604291305,38.81227084166239,483.54,116.2176711,38.8121238,792.53,2354.2451177349553,16.71376985723618,1.0230536713065703,24.837651824632644,0.6225953484679958,1.0012742074927257,0.9389671361502347,852,800,orb,-99.34233382874201,scheme_d_local_map,NA,True,1867.6817421931921,308.98999999999995
1734763839400,F:\agent\UAV\data\IR-image\1734763839400.jpg,116.19615879305782,38.81231006569674,483.54,116.217723,38.8121241,792.55,2357.953314207859,21.080189361184978,-12.760032744569457,33.1185007581858,0.09196308038002926,1.0001696932567987,0.9304461942257218,762,709,orb,-99.34233382874201,scheme_d_local_map,NA,True,1868.51685742283,309.00999999999993
1734763839600,F:\agent\UAV\data\IR-image\1734763839600.jpg,116.19617863512522,38.81224498746005,483.54,116.2177748,38.8121245,792.52,2359.6744378384074,13.835680052506135,6.520488724064364,41.18636281844749,-0.934568990072423,1.0035206892380824,0.8608815426997245,726,625,orb,-99.34233382874201,scheme_d_local_map,NA,True,1871.2201974302388,308.97999999999996
1734763839800,F:\agent\UAV\data\IR-image\1734763839800.jpg,116.19618132683301,38.81224723398302,483.54,116.2178265,38.812125,792.53,2359.907919651602,14.08576298988478,5.72146095566228,41.7190755086595,-1.5988294991650946,1.0023111916138265,0.9405405405405406,740,696,orb,-99.34233382874201,scheme_d_local_map,NA,True,1875.4677111762048,308.98999999999995
1734763840000,F:\agent\UAV\data\IR-image\1734763840000.jpg,116.19623654921573,38.81221198035213,483.54,116.2178782,38.8121253,792.54,2364.697972315385,10.161328799072193,14.408184501521362,56.77400568019431,-2.496028284524915,1.0038772954052686,0.8722466960352423,681,594,orb,-99.34233382874201,scheme_d_local_map,NA,True,1875.1384986712292,308.99999999999994
1734763840200,F:\agent\UAV\data\IR-image\1734763840200.jpg,116.19627898777266,38.81223161043449,483.54,116.2179298,38.8121257,792.43,2368.3791413026215,12.346549566970008,6.67856855390562,65.9738589461881,-2.826521615651193,1.002723565146825,0.9110764430577223,641,584,orb,-99.34233382874201,scheme_d_local_map,NA,True,1875.944211237738,308.88999999999993
1734763840400,F:\agent\UAV\data\IR-image\1734763840400.jpg,116.19631217214398,38.81227523791221,483.54,116.2179813,38.8121257,792.36,2371.2575916413925,17.203160387515126,-8.08410288665874,71.73324695455597,-2.1327299665639736,1.0029572486777911,0.9621451104100947,634,610,orb,-99.34233382874201,scheme_d_local_map,NA,True,1877.5672350404366,308.82
1734763840600,F:\agent\UAV\data\IR-image\1734763840600.jpg,116.19633231755711,38.81227815077711,483.54,116.218033,38.8121254,792.3,2373.0050278272547,17.52742050786988,-9.778407204974542,76.42528346457789,-0.6010268917165903,1.0050634801078462,0.890625,512,456,orb,-99.34233382874201,scheme_d_local_map,NA,True,1880.3042931332143,308.75999999999993
1734763840800,F:\agent\UAV\data\IR-image\1734763840800.jpg,116.19635904035053,38.812287682171835,483.54,116.2180846,38.8121251,792.27,2375.3229935059953,18.588455368853257,-13.773280307487482,82.3617758891541,1.0601968516816038,1.003654781543386,0.8739130434782608,460,402,orb,-99.34233382874201,scheme_d_local_map,NA,True,1882.4697179077348,308.72999999999996
1734763841000,F:\agent\UAV\data\IR-image\1734763841000.jpg,116.19640511082906,38.81234776318623,483.54,116.2181362,38.8121247,792.23,2379.3191995286147,25.276673891135317,-34.11816686888733,90.38238488990288,1.8692702136789938,1.0032739486543132,0.90625,576,522,orb,-99.34233382874201,scheme_d_local_map,NA,True,1883.024582773325,308.69
1734763841200,F:\agent\UAV\data\IR-image\1734763841200.jpg,116.19639788871946,38.81231487628211,483.54,116.2181876,38.8121248,792.17,2378.692745477553,21.61570372405783,-23.693120475721116,90.31544423980887,2.0487373788225236,1.0039792695412706,0.9243156199677939,621,574,orb,-99.34233382874201,scheme_d_local_map,NA,True,1888.0591891973452,308.62999999999994
1734763841400,F:\agent\UAV\data\IR-image\1734763841400.jpg,116.19642965190519,38.812280623629654,483.54,116.218239,38.8121251,792.12,2381.447920552495,17.80269845326001,-14.387826047965746,99.68370476947405,1.7967540718589214,1.0060197918944722,0.7613365155131265,419,319,orb,-99.34233382874201,scheme_d_local_map,NA,True,1889.7218734299208,308.58
1734763841600,F:\agent\UAV\data\IR-image\1734763841600.jpg,116.19648521116054,38.812283469520985,483.54,116.2182904,38.8121253,792.0,2386.26719393326,18.119503076162587,-17.461160749731278,112.88704992200547,1.9230176031516966,1.0071283601003531,0.8957528957528957,518,464,orb,-99.34233382874201,scheme_d_local_map,NA,True,1889.3641906667294,308.46
1734763841800,F:\agent\UAV\data\IR-image\1734763841800.jpg,116.19652564035157,38.8122751883847,483.54,116.2183418,38.8121256,791.87,2389.7740682230196,17.197646984663123,-16.50584643289517,123.01990442519406,1.8125912623237261,1.0081561149356422,0.7984644913627639,521,416,orb,-99.34233382874201,scheme_d_local_map,NA,True,1890.3061699335753,308.33
1734763842000,F:\agent\UAV\data\IR-image\1734763842000.jpg,116.19656028811919,38.81223586068475,483.54,116.2183932,38.8121261,791.76,2392.7794552310484,12.819687426763005,-5.7498356062068865,133.33858509202537,1.0718765125180536,1.0068275724406466,0.8895131086142322,534,475,orb,-99.34233382874201,scheme_d_local_map,NA,True,1891.7243490084934,308.21999999999997
1734763842200,F:\agent\UAV\data\IR-image\1734763842200.jpg,116.1966120655822,38.812203028903326,483.54,116.2184447,38.8121267,791.67,2397.270691618955,9.16485351810723,2.3263450554878773,147.4430558975376,0.6684528885739597,1.0109579903168486,0.843298969072165,485,409,orb,-99.34233382874201,scheme_d_local_map,NA,True,1891.6804054058773,308.12999999999994
1734763842400,F:\agent\UAV\data\IR-image\1734763842400.jpg,116.19662619480692,38.812210246720255,483.54,116.2184963,38.812127,791.63,2398.49627673854,9.96834089904109,-0.4574697728892261,150.47138858408192,0.681258215175768,1.004699707897245,0.7365145228215768,482,355,orb,-99.34233382874201,scheme_d_local_map,NA,True,1894.9304828417755,308.09
1734763842600,F:\agent\UAV\data\IR-image\1734763842600.jpg,116.19663474158864,38.81217596954982,483.54,116.2185481,38.8121273,791.63,2399.2376343639544,6.152606285797937,9.772977850562427,154.26332476700964,0.6521116794900138,1.0063546179448668,0.8191056910569106,492,403,orb,-99.34233382874201,scheme_d_local_map,NA,True,1898.6636601477226,308.09
1734763842800,F:\agent\UAV\data\IR-image\1734763842800.jpg,116.19667050175025,38.81217868583767,483.54,116.2185998,38.8121276,791.61,2402.3395116988336,6.45498344933495,7.52213191378172,162.71665912324693,-0.3194745282632893,1.0112666018559067,0.8823529411764706,476,420,orb,-99.34233382874201,scheme_d_local_map,NA,True,1900.04548623381,308.07
1734763843000,F:\agent\UAV\data\IR-image\1734763843000.jpg,116.1967158287008,38.812182017897285,483.54,116.2186517,38.8121281,791.58,2406.271223254174,6.825908325850634,4.703319736548565,173.4371095018592,-1.3183067888427487,1.0083268882408962,0.8640226628895185,353,305,orb,-99.34233382874201,scheme_d_local_map,NA,True,1900.6159136046654,308.04
1734763843200,F:\agent\UAV\data\IR-image\1734763843200.jpg,116.1967562672508,38.81222247887446,483.54,116.2187037,38.8121285,791.57,2409.7789093529395,11.33002430490933,-9.369775268764158,181.099873771084,-1.598853965234992,1.0073061167862896,0.7943661971830986,355,282,orb,-99.34233382874201,scheme_d_local_map,NA,True,1901.636352513213,308.03000000000003
1734763843400,F:\agent\UAV\data\IR-image\1734763843400.jpg,116.19676853969641,38.81228123964921,483.54,116.2187559,38.8121286,791.6,2410.8434353260436,17.87127374997402,-27.971792001693075,181.06772366106793,-1.4271009069333407,1.0091696163341262,0.9088397790055248,362,329,orb,-99.34233382874201,scheme_d_local_map,NA,True,1905.1419312179066,308.06
1734763843600,F:\agent\UAV\data\IR-image\1734763843600.jpg,116.19677010535234,38.81230977163143,483.54,116.2188081,38.8121287,791.69,2410.9792421131924,21.047454010977702,-36.83057747266457,179.99663751755895,-0.7514207605541992,1.0089133611717638,0.859375,384,330,orb,-99.34233382874201,scheme_d_local_map,NA,True,1909.5592385910777,308.15000000000003
1734763843800,F:\agent\UAV\data\IR-image\1734763843800.jpg,116.19676674339593,38.81228970984572,483.54,116.2188604,38.8121287,791.76,2410.6876221674675,18.814176025817048,-30.512304466130445,180.20654340098986,0.4190892813621169,1.0103578643779512,0.8101983002832861,353,286,orb,-99.34233382874201,scheme_d_local_map,NA,True,1914.359835514791,308.21999999999997
1734763844000,F:\agent\UAV\data\IR-image\1734763844000.jpg,116.19677204629927,38.812255263080985,483.54,116.218913,38.8121286,791.83,2411.147602071333,14.979562175156353,-20.10135850421898,183.22776429658376,1.584809288725434,1.0089125085881725,0.8237179487179487,312,257,orb,-99.34233382874201,scheme_d_local_map,NA,True,1918.4262769074476,308.29
1734763844200,F:\agent\UAV\data\IR-image\1734763844200.jpg,116.19677671761582,38.8122304457476,483.54,116.2189656,38.8121287,791.94,2411.5527974138663,12.216896622692,-12.634370802168519,185.6088190207385,2.021689470999592,1.0102934389857698,0.8451612903225807,310,262,orb,-99.34233382874201,scheme_d_local_map,NA,True,1922.5609172181482,308.40000000000003
1734763844400,F:\agent\UAV\data\IR-image\1734763844400.jpg,116.19674754017302,38.81219922562105,483.54,116.2190182,38.812129,792.09,2409.0219126401566,8.741472135120413,10.778901866433898,-5.426089454279122,-0.4789545395528026,0.9998978335076633,0.7803468208092486,692,540,orb,-99.34233382874201,scheme_d_local_map,NA,True,1929.6293503873878,308.55
1734763844600,F:\agent\UAV\data\IR-image\1734763844600.jpg,116.19675068272417,38.81215662402148,483.54,116.2190709,38.8121293,792.25,2409.2945011226807,3.9990620716789405,23.78950962997834,-2.510240644545007,-0.999915589439697,0.997340412438406,0.7435064935064936,616,458,orb,-99.34233382874201,scheme_d_local_map,NA,True,1933.910354537506,308.71
1734763844800,F:\agent\UAV\data\IR-image\1734763844800.jpg,116.19678997759755,38.81216137590694,483.54,116.2191236,38.8121296,792.31,2412.702983400991,4.528041960049015,20.77134939764494,6.689030558985962,-1.3341235386532664,0.9966451405013681,0.718944099378882,644,463,orb,-99.34233382874201,scheme_d_local_map,NA,True,1935.0725958756304,308.7699999999999
1734763845000,F:\agent\UAV\data\IR-image\1734763845000.jpg,116.1968029024005,38.81219424675723,483.54,116.2191765,38.8121296,792.34,2413.8240955980555,8.187225014869666,10.125862197020751,8.126815063166077,-1.2299831776308312,0.9979380021005622,0.8253521126760563,710,586,orb,-99.34233382874201,scheme_d_local_map,NA,True,1938.5458526052391,308.8
1734763845200,F:\agent\UAV\data\IR-image\1734763845200.jpg,116.19682103203245,38.81223836886748,483.54,116.2192296,38.8121295,792.38,2415.396680617896,13.098898328253288,-4.194296829423536,10.244325014335686,-1.174856978996927,1.000728170771116,0.7524475524475525,715,538,orb,-99.34233382874201,scheme_d_local_map,NA,True,1941.5996280386978,308.84
1734763845400,F:\agent\UAV\data\IR-image\1734763845400.jpg,116.1968612527403,38.81230958257705,483.54,116.2192827,38.8121293,792.36,2418.8854708381864,21.026408477264088,-27.740383008391973,16.294888253363297,-1.4187663147755158,0.999617540150571,0.8700475435816165,631,549,orb,-99.34233382874201,scheme_d_local_map,NA,True,1942.7802579321426,308.82
1734763845600,F:\agent\UAV\data\IR-image\1734763845600.jpg,116.19689733873551,38.812304571138014,483.54,116.2193359,38.8121292,792.29,2422.0156113529265,20.468535083704964,-27.6215147325708,25.218473996392106,-1.3023863727942275,0.9988152696238468,0.9008695652173913,575,518,orb,-99.34233382874201,scheme_d_local_map,NA,True,1944.2575150337475,308.74999999999994
1734763845800,F:\agent\UAV\data\IR-image\1734763845800.jpg,116.19688725118836,38.81227956406494,483.54,116.2193894,38.8121291,792.27,2421.1406059712012,17.684747708903956,-19.512704832247437,24.06344589427073,-0.974267373392929,0.9967996472344758,0.8314424635332253,617,513,orb,-99.34233382874201,scheme_d_local_map,NA,True,1949.7413094067315,308.72999999999996
1734763846000,F:\agent\UAV\data\IR-image\1734763846000.jpg,116.19689229253062,38.81229404672019,483.54,116.219443,38.8121288,792.3,2421.5778977668883,19.29695689166764,-24.17721033255873,24.539989308088025,-0.5236459589948428,0.9964349336015313,0.7575757575757576,660,500,orb,-99.34233382874201,scheme_d_local_map,NA,True,1953.9630284635305,308.75999999999993
1734763846200,F:\agent\UAV\data\IR-image\1734763846200.jpg,116.19693479227846,38.81237093748233,483.54,116.2194968,38.8121285,792.33,2425.264374523275,27.856436532257035,-49.56370600295065,30.85011865495801,-0.5181523284163664,0.9953232860898483,0.8362369337979094,574,480,orb,-99.34233382874201,scheme_d_local_map,NA,True,1955.0405441929381,308.79
1734763846400,F:\agent\UAV\data\IR-image\1734763846400.jpg,116.1969542845411,38.81237330148262,483.54,116.2195506,38.8121284,792.32,2426.955155689697,28.119597045383493,-51.06297103849846,35.41308060738396,-0.48091983533428884,0.9985343532138735,0.8871252204585538,567,503,orb,-99.34233382874201,scheme_d_local_map,NA,True,1958.0165698195003,308.78000000000003
1734763846600,F:\agent\UAV\data\IR-image\1734763846600.jpg,116.1969815511866,38.81234493042421,483.54,116.2196045,38.8121283,792.33,2429.320295718389,24.96133082274757,-43.39335504549331,43.402749685617664,-0.5666515074288205,0.9984063031260946,0.8604651162790697,516,444,orb,-99.34233382874201,scheme_d_local_map,NA,True,1960.2832003427575,308.79
1734763846800,F:\agent\UAV\data\IR-image\1734763846800.jpg,116.19703447524411,38.81235184667757,483.54,116.2196585,38.8121283,792.29,2433.910989024474,25.731248147289506,-47.617500718300334,55.76654786594719,-0.8346465649142876,0.9984673517591428,0.8209606986899564,458,376,orb,-99.34233382874201,scheme_d_local_map,NA,True,1960.3859223609622,308.74999999999994
1734763847000,F:\agent\UAV\data\IR-image\1734763847000.jpg,116.1970508844888,38.81237796165341,483.54,116.2197126,38.8121284,792.22,2435.334345684337,28.638367257752357,-56.31775196924116,58.38412068886316,-0.7728793392828909,1.006119411255682,0.7006507592190889,461,323,orb,-99.34233382874201,scheme_d_local_map,NA,True,1963.6897126240585,308.68
1734763847200,F:\agent\UAV\data\IR-image\1734763847200.jpg,116.19707352195731,38.812384116130715,483.54,116.2197668,38.8121285,792.19,2437.2979456052103,29.323483671420888,-59.10999643232577,63.51043111995011,-0.4690976186504123,1.0057762754430017,0.7379807692307693,416,307,orb,-99.34233382874201,scheme_d_local_map,NA,True,1966.4336621289688,308.65000000000003
1734763847400,F:\agent\UAV\data\IR-image\1734763847400.jpg,116.19711185264084,38.81236654590055,483.54,116.2198211,38.8121288,792.15,2440.6227929535003,27.367565649058008,-55.20775288351615,73.61030411101183,-0.3038338929592456,1.0008130374465531,0.8978622327790974,421,378,orb,-99.34233382874201,scheme_d_local_map,NA,True,1967.7896974684188,308.60999999999996
1734763847600,F:\agent\UAV\data\IR-image\1734763847600.jpg,116.1971206201964,38.812310968287676,483.54,116.2198755,38.8121291,792.11,2441.38330075462,21.180665784311024,-38.418734981109026,78.53569860083672,-0.010966064653237568,0.9973868597600896,0.8074074074074075,405,327,orb,-99.34233382874201,scheme_d_local_map,NA,True,1971.6703510721147,308.57
1734763847800,F:\agent\UAV\data\IR-image\1734763847800.jpg,116.19712325303685,38.81224732854375,483.54,116.21993,38.8121296,792.08,2441.611676347538,14.096289489881439,-18.901556667272246,82.39620774774778,0.21243476226749317,0.999678729489607,0.8411910669975186,403,339,orb,-99.34233382874201,scheme_d_local_map,NA,True,1976.1048369394184,308.54
1734763848000,F:\agent\UAV\data\IR-image\1734763848000.jpg,116.19716881547825,38.81221139532921,483.54,116.2199846,38.8121301,792.01,2445.5638146489905,10.096204047111705,-9.623510861194745,95.16487945843534,0.4856221468005582,0.9988646143600901,0.7877906976744186,344,271,orb,-99.34233382874201,scheme_d_local_map,NA,True,1976.8656832812383,308.46999999999997
1734763848200,F:\agent\UAV\data\IR-image\1734763848200.jpg,116.19720614821044,38.812159448977255,483.54,116.2200394,38.8121306,791.9,2448.8020985562107,4.313536147532687,4.916930121181736,106.76865677358376,0.5775495447622857,0.9989094192076828,0.7558823529411764,340,257,orb,-99.34233382874201,scheme_d_local_map,NA,True,1978.3617599956242,308.35999999999996
1734763848400,F:\agent\UAV\data\IR-image\1734763848400.jpg,116.19724205016414,38.81215401043018,483.54,116.2200944,38.812131,791.83,2451.916275099909,3.708117087131283,5.174757184226792,115.66969205113037,-0.327227516304875,1.0167859718225198,0.6455223880597015,268,173,orb,-99.34233382874201,scheme_d_local_map,NA,True,1980.0156093138658,308.29
1734763848600,F:\agent\UAV\data\IR-image\1734763848600.jpg,116.19727218391738,38.812175632193124,483.54,116.2201495,38.8121315,791.78,2454.5301113356622,6.1150517386166845,-2.682599368988008,121.81238426725542,-0.5241628412448787,0.9983387690526874,0.7045454545454546,220,155,orb,-99.34233382874201,scheme_d_local_map,NA,True,1982.1828927735899,308.23999999999995
1734763848800,F:\agent\UAV\data\IR-image\1734763848800.jpg,116.19732249604061,38.81218928161145,483.54,116.2202048,38.8121318,791.71,2458.894242473731,7.6345049868071015,-8.87946382155235,133.20715942915268,-1.9572967058649893,1.0183539256641285,0.700507614213198,197,138,orb,-99.34233382874201,scheme_d_local_map,NA,True,1982.619095516401,308.17
1734763849000,F:\agent\UAV\data\IR-image\1734763849000.jpg,116.19738241797917,38.81227480073352,483.54,116.2202602,38.8121321,791.66,2464.0919399885356,17.154493655268915,-37.61481879402481,143.26518523875154,-2.5391796317702924,1.0167757544097302,0.8290598290598291,117,97,orb,-99.34233382874201,scheme_d_local_map,NA,True,1982.279309802656,308.11999999999995
1734763849200,F:\agent\UAV\data\IR-image\1734763849200.jpg,116.19737979134928,38.812312335360296,483.54,116.2203159,38.8121321,791.66,2463.8641031055963,21.332848308166888,-49.08358193923999,140.73029393743252,-2.232026590698604,1.0113522623960653,0.7891156462585034,147,116,orb,-99.34233382874201,scheme_d_local_map,NA,True,1987.3699664403625,308.11999999999995
1734763849400,F:\agent\UAV\data\IR-image\1734763849400.jpg,116.19738653023455,38.812261023201735,483.54,116.2203716,38.8121321,791.73,2464.4486417252965,15.620778817259373,-33.52949744223224,144.9519595403262,-2.875454151015988,1.011546366481192,0.8223684210526315,152,125,orb,-99.34233382874201,scheme_d_local_map,NA,True,1991.5633968638679,308.19
1734763849600,F:\agent\UAV\data\IR-image\1734763849600.jpg,116.19741511804737,38.81218789915064,483.54,116.2204274,38.8121323,791.72,2466.92838131998,7.480609449753033,-12.113974365414094,155.52902832485518,-4.003469029076545,1.0157624601067465,0.8116883116883117,154,125,orb,-99.34233382874201,scheme_d_local_map,NA,True,1993.880171306816,308.18
1734763849800,F:\agent\UAV\data\IR-image\1734763849800.jpg,116.1974812763644,38.812152013665525,483.54,116.2204832,38.8121325,791.61,2472.6670294386017,3.485837245715949,-3.6646657497240653,173.24328462132473,-4.620525979769776,1.0164263621419722,0.8,120,96,orb,-99.34233382874201,scheme_d_local_map,NA,True,1992.9747834860411,308.07
1734763850000,F:\agent\UAV\data\IR-image\1734763850000.jpg,116.19753434808614,38.81221950983557,483.54,116.2205392,38.8121321,791.49,2477.2705313078654,10.999510895493938,-26.572487213154943,182.56977231223868,-4.558675026745568,1.010401708039817,0.7777777777777778,63,49,orb,-99.34233382874201,scheme_d_local_map,NA,True,1993.2500781348672,307.95
1734763850200,F:\agent\UAV\data\IR-image\1734763850200.jpg,116.19758110431225,38.81226901748582,483.54,116.2205953,38.8121314,791.34,2481.3262198613756,16.510702520822534,-43.684525278547426,191.29143816898966,-4.232009849172305,1.0133091437321984,0.875,56,49,orb,-99.34233382874201,scheme_d_local_map,NA,True,1994.0939919811574,307.8
1734763850400,F:\agent\UAV\data\IR-image\1734763850400.jpg,116.19762703081076,38.812337917850776,483.54,116.2206515,38.8121306,791.21,2485.3099368927565,24.180691148178695,-23.058354790736132,7.538676324937342,0.13491737933120312,0.9967339420118706,0.8722627737226277,548,478,orb,-99.34233382874201,scheme_d_local_map,NA,True,1995.0576482112945,307.67
1734763850600,F:\agent\UAV\data\IR-image\1734763850600.jpg,116.19768125775435,38.81240040921634,483.54,116.2207078,38.8121298,791.13,2490.013644026802,31.137229962617063,-44.468766607888085,17.39655537288155,0.2660457543233049,0.9944748982215482,0.804093567251462,342,275,orb,-99.34233382874201,scheme_d_local_map,NA,True,1995.3301117698386,307.59
1734763850800,F:\agent\UAV\data\IR-image\1734763850800.jpg,116.19771991683056,38.812428239084454,483.54,116.2207643,38.8121289,791.05,2493.3669765319,34.23525088115541,-54.577140439174116,25.27250011416737,1.087282868520277,0.9925910344113634,0.7790697674418605,344,268,orb,-99.34233382874201,scheme_d_local_map,NA,True,1996.9260548007328,307.50999999999993
1734763851000,F:\agent\UAV\data\IR-image\1734763851000.jpg,116.19776329746387,38.81248594777011,483.54,116.2208208,38.8121281,791.02,2497.1298623017265,40.65938176842848,-74.08428474685422,32.76722511658977,1.1936572091367614,0.9938537142276151,0.8203389830508474,295,242,orb,-99.34233382874201,scheme_d_local_map,NA,True,1998.180775910592,307.47999999999996
1734763851200,F:\agent\UAV\data\IR-image\1734763851200.jpg,116.19777282331792,38.81250118890394,483.54,116.2208773,38.8121275,791.04,2497.956145782954,42.35602478649616,-79.1598860211856,34.282666865425256,2.0104147081504795,0.9936502271846641,0.8765957446808511,235,206,orb,-99.34233382874201,scheme_d_local_map,NA,True,2002.285552992902,307.49999999999994
1734763851400,F:\agent\UAV\data\IR-image\1734763851400.jpg,116.19779912679978,38.812482739473964,483.54,116.220934,38.8121269,791.08,2500.2377398962894,40.30223424129191,-74.51121263748985,41.53768984260694,2.6906474587133085,0.9961740994063031,0.8617511520737328,217,187,orb,-99.34233382874201,scheme_d_local_map,NA,True,2004.8787646402584,307.54
1734763851600,F:\agent\UAV\data\IR-image\1734763851600.jpg,116.19782924635231,38.81244319796788,483.54,116.2209907,38.8121265,791.1,2502.850344346702,35.90047378434034,-63.5103106955911,50.779345452666064,3.19895497441608,0.9990325543488803,0.7007575757575758,264,185,orb,-99.34233382874201,scheme_d_local_map,NA,True,2007.100823656249,307.56
1734763851800,F:\agent\UAV\data\IR-image\1734763851800.jpg,116.19782466861945,38.8124173477891,483.54,116.2210473,38.8121264,791.17,2502.453266559631,33.02283188261938,-55.359323898942534,50.990773869735676,3.309918075380126,0.995717284594633,0.8466898954703833,287,243,orb,-99.34233382874201,scheme_d_local_map,NA,True,2012.3529669781,307.62999999999994
1734763852000,F:\agent\UAV\data\IR-image\1734763852000.jpg,116.197819263519,38.81236912387441,483.54,116.221104,38.8121266,791.27,2501.9844219617335,27.65454569935022,-40.2774255860391,52.138292929663294,2.9070135275974796,1.0004040186914531,0.817629179331307,329,269,orb,-99.34233382874201,scheme_d_local_map,NA,True,2017.6548131159514,307.72999999999996
1734763852200,F:\agent\UAV\data\IR-image\1734763852200.jpg,116.19785975457368,38.81237883791199,483.54,116.2211606,38.8121267,791.31,2505.49666237619,28.735912363190966,-44.87278072061173,61.37324330321417,3.128918399855179,0.9981991056931877,0.8826979472140762,341,301,orb,-99.34233382874201,scheme_d_local_map,NA,True,2019.064848809815,307.7699999999999
1734763852400,F:\agent\UAV\data\IR-image\1734763852400.jpg,116.19788890781518,38.81239067914396,483.54,116.2212173,38.8121268,791.31,2508.025447902437,30.05407830509548,-49.675876575296854,67.77647124251348,3.7222326686114924,0.9978234182605658,0.8295819935691319,311,258,orb,-99.34233382874201,scheme_d_local_map,NA,True,2021.4697301846088,307.7699999999999
1734763852600,F:\agent\UAV\data\IR-image\1734763852600.jpg,116.19789893920131,38.812362733405855,483.54,116.2212741,38.812127,791.32,2508.8955818128748,26.943158739454987,-41.45619619628195,71.60392430518459,3.977942366735601,0.9988979966174747,0.7531645569620253,316,238,orb,-99.34233382874201,scheme_d_local_map,NA,True,2025.4789818525196,307.78000000000003
1734763852800,F:\agent\UAV\data\IR-image\1734763852800.jpg,116.19794371224435,38.812349322859276,483.54,116.2213308,38.8121273,791.28,2512.7792467971854,25.450296694394368,-39.09107997113722,83.04053515171705,3.8681288329379164,1.00210800692958,0.9074074074074074,378,343,orb,-99.34233382874201,scheme_d_local_map,NA,True,2026.4933307432348,307.73999999999995
1734763853000,F:\agent\UAV\data\IR-image\1734763853000.jpg,116.19797057221868,38.812290177629045,483.54,116.2213875,38.8121278,791.22,2515.109111704251,18.866249665213626,-21.91717969710271,92.49345805941982,3.5610722968012967,1.0050391423990608,0.9253112033195021,482,446,orb,-99.34233382874201,scheme_d_local_map,NA,True,2029.009566507508,307.68
1734763853200,F:\agent\UAV\data\IR-image\1734763853200.jpg,116.19801899495789,38.81230449083948,483.54,116.2214442,38.8121284,791.15,2519.309355509304,20.4595962511947,-28.24402767978097,103.40065336968769,3.2228429120283817,1.0062801610910777,0.8537859007832899,383,327,orb,-99.34233382874201,scheme_d_local_map,NA,True,2029.7406352186474,307.60999999999996
1734763853400,F:\agent\UAV\data\IR-image\1734763853400.jpg,116.19803799711384,38.81226356021695,483.54,116.221501,38.8121287,791.12,2520.9576242594053,15.903199350621323,-16.375438447404747,110.04189727854396,3.776860037502498,1.0052773764497305,0.8657894736842106,380,329,orb,-99.34233382874201,scheme_d_local_map,NA,True,2032.9770207941926,307.58
1734763853600,F:\agent\UAV\data\IR-image\1734763853600.jpg,116.19806963840625,38.81224167193029,483.54,116.221558,38.8121289,791.14,2523.702226168035,13.466595279299602,-10.87747490340962,118.7537180383033,4.093329417916449,1.0106610846295698,0.8157894736842105,342,279,orb,-99.34233382874201,scheme_d_local_map,NA,True,2035.1578281183588,307.59999999999997
1734763853800,F:\agent\UAV\data\IR-image\1734763853800.jpg,116.1980787950174,38.81226282222935,483.54,116.2216149,38.8121292,791.2,2524.4964810959614,15.82104657145837,-17.760380586465487,119.88072225719162,4.210367442440849,1.0129488437820888,0.7671641791044777,335,257,orb,-99.34233382874201,scheme_d_local_map,NA,True,2039.3096819254074,307.66
1734763854000,F:\agent\UAV\data\IR-image\1734763854000.jpg,116.19808412267889,38.81227490472996,483.54,116.2216719,38.8121295,791.34,2524.9586085501214,17.16607053879024,-21.69619310042708,120.54779440552875,3.7149957207982256,1.0074562525360717,0.727810650887574,338,246,orb,-99.34233382874201,scheme_d_local_map,NA,True,2043.7964136476578,307.8
1734763854200,F:\agent\UAV\data\IR-image\1734763854200.jpg,116.1980975288363,38.81225332853927,483.54,116.221729,38.8121297,791.47,2526.121473983188,14.764208991590765,-15.573737544213714,124.86292954184398,3.652287860397169,1.0034724335376477,0.8322981366459627,322,268,orb,-99.34233382874201,scheme_d_local_map,NA,True,2047.564710641304,307.93
1734763854400,F:\agent\UAV\data\IR-image\1734763854400.jpg,116.19809890729013,38.8122437658467,483.54,116.221786,38.81213,791.6,2526.241042645957,13.699690055126997,-12.679874820417297,125.67913976947779,3.342588610221146,1.003635140318971,0.7432432432432432,370,275,orb,-99.34233382874201,scheme_d_local_map,NA,True,2052.376940749051,308.06
1734763854600,F:\agent\UAV\data\IR-image\1734763854600.jpg,116.19812124505454,38.81227099488225,483.54,116.2218431,38.8121301,791.77,2528.178645889396,16.730826291366625,-21.95792594276577,129.66448697449846,2.690091644484838,1.0068638320443364,0.9378698224852071,338,317,orb,-99.34233382874201,scheme_d_local_map,NA,True,2055.4091987157276,308.22999999999996
1734763854800,F:\agent\UAV\data\IR-image\1734763854800.jpg,116.19814738343862,38.812295063631886,483.54,116.2219003,38.8121301,791.91,2530.445919233459,19.41015950155448,-30.411819927677243,134.72320341453008,2.189412406374164,1.0018242643941184,0.7366771159874608,319,235,orb,-99.34233382874201,scheme_d_local_map,NA,True,2058.122179463986,308.36999999999995
1734763855000,F:\agent\UAV\data\IR-image\1734763855000.jpg,116.19818787497223,38.812347739140186,483.54,116.2219574,38.8121301,792.01,2533.9582011896728,25.27399708519006,-48.25296093967387,141.77914082944744,1.3694859426962935,0.9964548547001731,0.6590909090909091,264,174,orb,-99.34233382874201,scheme_d_local_map,NA,True,2059.6208744159735,308.46999999999997
1734763855200,F:\agent\UAV\data\IR-image\1734763855200.jpg,116.19820156399713,38.81236230345661,483.54,116.2220143,38.81213,792.07,2535.1456028736093,26.895296789229285,-53.284430803658836,144.3290834384884,1.5785315324582339,1.0008692609813932,0.7936507936507936,252,200,orb,-99.34233382874201,scheme_d_local_map,NA,True,2063.3841329408237,308.53000000000003
1734763855400,F:\agent\UAV\data\IR-image\1734763855400.jpg,116.19821037416665,38.81236777117354,483.54,116.2220711,38.8121298,792.06,2535.9098070576965,27.50396303832979,-55.31843167788088,146.16832281836628,1.3146137881682087,1.0024125272554645,0.9273356401384083,289,268,orb,-99.34233382874201,scheme_d_local_map,NA,True,2067.5497152998146,308.5199999999999
1734763855600,F:\agent\UAV\data\IR-image\1734763855600.jpg,116.19823363569827,38.812319679630455,483.54,116.2221278,38.8121299,791.97,2537.9275389277823,22.150412462482535,-41.410351869691794,154.1960722388274,0.3652605531706201,1.0063160698514975,0.8524590163934426,305,260,orb,-99.34233382874201,scheme_d_local_map,NA,True,2070.3858542356797,308.43
1734763855800,F:\agent\UAV\data\IR-image\1734763855800.jpg,116.19829080662149,38.81228202820661,483.54,116.2221844,38.81213,791.84,2542.8866102231527,17.959055960021463,-32.061360313929754,169.84074761496663,-0.8840567539549108,1.0107317320913722,0.8067796610169492,295,238,orb,-99.34233382874201,scheme_d_local_map,NA,True,2070.2984037659953,308.3
1734763856000,F:\agent\UAV\data\IR-image\1734763856000.jpg,116.19834144524462,38.81229329685552,483.54,116.2222409,38.8121301,791.72,2547.279062336634,19.213481956248245,-37.53709666314592,181.43472134293478,-1.9177598931319835,1.0059313545386752,0.8651162790697674,215,186,orb,-99.34233382874201,scheme_d_local_map,NA,True,2070.81658345122,308.18
1734763856200,F:\agent\UAV\data\IR-image\1734763856200.jpg,116.19838451598667,38.81236824901795,483.54,116.2222975,38.8121299,791.65,2551.015067784271,27.557156678168706,-62.34845610236778,187.98035908378642,-2.288839749824875,1.0036516581694737,0.8967391304347826,184,165,orb,-99.34233382874201,scheme_d_local_map,NA,True,2072.0777132661683,308.10999999999996
1734763856400,F:\agent\UAV\data\IR-image\1734763856400.jpg,116.19842462087688,38.81237617683854,483.54,116.2223541,38.8121298,791.59,2554.4938118501886,28.43968166612256,-4.029370860872405,9.232779244829658,0.002435494885960045,0.9999539556786513,0.9035476718403548,902,815,orb,-99.34233382874201,scheme_d_local_map,NA,True,2073.5182809046405,308.05
1734763856600,F:\agent\UAV\data\IR-image\1734763856600.jpg,116.1984390207653,38.81235326414621,483.54,116.2224106,38.8121296,791.52,2555.7428746487176,25.889040756259558,2.465875602108838,13.854442014309768,0.4744718440484271,1.0005001590211449,0.9475374732334048,934,885,orb,-99.34233382874201,scheme_d_local_map,NA,True,2077.134232684893,307.97999999999996
1734763856800,F:\agent\UAV\data\IR-image\1734763856800.jpg,116.19846529476455,38.81234348345833,483.54,116.2224671,38.8121294,791.47,2558.0219114058887,24.80025458119853,4.442990622050672,20.662678751300916,1.1684233613051465,1.000442483440816,0.7982456140350878,798,637,orb,-99.34233382874201,scheme_d_local_map,NA,True,2079.7406154725018,307.93
1734763857000,F:\agent\UAV\data\IR-image\1734763857000.jpg,116.19851388176583,38.81232069359375,483.54,116.2225236,38.8121291,791.41,2562.236403492363,22.263286855473602,9.5491723193457,33.49131032234652,1.8069591490137007,1.0047388149518712,0.9038759689922481,645,583,orb,-99.34233382874201,scheme_d_local_map,NA,True,2080.399407097215,307.86999999999995
1734763857200,F:\agent\UAV\data\IR-image\1734763857200.jpg,116.19855279497384,38.81232240524377,483.54,116.22258,38.8121289,791.33,2565.611779679407,22.453827736120154,7.483454184428297,42.753098655311646,2.1244482066870014,1.003343922985243,0.8448540706605223,651,550,orb,-99.34233382874201,scheme_d_local_map,NA,True,2081.9166116469064,307.79
1734763857400,F:\agent\UAV\data\IR-image\1734763857400.jpg,116.19855782503043,38.81234016116293,483.54,116.2226364,38.8121289,791.31,2566.048092544259,24.430416657217453,1.810190667561983,43.06090151659055,2.4068461547535223,1.0021943657398216,0.9489414694894147,803,762,orb,-99.34233382874201,scheme_d_local_map,NA,True,2086.3882911380583,307.7699999999999
1734763857600,F:\agent\UAV\data\IR-image\1734763857600.jpg,116.19856762631055,38.812328328175695,483.54,116.2226928,38.8121289,791.38,2566.89826679641,23.113168518019563,5.071124941298535,46.01578876409923,2.375639612127012,1.0016862630431789,0.9697766097240473,761,738,orb,-99.34233382874201,scheme_d_local_map,NA,True,2090.4113213281685,307.84
1734763857800,F:\agent\UAV\data\IR-image\1734763857800.jpg,116.19859154815899,38.81233338221519,483.54,116.222749,38.8121288,791.41,2568.9732753017997,23.675784194805217,2.5674013427141062,51.50647923291314,2.3272605220454494,1.0033535018991369,0.972972972972973,740,720,orb,-99.34233382874201,scheme_d_local_map,NA,True,2093.213938939385,307.86999999999995
1734763858000,F:\agent\UAV\data\IR-image\1734763858000.jpg,116.19864036608307,38.812332983947414,483.54,116.2228052,38.8121287,791.4,2573.207797895245,23.631449025861468,0.7607382930444828,63.25482279084872,2.8732170974580566,1.0016507668372814,0.9324546952224053,607,566,orb,-99.34233382874201,scheme_d_local_map,NA,True,2093.853158589409,307.85999999999996
1734763858200,F:\agent\UAV\data\IR-image\1734763858200.jpg,116.19867382042128,38.812337194529995,483.54,116.2228613,38.8121285,791.37,2576.1096654713747,24.100171078812718,-1.85969039697477,71.07840539092103,3.6059381511349495,1.0042159471722496,0.9029733959311425,639,577,orb,-99.34233382874201,scheme_d_local_map,NA,True,2095.820460445086,307.83
1734763858400,F:\agent\UAV\data\IR-image\1734763858400.jpg,116.19869302146878,38.8123573402464,483.54,116.2229174,38.8121282,791.36,2577.7751863017784,26.34279222915479,-8.829857235820725,74.6694658450374,4.775482702149471,1.0014719883862155,0.9516908212560387,621,591,orb,-99.34233382874201,scheme_d_local_map,NA,True,2099.0433984505994,307.82
1734763858600,F:\agent\UAV\data\IR-image\1734763858600.jpg,116.19869622500379,38.81237396806736,483.54,116.2229733,38.8121279,791.36,2578.0530645934978,28.193801258591307,-14.083117948923814,74.59568086125182,5.618613598557985,1.0034019360159123,0.7507987220447284,313,235,orb,-99.34233382874201,scheme_d_local_map,NA,True,2103.632276781146,307.82
1734763858800,F:\agent\UAV\data\IR-image\1734763858800.jpg,116.19871077461437,38.81236747317012,483.54,116.2230291,38.8121278,791.37,2579.3151144642293,27.470789297908325,-12.655680162534509,78.42055599190371,5.477631533946456,1.0012321994500915,0.9093198992443325,397,361,orb,-99.34233382874201,scheme_d_local_map,NA,True,2107.1970434054956,307.83
1734763859000,F:\agent\UAV\data\IR-image\1734763859000.jpg,116.19875472974923,38.81235481312757,483.54,116.2230848,38.8121279,791.4,2583.1278331562694,26.061473361041088,-10.489630746485204,89.62260279465966,5.182888885953256,1.0010622942325034,0.8994082840236687,338,304,orb,-99.34233382874201,scheme_d_local_map,NA,True,2108.1973071764824,307.85999999999996
1734763859200,F:\agent\UAV\data\IR-image\1734763859200.jpg,116.19880127421709,38.81232197166274,483.54,116.2231403,38.812128,791.34,2587.1651535554533,22.40556149607356,-2.2036381649118084,102.47037669662063,5.14691758878057,1.0021628496689472,0.9230769230769231,403,372,orb,-99.34233382874201,scheme_d_local_map,NA,True,2108.9330338322916,307.8
1734763859400,F:\agent\UAV\data\IR-image\1734763859400.jpg,116.19881787052891,38.81228657708254,483.54,116.2231956,38.8121279,791.26,2588.6047366326493,18.46543682785358,8.05318056220841,108.25283067366217,5.161761909079484,1.0068544446770744,0.9468302658486708,489,463,orb,-99.34233382874201,scheme_d_local_map,NA,True,2112.250386277069,307.71999999999997
1734763859600,F:\agent\UAV\data\IR-image\1734763859600.jpg,116.19883833906746,38.81228862749927,483.54,116.2232509,38.8121279,791.21,2590.38020108832,18.69368921865214,6.612012926448301,113.06624148427272,5.262234092897081,1.0104949042149327,0.815028901734104,346,282,orb,-99.34233382874201,scheme_d_local_map,NA,True,2115.270091464823,307.67
1734763859800,F:\agent\UAV\data\IR-image\1734763859800.jpg,116.19888348759538,38.81228584424971,483.54,116.223306,38.8121279,791.14,2594.2964360598935,18.383857877304457,5.68570858040232,124.05401303330882,5.159304143969604,1.0107541037001788,0.746938775510204,245,183,orb,-99.34233382874201,scheme_d_local_map,NA,True,2116.129743229233,307.59999999999997
1734763860000,F:\agent\UAV\data\IR-image\1734763860000.jpg,116.19892210777498,38.812310131571486,483.54,116.223361,38.812128,791.11,2597.6463946271747,21.087522537836016,-3.3288994092162056,132.1003011785067,4.715835782055978,1.0089037011429247,0.8892128279883382,343,305,orb,-99.34233382874201,scheme_d_local_map,NA,True,2117.572554406082,307.57
1734763860200,F:\agent\UAV\data\IR-image\1734763860200.jpg,116.19893545260933,38.812292217032024,483.54,116.223416,38.8121282,791.14,2598.8039408288123,19.0932760045542,1.6670292358289203,136.21497454265705,4.160513227722553,1.007362652151827,0.9422222222222222,450,424,orb,-99.34233382874201,scheme_d_local_map,NA,True,2121.1635355397893,307.59999999999997
1734763860400,F:\agent\UAV\data\IR-image\1734763860400.jpg,116.19899321914156,38.81234479136515,483.54,116.2234708,38.8121283,791.16,2603.814675932537,24.945850768343004,-16.82568636969512,147.42623347136856,3.5757914232567596,1.0057341785401686,0.9494736842105264,475,451,orb,-99.34233382874201,scheme_d_local_map,NA,True,2120.9639298560387,307.61999999999995
1734763860600,F:\agent\UAV\data\IR-image\1734763860600.jpg,116.19902555593107,38.812322995334455,483.54,116.2235256,38.8121283,791.13,2606.619606055774,22.519516631040716,-11.3836554303345,156.30046273987483,3.3896770049767366,1.0036240355228865,0.8671586715867159,271,235,orb,-99.34233382874201,scheme_d_local_map,NA,True,2122.884324945977,307.59
1734763860800,F:\agent\UAV\data\IR-image\1734763860800.jpg,116.19905650036316,38.81233017341174,483.54,116.2235803,38.8121282,791.11,2609.3037615021913,23.3185801942342,-14.819813922512651,163.37053933186797,3.434809490571093,1.0059949283098781,0.9460093896713615,426,403,orb,-99.34233382874201,scheme_d_local_map,NA,True,2124.9507814167187,307.57
1734763861000,F:\agent\UAV\data\IR-image\1734763861000.jpg,116.19907161921796,38.81237729805679,483.54,116.2236348,38.812128,791.11,2610.6151882669596,28.56449568186297,-29.946710039336608,164.61243541327985,3.6616905166489873,1.005622360331881,0.9300518134715026,386,359,orb,-99.34233382874201,scheme_d_local_map,NA,True,2128.424049074821,307.57
1734763861200,F:\agent\UAV\data\IR-image\1734763861200.jpg,116.19910841668145,38.812373057937,483.54,116.2236893,38.8121279,791.1,2613.80704235495,28.092485546554823,-30.09377259842489,173.66782260119965,4.15243140364628,1.0075628748041232,0.9246987951807228,332,307,orb,-99.34233382874201,scheme_d_local_map,NA,True,2129.951854531621,307.56
1734763861400,F:\agent\UAV\data\IR-image\1734763861400.jpg,116.19916773957988,38.81241665568091,483.54,116.2237436,38.8121277,791.02,2618.952778442444,32.94578639907785,-45.8803630359962,185.70830504424612,4.667982198080089,1.008561839095691,0.9376947040498442,321,301,orb,-99.34233382874201,scheme_d_local_map,NA,True,2129.583950111002,307.47999999999996
1734763861600,F:\agent\UAV\data\IR-image\1734763861600.jpg,116.19917302335483,38.81235599286077,483.54,116.2237978,38.8121277,790.95,2619.4110991277053,26.19280126133247,-27.385796235116004,190.05468339765025,4.9423768857235775,1.0085749448677737,0.9450171821305842,291,275,orb,-99.34233382874201,scheme_d_local_map,NA,True,2133.7317454565946,307.41
1734763861800,F:\agent\UAV\data\IR-image\1734763861800.jpg,116.19921639807063,38.81231890789081,483.54,116.2238519,38.8121279,790.88,2623.1734716068268,22.06450240540135,-17.66617764259331,202.35619065413397,4.8975053971481675,1.0083792642324485,0.9124087591240876,274,250,orb,-99.34233382874201,scheme_d_local_map,NA,True,2134.6162333404263,307.34
1734763862000,F:\agent\UAV\data\IR-image\1734763862000.jpg,116.1992696612801,38.812281895311074,483.54,116.2239058,38.8121281,790.76,2627.793583340769,17.94426202868011,-8.35970623072842,217.02966294810096,4.687283371148523,1.0101380778251299,0.863849765258216,213,184,orb,-99.34233382874201,scheme_d_local_map,NA,True,2134.634796113137,307.21999999999997
1734763862200,F:\agent\UAV\data\IR-image\1734763862200.jpg,116.19928635252252,38.8122601893002,483.54,116.2239597,38.8121283,790.64,2629.241400807287,15.527948897988084,-2.3270629617543364,222.14060011667152,4.220938628093342,1.0087559408340288,0.8866995073891626,203,180,orb,-99.34233382874201,scheme_d_local_map,NA,True,2137.840822738843,307.09999999999997
1734763862400,F:\agent\UAV\data\IR-image\1734763862400.jpg,116.1993331312926,38.81226378041528,483.54,116.2240135,38.8121286,790.5,2633.299044850328,15.927711829024666,-2.956064483073817,11.056099167241712,-0.6342988343844417,1.0010863328429902,0.8407557354925776,741,623,orb,-99.34233382874201,scheme_d_local_map,NA,True,2138.4516365025656,306.96
1734763862600,F:\agent\UAV\data\IR-image\1734763862600.jpg,116.19940066334884,38.81226217388191,483.54,116.2240672,38.8121288,790.27,2639.1568526802726,15.748872534572088,-5.1298465521862795,27.36166011507214,-1.2762043407879198,1.0013744668998192,0.9199417758369723,687,632,orb,-99.34233382874201,scheme_d_local_map,NA,True,2137.251823168343,306.72999999999996
1734763862800,F:\agent\UAV\data\IR-image\1734763862800.jpg,116.19945544070941,38.81221389030523,483.54,116.2241208,38.812129,790.04,2643.908303613237,10.373944778277163,7.591824234548824,42.970592951319304,-2.041078002994366,1.001406339325871,0.9066496163682864,782,709,orb,-99.34233382874201,scheme_d_local_map,NA,True,2137.1199244115096,306.49999999999994
1734763863000,F:\agent\UAV\data\IR-image\1734763863000.jpg,116.19950912757791,38.812204155662286,483.54,116.2241744,38.8121291,789.84,2648.5651640167694,9.290284325942187,8.471289872281204,56.36223161327149,-2.515973534109319,1.0009985491677371,0.9005449591280654,734,661,orb,-99.34233382874201,scheme_d_local_map,NA,True,2137.1079920410384,306.3
1734763863200,F:\agent\UAV\data\IR-image\1734763863200.jpg,116.19953416566109,38.8122548665833,483.54,116.2242279,38.8121291,789.74,2650.7369960005276,14.935424052938973,-8.153360119452714,59.805242236681636,-2.648676459601892,1.0024222692817057,0.8407079646017699,678,570,orb,-99.34233382874201,scheme_d_local_map,NA,True,2139.602684380603,306.2
1734763863400,F:\agent\UAV\data\IR-image\1734763863400.jpg,116.1995468680759,38.812295879107296,483.54,116.2242813,38.8121288,789.78,2651.838817995933,19.500938223713188,-21.30027704590225,60.77663079650961,-2.319693331900878,1.0024190892427818,0.8512241054613936,531,452,orb,-99.34233382874201,scheme_d_local_map,NA,True,2143.1630856254033,306.23999999999995
1734763863600,F:\agent\UAV\data\IR-image\1734763863600.jpg,116.19959644641901,38.812383271226544,483.54,116.2243347,38.8121285,789.84,2656.1393002061013,29.229428938370702,-50.204294310365924,68.25468117391637,-2.164788221131837,1.0066160140984768,0.8596774193548387,620,533,orb,-99.34233382874201,scheme_d_local_map,NA,True,2143.59957621486,306.3
1734763863800,F:\agent\UAV\data\IR-image\1734763863800.jpg,116.19961202201418,38.81240931034601,483.54,116.224388,38.8121282,789.93,2657.4903451534583,32.128103718330635,-58.84820896942438,70.67582356784868,-1.3542946093293633,1.0078877253250547,0.9058355437665783,754,683,orb,-99.34233382874201,scheme_d_local_map,NA,True,2146.908127669933,306.38999999999993
1734763864000,F:\agent\UAV\data\IR-image\1734763864000.jpg,116.1996237750759,38.81238978445243,483.54,116.2244412,38.8121278,790.08,2658.509819175062,29.954481244205873,-53.292559437600175,74.48981788865188,-0.3228644028657739,1.007900374136167,0.8770718232044199,724,635,orb,-99.34233382874201,scheme_d_local_map,NA,True,2150.4693005145105,306.54
