timestamp,image_path,pred_lon,pred_lat,pred_alt,gt_lon,gt_lat,gt_alt,pixel_dx,pixel_dy,inlier_ratio,scale_confidence,yaw_deg,blur_score,method,raw_alt_estimate,flight_phase,phase_confidence,phase_from_vision,scale_trend,scale_trend_ratio,up_ratio,down_ratio,stable_ratio,scale_method,divergence_ratio,affine_scale,consistency_diff,pixels_per_meter_used,is_alt_fixed,cumulative_window_n,delta_alt_cumulative,mpp_history_median,mpp_current_raw,mpp_ratio,alt_fixed_triggered,physics_flag,ekf_innovation_alt,ekf_v_alt,ekf_update_mode,is_keyframe_reset,num_tracked,affine_rotation_deg,phase_dx,phase_dy,phase_response,fourier_rotation_deg,fourier_response,map_pixel_dx,map_pixel_dy,horizontal_error,altitude_error
1734763664200,F:\agent\UAV\data\IR-image\1734763664200.jpg,116.168975,38.8121207,483.54,116.168975,38.8121207,483.54,0.0,0.0,0.8336933045356372,0.0,-101.32000000000026,2069.682235590285,initial,483.54,C,1.0,C,transition,"up=0.000,stable=0.000,down=0.000",0.0,0.0,0.0,4,,,,,False,0,,,,,0,0,0.0,0.0,3,True,500,,,,0.0,,0.0,,,0.0,0.0
1734763664400,F:\agent\UAV\data\IR-image\1734763664400.jpg,116.16903220111931,38.81212275982366,482.85794583066775,116.1690312,38.8121209,484.06,-3.2004424972495826,13.459261937601752,0.7379032258064516,0.84,-100.72981881959346,2790.3574093147745,lk,482.7207423592081,C,0.5,A_up,up,"up=0.000,stable=0.000,down=0.000",0.0,0.0,0.0,1,1.0022532825643715,1.0011416679282554,0.0011116146361160872,2.787617990195438,False,1,-1.0871027016129633,0.35903362187508686,0.35872921021358833,0.9991521360592673,0,0,-0.8192576407919319,-3.401766396651986e-08,1,False,366,-0.590181180406808,-4.902612266898075,12.86064304112844,0.9015306564047932,,0.2940217964060139,,,0.22425776362087876,1.202054169332257
1734763664600,F:\agent\UAV\data\IR-image\1734763664600.jpg,116.16903242878546,38.812122768021965,482.8579458238642,116.1690873,38.8121209,484.58,-3.9541460123271577,8.881526857376372,0.47584789311408016,0.84,-100.50863547477073,5070.417090787356,orb+phase,482.0714530244842,C,0.5,A_up,up,"up=0.000,stable=0.000,down=0.000",0.0,0.0,0.0,1,1.0013033534456777,1.0014863895317314,0.000183036086053745,2.7914613676033646,False,2,-1.7126716469959196,0.35872921021358833,0.35824669717901836,0.9986549379843289,0,0,-0.8018295336579513,-3.401766396651986e-08,3,True,463,-0.22118334482273688,-3.9541460123271577,8.881526857376372,0.9160795072093606,,0.3273996934585739,,,4.75878619957998,1.7220541761357708
1734763664800,F:\agent\UAV\data\IR-image\1734763664800.jpg,116.16909675960314,38.81214154689961,482.49783057217786,116.1691435,38.8121208,485.11,-8.457865410245915,14.24866648510124,0.655241935483871,0.84,-100.09707447855871,4387.137644921206,lk,481.9777752231664,C,0.5,A_up,up,"up=0.000,stable=0.000,down=0.000",0.0,0.0,0.0,1,1.0015584370083521,1.00195032057132,0.0003918835629679318,2.791634865013775,False,3,-2.4613394969477924,0.3584879536963034,0.35817708143489885,0.9991328236884972,0,0,-0.8317888488621747,-0.003115592835692063,1,False,325,-0.41156099621202186,-9.51435437134569,13.431331609642456,0.9636174551211297,,0.33784805121831596,,,4.660754423049968,2.6121694278221526
1734763665000,F:\agent\UAV\data\IR-image\1734763665000.jpg,116.16914620830366,38.81214773914956,482.24130411899176,116.1691998,38.8121208,485.62,-3.905626375567806,11.353829793794887,0.8615384615384616,0.84,-99.88533180029341,5091.775491268848,lk,482.1026509125951,C,0.5,A_up,up,"up=0.000,stable=0.000,down=0.000",0.0,0.0,0.0,1,0.9987297826386642,1.000677913645677,0.0019481310070127433,2.7929123913975706,False,4,-1.8489729225205676,0.35826988158519835,0.35826988158519835,1.0,0,0,-0.6915375780625936,-0.009041518102234768,1,False,280,-0.2117426782652965,-4.075293427578458,11.336306467035257,0.960501543385908,,0.36920993981766514,,,5.525764614233588,3.378695881008241
1734763665200,F:\agent\UAV\data\IR-image\1734763665200.jpg,116.16921104404807,38.81215624358531,482.08727623295215,116.169256,38.8121206,486.12,-5.263207236976029,14.847406178437382,0.7571428571428571,0.84,-99.98346666279079,5265.783913881323,lk,481.8476654090721,C,0.5,A_up,up,"up=0.000,stable=0.000,down=0.000",0.0,0.0,0.0,1,1.0003348117127113,1.0007925710357282,0.00045775932301683753,2.793853051385647,False,5,-2.0087722192864974,0.35825828938210835,0.35808039159591865,0.9995034370691143,0,0,-0.5960446776538788,-0.016888748723473332,1,False,212,0.09813486249737662,-5.054840465476673,14.703667359766229,0.9469876596704125,,0.36287649325095117,,,5.557040043192616,4.032723767047855
1734763665400,F:\agent\UAV\data\IR-image\1734763665400.jpg,116.16921196968642,38.81215638299577,482.08389848320746,116.1693123,38.8121203,486.59,-10.208207673871698,7.772019187273969,0.441,0.84,-100.14882849716643,3039.052411629995,orb+phase,481.76078192791783,C,0.5,A_up,up,"up=0.000,stable=0.000,down=0.000",0.0,0.0,0.0,1,1.0006457708864478,1.0005394278597612,0.0001063430266865506,2.794306453335836,False,6,-2.317942963821249,0.35824669717901836,0.3580158249845426,0.9993555496916127,0,0,-0.5185984300931636,-0.016888748723473332,3,True,441,0.16536183437564075,-10.208207673871698,7.772019187273969,0.8870111646130681,,0.30175940168555826,,,9.574256032492691,4.506101516792512
1734763665600,F:\agent\UAV\data\IR-image\1734763665600.jpg,116.16922961675361,38.81222219958789,482.0805207334628,116.1693685,38.81212,487.15,-20.805367070346847,0.34174933339522795,0.5529531568228105,0.168,-100.27991901954842,5662.808925111211,orb,481.2192316405543,C,0.5,A_up,up,"up=0.000,stable=0.000,down=0.000",0.0,0.0,0.0,1,1.0004586478410524,1.0028291400905138,0.002370492249461398,2.7947764815585914,False,7,-2.5378679254178507,0.3582118893069586,0.35761337717190583,0.9983291673087381,0,1,-0.5962108001731394,-0.016888748723473332,2,False,543,0.13109052238197655,-20.57290385269755,0.013960553138701925,0.9474481770768761,,0.325671344762668,,,16.55126687831129,5.069479266537201
1734763665800,F:\agent\UAV\data\IR-image\1734763665800.jpg,116.16928783111426,38.812230542892486,481.9048607850038,116.1694246,38.8121198,487.76,-4.885797944502315,13.201568633074714,1.0,0.84,-100.20201212930967,5676.659542171807,lk,481.6070514561143,C,0.5,A_up,up,"up=0.000,stable=0.000,down=0.000",0.0,0.0,0.0,1,1.0029601304307019,1.0009260990696185,0.002034031361083377,2.794597918290906,False,8,-3.953159496737691,0.35817708143489885,0.35790158168423125,0.9992308280877048,0,0,-0.5620681911410657,-0.047128805286104136,1,False,543,-0.07790689023875523,-5.013937772166514,12.942600668247309,0.9704501037485898,,0.3942985874164151,,,17.08984107574609,5.8551392149962
1734763666000,F:\agent\UAV\data\IR-image\1734763666000.jpg,116.16931230743103,38.81220017942649,481.89543502394656,116.1694808,38.8121197,488.33,8.441366754916032,7.217283175240823,1.0,0.252,-100.04285833947166,5168.802823350989,lk,481.44931284077006,C,0.7333333333333333,A_up,transition,"up=0.000,stable=0.500,down=0.400",0.0,0.4,0.5,1,1.003637807168152,1.0005412503071927,0.003096556860959332,2.795397736033316,False,9,-5.6840346893193425,0.3581287365154088,0.35778435977115153,0.9990383995777383,0,3,-0.5181310734549243,-0.047128805286104136,2,False,543,-0.15915378983800782,7.980411523146074,7.203963158519031,0.9868066227529197,,0.392675049835816,,,17.12334439931136,6.434564976053423
1734763666200,F:\agent\UAV\data\IR-image\1734763666200.jpg,116.1693342081445,38.81215243599839,481.7683127084868,116.169537,38.8121196,488.97,13.896338350345957,7.41178855643733,1.0,0.96,-99.60305563491669,5281.21055640638,lk,481.4265293620834,A_up,0.7469696969696968,A_up,transition,"up=0.000,stable=0.545,down=0.364",0.0,0.36363636363636365,0.5454545454545454,1,1.0005750508285571,1.000671146403952,9.609557539480562e-05,2.795279163921562,False,10,-5.957606533264918,0.35808039159591865,0.3577674284512434,0.9991259975356919,0,0,-0.4882859123547405,-0.07022400487172448,1,False,543,-0.4398027045549807,13.389793292282263,7.219892803350007,0.9738878485746681,,0.36795978934969753,,,17.94600704821849,7.201687291513224
1734763666400,F:\agent\UAV\data\IR-image\1734763666400.jpg,116.1693889429269,38.81210791287376,481.7542679075125,116.1695933,38.8121197,489.59,11.569888020562985,15.029231470401953,1.0,0.192,-99.45079262166125,3119.9307705552783,lk,481.5028870299916,A_up,0.7583333333333333,A_up,transition,"up=0.000,stable=0.583,down=0.333",0.0,0.3333333333333333,0.5833333333333334,1,0.9987053097444216,1.0001581860619704,0.001452876317548757,2.795720003919477,False,10,-4.265669975126415,0.3580481082902306,0.3578241729071965,0.9993745662165248,0,1,-0.43245322131502917,-0.07022400487172448,2,False,543,-0.15226301325543143,11.510737639403544,14.872743501482034,0.9365216329693794,,0.362106088839937,,,17.754719888103047,7.83573209248749
1734763666600,F:\agent\UAV\data\IR-image\1734763666600.jpg,116.16943939699733,38.812163032019285,481.74022310653817,116.1696498,38.8121196,490.14,-18.83874067561021,8.918804762993432,0.998158379373849,0.192,-99.27967250694576,5661.239113469337,lk,481.24672377438196,A_up,0.7448717948717948,A_up,transition,"up=0.000,stable=0.538,down=0.385",0.0,0.38461538461538464,0.5384615384615384,1,1.0020434985577125,1.0010913543148687,0.0009521442428437332,2.795885238770313,False,10,-4.618225464016711,0.3580158249845426,0.3576338076829439,0.9989329597326733,0,1,-0.4468542010011447,-0.07022400487172448,2,False,542,-0.17112011471548588,-19.19521027809725,8.818442474972926,0.9469714323058724,,0.36525609550153604,,,18.858959033431788,8.39977689346182
1734763666800,F:\agent\UAV\data\IR-image\1734763666800.jpg,116.16947397765328,38.81215145457681,481.55460352228545,116.1697062,38.8121196,490.75,2.315908397667158,8.436060259411136,1.0,0.96,-99.31391263588036,3776.3579028028144,lk,481.3587595689987,A_up,0.7547619047619046,A_up,transition,"up=0.000,stable=0.571,down=0.357",0.0,0.35714285714285715,0.5714285714285714,1,1.0012052526085946,1.0006020709438475,0.0006031816647471544,2.795858321182812,False,10,-4.449786538547513,0.35795870333438695,0.3577170659906812,0.999324957484048,0,0,-0.42817566867034884,-0.12436033939808414,1,False,542,0.03424012893460131,2.6618174036308346,8.221739689161552,0.9605705664493144,,0.3834316147840582,,,20.430021468215585,9.195396477714553
1734763667000,F:\agent\UAV\data\IR-image\1734763667000.jpg,116.16951395684082,38.81211225721573,481.3903990037504,116.1697627,38.8121195,491.42,10.614428384952475,11.047447982004712,1.0,0.96,-99.10099918871413,2167.10215749397,lk,481.19584088591216,A_up,0.7633333333333332,A_up,transition,"up=0.000,stable=0.600,down=0.333",0.0,0.3333333333333333,0.6,1,1.0010218137364233,1.0002362757886192,0.0007855379478041158,2.7967548942598417,False,10,-5.5403419559250775,0.35790158168423125,0.357595994560796,0.9991461699554464,0,0,-0.38602150582693184,-0.177166295730754,1,False,542,-0.2129134471662311,10.61778377215586,11.10864609164878,0.9867641638964415,,0.3765054028481245,,,21.56709772713334,10.029600996249599
1734763667200,F:\agent\UAV\data\IR-image\1734763667200.jpg,116.16956748838692,38.812120190113156,481.20996685975723,116.1698192,38.8121194,492.09,-4.358359035559204,11.954224938340246,1.0,0.96,-98.80226709595901,2128.5589935021007,lk,480.821557391399,A_up,0.7708333333333333,A_up,stable,"up=0.000,stable=0.625,down=0.312",0.0,0.3125,0.625,1,1.0044319277678575,1.0006629360987378,0.0037689916691197034,2.7979549858121953,False,10,-7.4792053109810945,0.35786287729571387,0.35731784943339484,0.9984769924546584,0,0,-0.4176267007416641,-0.24198706162762357,1,False,542,-0.2987320927551139,-4.390187784609736,11.735429273306579,0.9873696438036859,,0.40727188155869953,,,21.809429429284283,10.880033140242745
1734763667400,F:\agent\UAV\data\IR-image\1734763667400.jpg,116.16960553556608,38.81213490441422,480.9990958270461,116.1698757,38.8121193,492.77,-5.829260585486907,7.895523751605992,1.0,0.96,-98.63094644624759,4396.074432343842,lk,480.53768065517926,A_up,0.7774509803921568,A_up,stable,"up=0.000,stable=0.647,down=0.294",0.0,0.29411764705882354,0.6470588235294118,1,1.004901095348014,1.0006229898496681,0.004278105498345841,2.799387177439879,False,10,-9.482054410933369,0.3578241729071965,0.35710688920640227,0.9979954297246982,0,0,-0.4702822666232578,-0.32447946190170274,1,False,542,-0.17132064971141917,-6.922980348059639,8.020354958983347,0.9485998770222068,,0.3813106528832577,,,23.472293423066212,11.770904172953863
1734763667600,F:\agent\UAV\data\IR-image\1734763667600.jpg,116.16965541765634,38.81212102829629,480.7548281783929,116.1699323,38.8121191,493.49,2.524709383185268,12.044395417276633,1.0,0.96,-98.78079908594503,4651.611163157821,lk,480.3190492641528,A_up,0.7833333333333332,A_up,stable,"up=0.000,stable=0.667,down=0.278",0.0,0.2777777777777778,0.6666666666666666,1,1.0014630811558665,1.0004894091827052,0.0009736719731612276,2.8009663200546977,False,10,-9.950428649594102,0.357804266339174,0.35694441542115013,0.9975968678998121,0,0,-0.5139192599779108,-0.42417301623172987,1,False,542,0.14985263969744395,2.436948552427225,11.831833501446653,0.9973760508000851,,0.3735273572965525,,,23.991098481646933,12.735171821607082
1734763667800,F:\agent\UAV\data\IR-image\1734763667800.jpg,116.16969559331832,38.81213849876392,480.46787525761266,116.1699891,38.8121188,494.14,-6.8108799530273245,8.146598989184326,1.0,0.96,-99.10787183347587,3367.017826560652,lk,479.98077599365666,A_up,0.7885964912280701,A_up,stable,"up=0.000,stable=0.684,down=0.263",0.0,0.2631578947368421,0.6842105263157895,1,1.0030414840991932,1.000791440853759,0.002250043245434208,2.802837831606024,False,10,-9.983141361983268,0.35778435977115153,0.35669303094040794,0.9969497581407929,0,0,-0.5704992458673246,-0.5436058736513162,1,False,542,0.3270727475308404,-6.79816241013657,8.14569619880561,0.9802962500602007,,0.3095143736572936,,,25.524691852309047,13.672124742387325
1734763668000,F:\agent\UAV\data\IR-image\1734763668000.jpg,116.1697557263766,38.81215145351019,480.1364701316505,116.1700459,38.8121185,494.74,-6.28784672676403,13.057535028054758,1.0,0.96,-99.6493516715924,2606.652834799057,lk,479.62412614560463,A_up,0.7783333333333333,A_up,stable,"up=0.000,stable=0.650,down=0.300",0.0,0.3,0.65,1,1.0033141632706624,1.001016023221726,0.002298140048936359,2.804940103261784,False,10,-9.824951922139707,0.3577758941111975,0.3564279900853388,0.9962325465520611,0,0,-0.6194890268555469,-0.6805817328453682,1,False,542,0.5414798381165291,-6.187953037218847,12.948936621545357,0.942644075024873,,0.22515476687112823,,,25.407362279644282,14.603529868349483
1734763668200,F:\agent\UAV\data\IR-image\1734763668200.jpg,116.1697949951797,38.812160940383926,479.7617314571376,116.1701029,38.8121181,495.3,-4.443927269908215,8.15407076415812,1.0,0.96,-100.2871666994653,2500.2191436678086,lk,479.2991785250166,A_up,0.7933333333333332,A_up,stable,"up=0.000,stable=0.700,down=0.300",0.0,0.3,0.7,1,1.000662760998662,1.000868394367408,0.00020563336874590554,2.807252684950401,False,10,-9.858825749667343,0.3577674284512434,0.3561865084313195,0.9955811516247647,0,0,-0.6558926131436351,-0.8311723100767701,1,False,542,0.6378150278729046,-4.5003100697757645,8.096151688080965,1.000136253144592,,0.2045837197219953,,,27.100000054827007,15.538268542862397
1734763668400,F:\agent\UAV\data\IR-image\1734763668400.jpg,116.1698297509321,38.81214799298694,479.3652350542068,116.1701599,38.8121177,495.86,2.586822482080777,8.309997614260908,1.0,0.96,-100.62986531202066,3482.357522077403,lk,479.1144355528581,A_up,0.8083333333333332,A_up,stable,"up=0.000,stable=0.750,down=0.250",0.0,0.25,0.75,1,0.9962325874470193,1.0001953402379298,0.003962752790910518,2.8094572433021527,False,10,-8.68456882774311,0.35774224722096226,0.35604921849393034,0.9952674621457661,0,0,-0.6271735408029713,-0.978826569896292,1,False,542,0.34269861255535683,3.20968882303157,8.132075118089148,0.9237653847783804,,0.2753951408085413,,,28.803009315872824,16.494764945793236
1734763668600,F:\agent\UAV\data\IR-image\1734763668600.jpg,116.16989643210283,38.81219096664206,479.1694697402275,116.170217,38.8121175,496.36,-15.976164604166627,12.651103192332869,0.959409594095941,0.0576,-100.72778271709656,4845.60414579614,lk,478.51778097021645,A_up,0.8233333333333333,A_up,stable,"up=0.000,stable=0.800,down=0.200",0.0,0.2,0.8,1,1.0015397836793163,1.000959568380306,0.0005802152990102005,2.8119916734994823,False,10,-8.440224506703887,0.3577170659906812,0.35560582046186057,0.9940980016623651,0,1,-0.632837387260679,-0.978826569896292,2,False,520,0.09791740507590886,-15.512906816356178,12.30909560140671,0.9522581730037928,,0.34303024478140287,,,28.951631070994697,17.190530259772515
1734763668800,F:\agent\UAV\data\IR-image\1734763668800.jpg,116.16992693560779,38.812186578209804,478.7157196779785,116.1702741,38.8121173,496.9,0.20997848083800363,6.729133094782242,1.0,0.96,-100.61826111756822,2760.960764630884,lk,478.6537866620256,A_up,0.8383333333333333,A_up,stable,"up=0.000,stable=0.850,down=0.150",0.0,0.15,0.85,1,0.9982963373934953,0.9998606937944958,0.0015643564010004996,2.812688825201284,False,10,-7.065688341087141,0.3576754368368126,0.3557068917648437,0.9944962810715263,0,0,-0.5556819332240366,-1.1404221850295495,1,False,520,-0.1095215995283335,0.8671544964115583,6.823008236347192,0.9630806441884487,,0.38265226292423904,,,31.05038675129308,18.184280322021493
1734763669000,F:\agent\UAV\data\IR-image\1734763669000.jpg,116.16997932934137,38.81216268822121,478.25600425329554,116.1703311,38.8121172,497.63,5.2854120396988264,13.00669685979733,1.0,0.96,-100.2303837513185,2378.356991586089,lk,477.8785426556394,A_up,0.8383333333333333,A_up,stable,"up=0.000,stable=0.850,down=0.150",0.0,0.15,0.85,1,1.004590779542002,1.0007212297650043,0.003869549776997605,2.8155710752597054,False,10,-8.733343626112584,0.3576338076829439,0.355130776744854,0.9930011344444568,0,0,-0.5593607729217069,-1.2851903741368542,1,False,520,-0.3878773662497222,5.6647265538775855,12.660809415914684,0.9925253091845662,,0.37356425388134085,,,30.895592855102493,19.373995746704452
1734763669200,F:\agent\UAV\data\IR-image\1734763669200.jpg,116.17002985885703,38.81213274035532,477.87642573514825,116.170388,38.8121171,498.34,7.2954883339927505,12.796844632236855,1.0,0.5599999999999999,-99.81403666152612,2238.817684241673,lk,477.8583810625336,A_up,0.8383333333333333,A_up,stable,"up=0.000,stable=0.850,down=0.150",0.0,0.15,0.85,2,1.005585689728677,0.999589825741726,0.005995863986951067,2.8178027329623463,False,10,-9.26284809933145,0.35762359242742486,0.3551157938536359,0.9929876030919356,0,0,-0.44920376967172615,-1.3625684592922849,1,False,520,-0.41634708979238305,7.097240341522877,13.018325698709901,0.9553626291221008,,0.3762881178408861,,,31.079406879612367,20.46357426485173
1734763669400,F:\agent\UAV\data\IR-image\1734763669400.jpg,116.17008733388823,38.812108893782614,477.47744064057093,116.170445,38.812117,499.06,5.142885359492766,14.075076477037669,1.0,0.5599999999999999,-99.68208237809749,4028.482562658479,lk,477.1395546786967,A_up,0.8383333333333333,A_up,stable,"up=0.000,stable=0.850,down=0.150",0.0,0.15,0.85,2,1.0067957961332756,1.0004795866359135,0.006316209497362113,2.8200273168632877,False,10,-10.136583521549577,0.35761337717190583,0.3545816050394278,0.9915222071488097,0,0,-0.43086567089494565,-1.4420753226103347,1,False,520,-0.1319542834286274,4.283765329312473,13.961567596469507,0.9435285994783044,,0.3918219894403592,,,31.002662607764318,21.58255935942907
1734763669600,F:\agent\UAV\data\IR-image\1734763669600.jpg,116.17013046635188,38.81211839040351,476.99171979545946,116.170502,38.8121168,499.84,-4.53939755266714,8.84038475485346,1.0,0.96,-99.79226881857744,3448.1495037322866,lk,476.6105771684801,A_up,0.8533333333333333,A_up,stable,"up=0.000,stable=0.900,down=0.100",0.0,0.1,0.9,1,1.0013572877077785,1.0003124549808768,0.001044832726901701,2.8226422118051646,False,10,-10.078432997898178,0.3576046858663509,0.35418850056346657,0.9904470342870141,0,0,-0.45803217804120777,-1.5650022715024545,1,False,520,0.1101864404799567,-5.152378285319514,8.75922952957768,1.0068740837275982,,0.3781788766209502,,,32.1915765128288,22.848280204540515
1734763669800,F:\agent\UAV\data\IR-image\1734763669800.jpg,116.17018911130498,38.8121385917983,476.48989972584724,116.170559,38.8121166,500.62,-8.455482405168198,11.943830486360298,1.0,0.96,-99.83322544324749,3841.9523398576675,lk,476.1601007811598,A_up,0.8533333333333333,A_up,stable,"up=0.000,stable=0.900,down=0.100",0.0,0.1,0.9,1,1.000425146914795,1.0003200262859966,0.0001051206287983053,2.8257569886550256,False,10,-8.847362041355812,0.357595994560796,0.3538537334311211,0.9895349467371098,0,0,-0.4732172248889128,-1.683715061629485,1,False,520,0.04095662467005065,-8.12947764148106,11.692357401972373,0.9865413255989551,,0.3900790893530939,,,32.141719942348125,24.130100274152767
1734763670000,F:\agent\UAV\data\IR-image\1734763670000.jpg,116.17025075992365,38.81214603861607,475.96460404546497,116.1706161,38.8121164,501.34,-4.6003340217725395,13.315330130963218,1.0,0.96,-99.66677975687355,4077.0679517611775,lk,475.59817765202706,A_up,0.7366666666666666,A_up,stable,"up=0.000,stable=0.900,down=0.100",0.0,0.1,0.9,1,1.0048668150905407,1.00032351100222,0.00454330408832071,2.828980817695388,False,10,-9.559671558220375,0.35745692199709544,0.3534361457398829,0.9887517180119254,0,0,-0.4903253418884219,-1.8038682748290258,1,False,520,-0.16644568637393814,-4.576684231991294,13.341808902357485,1.0165952617302536,,0.4074266490060836,,,31.82555007515738,25.37539595453501
1734763670200,F:\agent\UAV\data\IR-image\1734763670200.jpg,116.17029357056808,38.81216122499644,475.47001698568874,116.1706731,38.8121162,502.04,-6.137702601932233,8.401611497338024,1.0,0.5599999999999999,-99.27694485921408,2800.5237579343375,lk,475.05369282634194,A_up,0.7366666666666666,A_up,stable,"up=0.000,stable=0.900,down=0.100",0.0,0.1,0.9,2,1.0119375313280736,1.0003241982090487,0.011613333119024905,2.8323757146550426,False,10,-14.74132024870269,0.35731784943339484,0.3530315171537221,0.9880041473257783,0,0,-0.5111304077526029,-1.890154591604844,1,False,520,-0.38983489765946727,-6.389078744128142,8.608746102608421,0.9987544566392899,,0.3823245659004897,,,33.262806240208675,26.569983014311276
1734763670400,F:\agent\UAV\data\IR-image\1734763670400.jpg,116.17034960159751,38.81216993451544,474.9178830955031,116.17073,38.8121161,502.79,-4.53865790039481,11.908015110673205,1.0,0.5599999999999999,-98.7740688707514,2993.3907334348187,lk,474.2075066313629,A_up,0.8533333333333333,A_down,stable,"up=0.000,stable=0.900,down=0.100",0.0,0.1,0.9,2,1.0190295679805614,1.0004023284825123,0.01862723949804912,2.835997045299118,False,10,-25.02443731638724,0.3572123693198985,0.3524026821383985,0.9865354965432545,0,0,-0.6059396620908046,-2.001582625084764,1,False,520,-0.5028759884626826,-3.8756983650928305,11.91292795571124,0.9981171633116901,,0.3824610250303522,,,33.498353624690154,27.87211690449692
1734763670600,F:\agent\UAV\data\IR-image\1734763670600.jpg,116.17041063599659,38.81216997480177,474.28704459620667,116.170787,38.8121161,503.49,-1.9840390266959957,13.49045623765386,1.0,0.5599999999999999,-98.54346483164231,2461.200073116868,lk,473.402525041116,A_up,0.8683333333333332,A_down,stable,"up=0.000,stable=0.950,down=0.050",0.0,0.05,0.95,2,1.0111215602814685,1.0007152835584416,0.010406276723026853,2.840360086138642,False,10,-29.254037426389733,0.35710688920640227,0.35180446792308545,0.9851517250336437,0,0,-0.760372118999669,-2.147196580050242,1,False,520,-0.23060403910910007,-2.3867102225230497,13.620467721706518,1.012572183087468,,0.3961711782030761,,,33.15529252500792,29.20295540379334
1734763670800,F:\agent\UAV\data\IR-image\1734763670800.jpg,116.17045386055791,38.812152981482626,473.8576052801966,116.1708438,38.812116,504.18,3.9675078469339837,9.935629831720178,1.0,0.16799999999999998,-98.25579587736269,3266.4884365845373,lk,473.07298084991066,A_up,0.8683333333333332,A_down,stable,"up=0.000,stable=0.950,down=0.050",0.0,0.05,0.95,2,1.0060155674238076,0.9994150859882752,0.006600481435532379,2.84449598722704,False,10,-32.625138216684554,0.3570256523137762,0.3515595703724565,0.9846899462100394,0,3,-0.7892544428219708,-2.147196580050242,2,False,520,-0.28766895427962325,4.765971483294379,9.9578028376811,1.0046583289280533,,0.40603409343748353,,,34.035161493326854,30.322394719803412
1734763671000,F:\agent\UAV\data\IR-image\1734763671000.jpg,116.17051744710847,38.812168059445355,473.0548550258053,116.1709005,38.812116,504.96,-6.547181177917082,13.416492481895204,1.0,0.5599999999999999,-97.79559014711286,4341.022785947984,lk,472.0258409078124,A_up,0.8683333333333332,A_down,stable,"up=0.000,stable=0.950,down=0.050",0.0,0.05,0.95,2,1.019252326300564,1.000707265035731,0.018545061264833018,2.848067694071188,False,10,-38.936776038154974,0.35694441542115013,0.35078139854048557,0.9827339590860583,0,0,-0.953081034765205,-2.370934527673432,1,False,520,-0.4602057302498199,-5.561788654344696,13.280774601662813,0.9773795021232218,,0.37958648102357984,,,33.690197192189856,31.905144974194684
1734763671200,F:\agent\UAV\data\IR-image\1734763671200.jpg,116.17056468870061,38.81209314449958,472.5806681202706,116.170957,38.8121159,505.74,21.889689680902563,13.14553728291861,0.6788461538461539,0.0336,-97.53413838895207,1858.5344022744898,lk,471.46876890430457,A_up,0.8683333333333332,A_down,stable,"up=0.000,stable=0.950,down=0.050",0.0,0.05,0.95,2,1.0143390134765549,0.9994972516962792,0.01484176178027563,2.8536209374379107,False,10,-42.60984205946153,0.356818723180779,0.35036741591592757,0.9819199306377683,0,1,-1.0250357701683583,-2.370934527673432,2,False,353,-0.26145175816079463,19.73949559461761,13.295424246341724,0.9266774471849203,,0.33453377592377365,,,34.08539889729702,33.15933187972939
1734763671400,F:\agent\UAV\data\IR-image\1734763671400.jpg,116.17061557347564,38.81211857423608,471.3625542085928,116.1710134,38.8121158,506.55,-9.28800953077507,9.927145874042708,0.9943342776203966,0.96,-97.21942180454619,2811.0050593465567,lk,470.044024337382,A_up,0.8683333333333332,A_down,stable,"up=0.000,stable=0.950,down=0.050",0.0,0.05,0.95,1,1.0041433437794447,0.9999611716578313,0.0041821721216134256,2.8582247670295744,False,10,-41.43245578494949,0.35669303094040794,0.34930863089096603,0.9792976049182311,0,0,-1.3103978683970468,-2.7935924518544604,1,False,351,-0.3147165844058876,-6.172933281704445,10.00665120653099,0.8990270677953959,,0.31328559218673036,,,34.47058627110434,35.187445791407185
1734763671600,F:\agent\UAV\data\IR-image\1734763671600.jpg,116.17062131956128,38.812118566367324,470.80383571822193,116.1710695,38.8121155,507.44,-17.202735137406933,10.006229367170022,0.235,0.0576,-97.196159999338,1498.8944675442206,orb+phase,468.8407168646288,A_up,0.8683333333333332,A_down,stable,"up=0.000,stable=0.950,down=0.050",0.0,0.05,0.95,1,0.9979528898327158,0.9998745668944962,0.0019216770617803691,2.86748254137135,False,10,-39.852995026880095,0.3565605105128734,0.3484144046821746,0.977153651090017,0,1,-1.5,-2.7935924518544604,3,True,235,-0.023261805208187884,-17.202735137406933,10.006229367170022,0.9154834336601197,,0.28665175748756155,,,38.83355790736031,36.636164281778065
1734763671800,F:\agent\UAV\data\IR-image\1734763671800.jpg,116.17062706564691,38.81211855849857,470.24511722785104,116.1711253,38.8121149,508.4,-8.372711693978715,7.985685949158778,0.30410654827968925,0.288,-97.41567455950282,1792.9795721232797,orb+phase,467.0800795870979,A_up,0.8533333333333333,A_down,stable,"up=0.000,stable=0.900,down=0.100",0.0,0.1,0.9,1,1.002061659538771,1.0048704578610927,0.002808798322321726,2.873655416522412,False,10,-40.508670413537004,0.3564279900853388,0.34710600426632654,0.9738460893130746,0,2,-1.5,-2.7935924518544604,3,True,274,0.2195145601648267,-8.372711693978715,7.985685949158778,0.9461268136277795,,0.2916325509431772,,,43.17083982614801,38.15488277214894
1734763672000,F:\agent\UAV\data\IR-image\1734763672000.jpg,116.17063281173255,38.81211855062981,469.68639873748015,116.171181,38.8121143,509.4,-22.19205325759242,12.275151492883055,0.43402061855670104,0.0576,-97.54634845902667,2065.641582486629,orb+phase,466.9544068523552,A_up,0.8533333333333333,A_down,stable,"up=0.000,stable=0.900,down=0.100",0.0,0.1,0.9,1,1.0009965698065026,1.0033836291031297,0.002387059296627081,2.878729757963222,False,10,-38.80098482493236,0.35630724925832913,0.347012611799578,0.9739139816040836,0,1,-1.5,-2.7935924518544604,3,True,421,0.1306738995238552,-22.19205325759242,12.275151492883055,0.9564935453236103,,0.32162723527289927,,,47.499472420017554,39.71360126251983
1734763672200,F:\agent\UAV\data\IR-image\1734763672200.jpg,116.17068350471054,38.812126244728006,469.12768024710925,116.1712364,38.8121138,510.4,-3.897924970610518,10.507693479847546,0.8084677419354839,0.288,-97.95015672768461,3708.42373921033,lk,467.0323495447156,A_down,0.8383333333333333,A_down,stable,"up=0.000,stable=0.850,down=0.150",0.0,0.15,0.85,1,1.0037994673252337,1.0014175979272701,0.0023818693979635874,2.8824197209860785,False,10,-35.26568394518823,0.3561865084313195,0.3470705341509891,0.9744067389849266,0,2,-1.5,-2.7935924518544604,2,False,401,0.4038082686579373,-4.7515680803729765,10.337839736268847,0.9628221603110433,,0.24039348069345579,,,47.92493478450768,41.27231975289072
1734763672400,F:\agent\UAV\data\IR-image\1734763672400.jpg,116.17072928006641,38.81211342217456,468.56896175673836,116.1712917,38.8121132,511.41,2.483568621637062,10.21148988177606,0.8553615960099751,0.288,-98.78593617776161,2058.6615684294707,lk,466.9090625669961,A_down,0.8383333333333333,A_down,stable,"up=0.000,stable=0.850,down=0.150",0.0,0.15,0.85,1,1.0035494327589438,1.000995254633862,0.002554178125081741,2.8851638051250736,False,10,-28.539166199921645,0.3561178634626249,0.34697891463629665,0.974337291767765,0,2,-1.5,-2.7935924518544604,2,False,343,0.8357794500770053,1.4640560484104412,10.072662390416298,0.8858828593045474,,0.18388949084328488,,,48.730214971638404,42.841038243261664
1734763672600,F:\agent\UAV\data\IR-image\1734763672600.jpg,116.17078660239669,38.812123815755434,468.01024326636747,116.1713467,38.8121126,512.44,-5.413664029474603,11.721730193148801,0.9125364431486881,0.288,-100.17598430709187,4147.206051958166,lk,467.0142853699381,A_down,0.8233333333333333,A_down,stable,"up=0.050,stable=0.800,down=0.150",0.05,0.15,0.8,1,1.0037061599390453,0.9988605329097937,0.00484562702925162,2.886972387284691,False,10,-25.258064137325373,0.35604921849393034,0.34705710993573907,0.9747447597379165,0,2,-1.5,-2.7935924518544604,2,False,313,1.390048129330247,-6.98750058172476,11.513007612922422,0.68528021434322,-1.0658374877765309,0.29220955014170613,,,48.545012136356945,44.42975673363259
1734763672800,F:\agent\UAV\data\IR-image\1734763672800.jpg,116.17081437437595,38.812100885606924,467.4515247759966,116.1714015,38.8121122,513.49,6.069688533659473,6.5007127660493325,0.987220447284345,0.08639999999999999,-100.75248898513507,4342.598660533092,lk,466.26819104784806,A_down,0.8233333333333333,A_down,stable,"up=0.050,stable=0.800,down=0.150",0.05,0.15,0.8,1,1.0020676204757863,1.0000387299938749,0.0020288904819114606,2.8891454885652044,False,10,-23.485637627615844,0.355878055129387,0.34650265721924683,0.9736555885506017,0,2,-1.5,-2.7935924518544604,2,False,309,0.5765046780432099,5.614672636828402,6.438031792228458,0.9292092427611351,,0.2210138225927949,,,50.88636377004077,46.038475224003435
1734763673000,F:\agent\UAV\data\IR-image\1734763673000.jpg,116.17082553591786,38.812030408039995,466.8928062856257,116.171456,38.812112,514.57,21.418192359032673,5.312191352303103,0.8867313915857605,0.192,-100.84324895333762,2010.6954465139563,lk,466.56902223664804,A_down,0.8083333333333332,A_down,stable,"up=0.100,stable=0.750,down=0.150",0.1,0.15,0.75,1,0.9985794603792728,0.9983317899699866,0.00024767040928619366,2.890246115148744,False,10,-14.277448590400562,0.3557068917648437,0.34672621698226513,0.9747525983035615,0,1,-1.3127234725835706,-2.7935924518544604,2,False,274,0.09075996820254732,21.895597512276424,5.404284997943279,0.8942470021545887,,0.28848081741307396,,,55.37414131511963,47.67719371437437
1734763673200,F:\agent\UAV\data\IR-image\1734763673200.jpg,116.17083184203084,38.81203009919921,466.3340877952548,116.1715104,38.812112,515.65,-14.43008708056118,13.548670918775088,0.3203371970495258,0.192,-100.35983130075799,3016.515542849861,orb+phase,464.60798248279093,A_down,0.7933333333333332,A_down,stable,"up=0.100,stable=0.700,down=0.200",0.1,0.2,0.7,1,1.0064946906598833,1.0051265839676893,0.0013681066921940044,2.893662044525589,False,10,-10.737033839382072,0.3556563561133521,0.34526888942128137,0.9707935300086128,0,1,-1.303616048634069,-2.7935924518544604,3,True,304,-0.4834176525796364,-14.43008708056118,13.548670918775088,0.8861096024513244,,0.27804445670335554,,,59.49403570137562,49.31591220474519
1734763673400,F:\agent\UAV\data\IR-image\1734763673400.jpg,116.17083814814382,38.81202979035843,465.7753693048839,116.1715648,38.8121122,516.52,17.35801139169621,22.244428077463596,0.27129337539432175,0.192,-99.47664094625584,4046.865353225318,orb+phase,465.7471090482015,A_down,0.7783333333333333,A_down,stable,"up=0.150,stable=0.650,down=0.200",0.15,0.2,0.65,1,1.001643552812871,0.9980664818034866,0.003577071009384536,2.8948319880251003,False,10,-9.588503365359575,0.35560582046186057,0.3461154202149363,0.9733120221862562,0,1,-0.9328391658401642,-2.7935924518544604,3,True,258,-0.8831903545021457,17.35801139169621,22.244428077463596,0.7784017886966467,,0.23159253469202667,,,63.62328917812274,50.744630695116086
1734763673600,F:\agent\UAV\data\IR-image\1734763673600.jpg,116.1708444542568,38.81202948151765,465.216650814513,116.1716193,38.8121123,517.23,2.5066985966400352,7.5018848915621845,0.3408624229979466,0.96,-99.56692871728895,2687.0754265784376,orb+phase,464.8138931758247,A_down,0.7783333333333333,A_down,stable,"up=0.150,stable=0.650,down=0.200",0.15,0.2,0.65,1,0.9987033261130382,0.9995994394261092,0.0008961133130709342,2.8970090381083877,False,10,-9.919373993625577,0.3553682986033573,0.34542190994392463,0.9720110412253338,0,0,-0.7234414596444481,-2.7935924518544604,3,True,332,0.09028777103310423,2.5066985966400352,7.5018848915621845,0.9691858503036201,,0.29077160300221294,,,67.76428859155634,52.013349185487016
1734763673800,F:\agent\UAV\data\IR-image\1734763673800.jpg,116.17088474266302,38.81208563423052,464.6579323241421,116.1716735,38.8121121,518.03,-18.93065798170528,4.874940002709764,0.8044354838709677,0.192,-100.68473471977387,5035.557760403072,lk,463.8371792768347,A_down,0.7633333333333332,A_down,transition,"up=0.150,stable=0.600,down=0.250",0.15,0.25,0.6,1,0.9971065262813994,1.001890436352441,0.004783910071041619,2.900350346159487,False,10,-7.647572857194805,0.355130776744854,0.3446960745388063,0.9706172968119162,0,1,-0.6998358745656788,-2.7935924518544604,2,False,399,1.117806002484921,-18.619773988623365,5.063598281049821,0.6593316871672869,-0.8158224494528654,0.2582034690422006,,,68.40429137923388,53.37206767585786
1734763674000,F:\agent\UAV\data\IR-image\1734763674000.jpg,116.17092160585429,38.812060868423394,463.5258091179156,116.1717273,38.8121119,518.86,6.128479934984341,8.799355402202309,0.9373433583959899,0.96,-101.24112712086638,5526.347541059841,lk,463.62904760763115,A_down,0.7633333333333332,A_down,transition,"up=0.150,stable=0.600,down=0.250",0.15,0.25,0.6,1,1.0001835728096944,1.000460454137678,0.00027688132798364684,2.903396762644546,False,10,-7.267344010836747,0.355123285299245,0.34454140351939055,0.9702022305551223,0,0,-0.6279298004603788,-2.989274774032811,1,False,374,0.5563924010925136,6.101205732480707,8.378515075760447,0.9012741297483444,,0.22713439096696675,,,70.0386887794341,55.334190882084386
1734763674200,F:\agent\UAV\data\IR-image\1734763674200.jpg,116.17095034238542,38.812029498103534,462.6322854554606,116.171781,38.8121119,519.62,8.549856582415885,7.210968458830735,0.9491978609625669,0.96,-101.09982139624854,4910.024204706997,lk,462.5471291148459,A_down,0.7633333333333332,A_down,transition,"up=0.150,stable=0.600,down=0.250",0.15,0.25,0.6,1,1.0010185262754079,1.0003529709543706,0.0006655553210372922,2.910247179733898,False,10,-5.983076298867664,0.35484869944653186,0.3437373863467795,0.9686871809954976,0,0,-0.5476329960025623,-3.1083300014569613,1,False,355,-0.14130572461783872,8.401497451526836,7.248072457903447,0.9452238384634256,,0.3516691372205969,,,72.55229469370363,56.987714544539415
1734763674400,F:\agent\UAV\data\IR-image\1734763674400.jpg,116.17101250456786,38.812044925956585,462.0106194551692,116.1718345,38.8121121,520.39,-7.360314154205923,12.458955843271951,0.9549295774647887,0.288,-100.6023381263656,3789.327145899794,lk,461.6605082901756,A_down,0.7633333333333332,A_down,transition,"up=0.150,stable=0.600,down=0.250",0.15,0.25,0.6,1,0.99956300339454,1.0006171991337856,0.0010541957392455892,2.915647909707598,False,10,-4.152456632116276,0.35438505280144716,0.3430785027308851,0.9680952963981332,0,3,-0.4867773064866583,-3.1083300014569613,2,False,339,-0.49748326988294234,-7.421465064182144,12.920034951488674,0.9343476409092546,,0.30321919883135706,,,71.61146883223509,58.37938054483078
1734763674600,F:\agent\UAV\data\IR-image\1734763674600.jpg,116.17105418453019,38.81204833983086,461.2375956094117,116.1718877,38.8121125,521.17,-2.580621828033088,8.232983901573618,0.8436578171091446,0.5599999999999999,-99.72303276275655,1990.2230421116576,lk,460.91689222833963,A_down,0.7633333333333332,A_down,transition,"up=0.150,stable=0.600,down=0.250",0.15,0.25,0.6,2,1.006638049341447,1.000953630773915,0.00568441856753199,2.9192627966435087,False,10,-5.478612270726844,0.3540211169972938,0.3425258917093225,0.9675295491255704,0,0,-0.4366105591960263,-3.1889121793907447,1,False,286,-0.8793053636090495,-3.752192903641685,8.774269797124902,0.8571839839220047,,0.2800817479728721,,,72.57052568344415,59.93240439058826
1734763674800,F:\agent\UAV\data\IR-image\1734763674800.jpg,116.17113542402222,38.81206443721633,460.59981317353356,116.1719408,38.8121128,521.95,-8.097339870509416,17.12810941043739,0.8741258741258742,0.0576,-99.55120586333032,4641.800218162535,lk,460.1871522189101,A_down,0.7633333333333332,A_down,transition,"up=0.150,stable=0.600,down=0.250",0.15,0.25,0.6,1,0.999526535644796,1.000856367134115,0.0013298314893190888,2.9243469240330406,False,10,-4.312168658719984,0.353644939585502,0.3419835925407297,0.9670252681730995,0,1,-0.44885961115039663,-3.1889121793907447,2,False,250,-0.17182689942622417,-7.387798586828467,17.189379209913852,0.866161476355046,,0.28283383179223165,,,69.98778263195969,61.350186826466484
1734763675000,F:\agent\UAV\data\IR-image\1734763675000.jpg,116.17117460630932,38.81205362464152,459.7701698682091,116.1719936,38.812113,522.7,2.0165439556640763,8.308933327280613,0.972,0.96,-99.4157858047972,2657.9396534994153,lk,459.9404142199324,A_down,0.6466666666666666,A_up,transition,"up=0.150,stable=0.600,down=0.250",0.15,0.25,0.6,1,0.9980582591142912,0.9992101424019659,0.001151883287674682,2.927703839410246,False,10,-4.068247258906652,0.35323383144680254,0.34180023160398937,0.9676316399366885,0,0,-0.33868785469144314,-3.29658155810554,1,False,243,-0.13542005853312192,2.228093048020469,8.67909406608888,0.9012074551545084,,0.3264612564817071,,,71.26724517899576,62.929830131790936
1734763675200,F:\agent\UAV\data\IR-image\1734763675200.jpg,116.17123311944896,38.81204865056354,458.98029903208993,116.1720462,38.8121133,523.5,-0.5534027724417001,12.683343319347273,0.9876543209876543,0.96,-99.2830680829883,2286.4513871113863,lk,458.8630061278311,A_down,0.6466666666666666,A_up,transition,"up=0.150,stable=0.600,down=0.250",0.15,0.25,0.6,1,1.001070889387621,1.0007327542559432,0.00033813513167779696,2.932806718620197,False,10,-1.5952575496111185,0.3527170996460603,0.3409995662916428,0.9667792308164939,0,0,-0.28722324449165626,-3.3735767252095323,1,False,240,-0.13271772180890393,-0.7232436168777667,12.504907714948132,0.9649225480854511,,0.35490200720960274,,,70.8142576836521,64.51970096791007
1734763675400,F:\agent\UAV\data\IR-image\1734763675400.jpg,116.17126458145653,38.81203363623911,458.25506068713685,116.1720986,38.8121136,524.27,3.660799696900142,6.595782040902179,0.9916666666666667,0.384,-99.23514527484222,4398.063278605789,lk,458.1973719017565,A_down,0.6466666666666666,A_up,transition,"up=0.150,stable=0.600,down=0.250",0.15,0.25,0.6,1,1.0000348996623425,0.9995913692857221,0.0004435303766203713,2.9376162925913496,False,10,-0.8577921381271629,0.35210357503074197,0.3405049067105279,0.9670589305456458,0,0,-0.23315638102980074,-3.4050522362878493,1,False,238,-0.04792280814607299,3.017155434107167,6.9204633070274895,0.9043782562948763,,0.33735933623393066,,,72.80756735402997,66.01493931286313
1734763675600,F:\agent\UAV\data\IR-image\1734763675600.jpg,116.17131229182492,38.81199869791923,457.4436999336465,116.1721507,38.8121138,525.07,9.153716454379321,11.614171960387466,0.9915966386554622,0.96,-99.63671123370153,3240.2195854926113,lk,457.06664939854784,A_down,0.6316666666666666,A_up,transition,"up=0.150,stable=0.550,down=0.300",0.15,0.3,0.55,1,1.0038442541039005,1.0015217675223504,0.0023224865815500984,2.9426946230390785,False,10,-3.1953838304630375,0.351682019147771,0.33966462131370745,0.9658287965270865,0,0,-0.2921375651247331,-3.487007813885075,1,False,236,0.40156595885930896,8.973631288691706,10.655615595047607,0.9393617396242917,,0.2597511304775253,,,73.76181793959206,67.62630006635356
1734763675800,F:\agent\UAV\data\IR-image\1734763675800.jpg,116.17135962302376,38.81197866385402,456.620965969237,116.1722028,38.812114,525.76,4.428039174893513,10.737485061021232,1.0,0.96,-99.99294831713246,2199.235078448616,lk,456.4039162529551,A_down,0.6466666666666666,A_up,transition,"up=0.150,stable=0.600,down=0.250",0.15,0.25,0.6,1,1.0025795319507096,1.0002588774965298,0.002320654454179838,2.948124542973161,False,10,-5.665534996566637,0.35117048445647103,0.3391721176422494,0.9658332139365521,0,0,-0.3066174732785498,-3.567494728968494,1,False,236,0.3562370834309205,4.388507096603917,10.070849833873154,0.929932442959398,,0.2715409325901419,,,74.58996702347854,69.13903403076301
1734763676000,F:\agent\UAV\data\IR-image\1734763676000.jpg,116.17136738404561,38.81197820005352,455.9074670234433,116.1722547,38.8121143,526.43,-23.152430656201545,1.4377259821685016,0.3002070393374741,0.192,-100.32826284734787,2973.1237194191567,orb+phase,453.6214363783904,A_down,0.6466666666666666,A_up,transition,"up=0.150,stable=0.600,down=0.250",0.15,0.25,0.6,1,1.0114259018793799,1.0077499278342212,0.0036759740451586254,2.956717441926588,False,10,-10.659831739727586,0.35057440722820654,0.33710434486961177,0.961577165700443,0,1,-0.7943045143433096,-3.567494728968494,3,True,290,0.33531453021541663,-23.152430656201545,1.4377259821685016,0.8402580302208662,,0.2851186004409101,,,78.35585679437223,70.52253297655665
1734763676200,F:\agent\UAV\data\IR-image\1734763676200.jpg,116.17142920485897,38.81195429963431,454.8394421093543,116.1723064,38.8121147,527.14,4.9167307743046536,14.529682753923169,0.75,0.96,-100.39506165505681,4314.419760842909,lk,454.4000125044581,A_down,0.7633333333333332,A_up,transition,"up=0.150,stable=0.600,down=0.250",0.15,0.25,0.6,1,1.000692202417769,1.001183517014686,0.0004913145969172028,2.9617707687266916,False,10,-10.498181823590038,0.34983802340344683,0.33768293612183437,0.9652550995933489,0,0,-0.8573125033439055,-3.7920937992630526,1,False,372,0.06679880770892788,5.2827739077022215,14.173594322307594,0.9615621252916753,,0.3179702485213056,,,78.06832402918963,72.30055789064568
1734763676400,F:\agent\UAV\data\IR-image\1734763676400.jpg,116.17146694572774,38.81192911941985,453.73519481192784,116.172358,38.812115,527.73,6.4014371672906805,8.704138101814635,0.9623655913978495,0.96,-100.36264027741954,4651.197117493218,lk,453.66299427957006,A_down,0.7633333333333332,A_up,transition,"up=0.150,stable=0.600,down=0.250",0.15,0.25,0.6,1,0.9998794478904867,0.9995042271945802,0.000375220695906453,2.9685642271137778,False,10,-10.612908269383594,0.3488615177865703,0.3371352282184305,0.9663869788719035,0,0,-0.7841017769671907,-4.008658523878223,1,False,358,-0.03242137763725595,6.481650130375272,8.943833866502274,0.9792744752019644,,0.3530172922910424,,,79.92329722328905,73.99480518807218
1734763676600,F:\agent\UAV\data\IR-image\1734763676600.jpg,116.17150027327598,38.81191682436062,452.61369209715724,116.1724095,38.8121154,528.34,2.565999162205685,6.8695816742509805,0.9860335195530726,0.96,-100.15901877071406,3165.0238383251344,lk,452.2189372667568,A_down,0.7633333333333332,A_up,transition,"up=0.100,stable=0.600,down=0.300",0.1,0.3,0.6,1,1.001838417617858,1.0012874154951028,0.000551002122755273,2.976091193128786,False,10,-8.466878663345101,0.3477602044742506,0.3360620913377194,0.9663615532023954,0,0,-0.7829951551457839,-4.210535398571172,1,False,353,-0.2036215067054912,2.6873433392322,7.014050089903719,0.9601718664169312,,0.3551379349955823,,,81.81492549890612,75.72630790284279
1734763676800,F:\agent\UAV\data\IR-image\1734763676800.jpg,116.17155010115675,38.811894584838406,451.47812480951825,116.1724608,38.8121158,528.97,5.030120445546913,11.458144804429708,0.9631728045325779,0.96,-99.8827383525601,3352.5894248153927,lk,451.159750770174,A_up,0.7633333333333332,A_up,transition,"up=0.100,stable=0.600,down=0.300",0.1,0.3,0.6,1,1.001645941020056,1.0006320195585534,0.001013921461502587,2.983644692947626,False,10,-9.383203624088361,0.3470882692086578,0.3352749672263107,0.9659645599395198,0,0,-0.7657970891125387,-4.398368723871262,1,False,340,-0.27628041815395465,4.532359839459275,11.98430365876797,0.9869430259801447,,0.36861705128103495,,,82.65171391360306,77.49187519048178
1734763677000,F:\agent\UAV\data\IR-image\1734763677000.jpg,116.17159019759812,38.81189371502137,450.3119402120067,116.172512,38.8121162,529.57,-1.3205689217186318,7.849632597591437,0.9794117647058823,0.96,-99.88027790312752,4095.908963059783,lk,449.94181676929395,A_up,0.7783333333333333,A_up,stable,"up=0.050,stable=0.650,down=0.300",0.05,0.3,0.65,1,1.0005302247588486,1.000595939958041,6.571519919251756e-05,2.99134720875179,False,10,-10.448989011008512,0.34706382204336406,0.33436987145583963,0.9634247369466865,0,0,-0.7539723950391135,-4.583791662744528,1,False,333,-0.0024604494325702287,-1.5942655211584338,7.78126053870281,0.9884960228577256,,0.36311965057393536,,,83.61233610285306,79.25805978799337
1734763677200,F:\agent\UAV\data\IR-image\1734763677200.jpg,116.17162896357358,38.8118800734624,449.1079952760006,116.1725631,38.8121165,530.19,2.7565530045694686,8.207302069256684,0.978978978978979,0.96,-100.02132178559978,4253.08145188122,lk,448.58036083774516,A_up,0.7783333333333333,A_up,stable,"up=0.050,stable=0.650,down=0.300",0.05,0.3,0.65,1,1.0004556504943234,1.0013693294228818,0.0009136789285584257,2.9994417178855866,False,10,-10.15113530405153,0.34703486086765856,0.333358118762806,0.9605897169216434,0,0,-0.7646858718154022,-4.771112281704553,1,False,326,0.14104388247226649,3.1207520743839154,7.707388240875815,0.9668029705062509,,0.34887565903773066,,,85.09981501798316,81.08200472399943
1734763677400,F:\agent\UAV\data\IR-image\1734763677400.jpg,116.17168721834575,38.81188916160191,448.1537728196597,116.1726141,38.8121167,530.8,-5.276429709093577,11.7124031573058,0.9601226993865031,0.288,-100.0015495855451,4106.503057193672,lk,447.3700694239315,A_up,0.7783333333333333,A_up,stable,"up=0.000,stable=0.650,down=0.350",0.0,0.35,0.65,1,1.0010787985877108,1.0011380032123416,5.920462463082643e-05,3.0074032777502153,False,10,-10.579860807698253,0.34699576321793735,0.33245870250635157,0.9581059417648984,0,3,-0.7109454487739413,-4.771112281704553,2,False,313,-0.019772200054679754,-5.213275155855399,11.5956923488786,0.9712467551231384,,0.38396667840424925,,,84.1999610056295,82.64622718034025
1734763677600,F:\agent\UAV\data\IR-image\1734763677600.jpg,116.17173028934954,38.81188665855141,446.89010384514506,116.172665,38.812117,531.36,-0.9047432589500204,8.5901397943735,0.987220447284345,0.96,-99.77505700154418,2685.226579122981,lk,446.7092622216168,A_up,0.7783333333333333,A_up,stable,"up=0.000,stable=0.650,down=0.350",0.0,0.35,0.65,1,1.0002070727458894,1.0001870313875036,2.0041358385736174e-05,3.013474050502798,False,10,-8.96951571454375,0.3468525658092809,0.3319676300808509,0.9570856980870235,0,0,-0.6581157634404349,-4.966557116769369,1,False,309,-0.2264925840009245,-0.8378998230210755,9.133652769839472,0.9708104749210179,,0.3682796659995802,,,84.9406577150327,84.46989615485495
1734763677800,F:\agent\UAV\data\IR-image\1734763677800.jpg,116.17178454665708,38.81188554458805,445.5986560744619,116.1727158,38.8121174,531.92,-1.7486381653606031,11.262692620907842,0.9805825242718447,0.96,-99.42491825823078,3392.1049812482297,lk,445.01247290150945,A_up,0.7783333333333333,A_up,stable,"up=0.000,stable=0.650,down=0.350",0.0,0.35,0.65,1,1.0049630268922116,1.0017313455409296,0.0032316813512820453,3.0227009160862437,False,10,-9.979719083919502,0.346614437100756,0.3307066776516553,0.9541053177641399,0,0,-0.7184360452876035,-5.153950190415605,1,False,303,-0.35013874331340755,-2.848448176951422,11.685070567118629,0.9417749347165227,,0.3461024865973741,,,84.70618023918172,86.32134392553803
1734763678000,F:\agent\UAV\data\IR-image\1734763678000.jpg,116.17182664728199,38.81188974524886,444.3248488820562,116.1727664,38.8121176,532.42,-2.9519029349468155,7.945703911708279,0.9933993399339934,0.96,-99.57314830000374,4164.029985903353,lk,444.2804654006154,A_up,0.7783333333333333,A_up,stable,"up=0.000,stable=0.650,down=0.350",0.0,0.35,0.65,1,0.9995520132104116,1.0002162013565015,0.0006641881460898169,3.0310532339540335,False,10,-4.787058717884956,0.34630903871709157,0.3301626934189025,0.9533759056419563,0,0,-0.6162354391075269,-5.3079410499990844,1,False,301,0.14823004177295812,-2.6863581891294643,7.709871800425674,0.9686493204906583,,0.3431170874973759,,,85.2747248522601,88.09515111794377
1734763678200,F:\agent\UAV\data\IR-image\1734763678200.jpg,116.17185561651026,38.811881798836886,443.0557571773163,116.172817,38.8121177,532.93,1.4076706837862503,5.348243273538344,0.9833887043189369,0.96,-100.10219697988015,3487.763934272378,lk,442.8935445869613,A_up,0.6616666666666666,A_up,stable,"up=0.000,stable=0.650,down=0.350",0.0,0.35,0.65,1,0.9982856044303997,1.0008305330480458,0.002544928617646103,3.039505119440506,False,10,-3.715928858994681,0.3457686650794305,0.3291320167471702,0.951885031778578,0,0,-0.546116675693213,-5.440915452649671,1,False,296,0.5290486798764148,1.9357095944420735,4.229025012399433,0.9815457426011562,,0.24695193750812905,,,87.33061165641718,89.87424282268364
1734763678400,F:\agent\UAV\data\IR-image\1734763678400.jpg,116.17188630966704,38.81184109382692,441.9675740867864,116.1728674,38.8121178,533.5,11.710785705175283,7.638199684438462,0.9594594594594594,0.288,-100.20853929410019,3264.775774773955,lk,441.7321885999223,A_up,0.6616666666666666,A_up,stable,"up=0.000,stable=0.650,down=0.350",0.0,0.35,0.65,1,0.9999170357355747,1.0002231811145375,0.0003061453789627855,3.0478078858104865,False,10,-3.721541673627282,0.345345399682603,0.32826896637570446,0.9505525965523415,0,3,-0.45646969406743665,-5.440915452649671,2,False,284,0.10634231422003818,11.690981859671751,7.436543842332213,0.9790578136220575,,0.360552154481411,,,90.40264969669731,91.53242591321361
1734763678600,F:\agent\UAV\data\IR-image\1734763678600.jpg,116.17194587094917,38.811843745197294,440.68415868370136,116.1729176,38.8121179,534.06,-3.2854692153580345,12.309035012865309,0.9295774647887324,0.96,-99.81859713318516,2749.7219764127944,lk,440.43865297204104,A_up,0.6466666666666666,A_up,transition,"up=0.000,stable=0.600,down=0.400",0.0,0.4,0.6,1,1.0022936279745311,1.001113523294341,0.0011801046801902526,3.0551479220911593,False,10,-3.910926299213014,0.34498248198004383,0.3273076879937043,0.9487661115866111,0,0,-0.42902330343008543,-5.563027680077047,1,False,264,-0.38994216091502126,-3.4974744150576953,12.823326405879612,0.9959162085317075,,0.35726491396781057,,,89.54341621712891,93.37584131629859
1734763678800,F:\agent\UAV\data\IR-image\1734763678800.jpg,116.1719894838963,38.81186840290356,439.40228166594096,116.1729678,38.812118,534.57,-9.577591668469097,7.144033235627603,0.9583333333333334,0.96,-99.64965183098455,2546.996911213091,lk,439.1743229675227,A_up,0.7633333333333332,A_up,transition,"up=0.000,stable=0.600,down=0.400",0.0,0.4,0.6,1,1.0011167754997687,1.0009736132952398,0.0001431622045289238,3.0641023920122312,False,10,-3.6690392660108637,0.34461873902909845,0.3263681134857733,0.9470411110122944,0,0,-0.40834856648143614,-5.668454081681717,1,False,253,-0.16894530220061071,-9.78666431465166,7.349445009905281,0.9775150107219815,,0.39263988414313644,,,89.19315537666746,95.16771833405909
1734763679000,F:\agent\UAV\data\IR-image\1734763679000.jpg,116.17204722860332,38.81188724982542,438.1050801420393,116.173018,38.812118,535.05,-8.321442982494887,10.945883284189847,0.9565217391304348,0.96,-99.73550486788291,3502.3324762935845,lk,437.776539209087,A_up,0.7483333333333333,A_down,transition,"up=0.000,stable=0.550,down=0.450",0.0,0.45,0.55,1,1.002433853069538,1.0012239294710414,0.0012099235984965873,3.0733029362735302,False,10,-4.483491617183763,0.34413939493308504,0.32532936412260655,0.9453418263429679,0,0,-0.42010876255892526,-5.771244232357092,1,False,242,0.08585303689835158,-9.051072202767557,10.598079100078877,0.9619999695569277,,0.34720631141681224,,,87.9379702163868,96.94491985796066
1734763679200,F:\agent\UAV\data\IR-image\1734763679200.jpg,116.17208435192184,38.81191912112008,436.7871488888048,116.1730681,38.8121179,535.54,-11.611383097152896,5.0468019351762905,0.9628099173553719,0.96,-99.93565924196933,1997.4374109950288,lk,436.42718504272864,A_up,0.7333333333333333,A_down,transition,"up=0.000,stable=0.500,down=0.500",0.0,0.5,0.5,1,1.0025302942279697,1.0011703635381386,0.0013599306898310903,3.0826606030996486,False,10,-5.364989988666145,0.3434079445388323,0.32432660473830827,0.9444353571197992,0,0,-0.43147386518160147,-5.875381924458302,1,False,233,0.20015437408641723,-12.177564617756389,4.527853104042663,0.9691512699238956,,0.31592597771668807,,,88.05506533082013,98.75285111119518
1734763679400,F:\agent\UAV\data\IR-image\1734763679400.jpg,116.17212761223819,38.81192205697165,435.4413277175847,116.1731181,38.8121179,536.09,-2.637422729412833,8.181588747171418,0.9742489270386266,0.96,-100.13988794827661,1713.907237192383,lk,435.1256328228785,A_up,0.7333333333333333,A_down,transition,"up=0.000,stable=0.500,down=0.500",0.0,0.5,0.5,1,1.001690669875794,1.0009460975563913,0.0007445723194026144,3.0923003327762326,False,10,-5.611373928096529,0.3428021972201038,0.3233593689041971,0.9432826613318847,0,0,-0.4534912438178935,-5.98514940869039,1,False,227,0.20422870630728096,-3.0250463750528525,7.454975882827313,0.9856731358915567,,0.3399420529603958,,,88.53958349573871,100.6486722824153
1734763679600,F:\agent\UAV\data\IR-image\1734763679600.jpg,116.17218438905601,38.81193739834319,434.05558886267187,116.1731681,38.8121179,536.62,-7.2295353142973795,10.817145828771515,0.9647577092511013,0.96,-100.25097948869066,1699.153228519773,lk,433.5967481405946,A_up,0.7333333333333333,A_down,transition,"up=0.000,stable=0.500,down=0.500",0.0,0.5,0.5,1,1.0012598674590691,1.001593003765895,0.0003331363068259652,3.1024450209125534,False,10,-6.044468009091868,0.3422547421250261,0.3222231931685059,0.9414718147303196,0,0,-0.5086420641873133,-6.107427711890255,1,False,219,0.11109154041404885,-6.990243175976559,10.31536889156314,0.94229143448174,,0.3385432852082886,,,87.56387460750847,102.56441113732814
1734763679800,F:\agent\UAV\data\IR-image\1734763679800.jpg,116.17222427745077,38.81192434860935,432.8341033202938,116.1732181,38.812118,537.14,2.6073162748867844,8.235747133297707,0.954337899543379,0.288,-100.50849396395935,3802.02175194826,lk,432.79888993489953,A_up,0.7333333333333333,A_down,transition,"up=0.000,stable=0.500,down=0.500",0.0,0.5,0.5,1,0.9972205746563532,0.9995365706262849,0.0023159959699317056,3.1118192134757905,False,10,-2.7110780970106907,0.3418919120723595,0.3216302726269261,0.9407367102584598,0,3,-0.4050535176245944,-6.107427711890255,2,False,209,0.2575144752686917,3.9659868023766194,7.904855927089727,0.9675666242837906,,0.29576889927557204,,,88.76023804802615,104.30589667970617
1734763680000,F:\agent\UAV\data\IR-image\1734763680000.jpg,116.17226363421385,38.81188875590833,431.6126177779158,116.1732681,38.8121181,537.65,9.826692577908773,9.459614633452816,1.0,0.288,-100.68045664306261,2553.7226565535275,lk,431.60997847400273,A_up,0.7483333333333333,A_down,transition,"up=0.000,stable=0.550,down=0.450",0.0,0.45,0.55,1,0.9985724646138419,0.9994836222101622,0.0009111575963203222,3.1198256725822207,False,10,-2.282689247072995,0.3413998989478161,0.32074674467389686,0.939504509703806,0,3,-0.29331764302582997,-6.107427711890255,2,False,209,0.17196267910325364,10.739258612093067,8.905277615397154,0.9437980048358441,,0.32368740206584334,,,90.69025915013253,106.0373822220842
1734763680200,F:\agent\UAV\data\IR-image\1734763680200.jpg,116.17229642252337,38.8118484284737,430.2700935764444,116.1733181,38.8121183,538.17,11.651403641877891,8.083054122778378,0.9904306220095693,0.96,-100.63581867207262,2181.37000476703,lk,430.34161653926685,A_up,0.7633333333333332,A_down,transition,"up=0.000,stable=0.600,down=0.400",0.0,0.4,0.6,1,0.9993221215959631,0.9995982097583743,0.00027608816241120326,3.128140173115993,False,10,-2.720278578478178,0.3407522365010853,0.3198041738763607,0.9385240641710126,0,0,-0.21826555718484997,-6.179686824702841,1,False,207,-0.04463797099000032,11.536072303260596,8.008571689910411,0.986743627814576,,0.3877470880979672,,,93.47022191597878,107.89990642355554
1734763680400,F:\agent\UAV\data\IR-image\1734763680400.jpg,116.1723381056877,38.81182139372123,428.94912025442613,116.1733681,38.8121185,538.7,6.987854279693238,9.46828008663374,0.9903381642512077,0.96,-100.36780499736554,1717.9667079514923,lk,428.8586360296847,A_up,0.7633333333333332,A_down,transition,"up=0.000,stable=0.600,down=0.400",0.0,0.4,0.6,1,1.0012035806288813,1.0000584785240332,0.0011451021048480836,3.137829711257029,False,10,-3.259525465217783,0.3400847640121177,0.3187021113787672,0.9371255201759389,0,0,-0.18965237705077698,-6.230457830657706,1,False,205,-0.26801367470708115,7.174665896123088,9.700495729344198,0.9971726249903441,,0.3811704402323812,,,95.16148141524754,109.75087974557391
1734763680600,F:\agent\UAV\data\IR-image\1734763680600.jpg,116.17237886809633,38.811799276201775,427.6259291140995,116.1734181,38.8121188,539.24,5.464540697346706,8.91896177320217,0.9902439024390244,0.96,-100.18585980079804,3091.406608511472,lk,427.44914656997776,A_up,0.7783333333333333,A_down,stable,"up=0.000,stable=0.650,down=0.350",0.0,0.35,0.65,1,1.0028066533356357,1.000376824788145,0.002429828547490631,3.1476060078993533,False,10,-3.466558430954781,0.33941836947797843,0.3176546630379027,0.9358794090209435,0,0,-0.19049304566550518,-6.277513108633838,1,False,203,-0.18194519656749286,4.11016973887979,9.388809753721716,0.976178140938282,,0.3679719693027437,,,96.79939852679793,111.6140708859005
1734763680800,F:\agent\UAV\data\IR-image\1734763680800.jpg,116.17241968358046,38.81179744572899,426.285421490436,116.1734682,38.8121189,539.76,-1.0901094929525925,7.753528793735256,0.9753694581280788,0.96,-100.06480971847775,2778.456538911909,lk,425.9908660879792,A_down,0.7783333333333333,A_down,stable,"up=0.000,stable=0.650,down=0.350",0.0,0.35,0.65,1,1.0022698336058735,1.0008565404324736,0.0014132931733998877,3.157685096912679,False,10,-3.9422984315085663,0.3384275268820419,0.3165709561248321,0.9354172783798764,0,0,-0.22247812453798588,-6.330704560518477,1,False,198,-0.12105008232030134,-2.1251946560762462,7.679986773009517,0.9888178617693484,,0.3727651118533686,,,97.62653590624458,113.47457850956397
1734763681000,F:\agent\UAV\data\IR-image\1734763681000.jpg,116.1724670716253,38.81180572781689,424.933726989743,116.1735183,38.812119,540.29,-4.659925073031047,8.839571354129191,0.918,0.96,-99.99641725497425,2022.499641538551,lk,424.69680393841725,A_down,0.7783333333333333,A_down,stable,"up=0.000,stable=0.650,down=0.350",0.0,0.35,0.65,1,1.0015029769497346,1.000685408080807,0.0008175688689275873,3.1678371752859817,False,10,-3.5384116102162735,0.33740908217013243,0.3156092864633817,0.9353906078445198,0,0,-0.23702341590552578,-6.385294801996511,1,False,459,-0.06839246350349686,-5.165395675576008,8.662909233819477,0.9842800352722406,,0.3865408764104359,,,97.51654066911848,115.35627301025698
1734763681200,F:\agent\UAV\data\IR-image\1734763681200.jpg,116.17252165764612,38.81184130359055,423.6566680293437,116.1735684,38.8121191,540.79,-13.851844491433837,9.072878891926791,0.869281045751634,0.288,-100.02550885776031,2013.6381267207773,lk,423.1169183831719,A_down,0.7783333333333333,A_down,stable,"up=0.000,stable=0.650,down=0.350",0.0,0.35,0.65,1,1.0017910603865925,1.001791904565393,8.4417880041876e-07,3.1786925238515815,False,10,-3.2170487002764316,0.33711978654402114,0.31443520992651874,0.9327106342524328,0,3,-0.32505745553157794,-6.385294801996511,2,False,399,0.029091602786071664,-13.657766075026473,8.847330760087516,0.9781881414353848,,0.34338342607952654,,,95.80999017685342,117.13333197065629
1734763681400,F:\agent\UAV\data\IR-image\1734763681400.jpg,116.17256724854865,38.811853665296496,422.2076793710023,116.1736187,38.8121191,541.29,-5.885714882970319,8.100973160703347,0.9373433583959899,0.96,-100.15054626717448,3825.642613314987,lk,421.94366564104286,A_down,0.7783333333333333,A_down,stable,"up=0.000,stable=0.650,down=0.350",0.0,0.35,0.65,1,1.0005544226111067,1.0014195847391327,0.0008651621280260091,3.1886789176579473,False,10,-2.731331902140809,0.3365832181036656,0.31356331859757375,0.9316071085308779,0,0,-0.37380027168063634,-6.492633913808638,1,False,374,0.12503740941416094,-5.305903728515204,7.973056541700373,0.962147624604404,,0.32807941565988585,,,95.76376331146567,119.08232062899765
1734763681600,F:\agent\UAV\data\IR-image\1734763681600.jpg,116.17261101072866,38.81186458998004,420.7393153906534,116.173669,38.8121192,541.79,-5.339932936382866,7.711728165620968,0.9786096256684492,0.96,-100.21218991281515,3672.9143858678553,lk,420.47836706240804,A_down,0.7633333333333332,A_down,transition,"up=0.000,stable=0.600,down=0.400",0.0,0.4,0.6,1,1.001051283057687,1.0014229992564194,0.00037171619873244133,3.2000608326503115,False,10,-2.6346873965717763,0.33566852928201507,0.3124743962544572,0.9309016753010197,0,0,-0.40432595763030577,-6.598366069410726,1,False,366,0.06164364564066696,-5.415200116664948,7.472995393073319,1.0043193580582739,,0.36997250537388027,,,95.94074614908342,121.05068460934655
1734763681800,F:\agent\UAV\data\IR-image\1734763681800.jpg,116.17265072324543,38.81184885884889,419.26596055895317,116.1737194,38.8121192,542.27,3.514667850841761,8.270840675715306,0.9754098360655737,0.96,-100.60081451910897,2469.6476651815233,lk,419.1103757131208,A_down,0.7783333333333333,A_down,stable,"up=0.000,stable=0.650,down=0.350",0.0,0.35,0.65,1,0.9968509681360667,1.0008864140412816,0.004035445905214985,3.211339403144103,False,10,-2.4708272596024523,0.33482241934107515,0.31145778682949143,0.9302178373910417,0,0,-0.39167387060018655,-6.6951057158696115,1,False,357,0.3886246062938167,3.9833084658463918,7.44130726117902,0.9955001821741462,,0.28125075227580965,,,97.35174771439982,123.00403944104681
1734763682000,F:\agent\UAV\data\IR-image\1734763682000.jpg,116.17268332841395,38.811819958241806,417.80666484560584,116.1737699,38.8121191,542.75,8.13209963794867,7.305135193333115,0.969187675070028,0.96,-100.89999253058646,3348.4677107195457,lk,417.84366600154124,A_down,0.7783333333333333,A_down,stable,"up=0.000,stable=0.650,down=0.350",0.0,0.35,0.65,1,0.999361615864667,0.9997309728585096,0.0003693569938426622,3.222247738284624,False,10,-2.790107741927022,0.33386399510932285,0.3105164438654746,0.9300686759103713,0,0,-0.31751427661140497,-6.771827353605853,1,False,346,0.2991780114774933,7.97198189363462,6.815488077946128,1.0009663130156696,,0.2977436368819326,,,99.84836011131046,124.94333515439416
1734763682200,F:\agent\UAV\data\IR-image\1734763682200.jpg,116.17272460622003,38.811800038030356,416.35065915963435,116.1738205,38.8121191,543.22,4.73441026712959,8.966373812074892,0.9479768786127167,0.96,-101.03218875270339,2621.543717337689,lk,416.26887569004873,A_down,0.7783333333333333,A_down,stable,"up=0.000,stable=0.650,down=0.350",0.0,0.35,0.65,1,1.0009647789309164,1.000050271021226,0.0009145079096903874,3.2333410174549244,False,10,-3.4591293968559,0.33290841063457877,0.30934615380929686,0.9292230052693222,0,0,-0.27565163599979314,-6.837356346871569,1,False,328,0.13219622211693802,4.310266371414912,8.606197395106875,0.9896115379408001,,0.3419232724409085,,,101.36418348720977,126.86934084036568
1734763682400,F:\agent\UAV\data\IR-image\1734763682400.jpg,116.1727730440662,38.81179086148742,414.87561446290505,116.1738711,38.8121192,543.68,0.8112863835747248,10.106782379478318,0.9664634146341463,0.96,-101.1888659119516,3378.4077521976005,lk,414.6274788044564,A_down,0.7633333333333332,A_down,transition,"up=0.000,stable=0.600,down=0.400",0.0,0.4,0.6,1,0.9993780921581158,1.0010659920582825,0.0016878999001667117,3.2448963891399893,False,10,-2.6952044845888334,0.3322131662936012,0.3081263657273971,0.9274959483546873,0,0,-0.2885831119338036,-6.907159451568715,1,False,317,0.1566771592482069,1.285131212851411,9.745797784852812,0.9783662078902126,,0.3239948817063123,,,101.90469144104533,128.8043855370949
1734763682600,F:\agent\UAV\data\IR-image\1734763682600.jpg,116.17281951691385,38.81176319564028,413.40083218814374,116.1739219,38.8121193,544.13,7.009915113059776,10.800887782747964,0.9716088328075709,0.96,-101.16135407353235,3267.255530308922,lk,413.3220425806453,A_down,0.7783333333333333,A_down,stable,"up=0.000,stable=0.650,down=0.350",0.0,0.35,0.65,1,1.0006142848626842,1.0004009782231815,0.00021330663950269724,3.2562892895510034,False,10,-1.7854427767720995,0.33133715386625306,0.307156243533635,0.9270202268279915,0,0,-0.25048522696306463,-6.96798711474926,1,False,308,-0.027511838419240778,6.67235131715745,10.823777927591806,0.9893490470945835,,0.3646473530679941,,,103.39740831262911,130.72916781185626
1734763682800,F:\agent\UAV\data\IR-image\1734763682800.jpg,116.17285031894386,38.81176155113997,412.0072347651939,116.1739727,38.8121194,544.58,-0.7636404702824962,5.070516251173331,1.0,0.16799999999999998,-100.79572690565399,3025.3007720775067,lk,411.7588787020962,A_down,0.7783333333333333,A_down,stable,"up=0.000,stable=0.650,down=0.350",0.0,0.35,0.65,2,1.0056198614569019,1.000534213166764,0.005085648290137801,3.26795641551741,False,10,-3.1456180843072326,0.3304346855352789,0.30599459354767056,0.9260365419931106,0,3,-0.23888337242527768,-6.96798711474926,2,False,308,-0.3656271678783578,-1.176365425406857,5.514418955320963,0.9688036466017366,,0.38639850937761366,,,105.0734240534131,132.57276523480613
1734763683000,F:\agent\UAV\data\IR-image\1734763683000.jpg,116.17290112218757,38.811731512892514,410.52866294589035,116.1740237,38.8121195,545.04,7.8113305403906566,11.942313341323654,0.9902597402597403,0.5599999999999999,-100.11944672891542,2172.6969106068836,lk,410.3007564285999,A_down,0.7933333333333332,A_down,stable,"up=0.000,stable=0.700,down=0.300",0.0,0.3,0.7,2,1.01032498910278,1.0003901267369646,0.009934862365815311,3.2791336110543035,False,10,-6.693023069794672,0.32964735508303633,0.304911004205705,0.924961172914309,0,0,-0.24883210688295776,-7.021476935791423,1,False,305,-0.6762801767385739,6.818948305464346,12.70325040741514,0.9502269628457725,,0.354099573683925,,,106.40334825327173,134.51133705410962
1734763683200,F:\agent\UAV\data\IR-image\1734763683200.jpg,116.17294850623088,38.811753286914396,409.12436755873205,116.1740748,38.8121197,545.51,-9.202643212983162,8.08809581693032,0.9606557377049181,0.16799999999999998,-99.38906109258438,2935.847180376938,lk,408.26496424929485,A_down,0.7933333333333332,A_down,stable,"up=0.000,stable=0.700,down=0.300",0.0,0.3,0.7,2,1.009439843300922,1.001986765079865,0.007453078221056897,3.292316276715171,False,10,-9.718256679345746,0.3287004915614373,0.3033981251090415,0.923023034336818,0,3,-0.4026918321197286,-7.021476935791423,2,False,293,-0.7303856363310377,-8.892731547226958,8.935674378259108,0.9336596100591124,,0.338189106550999,,,105.750507054535,136.38563244126794
1734763683400,F:\agent\UAV\data\IR-image\1734763683400.jpg,116.17301278779078,38.811765032896176,407.5146998877494,116.174126,38.8121198,546.04,-6.435931473496794,13.12122003581419,0.9965870307167235,0.5599999999999999,-98.79886314548595,2541.7889809094277,lk,407.05251593887454,A_down,0.7933333333333332,A_down,stable,"up=0.000,stable=0.700,down=0.300",0.0,0.3,0.7,2,1.0085761688921773,1.0009891752745805,0.007586993617596738,3.304426306696395,False,10,-12.850686178283132,0.3277883271847044,0.30249710597591667,0.9228428253501032,0,0,-0.49627574007388375,-7.142482328474476,1,False,292,-0.5901979470984345,-6.917254824041947,13.968750842280173,0.9590565133839846,,0.3424615323310718,,,104.20839493567907,138.5253001122506
1734763683600,F:\agent\UAV\data\IR-image\1734763683600.jpg,116.17306272294665,38.81179626702614,405.771714387459,116.1741774,38.8121196,546.58,-12.388318325957982,8.379271636216401,0.9794520547945206,0.96,-98.63042960861249,2418.710696475357,lk,405.1151332384467,A_down,0.7933333333333332,A_down,stable,"up=0.000,stable=0.700,down=0.300",0.0,0.3,0.7,1,1.0030991645616554,1.0014350767617926,0.0016640877998628234,3.318854888248906,False,10,-13.60210607275493,0.32683790073973884,0.30105735892338836,0.9211213211258521,0,0,-0.6327952584294962,-7.32487219657175,1,False,286,-0.16843353687346443,-12.557820707198971,8.426984755897763,0.989681001007557,,0.3934486211219337,,,103.05500110608148,140.80828561254106
1734763683800,F:\agent\UAV\data\IR-image\1734763683800.jpg,116.17311455826115,38.811801684160834,403.99868252425324,116.1742289,38.8121193,547.13,-3.753960679503564,10.200786567271507,0.9790209790209791,0.96,-98.67762355380172,3090.9378080362085,lk,403.3937390160318,A_down,0.7933333333333332,A_down,stable,"up=0.000,stable=0.700,down=0.300",0.0,0.3,0.7,1,1.0015213345431948,1.0007166221552672,0.0008047123879275642,3.3342618895532903,False,10,-15.364741788088963,0.32584873880418996,0.29977812160109074,0.9199916584033009,0,0,-0.7268562392171702,-7.507472913247388,1,False,280,0.047193945189230396,-4.169846639217155,9.893252715651528,0.97895955205895,,0.3730492273316486,,,102.80765415415567,143.13131747574676
1734763684000,F:\agent\UAV\data\IR-image\1734763684000.jpg,116.17317239168716,38.811839799968354,402.26608589292744,116.1742805,38.812119,547.68,-15.150686306722662,9.981103987591837,0.975,0.5599999999999999,-99.11287501746484,2919.0149245178327,lk,401.41879943656033,A_down,0.7783333333333333,A_down,stable,"up=0.000,stable=0.650,down=0.350",0.0,0.35,0.65,2,0.997220550167101,1.002292568803054,0.005072018635952968,3.350270321772974,False,10,-14.464640064552603,0.3248279844304574,0.2983104645203097,0.9183644230756698,0,0,-0.8457101799800739,-7.648871079201298,1,False,273,0.4352514636631154,-14.655636423543854,9.139037893389059,0.9495569854974747,,0.23648723593214527,,,100.90554437307475,145.41391410707251
1734763684200,F:\agent\UAV\data\IR-image\1734763684200.jpg,116.17320463839,38.81182987834017,400.39947760739926,116.1743323,38.8121185,548.19,2.175265300097749,5.8541390508361815,0.9743589743589743,0.96,-99.72083552589633,3189.3045400258516,lk,400.1604466931534,A_down,0.7783333333333333,A_down,stable,"up=0.000,stable=0.650,down=0.350",0.0,0.35,0.65,1,0.9957978600236645,0.9997805835334885,0.003982723509823982,3.3647544958518103,False,10,-12.396774104956616,0.3238429868212527,0.29737533195565896,0.9182701001945652,0,0,-0.8138129331283039,-7.856866456909499,1,False,266,0.6079605084314877,2.7095418942255947,4.775641072713029,0.9550859263166785,,0.2181775999488309,,,102.8409743735235,147.7905223926008
1734763684400,F:\agent\UAV\data\IR-image\1734763684400.jpg,116.17323718224046,38.81182476645468,398.50754762762574,116.1743843,38.8121181,548.72,0.5059794064064818,5.656872811409755,0.9473684210526315,0.96,-99.94034753994084,2085.3718560799125,lk,397.97045399244945,A_down,0.7633333333333332,A_down,transition,"up=0.000,stable=0.600,down=0.400",0.0,0.4,0.6,1,0.9976465542067179,1.0013774407657032,0.003730886558985347,3.3810797806127115,False,10,-11.666942305852553,0.32279128103635146,0.29574786024591326,0.9162201014116218,0,0,-0.8366007268380145,-8.058387270851394,1,False,252,0.21951201404450488,1.2741953832291415,4.742910071178983,0.9787948292680084,,0.32913416059454903,,,104.60605746488402,150.2124523723743
1734763684600,F:\agent\UAV\data\IR-image\1734763684600.jpg,116.17329318626238,38.81183020638284,396.60223890877865,116.1744364,38.8121178,549.21,-4.165387325404652,11.257441324416959,0.9365079365079365,0.96,-99.8693729536039,2830.2822372823584,lk,396.2534796864645,A_down,0.7633333333333332,A_down,transition,"up=0.000,stable=0.600,down=0.400",0.0,0.4,0.6,1,1.0010128484317218,1.0002731905374538,0.0007396578942679977,3.3971728664673284,False,10,-11.763823913630688,0.321926732897716,0.2944719075413894,0.914717162165437,0,0,-0.7897317653919345,-8.245855643430456,1,False,236,-0.07097458633695047,-5.265898433559471,11.235011045296403,0.9621122762560844,,0.3835316861514002,,,104.08685025591173,152.6077610912214
1734763684800,F:\agent\UAV\data\IR-image\1734763684800.jpg,116.1733285456497,38.81182911340241,394.6786916488816,116.1744888,38.8121176,549.64,-0.9571547036923107,6.149148806106211,0.9745762711864406,0.96,-99.6882466629721,3070.4327940684175,lk,394.4173143541767,A_down,0.7633333333333332,A_down,transition,"up=0.000,stable=0.600,down=0.400",0.0,0.4,0.6,1,1.0032840517120434,0.9999749571146768,0.003309094597366613,3.4133598376355954,False,10,-10.813978639156993,0.3211885086504115,0.2931073791885078,0.9125711888638339,0,0,-0.7253597007886583,-8.422875644541413,1,False,230,-0.18112629063180136,-1.1624836820578253,6.282186196084012,0.9875912427902221,,0.407354878843762,,,105.5230249345074,154.96130835111836
1734763685000,F:\agent\UAV\data\IR-image\1734763685000.jpg,116.17337971073202,38.81183942243872,392.8199964891166,116.1745412,38.8121174,550.12,-5.498426124004311,9.750730928089524,0.9217391304347826,0.5599999999999999,-99.18316525499237,2197.1706776613,lk,392.3004644385836,A_down,0.7483333333333333,A_down,transition,"up=0.000,stable=0.550,down=0.450",0.0,0.45,0.55,2,1.0097363242619837,1.0013742327793527,0.008362091482631007,3.4301970658995997,False,10,-10.53750378046534,0.3202754592751288,0.29153426282592915,0.9102610093378717,0,0,-0.7014873243036845,-8.53608130162566,1,False,212,-0.5050814079797292,-6.816309291027039,9.612646431407313,0.9662941241636872,,0.3578900706488639,,,105.27595546941245,157.3000035108834
1734763685200,F:\agent\UAV\data\IR-image\1734763685200.jpg,116.17343516157551,38.81183786802746,390.9305431978629,116.1745938,38.8121174,550.61,-1.5206452144157652,11.574783687534591,0.9528301886792453,0.5599999999999999,-98.77823214473273,2366.440842721462,lk,390.58512581906734,A_down,0.7633333333333332,A_down,transition,"up=0.000,stable=0.600,down=0.400",0.0,0.4,0.6,2,1.0064851750507016,1.000901406754497,0.00558376829620455,3.446226833037662,False,10,-9.36968242714651,0.31925314262756394,0.29025952566584656,0.9091829865069146,0,0,-0.6448595623749611,-8.65314899572456,1,False,202,-0.4049331102596479,-1.817739833963401,11.761026619106303,0.9550308860838413,,0.36399675451684743,,,105.09085145350217,159.6794568021371
1734763685400,F:\agent\UAV\data\IR-image\1734763685400.jpg,116.17348002431494,38.81184813057853,388.93337738457996,116.1746466,38.8121174,551.09,-5.137884693319677,8.115458219472487,0.995049504950495,0.96,-98.57327129376696,2934.802674923986,lk,388.59738224377804,A_down,0.7633333333333332,A_down,transition,"up=0.000,stable=0.600,down=0.400",0.0,0.4,0.6,1,1.001844860144232,1.0013582456364016,0.0004866145078303852,3.462934867933512,False,10,-6.7715026005627115,0.3181783872083349,0.2887823534204905,0.9076114690071748,0,0,-0.6159298818608363,-8.821566802132145,1,False,201,-0.20496085096575928,-4.453177792109216,8.022054020422502,0.9720499385148287,,0.37524417706299573,,,105.41821262312253,162.15662261542008
1734763685600,F:\agent\UAV\data\IR-image\1734763685600.jpg,116.17352952234673,38.81183705862486,386.9481807265245,116.1746996,38.8121173,551.6,2.07640923633528,10.489797247923264,0.9601990049751243,0.96,-98.5720215882738,2201.8383189469214,lk,386.7551598309703,A_down,0.7783333333333333,A_down,stable,"up=0.000,stable=0.650,down=0.350",0.0,0.35,0.65,1,1.0004280532764755,1.0006610418552824,0.00023298857880682533,3.4806584512520162,False,10,-5.720425019307491,0.3171128095813674,0.28741332380731405,0.9063440993971175,0,0,-0.5637580203456309,-8.961592191056658,1,False,193,-0.0012497054931713025,2.862467376927441,10.110406087371729,0.9783224198035896,,0.39278275368269533,,,106.06120283325322,164.6518192734755
1734763685800,F:\agent\UAV\data\IR-image\1734763685800.jpg,116.17357654392,38.81180831515335,385.1558622883132,116.1747527,38.8121173,552.1,8.317759281564122,10.761037335943172,0.982,0.288,-98.65099426341547,2373.6227599691974,lk,384.76897739959804,A_down,0.7783333333333333,A_down,stable,"up=0.000,stable=0.650,down=0.350",0.0,0.35,0.65,1,1.0003982320253206,1.0006424971362806,0.0002442651109599847,3.4983271519336054,False,10,-5.264671301310774,0.3160901212941069,0.28593731171082937,0.9046069220391049,0,3,-0.5031505208448266,-8.961592191056658,2,False,491,0.07897267514166614,8.025364320407675,10.579319176992271,0.9887214435264469,,0.3748024858068675,,,107.54279843059346,166.94413771168684
1734763686000,F:\agent\UAV\data\IR-image\1734763686000.jpg,116.17362287505324,38.81178914828283,383.13808923635486,116.174806,38.8121173,552.57,4.9360001465615255,10.104219736865389,0.9877800407331976,0.96,-99.04488142732056,2475.1990799970836,lk,382.95512261679914,A_down,0.7783333333333333,A_down,stable,"up=0.000,stable=0.650,down=0.350",0.0,0.35,0.65,1,1.0005332731161931,1.0004374530244031,9.582009178998874e-05,3.514408676113196,False,10,-6.492122552452959,0.3150222481949502,0.28458936322513656,0.9033944899314527,0,0,-0.4709580256057393,-9.101044516005851,1,False,485,0.39388716390509737,5.3718560437264955,9.871875669578259,0.9784963821060956,,0.2669788803032134,,,108.81120394513889,169.4319107636452
1734763686200,F:\agent\UAV\data\IR-image\1734763686200.jpg,116.17366014069759,38.81177580810667,381.11445596692795,116.1748594,38.8121172,553.04,3.250470964061549,7.3291026097771805,0.9814432989690721,0.96,-99.36839383432712,2629.5858222208826,lk,380.7565248624795,A_down,0.7783333333333333,A_down,stable,"up=0.000,stable=0.650,down=0.350",0.0,0.35,0.65,1,1.001603110581053,1.0006815111246232,0.000921599456429778,3.5334338782213313,False,10,-8.630155491823553,0.3139992642620463,0.28295549675374815,0.9011342667274828,0,0,-0.48691758753193426,-9.22700071211362,1,False,476,0.32351240700655426,3.5376874550497064,7.005243612825581,0.9694719082675874,,0.29324734752299264,,,110.62572686006173,171.92554403307201
1734763686400,F:\agent\UAV\data\IR-image\1734763686400.jpg,116.17370477698027,38.8117582863376,379.0750514454091,116.174913,38.8121171,553.55,4.390072939792503,9.587035154594275,0.9705882352941176,0.96,-99.34585843847219,2957.074500351213,lk,378.7126179112728,A_down,0.7933333333333332,A_down,stable,"up=0.000,stable=0.700,down=0.300",0.0,0.3,0.7,1,1.0002296709540057,1.0004187882154867,0.00018911726148096442,3.552652997440645,False,10,-9.54108905102623,0.3130188574260155,0.28143658724351445,0.8991042570335694,0,0,-0.49830995925060506,-9.348771411046826,1,False,462,-0.02253539585493131,3.9422659872088275,9.480635751852958,0.9782832993660122,,0.3994219430605881,,,112.03075283825638,174.47494855459087
1734763686600,F:\agent\UAV\data\IR-image\1734763686600.jpg,116.17374657939018,38.81175841616086,377.00594874319256,116.1749667,38.8121171,554.05,-1.6772798975976002,7.795811865402527,0.9783549783549783,0.96,-99.21827584321694,2911.9782035624607,lk,376.60027874446024,A_down,0.7933333333333332,A_down,stable,"up=0.000,stable=0.700,down=0.300",0.0,0.3,0.7,1,1.0012792129192942,1.0006667591252303,0.0006124537940639385,3.572360711896229,False,10,-9.586993450767386,0.3119660915419743,0.2798668229998847,0.8971065464729499,0,0,-0.5241235180131412,-9.475722176938431,1,False,452,-0.12758259525524798,-1.8676977943448492,7.730007026969901,0.9914415935985744,,0.42476369673386216,,,112.98951849568785,177.0440512568074
1734763686800,F:\agent\UAV\data\IR-image\1734763686800.jpg,116.17380255367272,38.811788444655164,375.11080430780487,116.1750206,38.8121171,554.57,-12.820790792714092,10.05591879346224,0.8893805309734514,0.288,-98.905836499625,2289.7512633255783,lk,374.74780156967404,A_down,0.7933333333333332,A_down,stable,"up=0.000,stable=0.700,down=0.300",0.0,0.3,0.7,1,1.0014747319161754,0.999570116326869,0.0019046155893064354,3.591949907282784,False,10,-8.873288369275157,0.310987115347483,0.2784901726603904,0.895503893623432,0,3,-0.4839135171791895,-9.475722176938431,2,False,402,-0.3124393435919505,-14.129579454264046,9.939140618963194,0.9751457378268242,,0.38861364632612094,,,111.68465538704905,179.45919569219518
1734763687000,F:\agent\UAV\data\IR-image\1734763687000.jpg,116.17385799495442,38.8117977371034,372.9859662451419,116.1750746,38.8121172,555.08,-5.392431649430193,11.094548345248825,0.9502487562189055,0.96,-98.62199895775942,2224.293038344299,lk,372.67628502444353,A_down,0.7783333333333333,A_down,stable,"up=0.000,stable=0.650,down=0.350",0.0,0.35,0.65,1,1.0026371105132368,1.0012176939220176,0.0014194165912191359,3.61034998692866,False,10,-6.2483997842302275,0.30993129883738574,0.27695074534971986,0.8935875350073306,0,0,-0.4980478644555433,-9.619032026097335,1,False,382,-0.28383754186558224,-5.720600087629066,10.807322349503494,0.9756641443818808,,0.38444353683735244,,,111.23602706349419,182.09403375485812
1734763687200,F:\agent\UAV\data\IR-image\1734763687200.jpg,116.17391158307069,38.81179998054907,370.85438551933925,116.1751288,38.8121173,555.56,-2.7786188632644553,10.980069444147887,0.9712041884816754,0.96,-98.47249015533683,2558.2259910500716,lk,370.5839131095409,A_down,0.7783333333333333,A_down,stable,"up=0.000,stable=0.650,down=0.350",0.0,0.35,0.65,1,1.0007714351840706,1.0014670353672435,0.0006956001831728287,3.631346032521021,False,10,-4.1292957627508295,0.30873625976834695,0.2753958195745445,0.8920099627467837,0,0,-0.49956029971025373,-9.748389739981318,1,False,371,-0.14950880242259257,-2.4106907633445758,10.969581923584684,0.9502325695008039,,0.3788924655673327,,,111.21041754129895,184.7056144806607
1734763687400,F:\agent\UAV\data\IR-image\1734763687400.jpg,116.17396239575886,38.811801168317366,368.71895718718514,116.1751831,38.8121174,556.02,-2.2824168633944737,10.272027736074904,0.9595687331536388,0.96,-98.44331109895379,3111.9483307282544,lk,368.49855817080925,A_down,0.7633333333333332,A_down,transition,"up=0.000,stable=0.600,down=0.400",0.0,0.4,0.6,1,1.0017584443753278,1.00109882562787,0.0006596187474579018,3.6524052926454122,False,10,-4.07381787338133,0.3076413046305161,0.2738461083967523,0.8901474030792043,0,0,-0.47872035939616353,-9.865294846794866,1,False,356,-0.029179056383042228,-2.026806842053645,10.21792499295995,0.9856364774517715,,0.4052887731231749,,,111.45878296625989,187.30104281281484
1734763687600,F:\agent\UAV\data\IR-image\1734763687600.jpg,116.17399452218025,38.81178400695949,366.74589821782615,116.1752375,38.8121174,556.52,5.061337297059424,6.045827533211877,0.9971910112359551,0.288,-98.64757166653192,2925.5635938873047,lk,366.30522918387953,A_down,0.7633333333333332,A_down,transition,"up=0.000,stable=0.600,down=0.400",0.0,0.4,0.6,1,0.9997335099581841,1.001369407497922,0.0016358975397379183,3.6737798528221606,False,10,-3.7980029462877067,0.3065754185406528,0.27221615735844706,0.8879255833825125,0,3,-0.46346444397937603,-9.865294846794866,2,False,355,0.20426056757812652,5.688255656946637,5.834981321619608,0.9928278336301446,,0.35299457563087344,,,113.89847710709098,189.77410178217383
1734763687800,F:\agent\UAV\data\IR-image\1734763687800.jpg,116.17404303912046,38.81177189163887,364.56305425832943,116.1752921,38.8121174,557.05,2.5230406389472364,10.382567442980587,0.9887323943661972,0.96,-98.78525204959972,2501.1153080209992,lk,364.3790609980473,A_down,0.7483333333333333,A_down,transition,"up=0.000,stable=0.550,down=0.450",0.0,0.45,0.55,1,0.9999962541923024,1.0011645738281039,0.0011683196358014403,3.693437104155026,False,10,-3.632457402546855,0.30545279887668775,0.27078474426303056,0.8865027436607226,0,0,-0.43983784789838865,-9.994930673624745,1,False,351,0.13768038306779667,2.8570738006386023,10.21696348645105,0.9876711369492114,,0.37122076138621196,,,114.8406122985844,192.48694574167052
1734763688000,F:\agent\UAV\data\IR-image\1734763688000.jpg,116.1740839439702,38.81174852414352,362.3912718529439,116.1753468,38.8121175,557.62,6.893604413074627,8.908801678238888,0.9829059829059829,0.96,-99.00942005692615,2198.2126667637285,lk,362.20110615454996,A_down,0.7483333333333333,A_down,transition,"up=0.000,stable=0.550,down=0.450",0.0,0.45,0.55,1,0.9992625250774428,1.001133567110792,0.0018710420333490907,3.715702199528346,False,10,-3.1539859295859163,0.3041545646573732,0.26916621836942545,0.8849652434861145,0,0,-0.41420966297891937,-10.10195065337062,1,False,345,0.22416800732643014,7.472112846100686,8.503252318404094,0.974337818287313,,0.3385099991573952,,,116.85814521046045,195.22872814705613
1734763688200,F:\agent\UAV\data\IR-image\1734763688200.jpg,116.17413494650614,38.81174549888935,360.30083768129,116.1754015,38.8121175,558.24,-0.9904480855634574,10.599785015804002,0.9710144927536232,0.384,-99.31750325187303,3652.6187261290747,lk,360.22967187907716,A_down,0.7333333333333333,A_down,transition,"up=0.050,stable=0.500,down=0.450",0.05,0.45,0.5,1,1.0026882958807466,0.9989502496827152,0.0037380461980314195,3.7376253808943622,False,10,-3.5215350105034404,0.30294761554247907,0.267701166221113,0.8836549703213498,0,0,-0.3452267918571579,-10.145952175086409,1,False,335,0.3080831949468872,-1.901329103678222,10.846536247118848,0.9246253017801791,,0.29090857331175357,,,117.2763970642161,197.93916231871003
1734763688400,F:\agent\UAV\data\IR-image\1734763688400.jpg,116.17418313623853,38.811722400690755,358.13580658061477,116.1754564,38.8121174,558.88,6.410885046829208,11.03324671640894,0.9671641791044776,0.96,-99.50142874995969,2723.9518901532883,lk,357.9867928615787,A_down,0.7483333333333333,A_down,transition,"up=0.050,stable=0.550,down=0.400",0.05,0.4,0.55,1,1.0029985168492572,1.0003397174053201,0.0026587994439370988,3.7592358269768744,False,10,-4.480389883280949,0.3017772324496525,0.26603439256100553,0.8815588585046416,0,0,-0.3156456609261795,-10.230411416219864,1,False,324,0.18392549808665845,5.876973569145662,10.716188922913659,0.9594595545902849,,0.3453683839470614,,,118.74259410991995,200.74419341938523
1734763688600,F:\agent\UAV\data\IR-image\1734763688600.jpg,116.17423123104174,38.81174902490217,356.0897242973708,116.1755113,38.8121173,559.52,-11.774120751177804,7.94182923880021,1.0,0.288,-99.70910800110549,3871.496720535448,lk,355.88719770605667,A_down,0.7483333333333333,A_down,transition,"up=0.050,stable=0.550,down=0.400",0.05,0.4,0.55,1,0.9974832103010864,1.000262814511915,0.002779604210828568,3.781905818997898,False,10,-3.1149222471665636,0.30041774026223955,0.2644740989050345,0.8803544646670024,0,3,-0.27942915956543857,-10.230411416219864,2,False,324,0.20767925114580463,-10.978646586306013,8.103752224428547,0.9505637547932565,,0.3090303640929051,,,118.22874755392678,203.43027570262916
1734763688800,F:\agent\UAV\data\IR-image\1734763688800.jpg,116.17427300863662,38.811764841035156,353.8876609714373,116.1755663,38.8121173,560.22,-7.5186268278193324,6.831813231075273,0.9814814814814815,0.96,-99.68731171216719,3031.3775550741607,lk,353.5775257947678,A_down,0.7333333333333333,A_down,transition,"up=0.050,stable=0.500,down=0.450",0.05,0.45,0.5,1,1.0031154301213985,1.001598765128633,0.0015166649927653708,3.8041909379411867,False,10,-3.671033185822118,0.29904429306070024,0.2627576887575446,0.8786580946529211,0,0,-0.31769933857827937,-10.325220267108635,1,False,318,-0.021796288938309517,-7.1924615610858496,6.3780216833242775,0.9855411767959594,,0.38901651464402676,,,118.71196100678628,206.33233902856273
1734763689000,F:\agent\UAV\data\IR-image\1734763689000.jpg,116.17434216407962,38.81174689618864,351.82261691801557,116.1756214,38.8121174,560.86,3.637908968665613,16.80886923508882,0.9559748427672956,0.288,-99.45034115019493,2232.0429098434656,lk,351.4160756429875,A_down,0.7333333333333333,A_down,transition,"up=0.050,stable=0.500,down=0.450",0.05,0.45,0.5,1,0.9998464695419396,1.0015527913708409,0.0017063218289012916,3.8284545906925374,False,10,-2.6762241223429424,0.2978428982379843,0.2611514281645677,0.8768093169570921,0,3,-0.3384883319142773,-10.325220267108635,2,False,304,-0.2369705619722549,4.549754387535472,16.524202345421628,0.9452442891895771,,0.3591794380918145,,,118.24715646191095,209.03738308198444
1734763689200,F:\agent\UAV\data\IR-image\1734763689200.jpg,116.17438230831908,38.811721672753855,349.6745284930875,116.1756766,38.8121174,561.41,7.708853141756549,8.93430219306697,0.993421052631579,0.384,-99.6004275602605,3242.6752587354845,lk,349.6500812536561,A_down,0.7333333333333333,A_down,transition,"up=0.050,stable=0.500,down=0.450",0.05,0.45,0.5,1,0.999858202700865,0.999294112549708,0.0005640901511569929,3.8504339063526563,False,10,-2.3434906029637963,0.29656159610078614,0.2598390466633496,0.8761722693691046,0,0,-0.27981052178006394,-10.374495806116082,1,False,302,0.15008641006556664,6.4753179846129,8.935743477512204,0.9311736058443785,,0.3608458288363181,,,120.46674469308681,211.73547150691246
1734763689400,F:\agent\UAV\data\IR-image\1734763689400.jpg,116.17442013293915,38.811713447038194,347.53372920338006,116.1757319,38.8121173,562.03,1.4759167700852913,7.220968493681312,0.9668874172185431,0.384,-99.9297031600967,2979.235516756437,lk,347.50326037450986,A_down,0.7483333333333333,A_down,transition,"up=0.050,stable=0.550,down=0.400",0.05,0.4,0.55,1,0.9984775778062349,0.9992397616718954,0.0007621838656605151,3.8737742665937027,False,10,-1.1945177022000635,0.29510988389365134,0.258243657671606,0.8750762741808715,0,0,-0.22754902108295028,-10.41281070567769,1,False,292,0.3292755998361999,0.7186310775884976,7.1280319304302395,0.9618799079209566,,0.30723549937829375,,,122.20663956168606,214.4962707966199
1734763689600,F:\agent\UAV\data\IR-image\1734763689600.jpg,116.17445088783832,38.811711975704526,345.34198945558444,116.1757872,38.8121173,562.66,-0.6865733960221405,4.735744201095088,0.9897260273972602,0.96,-99.97873462020978,3359.1421202924475,lk,345.27279328236665,A_down,0.7483333333333333,A_down,transition,"up=0.050,stable=0.550,down=0.400",0.05,0.4,0.55,1,1.0000255463704362,1.0006603861092325,0.0006348397387963001,3.8977290299901903,False,10,-1.2876696282904512,0.2937896433649486,0.2565861078127344,0.8733667561385082,0,0,-0.2139750236762552,-10.475417765917038,1,False,289,0.049031460113085824,-0.09670100282312433,4.363334073743658,0.9859630325809121,,0.37790112994844094,,,124.24625314312664,217.31801054441553
1734763689800,F:\agent\UAV\data\IR-image\1734763689800.jpg,116.17451864647533,38.811738202187364,343.1529359558313,116.1758426,38.8121173,563.26,-12.953709128573564,13.757294687958279,0.9411764705882353,0.96,-99.87263771192708,3566.394294304252,lk,342.97635419112396,A_down,0.7333333333333333,A_down,transition,"up=0.050,stable=0.500,down=0.450",0.05,0.45,0.5,1,1.0019314086975952,1.0010122772978465,0.0009191313997487516,3.9229046455573533,False,10,-1.939937434011391,0.29232082100721846,0.25487953150636117,0.871917130733795,0,0,-0.22530654618179824,-10.530764533134294,1,False,272,-0.10609690828268899,-12.694094039041033,13.620232450860414,0.9803704015910626,,0.4124956097221002,,,122.21269786318331,220.10706404416868
1734763690000,F:\agent\UAV\data\IR-image\1734763690000.jpg,116.17454918669645,38.81170566452422,340.97123482660214,116.175898,38.8121173,563.85,11.069639318447855,6.7194474576090215,0.9816176470588235,0.96,-99.92402690432877,3966.1824095485267,lk,340.96324083259833,A_down,0.7333333333333333,A_down,transition,"up=0.050,stable=0.500,down=0.450",0.05,0.45,0.5,1,0.9995845869681854,0.9998927179033397,0.0003081309351542494,3.947817523157486,False,10,-2.0367657283848164,0.2908968942458878,0.2533835059541032,0.8710423210635054,0,0,-0.18983671173174343,-10.576798261525608,1,False,267,0.05138919240169301,10.908391120099395,6.7107779734919575,1.0041799968108536,,0.41835398238617927,,,125.51046927359684,222.87876517339788
1734763690200,F:\agent\UAV\data\IR-image\1734763690200.jpg,116.17459600736821,38.81169709200503,338.80748121798035,116.1759534,38.8121173,564.49,1.2316811096667948,9.943253139297326,0.9550561797752809,0.5599999999999999,-99.59822723087224,3587.903399633019,lk,338.615235241821,A_down,0.7333333333333333,A_down,transition,"up=0.050,stable=0.500,down=0.450",0.05,0.45,0.5,2,1.0064574283739596,1.0005993785701381,0.00585804980382143,3.9733151852098474,False,10,-3.2851010452753595,0.28952093954316854,0.2516386085066886,0.8691551253727832,0,0,-0.1862849414354173,-10.607193094524915,1,False,255,-0.3257996734565363,0.9832600691938183,9.641331516645977,0.9749836243689061,,0.38021049613598734,,,126.55175765256699,225.68251878201966
1734763690400,F:\agent\UAV\data\IR-image\1734763690400.jpg,116.1746548993745,38.811691940280234,336.6256108959855,116.1760089,38.8121174,565.1,-0.45295875932055196,13.338380835338455,0.9490196078431372,0.5599999999999999,-98.64472479914267,3435.315995924836,lk,336.36263658895774,A_down,0.7333333333333333,A_down,transition,"up=0.050,stable=0.500,down=0.450",0.05,0.45,0.5,2,1.0141855106205901,1.0004888225288928,0.013696688091697329,3.999266523990158,False,10,-6.9418830615332645,0.28809783861390226,0.2499646117943855,0.8676379281323889,0,0,-0.21408766208622865,-10.645282976149801,1,False,242,-0.9535024317295686,-1.1143516998604355,13.409275220734628,0.9072716511785984,,0.3426170729799196,,,126.49591657786462,228.4743891040145
1734763690600,F:\agent\UAV\data\IR-image\1734763690600.jpg,116.1747049574223,38.811700335231876,334.410964436967,116.1760645,38.8121177,565.67,-5.098637973582413,10.01561559056671,0.9710743801652892,0.5599999999999999,-97.75861410500812,3539.239582354119,lk,334.04151831150654,A_down,0.7333333333333333,A_down,transition,"up=0.050,stable=0.500,down=0.450",0.05,0.45,0.5,2,1.0091283970926053,1.000575695923198,0.008552701169407317,4.026288844640632,False,10,-10.677191176855498,0.28667531775907173,0.24823969539155402,0.8659262936622264,0,0,-0.28282111760353246,-10.698861642013554,1,False,235,-0.8861106941345452,-4.918646727008934,9.913196844474726,0.9298473647329957,,0.3485744634526782,,,126.60866315996778,231.25903556303297
1734763690800,F:\agent\UAV\data\IR-image\1734763690800.jpg,116.17476269642668,38.811700842019405,332.1076729846303,116.1761201,38.8121177,566.25,-2.3228366087329277,12.777881242340072,0.9446808510638298,0.96,-97.52262103029065,3670.502622721632,lk,331.6482904711963,A_down,0.7333333333333333,A_down,transition,"up=0.050,stable=0.500,down=0.450",0.05,0.45,0.5,1,1.0011269555380737,1.0007501844493862,0.00037677108868749976,4.0544767777786,False,10,-9.967254477496333,0.28526333746798294,0.24646119147059176,0.8639778026093303,0,0,-0.38101258747536804,-10.800286455080881,1,False,222,-0.23599307471746667,-2.717303271041885,12.462237157083223,0.9745702874846757,,0.39269664511084557,,,126.4155752413414,234.1423270153697
1734763691000,F:\agent\UAV\data\IR-image\1734763691000.jpg,116.17481300301212,38.81173738830445,329.9476156936141,116.1761758,38.8121175,566.77,-16.083459144259848,8.64146661553292,0.9864864864864865,0.288,-97.75893916653095,3317.587987315618,lk,329.3854016433138,A_down,0.7483333333333333,A_down,transition,"up=0.050,stable=0.550,down=0.400",0.05,0.4,0.55,1,0.9985918412081491,1.0005303160632144,0.0019384748550652642,4.083809085267039,False,10,-9.49544323655074,0.28377242998944235,0.24477954771511506,0.8625910125385401,0,3,-0.4412657284236161,-10.800286455080881,2,False,219,0.23631813624029546,-15.227601279639543,8.574533038216742,0.9676620968151838,,0.2779759003169602,,,125.4150375603423,236.82238430638586
1734763691200,F:\agent\UAV\data\IR-image\1734763691200.jpg,116.17485388912843,38.81174803200225,327.5474281053522,116.1762315,38.8121172,567.3,-5.692188347101194,7.116125092637219,0.9817351598173516,0.96,-98.37685248294073,3709.8478249810637,lk,327.22398595943696,A_down,0.7633333333333332,A_down,transition,"up=0.050,stable=0.600,down=0.350",0.05,0.35,0.6,1,1.001151984591374,1.0004354598978131,0.0007165246935607605,4.111311150964533,False,10,-9.844686794020172,0.2821960419986313,0.24317331273662426,0.861717659164772,0,0,-0.4853970652513908,-10.946020702443565,1,False,215,0.617913316409783,-5.6292103772711926,6.765968990310057,0.9378998789470643,,0.19998658876284026,,,126.22323795339217,239.75257189464776
1734763691400,F:\agent\UAV\data\IR-image\1734763691400.jpg,116.17489936820714,38.81176319634593,325.12820215788463,116.1762871,38.8121169,567.85,-7.745862313646171,8.226678179195403,0.9813953488372092,0.96,-98.76997077282563,3728.573128132187,lk,324.72899863324324,A_down,0.7783333333333333,A_down,stable,"up=0.050,stable=0.650,down=0.300",0.05,0.3,0.65,1,1.0007875348478623,1.0006410473938463,0.00014648745401601992,4.1427670037432405,False,10,-10.500142393277567,0.28065170512169957,0.24131918724650317,0.8598529167740472,0,0,-0.5412539481674798,-11.086526172798388,1,False,211,0.39311828988489966,-7.467660996737038,7.983589109642281,0.9408707600552588,,0.2576455898815766,,,126.5076868907689,242.7217978421154
1734763691600,F:\agent\UAV\data\IR-image\1734763691600.jpg,116.17494039878818,38.8117824584569,322.6827820795661,116.1763428,38.8121167,568.39,-9.183597404750287,6.614927877709647,0.981042654028436,0.96,-98.88412646562011,3754.455125291935,lk,322.288012815347,A_down,0.7933333333333332,A_down,stable,"up=0.050,stable=0.700,down=0.250",0.05,0.25,0.7,1,1.0007689186183406,1.0005591054446106,0.0002098131737300335,4.174692248119655,False,10,-10.653278605471327,0.27917849783013754,0.23950519245042934,0.8578926898451653,0,0,-0.5779090852099671,-11.228600902859254,1,False,207,0.11415569279448935,-9.07878272164129,6.38803835337194,0.9774311661720276,,0.3662180594401434,,,127.06656806131775,245.7072179204339
1734763691800,F:\agent\UAV\data\IR-image\1734763691800.jpg,116.1749558972098,38.811781580593056,320.4370618989943,116.1763985,38.8121167,568.92,30.91957442594486,11.837443240257102,0.466,0.192,-98.66372706936623,2815.9610070753006,orb+phase,319.58154316024866,A_down,0.7933333333333332,A_down,stable,"up=0.050,stable=0.700,down=0.250",0.05,0.25,0.7,1,1.0030514638713401,1.001936321578822,0.0011151422925181897,4.208059254489113,False,10,-10.917673859232773,0.27772045900505515,0.23749390593082503,0.8551545204183251,0,1,-0.659952247909871,-11.228600902859254,3,True,466,-0.22039939625388263,30.91957442594486,11.837443240257102,0.9188829110004008,,0.3553915868396871,,,130.4293006971522,248.4829381010057
1734763692000,F:\agent\UAV\data\IR-image\1734763692000.jpg,116.17499749583719,38.81176998817276,317.8659407567326,116.1764542,38.8121167,569.42,3.0269552833671014,8.757408432061936,0.9899193548387096,0.96,-98.7144618146473,3049.7348112975715,lk,317.48993670970015,A_down,0.8083333333333332,A_down,stable,"up=0.050,stable=0.750,down=0.200",0.05,0.2,0.75,1,1.0010658444520986,1.0008593912815198,0.00020645317057876866,4.2381379050264085,False,10,-11.295939520213633,0.2761732824621322,0.2359395490030165,0.8543170682535796,0,0,-0.6837344163800481,-11.429544558582661,1,False,491,0.05073474528105505,2.952818672912599,8.763574744779731,0.9626972451806068,,0.4067860924405977,,,131.971432903817,251.55405924326737
1734763692200,F:\agent\UAV\data\IR-image\1734763692200.jpg,116.1750468188718,38.81178310409213,315.2912815144163,116.17651,38.8121167,569.93,-7.2187026199757724,9.689391765053585,0.9775967413441955,0.96,-98.62548015900954,3746.994443812928,lk,314.8654901214576,A_down,0.8083333333333332,A_down,stable,"up=0.000,stable=0.750,down=0.250",0.0,0.25,0.75,1,1.0012466336411745,1.001482537979273,0.00023590433809839162,4.273442452428518,False,10,-9.619166569156938,0.2746209639856484,0.233989217125321,0.8520442639533856,0,0,-0.6954766835623332,-11.608603151579198,1,False,480,-0.08898165563775727,-6.950597052436933,9.78039191871295,0.9753949297592044,,0.37112204646109603,,,132.09128161786248,254.63871848558364
1734763692400,F:\agent\UAV\data\IR-image\1734763692400.jpg,116.17510294624729,38.81179883422537,312.72767091135137,116.1765658,38.8121166,570.43,-8.609457400456051,11.705565180424742,0.9770833333333333,0.96,-98.57448260797327,3625.670087783189,lk,312.60616049803696,A_down,0.8083333333333332,A_down,stable,"up=0.000,stable=0.750,down=0.250",0.0,0.25,0.75,1,1.0002294162725054,1.0006273349752979,0.000397918702792488,4.308115727504298,False,10,-5.3058711207232925,0.27303113287759967,0.23231021835791618,0.8508561492951108,0,0,-0.6193106227039493,-11.760839864725053,1,False,469,-0.05099755103627941,-8.283543835401645,11.784724061152787,0.967835528543219,,0.3932218973641284,,,131.5804750061478,257.7023290886486
1734763692600,F:\agent\UAV\data\IR-image\1734763692600.jpg,116.17514607754863,38.81180077339243,310.16670549818366,116.1766216,38.8121166,570.97,-2.451935253357533,8.470593794220179,1.0,0.96,-98.7562006592479,2987.1028679564233,lk,310.04402842157367,A_down,0.7933333333333332,A_down,stable,"up=0.000,stable=0.700,down=0.300",0.0,0.3,0.7,1,0.9997935254391789,1.0013603255712717,0.0015668001320928715,4.343114551467482,False,10,-2.4131086550400247,0.2715004508107388,0.230406194901703,0.8486401927277744,0,0,-0.5423153273748085,-11.894228903102443,1,False,469,0.18171805127462262,-2.123860731326886,8.274215179990279,0.974951901845634,,0.3595750230597332,,,132.58087169013507,260.80329450181637
1734763692800,F:\agent\UAV\data\IR-image\1734763692800.jpg,116.17519554992658,38.81180052340363,307.6154152186091,116.1766773,38.8121164,571.53,-1.9334685519665413,10.637386592798748,0.9786780383795309,0.96,-99.05806369388804,2775.670015690838,lk,307.52999205908674,A_down,0.8083333333333332,A_down,stable,"up=0.000,stable=0.750,down=0.250",0.0,0.25,0.75,1,1.000502101580424,1.0009610302033682,0.0004589286229441658,4.378544942114205,False,10,-2.2022588102749117,0.269975481316228,0.22853791330610485,0.8465135877965656,0,0,-0.46178600338646447,-12.005756754755783,1,False,459,0.3018630346401483,-1.6129878687718247,10.487096834480155,0.9754038381623105,,0.32128897646907717,,,133.10272797390942,263.9145847813909
1734763693000,F:\agent\UAV\data\IR-image\1734763693000.jpg,116.17523811107003,38.81179271237737,305.0611940734078,116.1767331,38.8121162,572.09,1.4825324372719706,8.963381930943626,0.9869281045751634,0.96,-99.22447599186003,4123.386464188658,lk,304.9007171722677,A_down,0.8233333333333333,A_down,stable,"up=0.000,stable=0.800,down=0.200",0.0,0.2,0.8,1,1.0022446334796675,1.0009781911630948,0.0012664423165726912,4.414757283410914,False,10,-3.2882725631158483,0.26843369229526926,0.2265839933254276,0.844096698100743,0,0,-0.40905278675307954,-12.105508211299261,1,False,453,0.16641229797198542,0.9340308693467136,8.826281040526794,0.9746603464242071,,0.34188798611285165,,,134.43345350675764,267.0288059265922
1734763693200,F:\agent\UAV\data\IR-image\1734763693200.jpg,116.17527281928753,38.811781654768176,302.50600435147953,116.1767887,38.812116,572.66,3.2150598713545264,6.699140013860131,0.9801324503311258,0.96,-99.38082520248352,3579.7140936352216,lk,302.33507067367503,A_down,0.8233333333333333,A_down,stable,"up=0.000,stable=0.800,down=0.200",0.0,0.2,0.8,1,1.0014199162628843,1.000912739366149,0.0005071768967352952,4.451647154419961,False,10,-3.340638862803722,0.26686777939105927,0.224677358160696,0.8419051512077117,0,0,-0.3607385284104794,-12.193278195124575,1,False,444,0.15634921062348403,2.9573733773607955,6.551375781767433,0.9783199647441506,,0.3657209211960435,,,136.50233897199237,270.15399564852044
1734763693400,F:\agent\UAV\data\IR-image\1734763693400.jpg,116.1753169960716,38.811779192978115,299.94347485586604,116.1768444,38.8121158,573.23,-0.817839711639408,9.19131345271444,0.972972972972973,0.96,-99.25750359118156,3285.368556784243,lk,299.73639981060205,A_down,0.8233333333333333,A_down,stable,"up=0.000,stable=0.800,down=0.200",0.0,0.2,0.8,1,1.0022559895718501,1.0009580178514912,0.001297971720358948,4.489469688202929,False,10,-3.7470306467586036,0.26525424573302003,0.2227461812616898,0.8397459601302109,0,0,-0.3346143146717395,-12.274521161274471,1,False,432,-0.12332161130195456,-0.9220795450935952,9.183175546824543,0.9937178825028241,,0.41440253134351224,,,137.53151611716234,273.286525144134
1734763693600,F:\agent\UAV\data\IR-image\1734763693600.jpg,116.1753558234112,38.811799844230904,297.48857062361117,116.1769001,38.8121158,573.77,-10.152672978620217,5.948335385131486,0.9675925925925926,0.288,-99.08227904081056,3054.789867671393,lk,297.1291572313761,A_down,0.8083333333333332,A_down,stable,"up=0.000,stable=0.750,down=0.250",0.0,0.25,0.75,1,1.0022157382340176,1.0010260797949673,0.0011896584390502785,4.5282953976632605,False,10,-4.138926596637775,0.2636158938312896,0.22080863437545098,0.8376150283137532,0,3,-0.32575162213487374,-12.274521161274471,2,False,418,-0.17522455037100215,-10.402491695007711,5.944272550516729,0.9924807718023658,,0.39778673177352175,,,138.33786876181676,276.2814293763888
1734763693800,F:\agent\UAV\data\IR-image\1734763693800.jpg,116.17539937736467,38.8118045313546,294.8779937317416,116.1769557,38.8121157,574.31,-3.705995570047719,8.601414813026224,0.9521531100478469,0.96,-98.86310886807563,3199.8936947391944,lk,294.6538765129268,A_down,0.8083333333333332,A_down,stable,"up=0.000,stable=0.750,down=0.250",0.0,0.25,0.75,1,1.001316182795753,1.0013559886592602,3.9805863507158534e-05,4.566213277695716,False,10,-3.6005919648139693,0.2619545584610562,0.21896915365861555,0.8359051086762015,0,0,-0.3384903657442919,-12.372805631727969,1,False,398,-0.2191701727349344,-3.396016343783913,8.527438260779405,0.9556781500577927,,0.3979482358554378,,,139.21436171112123,279.43200626825836
1734763694000,F:\agent\UAV\data\IR-image\1734763694000.jpg,116.17544818289035,38.811823010610134,292.26344476658863,116.1770114,38.8121157,574.84,-9.796046519566914,9.462024789985833,0.964824120603015,0.96,-98.77678515165739,3646.4129100440455,lk,292.0749384521241,A_down,0.7933333333333332,A_down,stable,"up=0.000,stable=0.700,down=0.300",0.0,0.3,0.7,1,1.000825226138549,1.0010513079540535,0.00022608181550443085,4.6073316680950125,False,10,-3.499050910801617,0.26049523741395864,0.21705264099910138,0.8332307459970115,0,0,-0.3382802397956084,-12.460525656878511,1,False,384,-0.08632371641823273,-9.59504974729964,9.544396632627922,0.9843626610934735,,0.3988307152176276,,,139.29868374375363,282.5765552334114
1734763694200,F:\agent\UAV\data\IR-image\1734763694200.jpg,116.17549084307845,38.81181143855661,289.6413569427431,116.1770672,38.8121157,575.37,3.2681794703431706,9.421829319029655,0.9635416666666666,0.96,-98.67334054018836,3487.5577261555845,lk,289.4634793702262,A_down,0.7933333333333332,A_down,stable,"up=0.000,stable=0.700,down=0.300",0.0,0.3,0.7,1,1.000767752133823,1.0009764291428638,0.0002086770090408141,4.649156922547172,False,10,-3.330553517046766,0.2590413521674778,0.21511196066003851,0.8304155257843248,0,0,-0.3336957658426627,-12.542522162638564,1,False,370,-0.10344461146903351,3.5398717007291225,9.339754086648128,0.9738896816968918,,0.3913176998612471,,,140.70975589013295,285.72864305725693
1734763694400,F:\agent\UAV\data\IR-image\1734763694400.jpg,116.1755503245928,38.81181937755691,287.13285251021534,116.1771229,38.8121157,575.89,-5.886939238549132,13.800646605212023,0.9486486486486486,0.288,-98.55453574915589,2635.008614348769,lk,286.81233293239245,A_down,0.7783333333333333,A_down,stable,"up=0.000,stable=0.650,down=0.350",0.0,0.35,0.65,1,1.000439171034072,1.0010635841874667,0.0006244131533945652,4.6918798243360635,False,10,-3.359736568543241,0.25741488274217017,0.21314178704960568,0.8280087956805942,0,3,-0.3307441822502142,-12.542522162638564,2,False,351,-0.11880479103247055,-5.19333337112954,13.87569968532253,0.9572391986846924,,0.39528482453897595,,,140.18161852098467,288.75714748978464
1734763694600,F:\agent\UAV\data\IR-image\1734763694600.jpg,116.17558340068389,38.81180313527327,284.4822046167075,116.1771785,38.8121158,576.43,5.845707720329415,6.551791365336896,0.9772079772079773,0.96,-98.42352643622569,2501.4701846733324,lk,284.4202147564802,A_down,0.7783333333333333,A_down,stable,"up=0.000,stable=0.650,down=0.350",0.0,0.35,0.65,1,0.9991306571747551,1.0003299839713413,0.0011993267965861865,4.732765267016952,False,10,-3.143761520525671,0.25573281965954775,0.2113641077649148,0.8265036456654247,0,0,-0.29986762671035194,-12.630300195358002,1,False,343,-0.13100931293019802,6.242004309841832,6.437230664760676,0.9701224182732403,,0.40585683280369267,,,142.51164499787828,291.94779538329243
1734763694800,F:\agent\UAV\data\IR-image\1734763694800.jpg,116.17563658840409,38.81179346156488,281.8314282444307,116.1772341,38.8121158,577.01,2.010614415724433,12.946345883454853,0.9416909620991254,0.96,-98.4463647297657,2350.1515806328416,lk,281.6155047564914,A_down,0.7633333333333332,A_down,transition,"up=0.000,stable=0.600,down=0.400",0.0,0.4,0.6,1,1.0018354600367159,1.0011815037281178,0.0006539563085981026,4.777700325979201,False,10,-3.485405387961716,0.2541315187302322,0.2092798148914475,0.8235098736949821,0,0,-0.30578272384320826,-12.707413197680447,1,False,323,0.022838293540021738,2.04730282334242,12.673676645500649,0.9615210282616318,,0.4028782653622329,,,142.98020861497457,295.1785717555693
1734763695000,F:\agent\UAV\data\IR-image\1734763695000.jpg,116.17567341887205,38.81177669893192,279.18763474427874,116.1772897,38.8121159,577.59,5.905392107964246,7.9197255061952205,0.9659442724458205,0.96,-98.66130373037232,3063.393862913464,lk,279.154071332544,A_down,0.7633333333333332,A_down,transition,"up=0.000,stable=0.600,down=0.400",0.0,0.4,0.6,1,1.0022892652752424,0.9997325199770877,0.00255674529815475,4.82259156418447,False,10,-3.464730130533753,0.2525110572303959,0.2074506246564256,0.8215506557684866,0,0,-0.26133459114356583,-12.771450901500053,1,False,312,0.21493900060661875,4.92230190451852,7.935220406341301,0.927908879891038,,0.32844492062577046,,,145.0314322899186,298.4023652557213
1734763695200,F:\agent\UAV\data\IR-image\1734763695200.jpg,116.17571014513993,38.811750362588825,276.5278493892595,116.1773453,38.8121159,578.2,10.103749502637868,8.597238292379643,0.9775641025641025,0.96,-98.88374351386992,3412.681469372948,lk,276.27849289416525,A_down,0.7483333333333333,A_down,transition,"up=0.000,stable=0.550,down=0.450",0.0,0.45,0.55,1,1.0027338313380882,1.001196975533757,0.0015368558043311609,4.869209434173152,False,10,-3.7897586705540713,0.25080161015053704,0.20531366659436823,0.8186297786171872,0,0,-0.27615684536687013,-12.83844128176415,1,False,305,0.22243978349759877,9.617560100406251,8.222739603527799,0.978502259682864,,0.2890728590427898,,,147.39165645906672,301.6721506107406
1734763695400,F:\agent\UAV\data\IR-image\1734763695400.jpg,116.1757543423761,38.811742431483495,273.8615602966218,116.1774008,38.812116,578.81,1.6126570885327283,9.935320866119469,0.9934426229508196,0.96,-98.92002775994249,3636.1992808318146,lk,273.74838868749544,A_down,0.7483333333333333,A_down,transition,"up=0.000,stable=0.550,down=0.450",0.0,0.45,0.55,1,1.0008593425708099,1.0003137832770683,0.0005455592937415599,4.91647587778395,False,10,-3.3760773931700627,0.24910215359296978,0.20343344433712504,0.816666742550661,0,0,-0.25984019335606945,-12.901829956954245,1,False,303,0.03628424607256307,1.220747781155353,9.891123966573105,0.9816702408716083,,0.39452902527409606,,,148.5804384783376,304.94843970337814
1734763695600,F:\agent\UAV\data\IR-image\1734763695600.jpg,116.17578957496765,38.81174340080039,271.18592750102465,116.1774563,38.8121161,579.41,-1.8236805119521478,6.261418084238471,0.9900990099009901,0.96,-98.68126713688238,2959.0137405513224,lk,271.0286878402094,A_down,0.7483333333333333,A_down,transition,"up=0.000,stable=0.550,down=0.450",0.0,0.45,0.55,1,1.0026291668761838,1.0005888807903993,0.0020402860857844374,4.964969116073592,False,10,-3.4535466560516253,0.24735044343107288,0.20141232518613122,0.814279216128663,0,0,-0.2541256202219415,-12.96364893816118,1,False,300,-0.23876062306009743,-2.290409268884275,6.0995949441114306,0.9504641802981496,,0.4010267889534589,,,150.2405739757696,308.2240724989753
1734763695800,F:\agent\UAV\data\IR-image\1734763695800.jpg,116.17583181261308,38.81173734767798,268.4995482532178,116.1775117,38.8121163,580.0,0.9632396607142937,9.213401168332723,0.9733333333333334,0.96,-98.5425979126767,2999.1070759592944,lk,268.33465419697376,A_down,0.7633333333333332,A_down,transition,"up=0.000,stable=0.600,down=0.400",0.0,0.4,0.6,1,1.0007427127703934,1.000709195021298,3.3517749095324234e-05,5.014689806185248,False,10,-3.267370695107944,0.2456203695928534,0.1994102803674157,0.811863774563825,0,0,-0.2533646131920477,-13.024781246479439,1,False,292,-0.13866922420567826,1.3034133813630433,9.090383643264886,0.9987114981282502,,0.4135605093324557,,,151.5289832203966,311.5004517467822
1734763696000,F:\agent\UAV\data\IR-image\1734763696000.jpg,116.17587094774841,38.81173861261261,265.8029057153673,116.1775672,38.8121164,580.57,-2.1758451536273924,7.664129769002045,0.9863013698630136,0.96,-98.5798565896407,3406.5211606178336,lk,265.67558277713056,A_down,0.7633333333333332,A_down,transition,"up=0.000,stable=0.600,down=0.400",0.0,0.4,0.6,1,1.000211127321023,1.0004917548591823,0.00028062753815927266,5.065482781707039,False,10,-3.0732776371632853,0.24397643022586968,0.19743421738391942,0.8092347986284487,0,0,-0.24547549709370742,-13.084796949222742,1,False,288,0.03725867696400528,-1.779033572665469,7.66198128307056,0.9733629271853715,,0.39908582268981263,,,152.85583169933471,314.7670942846328
1734763696200,F:\agent\UAV\data\IR-image\1734763696200.jpg,116.17591223911765,38.811739362689245,263.0975735223894,116.1776227,38.8121165,581.15,-2.086097867070123,8.493800752241668,0.9861111111111112,0.96,-98.70747002962499,3445.379536847435,lk,262.96362075431404,A_down,0.7783333333333333,A_down,stable,"up=0.000,stable=0.650,down=0.350",0.0,0.35,0.65,1,0.9990621225323033,1.0007029122503723,0.0016407897180690245,5.117497280545457,False,10,-2.5978446167383793,0.24224624999156372,0.19541884926482941,0.8066950438722371,0,0,-0.2369007526839937,-13.142725391329996,1,False,284,0.12761343998428923,-1.5709402815037379,8.399902207880075,0.9704576559364796,,0.3538824939751066,,,154.02019542850763,318.0524264776106
1734763696400,F:\agent\UAV\data\IR-image\1734763696400.jpg,116.17594977402925,38.811738468757646,260.3894289347277,116.1776782,38.8121165,581.74,-1.1168649190849465,7.316309789079355,0.9647887323943662,0.96,-98.53300405179147,2911.174536710149,lk,260.32207030576546,A_down,0.7783333333333333,A_down,stable,"up=0.000,stable=0.650,down=0.350",0.0,0.35,0.65,1,0.9984683998874194,1.0003368804646051,0.0018684805771856938,5.170519047543456,False,10,-2.0619889966907325,0.24041218984846624,0.19345580682021443,0.804683851272896,0,0,-0.21642841157006387,-13.19492977362914,1,False,274,-0.17446597783351372,-0.537034082198943,7.313935025397711,0.9564232830889523,,0.41884259617654607,,,155.54536685152453,321.35057106527233
1734763696600,F:\agent\UAV\data\IR-image\1734763696600.jpg,116.17599054610783,38.81173385927864,257.6755019263558,116.1777337,38.8121165,582.35,0.4826358944977187,8.775034326600746,0.9781021897810219,0.96,-98.10666289698418,2774.8676851775863,lk,257.5665205724694,A_down,0.7933333333333332,A_down,stable,"up=0.000,stable=0.700,down=0.300",0.0,0.3,0.7,1,0.9996225345305478,1.000587018549137,0.0009644840185891734,5.224791663289512,False,10,-2.1662929030520393,0.23849954919062719,0.1914080469193275,0.8025509799447859,0,0,-0.20122143002436133,-13.244041725860427,1,False,268,-0.4263411548072827,0.5391796991687556,8.571277977905225,0.9733465686440468,,0.3896077804383822,,,156.91256172107475,324.6744980736442
1734763696800,F:\agent\UAV\data\IR-image\1734763696800.jpg,116.17603811319132,38.811742776654256,255.02669358118374,116.1777892,38.8121165,582.96,-6.091729094561401,10.42974695809744,0.9402985074626866,0.288,-97.71001353985416,2703.3677740674834,lk,254.83308510841587,A_down,0.7933333333333332,A_down,stable,"up=0.000,stable=0.700,down=0.300",0.0,0.3,0.7,1,1.0011287675841931,1.0007484335371428,0.0003803340470502903,5.280570234917709,False,10,-1.964891622623821,0.23671672746692077,0.18937672102187916,0.8000141056712733,0,3,-0.19795998287079897,-13.244041725860427,2,False,252,-0.39664935713001775,-6.099904453202953,10.260267867095166,0.9709535347297787,,0.37668790604220703,,,157.30940859187564,327.9333064188163
1734763697000,F:\agent\UAV\data\IR-image\1734763697000.jpg,116.1760789043947,38.81173863266431,252.29472000409206,116.1778448,38.8121165,583.56,0.3858438153934003,8.831331126945088,0.9642857142857143,0.96,-97.45033161982144,2822.1808511776385,lk,252.2419880377325,A_down,0.7933333333333332,A_down,stable,"up=0.000,stable=0.700,down=0.300",0.0,0.3,0.7,1,1.0010434094725498,1.0004301509846116,0.0006132584879381398,5.33564742958106,False,10,-1.6328047809868287,0.23496438306416875,0.18745117251279664,0.797785477391285,0,0,-0.17962000193085714,-13.296455560051207,1,False,243,-0.25968192003272517,0.06902104694700029,8.71255831211812,0.974335934408009,,0.40899333666311577,,,158.66868849896542,331.2652799959079
1734763697200,F:\agent\UAV\data\IR-image\1734763697200.jpg,116.17611769726683,38.81172943161328,249.5708260792833,116.1779005,38.8121164,584.16,2.892858279941379,8.449177480673825,0.9753086419753086,0.96,-97.35290644965454,3558.3980498886112,lk,249.53357380923853,A_down,0.7933333333333332,A_down,stable,"up=0.000,stable=0.700,down=0.300",0.0,0.3,0.7,1,1.001692335982916,1.0002724375233936,0.0014198984595223951,5.393787234769802,False,10,-1.3571863113317826,0.23314971774161858,0.1854384409024448,0.7953620647654036,0,0,-0.15561682855403092,-13.336890724288933,1,False,237,-0.09742517016690429,2.318712643445622,8.343134159565352,0.9660271236672997,,0.41412482265150174,,,160.35036725027723,334.5891739207167
1734763697400,F:\agent\UAV\data\IR-image\1734763697400.jpg,116.17615964582217,38.81173484650494,246.8406292536067,116.1779562,38.8121162,584.77,-4.268909451764955,8.742494603991474,0.9704641350210971,0.96,-97.68515493758102,3541.373931320674,lk,246.70639678879564,A_down,0.7933333333333332,A_down,stable,"up=0.000,stable=0.700,down=0.300",0.0,0.3,0.7,1,1.0046181856127747,1.0006808534655822,0.003937332147192496,5.453630575630469,False,10,-2.2611160011364237,0.2313582066298096,0.1833374518819175,0.7924398038547692,0,0,-0.16120770018258668,-13.376502212727155,1,False,230,0.33224848792647543,-4.749570251134344,8.40546361156538,0.9700468080118299,,0.3101117805344984,,,161.3332330154308,337.92937074639326
1734763697600,F:\agent\UAV\data\IR-image\1734763697600.jpg,116.17620576131347,38.81176182424582,244.16532881106127,116.1780119,38.8121158,585.36,-14.903394416987226,8.90035362283902,0.9608695652173913,0.288,-97.89505654783163,3292.4284809484243,lk,243.9497589949887,A_down,0.8083333333333332,A_down,stable,"up=0.000,stable=0.750,down=0.250",0.0,0.25,0.75,1,1.002994549960976,1.0008145470425394,0.0021800029184366743,5.5151102798328075,False,10,-2.324173543151552,0.22947205410390392,0.18128888339947713,0.7900259755263721,0,3,-0.17364825271363316,-13.376502212727155,2,False,221,0.20990161025060736,-15.058913979421845,8.857694096268887,0.9550815661437809,,0.31257918951450847,,,161.36515050458019,341.19467118893874
1734763697800,F:\agent\UAV\data\IR-image\1734763697800.jpg,116.17624008373241,38.81177633173539,241.49002836851585,116.1780678,38.8121156,585.94,-8.333723961423686,5.335496103852563,0.9728506787330317,0.288,-97.9150842588869,3513.8880147397153,lk,241.3262079543777,A_down,0.8233333333333333,A_down,stable,"up=0.000,stable=0.800,down=0.200",0.0,0.2,0.8,1,1.0004528422679622,1.0004337478425904,1.9094425371735113e-05,5.576246468991058,False,10,-2.2294046302192476,0.22756095331576623,0.17933921703926697,0.7880930995679817,0,3,-0.17339483662317434,-13.376502212727155,2,False,215,0.020027711055278178,-7.9512600337409935,5.232339756526528,0.9672547086142004,,0.3874661596782971,,,162.79213264218896,344.44997163148423
1734763698000,F:\agent\UAV\data\IR-image\1734763698000.jpg,116.17628169142489,38.8117557747197,238.7262701000407,116.1781236,38.8121156,586.53,8.355987275754558,10.531612298213702,0.9488372093023256,0.96,-97.96417827202345,3871.150556492425,lk,238.68518461453954,A_down,0.8383333333333333,A_down,stable,"up=0.000,stable=0.850,down=0.150",0.0,0.15,0.85,1,1.0000106950590992,1.0001815893591108,0.00017089430001160366,5.638476499129272,False,10,-2.157282828846537,0.2256306757430618,0.1773765663103476,0.7861367508039383,0,0,-0.1614275444173927,-13.428605803178515,1,False,204,0.04909401313654221,8.361478957784584,10.284820895520653,0.9669672599062323,,0.3858112234302098,,,164.52949529029505,347.8037298999593
1734763698200,F:\agent\UAV\data\IR-image\1734763698200.jpg,116.17631727452996,38.81174480252505,235.9739652519151,116.1781797,38.8121155,587.11,3.979189190590148,7.6365773036035876,0.9754901960784313,0.96,-98.17557809576405,3658.2475076483097,lk,235.92559416581653,A_down,0.8383333333333333,A_down,stable,"up=0.000,stable=0.850,down=0.150",0.0,0.15,0.85,1,1.0014845325715185,0.9998310282088507,0.001653504362667757,5.70446020221312,False,10,-2.698004819577949,0.2237117697111929,0.17532580359121275,0.7837129169267876,0,0,-0.14776014950922445,-13.467917525934231,1,False,199,0.2113998237406008,4.139786755217585,7.608351484987622,0.9789801110979169,,0.3521880194020923,,,166.54944707344518,351.1360347480849
1734763698400,F:\agent\UAV\data\IR-image\1734763698400.jpg,116.17635130807754,38.8117162747906,233.21149720368786,116.1782358,38.8121154,587.69,12.781461261587026,8.385691541277083,0.954,0.96,-98.39032282248701,2660.5823164366093,lk,233.0344627434535,A_down,0.8533333333333333,A_down,stable,"up=0.000,stable=0.900,down=0.100",0.0,0.1,0.9,1,0.999355569969735,1.0008783409432822,0.0015227709735472494,5.77261065060302,False,10,-2.8711810986402986,0.2217774078185704,0.17317728748084388,0.7808608152842834,0,0,-0.17250264518918357,-13.50961223683452,1,False,477,0.2147447267229623,12.920824163979034,8.253325304987698,0.9791703291004523,,0.3278254391916562,,,169.20407057890384,354.4785027963122
1734763698600,F:\agent\UAV\data\IR-image\1734763698600.jpg,116.17638980127454,38.8117101397941,230.43604715814692,116.1782921,38.8121153,588.27,1.3928044219156845,8.522726019928484,0.9811320754716981,0.96,-98.35872133688866,3940.225586860031,lk,230.2869287062853,A_down,0.8533333333333333,A_down,stable,"up=0.000,stable=0.900,down=0.100",0.0,0.1,0.9,1,1.0006331871023608,1.000601590689497,3.159641286387682e-05,5.842485801570404,False,10,-3.0670305993421865,0.21988889401703327,0.17113548436633244,0.7782816186845515,0,0,-0.18962681920652358,-13.555315195005075,1,False,468,-0.03160148559834028,0.930672875629682,8.632399835636193,0.9882303083315491,,0.3845305701252073,,,170.86910025666847,357.83395284185303
1734763698800,F:\agent\UAV\data\IR-image\1734763698800.jpg,116.17643304167157,38.811708854218814,227.6458798751835,116.1783485,38.8121151,588.86,-1.4000814424539385,10.073782139755508,0.9893162393162394,0.96,-98.79641918736114,3736.631038307548,lk,227.46216525423316,A_down,0.8683333333333332,A_down,stable,"up=0.000,stable=0.950,down=0.050",0.0,0.05,0.95,1,1.0015468952597921,1.0009373542405828,0.000609541019209292,5.914471225940047,False,10,-3.1237864957800032,0.21801089732885848,0.1690362889656077,0.7753570625904308,0,0,-0.20827565343699916,-13.605585156980402,1,False,463,0.43769785047247634,-1.6394157827228923,10.133769251246889,0.9884087137877942,,0.2570150437313714,,,172.00088274452892,361.21412012481653
1734763699000,F:\agent\UAV\data\IR-image\1734763699000.jpg,116.17647617843532,38.81171612571433,224.8425681616026,116.178405,38.8121148,589.48,-5.864191505619033,9.35909382313082,0.978401727861771,0.96,-99.43578905039783,3574.343503425931,lk,224.6732143726341,A_down,0.8683333333333332,A_down,stable,"up=0.000,stable=0.950,down=0.050",0.0,0.05,0.95,1,1.002743227995138,1.0006982937163358,0.0020449342788022573,5.988500026260288,False,10,-3.461429937205155,0.21608230082956995,0.1669637073272243,0.7726857159805659,0,0,-0.22057652998114463,-13.65864636925767,1,False,453,0.639369863036689,-6.20964473876802,9.573819811647212,0.9770325753837824,-0.40173304082411043,0.3890351810841821,,,172.90056893628972,364.63743183839745
1734763699200,F:\agent\UAV\data\IR-image\1734763699200.jpg,116.17651733904466,38.81171732357966,222.02243944639775,116.1784617,38.8121144,590.12,-2.735291668980551,9.126842824082303,0.9757174392935982,0.96,-99.92403494925364,3150.189237247071,lk,221.83501994996692,A_down,0.8833333333333333,A_down,stable,"up=0.000,stable=1.000,down=0.000",0.0,0.0,1.0,1,1.002493980352297,1.0008667035091718,0.001627276843125136,6.064925065060049,False,10,-3.5930033170339333,0.2141268738548221,0.16485453083172086,0.7698918303150128,0,0,-0.23818403942567556,-13.716250097222737,1,False,442,0.4882458988558033,-2.999495124369389,9.27250692521065,0.9556989280506969,,0.24047058465657756,,,174.1571696333536,368.09756055360225
1734763699400,F:\agent\UAV\data\IR-image\1734763699400.jpg,116.1765577510407,38.811721489726494,219.18850641128122,116.1785184,38.8121142,590.75,-4.256350611975847,8.604459943727136,0.9864253393665159,0.96,-100.07549179559928,3448.7200285877198,lk,219.0500379870411,A_down,0.8833333333333333,A_down,stable,"up=0.000,stable=1.000,down=0.000",0.0,0.0,1.0,1,1.000392276236179,1.000888761455415,0.0004964852192359537,6.1434526911829535,False,10,-2.6358904244036934,0.21225294740726025,0.16278489865652826,0.7669382246277353,0,0,-0.24258358277023717,-13.775628195292786,1,False,436,0.1514568463456374,-4.0595089872612675,8.686980284938699,0.9813140157610178,,0.3557916695717722,,,175.40118426342184,371.5614935887188
1734763699600,F:\agent\UAV\data\IR-image\1734763699600.jpg,116.17659660586324,38.811729951171536,216.3463088454739,116.1785753,38.812114,591.38,-6.385561432880991,7.6540942504761915,0.9747706422018348,0.96,-99.88334738852717,4007.9301660977303,lk,216.23897562142528,A_down,0.8833333333333333,A_down,stable,"up=0.000,stable=1.000,down=0.000",0.0,0.0,1.0,1,0.9999879500777369,1.000892217598703,0.0009042675209660622,6.224103009049416,False,10,-1.9587676901620314,0.21032196132818115,0.16069588508451954,0.7640471022128482,0,0,-0.2349946458111276,-13.83277943797486,1,False,425,-0.19214440707210162,-6.1756177866544135,7.585728018950164,0.9827860412653535,,0.3820674327434972,,,176.68062662052446,375.0336911545261
1734763699800,F:\agent\UAV\data\IR-image\1734763699800.jpg,116.17663347502969,38.81172489900682,213.50140831425415,116.1786322,38.8121139,592.04,0.8716761771146366,8.127457500096,0.9741176470588235,0.96,-99.55000279925562,3440.172660444966,lk,213.43468397516463,A_down,0.8833333333333333,A_down,stable,"up=0.000,stable=1.000,down=0.000",0.0,0.0,1.0,1,0.9997885638598834,1.000519541868633,0.0007309780087496609,6.306649984585213,False,10,-1.7923196178711964,0.20836521977393657,0.15861190310654383,0.7612206263532272,0,0,-0.21116124436113637,-13.884224972072943,1,False,414,-0.3333445892715456,1.046952122220489,8.103141665334363,0.9685598172247409,,0.38597667519934475,,,178.49785884839008,378.5385916857458
1734763700000,F:\agent\UAV\data\IR-image\1734763700000.jpg,116.17667606797977,38.8117154502336,210.648548387529,116.1786892,38.8121138,592.71,2.8521418663947884,10.942849217076912,0.9879227053140096,0.96,-99.3685067089275,2529.2982843491345,lk,210.53545033306517,A_down,0.8833333333333333,A_down,stable,"up=0.000,stable=1.000,down=0.000",0.0,0.0,1.0,1,1.0003357320892652,1.0009243361735332,0.0005886040842679741,6.391935481961124,False,10,-1.836255132651034,0.20638214562539692,0.1564573659106239,0.758095451699629,0,0,-0.20287870043119938,-13.934115341811426,1,False,409,-0.18149609032812491,3.1419399631687384,10.883271647744607,0.9588293995708227,,0.35581055366492365,,,179.96224344389276,382.06145161247105
1734763700200,F:\agent\UAV\data\IR-image\1734763700200.jpg,116.1767213693865,38.811714396191164,207.79232338918683,116.1787463,38.8121137,593.34,-1.8161417942732783,11.415492307405316,0.9779951100244498,0.96,-99.3221581266337,2640.994432842722,lk,207.7108196391572,A_down,0.8833333333333333,A_down,stable,"up=0.000,stable=1.000,down=0.000",0.0,0.0,1.0,1,1.0011703669557783,1.0006120615758394,0.0005583053799389504,6.479555379656063,False,10,-1.7466500626111219,0.20437355546574665,0.1543582691678188,0.7552751568863787,0,0,-0.1868237563294315,-13.979648924395224,1,False,400,-0.04634858229380559,-1.8523065491661441,11.574313933812277,0.9583386758808047,,0.39428665256127715,,,180.97924574866752,385.5476766108132
1734763700400,F:\agent\UAV\data\IR-image\1734763700400.jpg,116.17675967933312,38.811711995866844,204.93463586226088,116.1788036,38.8121135,593.97,-0.6164815985108589,8.661455706788331,0.9875,0.96,-99.34262837927962,3424.3522748321293,lk,204.87897385751322,A_down,0.8833333333333333,A_down,stable,"up=0.000,stable=1.000,down=0.000",0.0,0.0,1.0,1,1.0002009841000308,1.0002215193277733,2.0535227742479734e-05,6.569509826202773,False,10,-1.894388873937468,0.20242288476162812,0.1522538106029538,0.752157103097542,0,0,-0.1651259389671509,-14.020138977052381,1,False,395,0.020470252645916027,-1.0437956479261743,8.666215157506144,0.9630806271918118,,0.39592041476862505,,,182.63443954643404,389.0353641377392
1734763700600,F:\agent\UAV\data\IR-image\1734763700600.jpg,116.17678843185321,38.81168959420218,202.1306080668504,116.1788608,38.8121133,594.66,11.004225747556347,6.464396091271965,0.9949367088607595,0.288,-99.42031412328078,3235.98999883648,lk,202.07249406403056,A_down,0.8833333333333333,A_down,stable,"up=0.000,stable=1.000,down=0.000",0.0,0.0,1.0,1,1.000081525581723,0.999705644558279,0.0003758810234439913,6.661638977657293,False,10,-1.7574376885129284,0.20041130277677346,0.15016820252471783,0.7493000666333749,0,3,-0.1321163812128816,-14.020138977052381,2,False,393,0.07768574400115796,10.237403905946678,6.5806798332448295,0.9618444521445781,,0.35709943078109063,,,185.63661801755865,392.52939193314955
1734763700800,F:\agent\UAV\data\IR-image\1734763700800.jpg,116.17680663665321,38.81168859046488,199.32658027143992,116.1789181,38.812113,595.35,-25.371725490670485,14.491025616905631,0.359,0.96,-99.68607465584151,2375.7143399242213,orb+phase,199.1773781531279,A_down,0.8833333333333333,A_down,stable,"up=0.000,stable=1.000,down=0.000",0.0,0.0,1.0,1,1.0026981177831107,1.0005140553360106,0.0021840624471001213,6.755338672484344,False,10,-1.9599198998859355,0.19842224887566756,0.1480167253805638,0.7459683892269151,0,0,-0.12990178038913314,-14.020138977052381,3,True,359,0.2657605325607386,-25.371725490670485,14.491025616905631,0.9041307513602078,,0.2856551327276975,,,188.93456306189404,396.0234197285601
1734763701000,F:\agent\UAV\data\IR-image\1734763701000.jpg,116.17683754925879,38.81170197529602,196.4557896274958,116.1789755,38.8121128,595.96,-9.013838104760111,4.0911331561966335,0.9153225806451613,0.96,-100.12331980723093,3183.7012574233026,lk,196.40365208790726,A_down,0.8833333333333333,A_down,stable,"up=0.000,stable=1.000,down=0.000",0.0,0.0,1.0,1,0.9972783193276982,1.0007699590010757,0.0034916396733775112,6.851623912460166,False,10,-0.8660288422895541,0.19642653332437443,0.14595545791593717,0.7430536773507557,0,0,-0.12516656670047155,-14.060100209978609,1,False,454,0.4372451513894234,-8.716103306831371,4.345385355141019,0.8695296905934811,,0.2297445223084651,,,190.79032919811291,399.50421037250425
1734763701200,F:\agent\UAV\data\IR-image\1734763701200.jpg,116.17687457665657,38.81169454109354,193.5876399518693,116.1790329,38.8121126,596.6,2.170639006404599,8.903612009956476,0.9889867841409692,0.96,-100.11774616071489,3427.965010327063,lk,193.52145618385134,A_down,0.8833333333333333,A_down,stable,"up=0.000,stable=1.000,down=0.000",0.0,0.0,1.0,1,1.0015639987030323,1.000915887868183,0.0006481108348492803,6.95346815664119,False,10,-0.6743311353568405,0.19443732804252192,0.14381358214882245,0.7396397780027688,0,0,-0.12292569469761361,-14.09351834355968,1,False,449,-0.005573646516039176,2.023818919870223,8.947090474569052,0.9805359274148941,,0.40867840198916383,,,192.69709580457794,403.01236004813074
1734763701400,F:\agent\UAV\data\IR-image\1734763701400.jpg,116.17690778320473,38.811683254993035,190.72510521429749,116.1790903,38.8121126,597.28,4.69784599567555,7.662943605902797,0.9866369710467706,0.96,-100.01678359339797,3471.4849329951307,lk,190.6958865542199,A_down,0.8833333333333333,A_down,stable,"up=0.000,stable=1.000,down=0.000",0.0,0.0,1.0,1,0.9993760005019957,1.0005192186622989,0.001143218160303161,7.057752582614467,False,10,-0.47100068300480036,0.19243192686977095,0.14171378764509482,0.7364359436103354,0,0,-0.10753098598445376,-14.120144267412778,1,False,443,-0.10096256731691867,4.791423236123535,7.840204885488106,0.985027646459639,,0.4229088700376451,,,195.03546471806956,406.55489478570246
1734763701600,F:\agent\UAV\data\IR-image\1734763701600.jpg,116.17694928895507,38.811675899798,187.86039585962618,116.1791477,38.8121127,598.01,1.7944284014189975,11.054138751809944,0.981941309255079,0.96,-100.12884362746304,2422.223636140665,lk,187.79003307806812,A_down,0.8833333333333333,A_down,stable,"up=0.000,stable=1.000,down=0.000",0.0,0.0,1.0,1,1.0000783847024877,1.0009268754142076,0.0008484907117198848,7.16545731422174,False,10,-0.4808695347409611,0.19039238397060332,0.13955433098408263,0.7329827384567541,0,0,-0.10552240918562461,-14.145482286112586,1,False,435,0.11206003406507276,2.244087716366437,11.146383106112665,0.95133948745206,,0.355816196417436,,,196.57419473372002,410.1496041403738
1734763701800,F:\agent\UAV\data\IR-image\1734763701800.jpg,116.17698375721235,38.811655142125346,184.99654914394844,116.1792051,38.8121126,598.79,10.163520816284574,9.358706529635185,0.9379310344827586,0.96,-100.1932683385444,2834.947634887695,lk,184.96957254956033,A_down,0.8833333333333333,A_down,stable,"up=0.000,stable=1.000,down=0.000",0.0,0.0,1.0,1,1.000273945049032,1.0003630192107922,8.90741617600721e-05,7.276237234951074,False,10,-0.5630816452711569,0.18841394676733791,0.13745833325901016,0.7295549804959499,0,0,-0.09491233996700998,-14.167580114420415,1,False,408,0.0644247110813557,9.621462133961415,9.54348822761537,0.9668304932303726,,0.3839522930793464,,,199.07463271264552,413.79345085605155
1734763702000,F:\agent\UAV\data\IR-image\1734763702000.jpg,116.17702557100968,38.811649854218174,182.1264289237773,116.1792625,38.8121126,599.61,0.5787299396001231,11.163073280828712,0.9730392156862745,0.96,-100.05270058604641,3136.6110348566535,lk,182.05667585836375,A_down,0.8833333333333333,A_down,stable,"up=0.000,stable=1.000,down=0.000",0.0,0.0,1.0,1,1.0024005627366586,1.0006584697135539,0.001742093023104685,7.390980734365053,False,10,-0.9284461586689347,0.1864448067076207,0.1352936425014517,0.7256498311246432,0,0,-0.09774652325975808,-14.191155859837089,1,False,397,-0.14056775249798145,0.07437604257535213,11.276278012359569,0.9495695673860609,,0.3995542792836204,,,200.5306290474821,417.4835710762227
1734763702200,F:\agent\UAV\data\IR-image\1734763702200.jpg,116.17706600800501,38.811636974212156,179.2524556276595,116.1793199,38.8121126,600.4,5.146115357189899,11.452662826458095,0.9571788413098237,0.96,-100.37330640972867,3645.0780245315655,lk,179.18567320118603,A_down,0.8833333333333333,A_down,stable,"up=0.000,stable=1.000,down=0.000",0.0,0.0,1.0,1,0.9997090902073744,1.0007800388203616,0.001070948612987177,7.5095261229558075,False,10,-0.6530635173809287,0.18438794639218115,0.13316008488655212,0.7221734798397792,0,0,-0.09699399162229838,-14.214372989561973,1,False,380,0.3206058236822509,5.43507583045357,11.438638355131161,0.9670435273554177,,0.29943502647802234,,,202.32118156153425,421.14754437234046
1734763702400,F:\agent\UAV\data\IR-image\1734763702400.jpg,116.17711571518718,38.81165206091895,176.4095810297471,116.1793776,38.8121126,601.04,-12.411915139700113,12.807426739960476,0.9236842105263158,0.288,-100.4307446507845,3504.2455867476674,lk,176.27062842538044,A_down,0.8683333333333332,A_down,stable,"up=0.000,stable=0.950,down=0.050",0.0,0.05,0.95,1,1.0005981153504284,1.0011729166053935,0.0005748012549651182,7.632542400864711,False,10,-0.7123389001462901,0.18231316764069733,0.13099379780087342,0.7185098009982247,0,3,-0.10646275442977071,-14.214372989561973,2,False,351,0.0574382410558386,-12.221771428563613,12.76422165782401,0.9731668153777718,,0.36568941004225053,,,202.55909264673218,424.6304189702529
1734763702600,F:\agent\UAV\data\IR-image\1734763702600.jpg,116.17714252636243,38.81163967016593,173.56670643183472,116.1794354,38.8121127,601.61,6.168290357727358,5.144978448320728,0.9943019943019943,0.1152,-100.30729786305865,2589.186782964133,lk,173.53544090604106,A_down,0.8683333333333332,A_down,stable,"up=0.000,stable=0.950,down=0.050",0.0,0.05,0.95,1,0.9976885170254552,0.9997397037509915,0.0020511867255362803,7.756823703662935,False,10,-0.2862315644583374,0.18031405021937205,0.12896116988063264,0.7152031121464859,0,3,-0.08835020651716263,-14.214372989561973,2,False,349,-0.123446787725847,6.719581658654249,5.198630237857998,0.9633419584482908,,0.3784089421387762,,,205.5090970024901,428.04329356816527
1734763702800,F:\agent\UAV\data\IR-image\1734763702800.jpg,116.1771810148437,38.81161625788862,170.67727425108004,116.179493,38.8121129,602.28,11.95271714166472,12.028327464577046,0.9742120343839542,0.96,-100.40590422143882,3343.551973961061,lk,170.64562556347335,A_down,0.8683333333333332,A_down,stable,"up=0.000,stable=0.950,down=0.050",0.0,0.05,0.95,1,1.0006549125629456,1.0009560244767668,0.00030111191382120595,7.885878711117416,False,10,0.06647731491073881,0.17835789167480728,0.12681363180212388,0.711006564449293,0,0,-0.084506156245169,-14.242203136425868,1,False,340,0.09860635838016235,11.188949390190203,12.027032563600017,0.9754511578939855,,0.3704566376982257,,,207.79262653857,431.60272574891997
1734763703000,F:\agent\UAV\data\IR-image\1734763703000.jpg,116.17720998854583,38.81160839311765,167.80312672936103,116.1795505,38.8121127,602.97,3.163628984187767,5.811150489477143,0.961764705882353,0.5599999999999999,-101.2938031516963,3733.3710556514466,lk,167.75438017852096,A_down,0.8683333333333332,A_down,stable,"up=0.000,stable=0.950,down=0.050",0.0,0.05,0.95,2,1.0053865638834303,1.0003047650133445,0.005081798870085752,8.021810823634295,False,10,-1.2886834668942586,0.17635118495078017,0.12466503100156855,0.706913486497767,0,0,-0.08104509749043132,-14.257553394077405,1,False,327,0.8878989302574777,2.6935259075531803,5.6956281060104175,0.9382285491097718,-0.5147689366396113,0.38550870429025963,,,210.4019602659449,435.16687327063903
1734763703200,F:\agent\UAV\data\IR-image\1734763703200.jpg,116.17724935900334,38.811607403481005,164.90301408757176,116.1796079,38.8121123,603.69,-2.238346110175087,10.05846502632653,0.9541284403669725,0.96,-101.93088508888164,2567.4913944984883,lk,164.75568239097584,A_down,0.8533333333333333,A_down,stable,"up=0.000,stable=0.900,down=0.100",0.0,0.1,0.9,1,1.0059162692238712,1.0011798396213984,0.00473642960247278,8.163242894252052,False,10,-1.9748021251954249,0.1742515455360283,0.12243657799634255,0.7026427089625298,0,0,-0.11013784480380195,-14.286584486270323,1,False,312,0.6370819371853447,-3.077406604115822,9.93623083530099,0.9379043745808303,,0.21381219336763024,,,211.92538036392048,438.7869859124283
1734763703400,F:\agent\UAV\data\IR-image\1734763703400.jpg,116.17728750736217,38.81162186899273,161.9953594192257,116.1796651,38.8121122,604.39,-11.96994015434177,7.394343190202449,0.9743589743589743,0.96,-102.38517832424583,2584.724752877569,lk,161.88990339712677,A_down,0.8533333333333333,A_down,stable,"up=0.000,stable=0.900,down=0.100",0.0,0.1,0.9,1,1.0017099742271487,1.0004956730158223,0.001214301211326374,8.310455606229239,False,10,-2.31305700519022,0.17215638592358817,0.12030690229588309,0.6988233497726971,0,0,-0.12424674271790082,-14.317280451140432,1,False,304,0.45429323536419575,-11.873492236149502,7.383304315473538,0.9650257647037506,,0.2094084060518071,,,213.0974147479366,442.3946405807743
1734763703600,F:\agent\UAV\data\IR-image\1734763703600.jpg,116.17732380657391,38.81162505126594,159.07782562115884,116.1797222,38.812112,605.12,-4.6979223780491,8.115435122775125,0.9703947368421053,0.96,-102.56368855051974,2638.946161407596,lk,158.94696898054906,A_down,0.8533333333333333,A_down,stable,"up=0.000,stable=0.900,down=0.100",0.0,0.1,0.9,1,1.0014268118319207,1.0007647355111953,0.0006620763207254576,8.463622835163275,False,10,-2.4826787192638453,0.17008588666597008,0.11811988929575863,0.69447202005498,0,0,-0.14076539095333374,-14.35107077984372,1,False,295,0.1785102262739095,-4.372678350776653,8.030545798180498,1.0119780395179987,,0.3366386969573796,,,214.74504538769614,446.0421743788412
1734763703800,F:\agent\UAV\data\IR-image\1734763703800.jpg,116.17736396969295,38.81162694816217,156.1533231556623,116.179779,38.8121118,605.85,-4.360735810090318,10.324585625742827,0.9728813559322034,0.96,-102.6342433628845,3559.4088132725656,lk,156.06233513669827,A_down,0.8533333333333333,A_down,stable,"up=0.000,stable=0.900,down=0.100",0.0,0.1,0.9,1,0.99953037955488,1.000373272868754,0.0008428933138739936,8.622400586373704,False,10,-2.3226635042772754,0.167999998146416,0.11597620179747013,0.6903345421253761,0,0,-0.14422608182115937,-14.385669008566687,1,False,287,0.07055481236476582,-3.4113756361481933,10.322314100245194,0.9611222194507718,,0.3487200965755619,,,216.08196891036135,449.69667684433773
1734763704000,F:\agent\UAV\data\IR-image\1734763704000.jpg,116.17740304716462,38.81164537074104,153.2198563769521,116.1798355,38.8121116,606.59,-15.117608785680147,7.418599235481167,0.9407665505226481,0.96,-102.75965843560327,3413.1876204430678,lk,153.11141710611938,A_down,0.8533333333333333,A_down,stable,"up=0.000,stable=0.900,down=0.100",0.0,0.1,0.9,1,1.0000523292457242,1.0008952168046417,0.0008428875589174822,8.788038618485176,False,10,-1.9245180288041703,0.1659091190794726,0.11378325585248963,0.6858167681427203,0,0,-0.15430584167799566,-14.422061973156165,1,False,270,0.1254150727187685,-14.71686114844988,7.396095918869321,0.9828087545931339,,0.3594534093281254,,,217.0401751769251,453.37014362304797
