timestamp,image_path,pred_lon,pred_lat,pred_alt,gt_lon,gt_lat,gt_alt,pred_east_m,pred_north_m,pixel_dx,pixel_dy,rotation_deg,affine_scale,match_confidence,num_matches,num_inliers,matcher_backend,yaw_deg,method,flight_phase,is_keyframe_reset,horizontal_error,altitude_error
1734763664200,F:\agent\UAV\data\IR-image\1734763664200.jpg,116.168975,38.8121207,483.54,116.168975,38.8121207,483.54,0.0,0.0,0.0,0.0,0.0,1.0,1.0,0,0,sift,-99.12807489730524,scheme_b_initial,NA,False,0.0,0.0
1734763664400,F:\agent\UAV\data\IR-image\1734763664400.jpg,116.16903146783173,38.81212549791331,483.54,116.1690312,38.8121209,484.06,4.898084335931316,0.5341037092103915,-3.6612410270506075,13.336396261059633,-0.5679484428185688,1.0009694812525407,0.9766666666666667,300,293,sift,-99.12807489730524,scheme_b_pairwise,NA,False,0.5117917193383651,0.5199999999999818
1734763664600,F:\agent\UAV\data\IR-image\1734763664600.jpg,116.16906995329691,38.81213034378155,483.54,116.1690873,38.8121209,484.58,8.236357622162647,1.0735457618007174,-2.9814691974727907,9.011262103371905,-0.2750967739156107,1.0011195223307805,0.96484375,256,247,sift,-99.12807489730524,scheme_b_pairwise,NA,False,1.8334873969357546,1.0399999999999636
1734763664800,F:\agent\UAV\data\IR-image\1734763664800.jpg,116.16913176437717,38.812152038806836,483.54,116.1691435,38.8121208,485.11,13.597921448810848,3.4886359768996793,-9.08046463037391,13.783270683352725,-0.32868166970565194,1.0014657151604198,0.9411764705882353,442,416,sift,-99.12807489730524,scheme_b_pairwise,NA,False,3.6193685611025,1.5699999999999932
1734763665000,F:\agent\UAV\data\IR-image\1734763665000.jpg,116.16918050577382,38.81215840877567,483.54,116.1691998,38.8121208,485.62,17.82580596547853,4.197740908062004,-3.8477954505390812,11.401122803578914,-0.2214848450688573,1.0007372553922622,0.97165991902834,494,480,sift,-99.12807489730524,scheme_b_pairwise,NA,False,4.5036698151686005,2.079999999999984
1734763665200,F:\agent\UAV\data\IR-image\1734763665200.jpg,116.16924425823117,38.81216745720791,483.54,116.169256,38.8121206,486.12,23.355767063989667,5.205012385106166,-5.253914398447819,14.876841440723581,0.09594093049365572,1.0009191953523142,0.9775510204081632,490,479,sift,-99.12807489730524,scheme_b_pairwise,NA,False,5.308684932676643,2.579999999999984
1734763665400,F:\agent\UAV\data\IR-image\1734763665400.jpg,116.16928246389045,38.81219798891663,483.54,116.1693123,38.8121203,486.59,26.66976966615163,8.603802199162661,-10.894868780139063,7.670764824174512,0.19360331784345494,1.0006560623639462,0.9441860465116279,215,203,sift,-99.12807489730524,scheme_b_pairwise,NA,False,9.017131197598225,3.0499999999999545
1734763665600,F:\agent\UAV\data\IR-image\1734763665600.jpg,116.16929695138293,38.812264207219954,483.54,116.1693685,38.81212,487.15,27.926431340027403,15.975223725195402,-20.988246672594187,0.20021858761390376,0.14386803512982926,1.0032664515477383,0.9537037037037037,324,309,sift,-99.12807489730524,scheme_b_pairwise,NA,False,17.19174389910895,3.609999999999957
1734763665800,F:\agent\UAV\data\IR-image\1734763665800.jpg,116.1693536567039,38.81227307682378,483.54,116.1694246,38.8121198,487.76,32.845115764761104,16.962588022951593,-4.926550393457717,13.19165418621418,-0.06152020883468604,1.0011597654419162,0.9693486590038314,522,506,sift,-99.12807489730524,scheme_b_pairwise,NA,False,18.118176377121493,4.21999999999997
1734763666000,F:\agent\UAV\data\IR-image\1734763666000.jpg,116.16937766177526,38.81224263005375,483.54,116.1694808,38.8121197,488.33,34.92734312077111,13.57325358379874,8.465784812061145,7.2797791776101235,-0.15617064925594365,1.0010467963693939,0.9766949152542372,472,461,sift,-99.12807489730524,scheme_b_pairwise,NA,False,16.331093422871223,4.789999999999964
1734763666200,F:\agent\UAV\data\IR-image\1734763666200.jpg,116.16939852966681,38.81219451889483,483.54,116.169537,38.8121196,488.97,36.73744791200974,8.217519372015843,14.036508019092196,7.401252226888744,-0.4133542802294457,1.0003798099609933,0.9727095516569201,513,499,sift,-99.12807489730524,scheme_b_pairwise,NA,False,14.606207053035998,5.430000000000007
1734763666400,F:\agent\UAV\data\IR-image\1734763666400.jpg,116.1694513613856,38.812149626626635,483.54,116.1695933,38.8121197,489.59,41.32013165121714,3.220112076610871,11.808866586622287,14.925435015936102,-0.15332764199342788,0.9990419907943489,0.9700460829493087,434,421,sift,-99.12807489730524,scheme_b_pairwise,NA,False,12.740360792999873,6.0499999999999545
1734763666600,F:\agent\UAV\data\IR-image\1734763666600.jpg,116.16949986819834,38.81220546693897,483.54,116.1696498,38.8121196,490.14,45.527668091068186,9.436255646142188,-19.100576894417827,8.892509674801659,-0.15141370555297468,1.0021160105482407,0.9617977528089887,445,428,sift,-99.12807489730524,scheme_b_pairwise,NA,False,16.122066986655266,6.599999999999966
1734763666800,F:\agent\UAV\data\IR-image\1734763666800.jpg,116.16953244226247,38.81219374008646,483.54,116.1697062,38.8121196,490.75,48.353179684780976,8.130822423928375,2.359622936520566,8.411730328985527,0.057721755986215095,1.0001695019139578,0.9758241758241758,455,444,sift,-99.12807489730524,scheme_b_pairwise,NA,False,17.16442539268951,7.2099999999999795
1734763667000,F:\agent\UAV\data\IR-image\1734763667000.jpg,116.16956999687085,38.812154190407455,483.54,116.1697627,38.8121195,491.42,51.610709386921634,3.7281521574576075,10.750727823445061,10.988161217655147,-0.20033943845583438,0.9993216566877673,0.9653579676674365,433,418,sift,-99.12807489730524,scheme_b_pairwise,NA,False,17.13632481085672,7.8799999999999955
1734763667200,F:\agent\UAV\data\IR-image\1734763667200.jpg,116.169621159138,38.81216199502067,483.54,116.1698192,38.8121194,492.09,56.04858298202532,4.596961701629871,-4.38389599338592,11.911957978311477,-0.2781342444623443,1.0007923501717075,0.9660297239915074,471,455,sift,-99.12807489730524,scheme_b_pairwise,NA,False,17.80069304072828,8.549999999999955
1734763667400,F:\agent\UAV\data\IR-image\1734763667400.jpg,116.16965703569593,38.8121772893855,483.54,116.1698757,38.8121193,492.77,59.16055666697688,6.29953039396706,-6.104112701163729,7.866183279294432,-0.1587603340567951,1.0022074894690463,0.9694323144104804,229,222,sift,-99.12807489730524,scheme_b_pairwise,NA,False,20.013134983604093,9.229999999999961
1734763667600,F:\agent\UAV\data\IR-image\1734763667600.jpg,116.16970409842322,38.81216335531772,483.54,116.1699323,38.8121191,493.49,63.24283148305981,4.748389968618348,2.4809372066350193,12.004051331277935,0.15376618107582601,1.0009453933795274,0.9674657534246576,584,565,sift,-99.12807489730524,scheme_b_pairwise,NA,False,20.375420266158844,9.949999999999989
1734763667800,F:\agent\UAV\data\IR-image\1734763667800.jpg,116.16974154821321,38.81218101045206,483.54,116.1699891,38.8121188,494.14,66.49126911685325,6.7137595230743115,-6.893187455953807,8.127348188760038,0.33635915466271143,1.0012960008284855,0.9797794117647058,544,533,sift,-99.12807489730524,scheme_b_pairwise,NA,False,22.536717646323396,10.599999999999966
1734763668000,F:\agent\UAV\data\IR-image\1734763668000.jpg,116.16979844336265,38.81219460544592,483.54,116.1700459,38.8121185,494.74,71.42641948099156,8.227154239090458,-6.391688357370981,13.003051424050284,0.5664447292795604,1.0016394242028996,0.9806949806949807,518,508,sift,-99.12807489730524,scheme_b_pairwise,NA,False,23.050227552775073,11.199999999999989
1734763668200,F:\agent\UAV\data\IR-image\1734763668200.jpg,116.1698342982413,38.81220467610719,483.54,116.1701029,38.8121181,495.3,74.53651268023626,9.348220252337407,-4.491737323932341,8.119908370293729,0.656278759265858,1.0014099982516271,0.9868995633187773,458,452,sift,-99.12807489730524,scheme_b_pairwise,NA,False,25.18517319509177,11.759999999999991
1734763668400,F:\agent\UAV\data\IR-image\1734763668400.jpg,116.16986595269005,38.812191677761376,483.54,116.1701599,38.8121177,495.86,77.28225578427863,7.901244395886273,2.7874048235293003,8.253692547816627,0.37060532069709873,0.9991573171483271,0.9699248120300752,266,258,sift,-99.12807489730524,scheme_b_pairwise,NA,False,26.764178084821143,12.319999999999993
1734763668600,F:\agent\UAV\data\IR-image\1734763668600.jpg,116.16992704540343,38.81223576267429,483.54,116.170217,38.8121175,496.36,82.5815076467417,12.808776901612541,-15.960107336910596,12.500727162308863,0.1581658386163283,1.000745913037474,0.9851485148514851,404,398,sift,-99.12807489730524,scheme_b_pairwise,NA,False,28.356323064230732,12.819999999999993
1734763668800,F:\agent\UAV\data\IR-image\1734763668800.jpg,116.1699543652876,38.812231463239925,483.54,116.1702741,38.8121173,496.9,84.95126566039902,12.330163868126972,0.27117011437928795,6.780511388847344,-0.1115754233235712,0.9991695676761378,0.9522184300341296,293,279,sift,-99.12807489730524,scheme_b_pairwise,NA,False,30.4730110364853,13.359999999999957
1734763669000,F:\agent\UAV\data\IR-image\1734763669000.jpg,116.17000321964325,38.81220757702596,483.54,116.1703311,38.8121172,497.63,89.18894836938945,9.671150529680789,5.482021464453055,12.928061711651935,-0.32349243715290626,1.0003128152973715,0.9633507853403142,382,368,sift,-99.12807489730524,scheme_b_pairwise,NA,False,30.13388707707771,14.089999999999975
1734763669200,F:\agent\UAV\data\IR-image\1734763669200.jpg,116.1700505083999,38.81217789485518,483.54,116.170388,38.8121171,498.34,93.29082923048604,6.366931278796795,7.3305734271647225,12.839012334584993,-0.4526368999574644,0.9998095264983633,0.9522613065326633,398,379,sift,-99.12807489730524,scheme_b_pairwise,NA,False,30.012777251385206,14.799999999999955
1734763669400,F:\agent\UAV\data\IR-image\1734763669400.jpg,116.17010381778475,38.81215468237667,483.54,116.170445,38.812117,499.06,97.91494627040352,3.782918170859201,5.102095969455831,13.965603475472847,-0.15921810028808714,1.001229392099603,0.9625468164794008,267,257,sift,-99.12807489730524,scheme_b_pairwise,NA,False,29.85679990269557,15.519999999999982
1734763669600,F:\agent\UAV\data\IR-image\1734763669600.jpg,116.17014178890692,38.81216568506058,483.54,116.170502,38.8121168,499.84,101.20860485514025,5.007736943583495,-4.8610104343440526,8.582429397633177,0.0752906895309019,1.002118235469206,0.9912854030501089,459,455,sift,-99.12807489730524,scheme_b_pairwise,NA,False,31.679882799280698,16.299999999999955
1734763669800,F:\agent\UAV\data\IR-image\1734763669800.jpg,116.17019496725685,38.812186083671385,483.54,116.170559,38.8121166,500.62,105.82135577551239,7.278510298589784,-8.347076550612144,11.772322840772233,0.10994421889781297,1.0006272433458114,0.9891696750902527,554,548,sift,-99.12807489730524,scheme_b_pairwise,NA,False,32.47368400829517,17.079999999999984
1734763670000,F:\agent\UAV\data\IR-image\1734763670000.jpg,116.1702515119486,38.8121939207318,483.54,116.1706161,38.8121164,501.34,110.72610703913757,8.150931863826447,-4.60180143741087,13.204223440669637,-0.14772835212887916,1.0007280784976065,0.984472049689441,644,634,sift,-99.12807489730524,scheme_b_pairwise,NA,False,32.74424792895966,17.799999999999955
1734763670200,F:\agent\UAV\data\IR-image\1734763670200.jpg,116.17028873216965,38.812209792850176,483.54,116.1706731,38.8121162,502.04,113.95463160079763,9.917816081393054,-6.334251271743028,8.160545687535148,-0.390782846227409,1.0017137915261711,0.9941176470588236,510,507,sift,-99.12807489730524,scheme_b_pairwise,NA,False,34.891282497108186,18.5
1734763670400,F:\agent\UAV\data\IR-image\1734763670400.jpg,116.17033905538617,38.81221777273978,483.54,116.17073,38.8121161,502.79,118.31972498189432,10.80613739233623,-4.405561408319841,11.701571344309173,-0.43496058540637317,1.0007276511449725,0.9962616822429906,535,533,sift,-99.12807489730524,scheme_b_pairwise,NA,False,35.70977977624383,19.25
1734763670600,F:\agent\UAV\data\IR-image\1734763670600.jpg,116.17039453695996,38.81221765221529,483.54,116.170787,38.8121161,503.49,123.13226017619233,10.79272060581736,-2.1057849194405662,13.343115698834481,-0.24714772833222473,1.0015946520837309,0.9847826086956522,460,453,sift,-99.12807489730524,scheme_b_pairwise,NA,False,35.83037286133581,19.94999999999999
1734763670800,F:\agent\UAV\data\IR-image\1734763670800.jpg,116.1704318986542,38.81219928384251,483.54,116.1708438,38.812116,504.18,126.37305628439897,8.747953348145959,4.223642842419622,9.891839389321433,-0.24273225490803738,0.9993756986793653,0.9795081967213115,488,478,sift,-99.12807489730524,scheme_b_pairwise,NA,False,36.87063284162461,20.639999999999986
1734763671000,F:\agent\UAV\data\IR-image\1734763671000.jpg,116.17048952667056,38.81221165760365,483.54,116.1709005,38.812116,504.96,131.37177636315613,10.125400438139069,-6.043238981511934,13.239760256860961,-0.3429181170562645,1.0006009347485982,0.9886104783599089,439,434,sift,-99.12807489730524,scheme_b_pairwise,NA,False,37.162985013542425,21.41999999999996
1734763671200,F:\agent\UAV\data\IR-image\1734763671200.jpg,116.17052816076745,38.81213817451027,483.54,116.170957,38.8121159,505.74,134.72294213288504,1.9452624829594551,21.177656557278965,12.929721512925482,-0.272569233159798,1.001278480483526,0.8202247191011236,89,73,sift,-99.12807489730524,scheme_b_pairwise,NA,False,37.238720090895576,22.19999999999999
1734763671400,F:\agent\UAV\data\IR-image\1734763671400.jpg,116.17057423504198,38.812155177945264,483.54,116.1710134,38.8121158,506.55,138.71947742562224,3.8380848664392886,-7.025254429017366,10.232880934479113,0.08810847630078261,0.9937498259846986,0.6818181818181818,132,90,sift,-99.12807489730524,scheme_b_pairwise,NA,False,38.30201833322496,23.00999999999999
1734763671600,F:\agent\UAV\data\IR-image\1734763671600.jpg,116.17062755292355,38.81220555467711,483.54,116.1710695,38.8121155,507.44,143.34433148088937,9.446022655599515,-17.600862468249602,10.319863212353823,0.35539918404677073,0.9968728933563988,0.6571428571428571,105,69,sift,-99.12807489730524,scheme_b_pairwise,NA,False,39.57962573508795,23.899999999999977
1734763671800,F:\agent\UAV\data\IR-image\1734763671800.jpg,116.17066351537383,38.81222572146946,483.54,116.1711253,38.8121149,508.4,146.46375556722595,11.690989980229006,-7.610597932780024,7.645306872088327,0.1348315300082469,1.0028814047003474,0.9069767441860465,215,195,sift,-99.12807489730524,scheme_b_pairwise,NA,False,41.86539797708461,24.859999999999957
1734763672000,F:\agent\UAV\data\IR-image\1734763672000.jpg,116.17072577131867,38.81228938916786,483.54,116.171181,38.8121143,509.4,151.8639074569359,18.77847816579623,-22.046421790659053,11.809645288509728,0.10268343854697778,1.0033691405857228,0.9636963696369637,303,292,sift,-99.12807489730524,scheme_b_pairwise,NA,False,43.98602847420494,25.859999999999957
1734763672200,F:\agent\UAV\data\IR-image\1734763672200.jpg,116.17076885506638,38.81229624262531,483.54,116.1712364,38.8121138,510.4,155.60104103185952,19.541405049064302,-3.7784282188647467,10.017121836139836,0.3883296486514574,1.0026053943964972,0.9318181818181818,220,205,sift,-99.12807489730524,scheme_b_pairwise,NA,False,45.3055956071552,26.859999999999957
1734763672400,F:\agent\UAV\data\IR-image\1734763672400.jpg,116.17080806829125,38.812282799927075,483.54,116.1712917,38.8121132,511.41,159.0024410256251,18.04496388175405,2.632533137384655,10.09276297666105,0.8494250869802694,1.0014957714333839,0.935374149659864,294,275,sift,-99.12807489730524,scheme_b_pairwise,NA,False,45.95177153937081,27.870000000000005
1734763672600,F:\agent\UAV\data\IR-image\1734763672600.jpg,116.17086066010506,38.812294117391055,483.54,116.1713467,38.8121126,512.44,163.56431513174724,19.304823972219566,-5.522843602889338,12.081474412423802,1.4141357830331804,0.9972753504096772,0.9535864978902954,237,226,sift,-99.12807489730524,scheme_b_pairwise,NA,False,46.699390096217165,28.900000000000034
1734763672800,F:\agent\UAV\data\IR-image\1734763672800.jpg,116.17088334994094,38.812271203947084,483.54,116.1714015,38.8121122,513.49,165.53245745788377,16.754099389493057,6.192517757152018,6.590188027238526,0.6080200440115225,0.9999705424275581,0.9882352941176471,425,420,sift,-99.12807489730524,scheme_b_pairwise,NA,False,48.25049276397767,29.94999999999999
1734763673000,F:\agent\UAV\data\IR-image\1734763673000.jpg,116.1708944915129,38.8122009433478,483.54,116.171456,38.812112,514.57,166.49889015857784,8.932689476872135,21.245395990320446,6.161092673337691,0.14791470351576227,0.9950344627109076,0.9133858267716536,254,232,sift,-99.12807489730524,scheme_b_pairwise,NA,False,49.646282670490216,31.03000000000003
1734763673200,F:\agent\UAV\data\IR-image\1734763673200.jpg,116.17095594816364,38.812237389722604,483.54,116.1715104,38.812112,515.65,171.82971036399027,12.989899920007556,-13.617638105055391,12.966852343218477,-0.5724135165061157,1.005937585230157,0.957345971563981,211,202,sift,-99.12807489730524,scheme_b_pairwise,NA,False,50.02219511375542,32.10999999999996
1734763673400,F:\agent\UAV\data\IR-image\1734763673400.jpg,116.17103299827937,38.8121700739627,483.54,116.1715648,38.8121122,516.52,178.51312556510607,5.496309527066748,17.791191245759535,21.85878508966664,-0.8076593675448367,0.9991497633106716,0.9360730593607306,219,205,sift,-99.12807489730524,scheme_b_pairwise,NA,False,46.524528581471216,32.97999999999996
1734763673600,F:\agent\UAV\data\IR-image\1734763673600.jpg,116.17105996705332,38.81215840016949,483.54,116.1716193,38.8121123,517.23,180.85242787569413,4.196782867357715,2.5597573569761494,7.061651992782913,0.17592719521856437,0.9989864713336684,0.9739776951672863,269,262,sift,-99.12807489730524,scheme_b_pairwise,NA,False,48.733076830048695,33.69
1734763673800,F:\agent\UAV\data\IR-image\1734763673800.jpg,116.17109424298425,38.81221381570756,483.54,116.1716735,38.8121121,518.03,183.82556134452244,10.365640564943002,-18.41986632417013,5.492622884097443,1.1695044780953985,1.0032823892670486,0.9628252788104089,269,259,sift,-99.12807489730524,scheme_b_pairwise,NA,False,51.447629425402525,34.48999999999995
1734763674000,F:\agent\UAV\data\IR-image\1734763674000.jpg,116.17112563951622,38.81218961529685,483.54,116.1717273,38.8121119,518.86,186.54893245151166,7.671650845159751,6.253258464741123,8.74697339984374,0.5541253368765882,1.000356586182049,0.9821428571428571,392,385,sift,-99.12807489730524,scheme_b_pairwise,NA,False,52.84152938457728,35.31999999999999
1734763674200,F:\agent\UAV\data\IR-image\1734763674200.jpg,116.17114889213978,38.81215884476894,483.54,116.171781,38.8121119,519.62,188.5658916263159,4.246275677761357,8.594728880217474,7.1149477895382915,-0.1477260126870827,0.9999126444234961,0.9741602067183462,387,377,sift,-99.12807489730524,scheme_b_pairwise,NA,False,55.016420827249725,36.079999999999984
1734763674400,F:\agent\UAV\data\IR-image\1734763674400.jpg,116.17120460945307,38.81217503668471,483.54,116.1718345,38.8121121,520.39,193.39887513379134,6.048759741688503,-7.1473576909911,12.591184756619441,-0.4923413566966634,1.0012220674184027,0.9589442815249267,341,327,sift,-99.12807489730524,scheme_b_pairwise,NA,False,55.02295746958476,36.849999999999966
1734763674600,F:\agent\UAV\data\IR-image\1734763674600.jpg,116.1712383332746,38.8121803640508,483.54,116.1718877,38.8121125,521.17,196.32411800104967,6.641802135390286,-2.9460958746422534,7.842749327023569,-0.8549305608070719,1.0019816629917078,0.8128654970760234,171,139,sift,-99.12807489730524,scheme_b_pairwise,NA,False,56.76737862706754,37.62999999999994
1734763674800,F:\agent\UAV\data\IR-image\1734763674800.jpg,116.17131698581251,38.81219425495924,483.54,116.1719408,38.8121128,521.95,203.1465291358763,8.188138062269145,-7.323355253855652,18.21861260394263,-0.037263221079813835,1.0026677968620386,0.8421052631578947,152,128,sift,-99.12807489730524,scheme_b_pairwise,NA,False,54.803254739770274,38.410000000000025
1734763675000,F:\agent\UAV\data\IR-image\1734763675000.jpg,116.17134989258416,38.81218307577023,483.54,116.1719936,38.812113,522.7,206.0009001613953,6.943670741475715,2.1778152969181406,8.46456202314016,-0.13802353198733608,0.9992015453696381,0.9585062240663901,241,231,sift,-99.12807489730524,scheme_b_pairwise,NA,False,56.31492452378881,39.160000000000025
1734763675200,F:\agent\UAV\data\IR-image\1734763675200.jpg,116.17140174790576,38.812177908952954,483.54,116.1720462,38.8121133,523.5,210.4988900910951,6.368500642948352,-0.4089155521894554,12.721548156913002,-0.12562391001775347,1.0010362316505443,0.9304635761589404,302,281,sift,-99.12807489730524,scheme_b_pairwise,NA,False,56.29803234239924,39.95999999999998
1734763675400,F:\agent\UAV\data\IR-image\1734763675400.jpg,116.17142462617495,38.81216431009299,483.54,116.1720986,38.8121136,524.27,212.48337733841825,4.854675551729352,3.3116449609368033,6.173765681822772,-0.10502918044410879,0.9989363630654674,0.9488188976377953,254,241,sift,-99.12807489730524,scheme_b_pairwise,NA,False,58.6672492702216,40.72999999999996
1734763675600,F:\agent\UAV\data\IR-image\1734763675600.jpg,116.17146357335362,38.812129342960965,483.54,116.1721507,38.8121138,525.07,215.8617001796918,0.9621344142518127,9.283201921421664,11.095764612046878,0.32818567327877096,1.0013077217309276,0.9356913183279743,311,291,sift,-99.12807489730524,scheme_b_pairwise,NA,False,59.56034805376811,41.53000000000003
1734763675800,F:\agent\UAV\data\IR-image\1734763675800.jpg,116.1715034902848,38.81211090635421,483.54,116.1722028,38.812114,525.76,219.32414046563412,-1.0902286500447187,4.145997720611831,10.509471712933419,0.33464800178245774,0.9993560646455505,0.9671232876712329,365,353,sift,-99.12807489730524,scheme_b_pairwise,NA,False,60.59183885794695,42.21999999999997
1734763676000,F:\agent\UAV\data\IR-image\1734763676000.jpg,116.17152562788246,38.81218413634046,483.54,116.1722547,38.8121143,526.43,221.2443810166739,7.061733419893439,-23.446869193561383,1.691651298993179,0.1450674228276272,1.0028672024119063,0.9395161290322581,248,233,sift,-99.12807489730524,scheme_b_pairwise,NA,False,63.64507342692665,42.88999999999993
1734763676200,F:\agent\UAV\data\IR-image\1734763676200.jpg,116.1715815267094,38.812159138789546,483.54,116.1723064,38.8121147,527.14,226.0931092260421,4.279006051932565,5.552782705972504,14.676561202088635,0.047018956556204874,1.0016273253310628,0.9459459459459459,296,280,sift,-99.12807489730524,scheme_b_pairwise,NA,False,62.99985311028304,43.599999999999966
1734763676400,F:\agent\UAV\data\IR-image\1734763676400.jpg,116.17161211183473,38.81213458567074,483.54,116.172358,38.812115,527.73,228.74609799297562,1.545752866471915,6.393411090913958,8.569404018999194,-0.04410603973796278,0.9993228361703712,0.9664082687338501,387,374,sift,-99.12807489730524,scheme_b_pairwise,NA,False,64.66327041203103,44.19
1734763676600,F:\agent\UAV\data\IR-image\1734763676600.jpg,116.17163772841496,38.81212191736822,483.54,116.1724095,38.8121154,528.34,230.96810947383747,0.1355174304225093,2.918796604250417,6.785897316033356,-0.23026661137543142,1.0016987086810272,0.9821428571428571,392,385,sift,-99.12807489730524,scheme_b_pairwise,NA,False,66.87315632990112,44.80000000000001
1734763676800,F:\agent\UAV\data\IR-image\1734763676800.jpg,116.17168070805977,38.81210039397858,483.54,116.1724608,38.8121158,528.97,234.69621304277746,-2.2604663039985793,4.979988446185189,11.398723728736002,-0.28213147077260203,1.0000989191620964,0.9595959595959596,396,380,sift,-99.12807489730524,scheme_b_pairwise,NA,False,67.61185220524735,45.43000000000001
1734763677000,F:\agent\UAV\data\IR-image\1734763677000.jpg,116.171712122804,38.8121008759074,483.54,116.172512,38.8121162,529.57,237.421163902805,-2.2068179889830213,-1.3620670850631313,7.52785938394635,-0.029352929999338247,1.0002419076692002,0.9795454545454545,440,431,sift,-99.12807489730524,scheme_b_pairwise,NA,False,69.3253607022821,46.03000000000003
1734763677200,F:\agent\UAV\data\IR-image\1734763677200.jpg,116.17174350496221,38.812086989631,483.54,116.1725631,38.8121165,530.19,240.14328821404337,-3.752638277209628,3.07185291679707,8.232251293313936,0.1323669541172531,1.0017189883481186,0.9878048780487805,410,405,sift,-99.12807489730524,scheme_b_pairwise,NA,False,71.08862668841537,46.650000000000034
1734763677400,F:\agent\UAV\data\IR-image\1734763677400.jpg,116.1717947417962,38.81209745287173,483.54,116.1726141,38.8121167,530.8,244.58762982130085,-2.5878703185453436,-5.206975677646653,11.798096075219291,-0.006055384714546382,1.0014819494180425,0.9799107142857143,448,439,sift,-99.12807489730524,scheme_b_pairwise,NA,False,71.02457935852759,47.259999999999934
1734763677600,F:\agent\UAV\data\IR-image\1734763677600.jpg,116.17183017249788,38.81209525553991,483.54,116.172665,38.812117,531.36,247.6609294247562,-2.832477297851231,-0.6906178552189886,8.62605972235906,-0.23160786742032102,1.0006697437250007,0.9865591397849462,372,367,sift,-99.12807489730524,scheme_b_pairwise,NA,False,72.37304712483908,47.81999999999999
1734763677800,F:\agent\UAV\data\IR-image\1734763677800.jpg,116.17187513230371,38.81209584551333,483.54,116.1727158,38.8121174,531.92,251.56079442691015,-2.7668014557790896,-1.9185753125827318,10.778582914435276,-0.41313751056963904,1.001255708369812,0.9626666666666667,375,361,sift,-99.12807489730524,scheme_b_pairwise,NA,False,72.87808509548766,48.37999999999994
1734763678000,F:\agent\UAV\data\IR-image\1734763678000.jpg,116.17190960931775,38.81210107916627,483.54,116.1727664,38.8121176,532.42,254.5513700745603,-2.1841912112286685,-2.946276853054428,8.028453585969032,0.1645591463392643,1.0003914271026333,0.9736263736263736,455,443,sift,-99.12807489730524,scheme_b_pairwise,NA,False,74.25834372591747,48.87999999999994
1734763678200,F:\agent\UAV\data\IR-image\1734763678200.jpg,116.17192989815268,38.812092849236706,483.54,116.172817,38.8121177,532.93,256.31124683097147,-3.100346970141443,1.7553202533695185,5.285159669005282,0.5063943358753135,1.0017273234196191,0.9759825327510917,458,447,sift,-99.12807489730524,scheme_b_pairwise,NA,False,76.91155278315105,49.38999999999993
1734763678400,F:\agent\UAV\data\IR-image\1734763678400.jpg,116.17195227023981,38.81205181283532,483.54,116.1728674,38.8121178,533.5,258.2518272684348,-7.6685191720032675,11.795811491664551,7.412151366481567,0.05821365461344331,0.999886137810073,0.967741935483871,465,450,sift,-99.12807489730524,scheme_b_pairwise,NA,False,79.62914160964247,49.95999999999998
1734763678600,F:\agent\UAV\data\IR-image\1734763678600.jpg,116.17200418325581,38.812055450408074,483.54,116.1729176,38.8121179,534.06,262.75482167596226,-7.263584573112132,-3.1273412462175543,12.298987735070625,-0.38141153853067455,1.0015007767064537,0.9742489270386266,466,454,sift,-99.12807489730524,scheme_b_pairwise,NA,False,79.44600167581622,50.519999999999925
1734763678800,F:\agent\UAV\data\IR-image\1734763678800.jpg,116.17203922081335,38.8120817555068,483.54,116.1729678,38.812118,534.57,265.79401950740476,-4.335300982978566,-9.468571541494441,7.11870016248713,-0.15127963992343435,1.001727077077462,0.9736842105263158,494,481,sift,-99.12807489730524,scheme_b_pairwise,NA,False,80.55653648029421,51.03000000000003
1734763679000,F:\agent\UAV\data\IR-image\1734763679000.jpg,116.1720869365443,38.812104026917105,483.54,116.173018,38.812118,535.05,269.93293660786617,-1.8560475882751648,-8.713851503969352,10.366337373080512,-0.009698258982347054,1.0006820968475654,0.9013157894736842,456,411,sift,-99.12807489730524,scheme_b_pairwise,NA,False,80.6858537344701,51.509999999999934
1734763679200,F:\agent\UAV\data\IR-image\1734763679200.jpg,116.17211347123738,38.81213924749768,483.54,116.1730681,38.8121179,535.54,272.23458624770973,2.064707442031309,-11.890619329687013,4.632771673496677,0.13836941495510857,1.0014617253161051,0.9605263157894737,380,365,sift,-99.12807489730524,scheme_b_pairwise,NA,False,82.74671467072807,51.99999999999994
1734763679400,F:\agent\UAV\data\IR-image\1734763679400.jpg,116.17214691272893,38.8121434253466,483.54,116.1731181,38.8121179,536.09,275.13533948912027,2.529785582972933,-2.580559265711088,7.831861429344599,0.16210131233956493,1.0016600341524127,0.9793577981651376,436,427,sift,-99.12807489730524,scheme_b_pairwise,NA,False,84.19520405249835,52.55000000000001
1734763679600,F:\agent\UAV\data\IR-image\1734763679600.jpg,116.1721956118403,38.81215979204515,483.54,116.1731681,38.8121179,536.62,279.3595561306534,4.351726466312993,-6.930202054304289,10.895424675397578,0.16991121175531027,1.0026008486946214,0.9637305699481865,386,372,sift,-99.12807489730524,scheme_b_pairwise,NA,False,84.3887162834545,53.079999999999984
1734763679800,F:\agent\UAV\data\IR-image\1734763679800.jpg,116.17222850443841,38.81214406760817,483.54,116.1732181,38.812118,537.14,282.21269772817783,2.6012821414161773,3.5805939111166936,8.686460686305224,0.3532396715402965,1.0009390527906041,0.9434782608695652,230,217,sift,-99.12807489730524,scheme_b_pairwise,NA,False,85.79129410659259,53.599999999999966
1734763680000,F:\agent\UAV\data\IR-image\1734763680000.jpg,116.17226046698967,38.812106113195604,483.54,116.1732681,38.8121181,537.65,284.98516599742396,-1.6238030652866695,10.47457270028741,9.56481747081233,0.2237919977522939,1.0006739529221638,0.967391304347826,368,356,sift,-99.12807489730524,scheme_b_pairwise,NA,False,87.31534345586562,54.10999999999996
1734763680200,F:\agent\UAV\data\IR-image\1734763680200.jpg,116.17228417939423,38.81206536694192,483.54,116.1733181,38.8121183,538.17,287.0420071000748,-6.1596760254755765,11.654529957143552,7.719965989502555,-0.13574153125132768,0.9997655728656448,0.9642105263157895,475,458,sift,-99.12807489730524,scheme_b_pairwise,NA,False,89.77600612935997,54.62999999999994
1734763680400,F:\agent\UAV\data\IR-image\1734763680400.jpg,116.17231723015294,38.81203761082108,483.54,116.1733681,38.8121185,538.7,289.9088677284515,-9.249487397998248,7.286318126547769,9.3208856481711,-0.28681646957818163,1.0007039979177557,0.9707865168539326,445,432,sift,-99.12807489730524,scheme_b_pairwise,NA,False,91.49459722155615,55.160000000000025
1734763680600,F:\agent\UAV\data\IR-image\1734763680600.jpg,116.17234785017595,38.81201902211159,483.54,116.1734181,38.8121188,539.24,292.5648835607048,-11.318782537460997,4.552013811058373,8.282140043568404,-0.35952764014543426,0.9986760792021134,0.9649122807017544,285,275,sift,-99.12807489730524,scheme_b_pairwise,NA,False,93.39195000296495,55.69999999999999
1734763680800,F:\agent\UAV\data\IR-image\1734763680800.jpg,116.17237775287505,38.81202048631088,483.54,116.1734682,38.8121189,539.76,295.1586778966429,-11.155787873319108,-1.6066998043062881,7.115690189653833,-0.2587812012581622,1.0007518446165504,0.9773299748110831,397,388,sift,-99.12807489730524,scheme_b_pairwise,NA,False,95.11218355441599,56.21999999999997
1734763681000,F:\agent\UAV\data\IR-image\1734763681000.jpg,116.17241539118221,38.81203090813692,483.54,116.1735183,38.812119,540.29,298.42346772574297,-9.99563019839787,-4.668958020383116,8.531217293051213,-0.11367017698073334,1.0009717077591251,0.9672489082969432,458,443,sift,-99.12807489730524,scheme_b_pairwise,NA,False,96.06100376599079,56.74999999999994
1734763681200,F:\agent\UAV\data\IR-image\1734763681200.jpg,116.1724612973084,38.81206969563762,483.54,116.1735684,38.8121191,540.79,302.40541763824757,-5.677805620295689,-13.739250225574267,9.112634017286666,0.043075577777065846,1.002893694264163,0.9508928571428571,448,426,sift,-99.12807489730524,scheme_b_pairwise,NA,False,96.08080387020983,57.24999999999994
1734763681400,F:\agent\UAV\data\IR-image\1734763681400.jpg,116.17249942282928,38.81208242063021,483.54,116.1736187,38.8121191,541.29,305.71246894290766,-4.2612594447947245,-5.398314688607513,8.534171057891228,0.19970138917769317,1.0024674383819843,0.9657142857142857,350,338,sift,-99.12807489730524,scheme_b_pairwise,NA,False,97.0641882759503,57.74999999999994
1734763681600,F:\agent\UAV\data\IR-image\1734763681600.jpg,116.17253368958569,38.8120950251794,483.54,116.173669,38.8121192,541.79,308.6848066039866,-2.8581210291463117,-5.212113123381869,7.612538153806611,0.06637737228399482,1.0019633886217332,0.9755639097744361,532,519,sift,-99.12807489730524,scheme_b_pairwise,NA,False,98.40435681051014,58.24999999999994
1734763681800,F:\agent\UAV\data\IR-image\1734763681800.jpg,116.17256524210237,38.812079062884955,483.54,116.1737194,38.8121192,542.27,311.421708003831,-4.635043646653746,3.7057345389152374,8.376110783013246,0.4147687572931433,1.0009946452919367,0.9844660194174757,515,507,sift,-99.12807489730524,scheme_b_pairwise,NA,False,100.10020719396385,58.72999999999996
1734763682000,F:\agent\UAV\data\IR-image\1734763682000.jpg,116.17258837313547,38.81205023206245,483.54,116.1737699,38.8121191,542.75,313.4281202812794,-7.8444908088319485,8.001016718809012,6.989568526068638,0.24614447260720512,0.9997770664585554,0.9900199600798403,501,496,sift,-99.12807489730524,scheme_b_pairwise,NA,False,102.65805057300251,59.20999999999998
1734763682200,F:\agent\UAV\data\IR-image\1734763682200.jpg,116.1726197738097,38.81203116665773,483.54,116.1738205,38.8121191,543.22,316.15185069363343,-9.966851661778744,4.668924081300702,8.493429306931944,0.05989983889761097,1.0004891407371896,0.977818853974122,541,529,sift,-99.12807489730524,scheme_b_pairwise,NA,False,104.49402343234291,59.68000000000001
1734763682400,F:\agent\UAV\data\IR-image\1734763682400.jpg,116.17266024612975,38.81202232300572,483.54,116.1738711,38.8121192,543.68,319.6624660446591,-10.951327003699676,1.1650725914857958,10.167462612976124,0.1822795802257463,1.001584482208103,0.9810606060606061,528,518,sift,-99.12807489730524,scheme_b_pairwise,NA,False,105.46464683246462,60.13999999999993
1734763682600,F:\agent\UAV\data\IR-image\1734763682600.jpg,116.17269865956202,38.81199495086309,483.54,116.1739219,38.8121193,544.13,322.99449111356864,-13.99839392126976,6.960726527540089,10.59097795516351,-0.07615075202306498,1.0002969059052353,0.9815436241610739,596,585,sift,-99.12807489730524,scheme_b_pairwise,NA,False,106.88443503908701,60.589999999999975
1734763682800,F:\agent\UAV\data\IR-image\1734763682800.jpg,116.17271895960833,38.811994936363234,483.54,116.1739727,38.8121194,544.58,324.7553403583678,-14.000008044599484,-0.7796129134648595,4.880619746101388,-0.37852237819142276,1.0010911393340256,0.968944099378882,644,624,sift,-99.12807489730524,scheme_b_pairwise,NA,False,109.50700573559985,61.04000000000002
1734763683000,F:\agent\UAV\data\IR-image\1734763683000.jpg,116.17276093781437,38.81196543148474,483.54,116.1740237,38.8121195,545.04,328.39657798250454,-17.28449111896422,7.480997100870468,11.553627875571692,-0.7362799518056692,1.000160894167635,0.9473684210526315,551,522,sift,-99.12807489730524,scheme_b_pairwise,NA,False,110.74376916299254,61.49999999999994
1734763683200,F:\agent\UAV\data\IR-image\1734763683200.jpg,116.17279914817115,38.81198757238806,483.54,116.1740748,38.8121197,545.51,331.7109880514023,-14.819765760921968,-8.306445839901983,8.087822353737579,-0.6963648590192401,1.003371503857663,0.9664429530201343,447,432,sift,-99.12807489730524,scheme_b_pairwise,NA,False,111.49962654842771,61.96999999999997
1734763683400,F:\agent\UAV\data\IR-image\1734763683400.jpg,116.17285650255133,38.81200107825014,483.54,116.174126,38.8121198,546.04,336.6859726141163,-13.316293194541375,-6.381928485524725,13.117863504844593,-0.5839125444880425,1.0007049544950788,0.9619047619047619,630,606,sift,-99.12807489730524,scheme_b_pairwise,NA,False,110.78354624596766,62.49999999999994
1734763683600,F:\agent\UAV\data\IR-image\1734763683600.jpg,116.17289826433424,38.81203622778911,483.54,116.1741774,38.8121196,546.58,340.30843744789485,-9.403446516898079,-12.456846663085855,8.2967129385637,-0.14061622548265684,1.00114817830074,0.9752186588921283,686,669,sift,-99.12807489730524,scheme_b_pairwise,NA,False,111.21630326155773,63.04000000000002
1734763683800,F:\agent\UAV\data\IR-image\1734763683800.jpg,116.17294145467412,38.81204454161291,483.54,116.1742289,38.8121193,547.13,344.0548169486566,-8.477951650850553,-4.233075467104982,9.97035570471337,0.027805549094427978,1.0000326108803919,0.9742765273311897,622,606,sift,-99.12807489730524,scheme_b_pairwise,NA,False,111.85853300259096,63.589999999999975
1734763684000,F:\agent\UAV\data\IR-image\1734763684000.jpg,116.17299176833392,38.812087561860814,483.54,116.1742805,38.812119,547.68,348.41908137002434,-3.688937654590733,-15.21531368993982,9.962339829433915,0.4912694009791268,1.001502369720761,0.9682758620689655,725,702,sift,-99.12807489730524,scheme_b_pairwise,NA,False,111.71535153720598,64.13999999999993
1734763684200,F:\agent\UAV\data\IR-image\1734763684200.jpg,116.17301368558662,38.81207776692926,483.54,116.1743323,38.8121185,548.19,350.3202089485575,-4.7793094356214585,2.1752336123627742,5.754189261723582,0.5825405097651101,1.000515293596241,0.9698630136986301,730,708,sift,-99.12807489730524,scheme_b_pairwise,NA,False,114.33955253548697,64.65000000000003
1734763684400,F:\agent\UAV\data\IR-image\1734763684400.jpg,116.17303401601903,38.81207105291975,483.54,116.1743843,38.8121181,548.72,352.0836939179254,-5.526712973498506,1.286044826313855,5.2200157823017435,0.19199378108190107,1.0023320599511794,0.9696,625,606,sift,-99.12807489730524,scheme_b_pairwise,NA,False,117.11068959314466,65.18
1734763684600,F:\agent\UAV\data\IR-image\1734763684600.jpg,116.17308231285547,38.81208158954738,483.54,116.1744364,38.8121178,549.21,356.2730167731268,-4.353775585636842,-5.116058936214415,11.087716238745315,-0.046028110223424436,0.9994993591628849,0.9660194174757282,618,597,sift,-99.12807489730524,scheme_b_pairwise,NA,False,117.3923697436829,65.67000000000002
1734763684800,F:\agent\UAV\data\IR-image\1734763684800.jpg,116.17310759006554,38.81208118866774,483.54,116.1744888,38.8121176,549.64,358.46559089765157,-4.398401507173509,-0.852655054180957,6.096226155045429,-0.16579416041721845,1.0008227210417,0.9686648501362398,734,711,sift,-99.12807489730524,scheme_b_pairwise,NA,False,119.74179030007335,66.09999999999997
1734763685000,F:\agent\UAV\data\IR-image\1734763685000.jpg,116.17314943783543,38.812095731137696,483.54,116.1745412,38.8121174,550.12,362.09551434077014,-2.7795337518638714,-6.102786616905689,9.338866018431247,-0.4754263178968159,1.000813402800732,0.9783950617283951,648,634,sift,-99.12807489730524,scheme_b_pairwise,NA,False,120.61166452437864,66.57999999999998
1734763685200,F:\agent\UAV\data\IR-image\1734763685200.jpg,116.17319682452187,38.81209441932824,483.54,116.1745938,38.8121174,550.61,366.20588974349556,-2.9255643803122444,-1.4256039118482136,11.456247987827624,-0.40242152707247725,1.0008104693492113,0.9722627737226277,685,666,sift,-99.12807489730524,scheme_b_pairwise,NA,False,121.06626821670433,67.07
1734763685400,F:\agent\UAV\data\IR-image\1734763685400.jpg,116.17323243646594,38.8121038000568,483.54,116.1746466,38.8121174,551.09,369.2949105204012,-1.881301676413834,-4.269506407690528,8.095709296567918,-0.19900085569287776,1.001970513688915,0.9593984962406015,665,638,sift,-99.12807489730524,scheme_b_pairwise,NA,False,122.53786008566239,67.55000000000001
1734763685600,F:\agent\UAV\data\IR-image\1734763685600.jpg,116.17327190050825,38.81208954082144,483.54,116.1746996,38.8121173,551.6,372.7180667065853,-3.468639757333302,2.874751039043531,10.193532011859133,-0.033582863726097645,1.001533927220699,0.976303317535545,633,618,sift,-99.12807489730524,scheme_b_pairwise,NA,False,123.73985246992567,68.06
1734763685800,F:\agent\UAV\data\IR-image\1734763685800.jpg,116.17330951279597,38.81205801485886,483.54,116.1747527,38.8121173,552.1,375.9805995793555,-6.978109911685331,8.273144324459452,10.604294798839305,0.05977552519325472,1.0004140482885575,0.9644012944983819,618,596,sift,-99.12807489730524,scheme_b_pairwise,NA,False,125.21693872564408,68.56
1734763686000,F:\agent\UAV\data\IR-image\1734763686000.jpg,116.17334719396104,38.812036997604885,483.54,116.174806,38.8121173,552.57,379.24910695254795,-9.317750624659013,5.028496098356186,10.099940357743606,0.36976845977541145,1.0004154172352568,0.9718498659517426,746,725,sift,-99.12807489730524,scheme_b_pairwise,NA,False,126.71159308768313,69.03000000000003
1734763686200,F:\agent\UAV\data\IR-image\1734763686200.jpg,116.17337456362466,38.81202324311404,483.54,116.1748594,38.8121172,553.04,381.6231828928178,-10.848900545491194,3.1861784222705296,7.261160537306125,0.32835298420893005,1.0008123808075766,0.9815059445178336,757,743,sift,-99.12807489730524,scheme_b_pairwise,NA,False,129.0754800527392,69.49999999999994
1734763686400,F:\agent\UAV\data\IR-image\1734763686400.jpg,116.17341027331715,38.812005540989844,483.54,116.174913,38.8121171,553.55,384.72068247862717,-12.819501010846489,4.08191022085532,9.461691265075274,0.019404434677897396,1.0003697260953115,0.9593837535014006,714,685,sift,-99.12807489730524,scheme_b_pairwise,NA,False,130.79165819365105,70.00999999999993
1734763686600,F:\agent\UAV\data\IR-image\1734763686600.jpg,116.17344281825056,38.812007127866934,483.54,116.1749667,38.8121171,554.05,387.54366724308096,-12.642849852960065,-1.7466024038951673,7.744772284771955,-0.11415503442143356,1.0008127353767686,0.9737876802096985,763,743,sift,-99.12807489730524,scheme_b_pairwise,NA,False,132.60007612152913,70.50999999999993
1734763686800,F:\agent\UAV\data\IR-image\1734763686800.jpg,116.1734920907978,38.812045656027394,483.54,116.1750206,38.8121171,554.57,391.8176243681587,-8.353895030440773,-13.789269994969573,9.934738844345759,-0.13940021679519438,1.0011068094251852,0.9093264248704663,386,351,sift,-99.12807489730524,scheme_b_pairwise,NA,False,132.67398248461737,71.03000000000003
1734763687000,F:\agent\UAV\data\IR-image\1734763687000.jpg,116.17353985248907,38.812057230900145,483.54,116.1750746,38.8121172,555.08,395.96052811982537,-7.065380195779684,-5.415692718770856,10.907608083459763,-0.2445178214835958,1.0008406209101155,0.9669811320754716,636,615,sift,-99.12807489730524,scheme_b_pairwise,NA,False,133.14351756357252,71.54000000000002
1734763687200,F:\agent\UAV\data\IR-image\1734763687200.jpg,116.17358552463749,38.81205931386469,483.54,116.1751288,38.8121173,555.56,399.92218253268067,-6.833504582988917,-2.4066844750115024,10.875815123621237,-0.16649107033339094,1.000720677870119,0.944954128440367,545,515,sift,-99.12807489730524,scheme_b_pairwise,NA,False,133.87067807113888,72.01999999999992
1734763687400,F:\agent\UAV\data\IR-image\1734763687400.jpg,116.1736281916344,38.812060402654105,483.54,116.1751831,38.8121174,556.02,403.6231666659488,-6.712300545018695,-1.983903083500138,10.202691568561363,-0.06417207162996649,1.0007952536552362,0.9632248939179632,707,681,sift,-99.12807489730524,scheme_b_pairwise,NA,False,134.8722326949395,72.47999999999996
1734763687600,F:\agent\UAV\data\IR-image\1734763687600.jpg,116.17364867077221,38.81203997579818,483.54,116.1752375,38.8121174,556.52,405.39955051178964,-8.986218146883981,5.51078109563548,5.935502265419245,0.17588567257248838,1.0012283771357204,0.9736147757255936,758,738,sift,-99.12807489730524,scheme_b_pairwise,NA,False,137.93123280891794,72.97999999999996
1734763687800,F:\agent\UAV\data\IR-image\1734763687800.jpg,116.17368836050332,38.812026348075655,483.54,116.1752921,38.8121174,557.05,408.8422832027416,-10.503256218156238,2.671209052071731,10.216481244248826,0.12997509618858416,1.0010583963635409,0.9839142091152815,746,734,sift,-99.12807489730524,scheme_b_pairwise,NA,False,139.32254921044094,73.50999999999993
1734763688000,F:\agent\UAV\data\IR-image\1734763688000.jpg,116.17371895909396,38.81199896148466,483.54,116.1753468,38.8121175,557.62,411.49643996612815,-13.551931527268199,7.267030981885512,8.713094819524997,0.17232946787949013,1.0010302015850305,0.9731638418079096,708,689,sift,-99.12807489730524,scheme_b_pairwise,NA,False,141.6570166331924,74.07999999999998
1734763688200,F:\agent\UAV\data\IR-image\1734763688200.jpg,116.17376327234624,38.811999720618665,483.54,116.1754015,38.8121175,558.24,415.3402221721429,-13.467424730637747,-1.9457891403407075,10.614773556577745,0.34068286685153976,1.0000672801872903,0.9744680851063829,470,458,sift,-99.12807489730524,scheme_b_pairwise,NA,False,142.5453040957171,74.69999999999999
1734763688400,F:\agent\UAV\data\IR-image\1734763688400.jpg,116.17380293122962,38.81197522866446,483.54,116.1754564,38.8121174,558.88,418.7802790959947,-16.193869072336355,6.024068992942318,10.747600689322724,0.18726275740782827,1.000764356524245,0.9787234042553191,658,644,sift,-99.12807489730524,scheme_b_pairwise,NA,False,144.13256841580636,75.33999999999997
1734763688600,F:\agent\UAV\data\IR-image\1734763688600.jpg,116.17384288843144,38.81200739684047,483.54,116.1755113,38.8121173,559.52,422.2462125020113,-12.6129077190509,-11.467379983699743,8.010696873987001,0.2644159886698724,1.000459029920624,0.9793977812995246,631,618,sift,-99.12807489730524,scheme_b_pairwise,NA,False,145.07328675739058,75.97999999999996
1734763688800,F:\agent\UAV\data\IR-image\1734763688800.jpg,116.17387365159269,38.81202723929745,483.54,116.1755663,38.8121173,560.22,424.91464430862163,-10.404045408132875,-7.309717143963212,6.411533885242875,0.04685134897454351,1.001559535939413,0.9697386519944979,727,705,sift,-99.12807489730524,scheme_b_pairwise,NA,False,146.99910884251443,76.68
1734763689000,F:\agent\UAV\data\IR-image\1734763689000.jpg,116.1739384880179,38.8120046096725,483.54,116.1756214,38.8121174,560.86,430.5386300184787,-12.92317525715179,4.477052629195441,16.707681518052823,-0.24752707121345904,1.0002443320896879,0.9623430962343096,478,460,sift,-99.12807489730524,scheme_b_pairwise,NA,False,146.3523962102144,77.32
1734763689200,F:\agent\UAV\data\IR-image\1734763689200.jpg,116.17396956458822,38.811978138000185,483.54,116.1756766,38.8121174,561.41,433.23424728758926,-15.87000181934372,6.966312216259439,8.782643628309813,0.0670852720326211,1.0001367078543804,0.9675925925925926,432,418,sift,-99.12807489730524,scheme_b_pairwise,NA,False,148.71262326214264,77.86999999999995
1734763689400,F:\agent\UAV\data\IR-image\1734763689400.jpg,116.17399799433201,38.8119722410736,483.54,116.1757319,38.8121173,562.03,435.7002757942514,-16.526447687167423,0.7211360974121703,7.126496001445275,0.31199437223710313,1.0007368442343878,0.9751824817518249,685,668,sift,-99.12807489730524,scheme_b_pairwise,NA,False,151.09576322220903,78.48999999999995
1734763689600,F:\agent\UAV\data\IR-image\1734763689600.jpg,116.17401607297467,38.81197119146558,483.54,116.1757872,38.8121173,562.66,437.26843794345143,-16.643290051577726,-0.3744756192285763,4.397929317145156,0.096078902938383,1.0014578654755775,0.9821162444113264,671,659,sift,-99.12807489730524,scheme_b_pairwise,NA,False,154.31496698464585,79.11999999999995
1734763689800,F:\agent\UAV\data\IR-image\1734763689800.jpg,116.1740796341175,38.812004862092756,483.54,116.1758426,38.8121173,563.26,442.7818042021084,-12.895075834682817,-12.842592111204965,13.610340900455412,-0.0356175136588359,1.0008255764524587,0.97724399494311,791,773,sift,-99.12807489730524,scheme_b_pairwise,NA,False,153.26101178279455,79.71999999999997
1734763690000,F:\agent\UAV\data\IR-image\1734763690000.jpg,116.17409941649153,38.811966329482026,483.54,116.175898,38.8121173,563.85,444.4977499593125,-17.184526060940915,11.123407139318203,6.665501955684647,0.0001567496837206362,1.000586015087537,0.9791395045632334,767,751,sift,-99.12807489730524,scheme_b_pairwise,NA,False,156.73786932333306,80.31
1734763690200,F:\agent\UAV\data\IR-image\1734763690200.jpg,116.17413762557628,38.8119577653087,483.54,116.1759534,38.8121173,564.49,447.8120496903113,-18.13788983557941,1.1662691720597422,9.609552875583404,-0.3071981965236976,1.0011393977051934,0.976158940397351,755,737,sift,-99.12807489730524,scheme_b_pairwise,NA,False,158.32275048528263,80.94999999999999
1734763690400,F:\agent\UAV\data\IR-image\1734763690400.jpg,116.17419166121398,38.81195295208535,483.54,116.1760089,38.8121174,565.1,452.49916273461207,-18.67369785871791,-0.6022153783147814,13.228143947647197,-0.9456146185518746,1.000592530520072,0.9770408163265306,784,766,sift,-99.12807489730524,scheme_b_pairwise,NA,False,158.51093021387524,81.56
1734763690600,F:\agent\UAV\data\IR-image\1734763690600.jpg,116.17423449109235,38.81196268989922,483.54,116.1760645,38.8121177,565.67,456.21427539092394,-17.589684419181072,-4.658460573684351,9.81311832043474,-0.8185738868498792,1.0009228835694224,0.9795918367346939,735,720,sift,-99.12807489730524,scheme_b_pairwise,NA,False,159.49321435389973,82.12999999999994
1734763690800,F:\agent\UAV\data\IR-image\1734763690800.jpg,116.17428698826556,38.81196433621507,483.54,116.1761201,38.8121177,566.25,460.7679402639873,-17.406416538793753,-2.5355917644467922,12.538118182357493,-0.26483107755394436,1.001123557937976,0.9806701030927835,776,761,sift,-99.12807489730524,scheme_b_pairwise,NA,False,159.7408350019422,82.70999999999998
1734763691000,F:\agent\UAV\data\IR-image\1734763691000.jpg,116.17433195676658,38.812009077681765,483.54,116.1761758,38.8121175,566.77,464.6685594956586,-12.42579646597765,-15.539862140647926,8.592104241150878,0.36222991461561066,1.000754052827889,0.9856527977044476,697,687,sift,-99.12807489730524,scheme_b_pairwise,NA,False,160.2119792443808,83.22999999999996
1734763691200,F:\agent\UAV\data\IR-image\1734763691200.jpg,116.17436350213433,38.812024012863034,483.54,116.1762315,38.8121172,567.3,467.4048407895637,-10.763212086888817,-5.826011264479007,6.8428188257149145,0.6267331426437593,1.001458603230531,0.9678217821782178,808,782,sift,-99.12807489730524,scheme_b_pairwise,NA,False,162.18191440897493,83.75999999999993
1734763691400,F:\agent\UAV\data\IR-image\1734763691400.jpg,116.17440078044852,38.81204416742846,483.54,116.1762871,38.8121169,567.85,470.63840441739603,-8.51960586397701,-7.657650908272672,7.96223172232942,0.45640121383661175,1.0013835950031507,0.9780487804878049,820,802,sift,-99.12807489730524,scheme_b_pairwise,NA,False,163.63797471771147,84.31
1734763691600,F:\agent\UAV\data\IR-image\1734763691600.jpg,116.1744323981912,38.81206986930925,483.54,116.1763428,38.8121167,568.39,473.3809635956437,-5.658472494911914,-9.150386039202886,6.326516673622336,0.17855129982385418,1.0014322088984693,0.97539975399754,813,793,sift,-99.12807489730524,scheme_b_pairwise,NA,False,165.60643783872666,84.84999999999997
1734763691800,F:\agent\UAV\data\IR-image\1734763691800.jpg,116.17445830006379,38.81196474071354,483.54,116.1763985,38.8121167,568.92,475.6277216618879,-17.36138776901143,31.4322285624296,11.437691902705865,-0.27253879271694603,0.9993637184338366,0.9339019189765458,469,438,sift,-99.12807489730524,scheme_b_pairwise,NA,False,168.95356388927516,85.37999999999994
1734763692000,F:\agent\UAV\data\IR-image\1734763692000.jpg,116.1744917855487,38.81195076368695,483.54,116.1764542,38.8121167,569.42,478.53229093714754,-18.91731036905488,3.018609122564385,8.742365630091967,0.04663296980199687,1.0008285149326859,0.9798234552332913,793,777,sift,-99.12807489730524,scheme_b_pairwise,NA,False,171.02947559047163,85.87999999999994
1734763692200,F:\agent\UAV\data\IR-image\1734763692200.jpg,116.17453541077279,38.811968377543,483.54,116.17651,38.8121167,569.93,482.31639279259866,-16.95653591266363,-7.11897810506764,9.613898686520997,-0.05869248012050592,1.0012145719287493,0.9765342960288809,554,541,sift,-99.12807489730524,scheme_b_pairwise,NA,False,171.87922618570286,86.38999999999993
1734763692400,F:\agent\UAV\data\IR-image\1734763692400.jpg,116.17458838297715,38.81198948079554,483.54,116.1765658,38.8121166,570.43,486.91126241055485,-14.607321840954276,-8.556499617551594,11.687839022275,-0.04667233172592066,1.000347435922814,0.9722627737226277,685,666,sift,-99.12807489730524,scheme_b_pairwise,NA,False,171.9131898094764,86.88999999999993
1734763692600,F:\agent\UAV\data\IR-image\1734763692600.jpg,116.1746240677674,38.81199279172081,483.54,116.1766216,38.8121166,570.97,490.00660194730375,-14.238749639374326,-2.399756165196095,8.41409800265285,0.19328948656588021,1.0012164813734192,0.9805194805194806,770,755,sift,-99.12807489730524,scheme_b_pairwise,NA,False,173.62062351810104,87.43
1734763692800,F:\agent\UAV\data\IR-image\1734763692800.jpg,116.17466821143134,38.811993256322374,483.54,116.1766773,38.8121164,571.53,493.835673868694,-14.187030193300034,-1.848374125333578,10.588606283028014,0.30336063112022316,1.0009409674566396,0.980544747081712,771,756,sift,-99.12807489730524,scheme_b_pairwise,NA,False,174.61296369256524,87.98999999999995
1734763693000,F:\agent\UAV\data\IR-image\1734763693000.jpg,116.17470358742314,38.81198503355105,483.54,116.1767331,38.8121162,572.09,496.9042278751589,-15.102389096945393,1.170372771840789,8.911586309850975,0.17400423498876721,1.0015747585532397,0.9507299270072993,548,521,sift,-99.12807489730524,scheme_b_pairwise,NA,False,176.44869334717558,88.55000000000001
1734763693200,F:\agent\UAV\data\IR-image\1734763693200.jpg,116.17472842355032,38.81197185394623,483.54,116.1767887,38.812116,572.66,499.0585419653364,-16.56954270573442,3.106680739009448,6.62363026680498,0.15272840308762464,1.0013918641466335,0.9728997289972899,738,718,sift,-99.12807489730524,scheme_b_pairwise,NA,False,179.22852779933558,89.11999999999995
1734763693400,F:\agent\UAV\data\IR-image\1734763693400.jpg,116.174765904353,38.81196997623877,483.54,116.1768444,38.8121158,573.23,502.30966967528013,-16.778569100206358,-0.868408369881422,9.103037130389225,-0.11675158078687024,1.0012532591603238,0.9824561403508771,798,784,sift,-99.12807489730524,scheme_b_pairwise,NA,False,180.817476417495,89.69
1734763693600,F:\agent\UAV\data\IR-image\1734763693600.jpg,116.17479624798065,38.811999230491566,483.54,116.1769001,38.8121158,573.77,504.94171065809553,-13.52198567868636,-10.197097629903169,5.844144444107826,-0.15952180409356173,1.0014348632710295,0.9665327978580991,747,722,sift,-99.12807489730524,scheme_b_pairwise,NA,False,182.74617526621583,90.22999999999996
1734763693800,F:\agent\UAV\data\IR-image\1734763693800.jpg,116.1748330895142,38.81200632811221,483.54,116.1769557,38.8121157,574.31,508.13738743299746,-12.731878548482213,-3.6126491863503816,8.504461259765947,-0.19055646348292857,1.001385152464887,0.9796557120500783,639,626,sift,-99.12807489730524,scheme_b_pairwise,NA,False,184.31287629661836,90.76999999999992
1734763694000,F:\agent\UAV\data\IR-image\1734763694000.jpg,116.17487760702568,38.812032255081775,483.54,116.1770114,38.8121157,574.84,511.9988873167365,-9.84568829667632,-9.718078624083375,9.416317304088693,-0.06959432955685751,1.0010097440324812,0.9752407152682255,727,709,sift,-99.12807489730524,scheme_b_pairwise,NA,False,185.11275587776794,91.30000000000001
1734763694200,F:\agent\UAV\data\IR-image\1734763694200.jpg,116.17491311706776,38.81201678592069,483.54,116.1770672,38.8121157,575.37,515.0790689989544,-11.567715309122157,3.4007416797155656,9.30301063587234,-0.09595049110570444,1.0009788132005042,0.9777468706536857,719,703,sift,-99.12807489730524,scheme_b_pairwise,NA,False,186.96188927090014,91.82999999999998
1734763694400,F:\agent\UAV\data\IR-image\1734763694400.jpg,116.17497271260116,38.81202769003378,483.54,116.1771229,38.8121157,575.89,520.2484537570979,-10.353869439997002,-5.665840436675467,13.785578815296049,-0.09138858755558597,1.000954560540487,0.9739292364990689,537,523,sift,-99.12807489730524,scheme_b_pairwise,NA,False,186.5574051854027,92.34999999999997
1734763694600,F:\agent\UAV\data\IR-image\1734763694600.jpg,116.17499522104241,38.81200549662752,483.54,116.1771785,38.8121158,576.43,522.2008617048357,-12.824439424193727,5.977388950706313,6.510890879665908,-0.12631670079881221,1.0003275637272462,0.9670846394984326,638,617,sift,-99.12807489730524,scheme_b_pairwise,NA,False,189.56496416169665,92.88999999999993
1734763694800,F:\agent\UAV\data\IR-image\1734763694800.jpg,116.17504574784142,38.81199256080801,483.54,116.1772341,38.8121158,577.01,526.5836140662173,-14.264454852854685,2.0391735080662556,12.787292202919673,0.008976938557472123,1.001122183957622,0.975443383356071,733,715,sift,-99.12807489730524,scheme_b_pairwise,NA,False,190.10189560276314,93.46999999999997
1734763695000,F:\agent\UAV\data\IR-image\1734763695000.jpg,116.17507411956808,38.81197081012202,483.54,116.1772897,38.8121159,577.59,529.044610099463,-16.685741216864145,5.614339085814493,7.8984127847925265,0.1407075860522968,1.0002419043156618,0.9481981981981982,444,421,sift,-99.12807489730524,scheme_b_pairwise,NA,False,192.64327466567818,94.05000000000001
1734763695200,F:\agent\UAV\data\IR-image\1734763695200.jpg,116.17510111968244,38.8119356492413,483.54,116.1773453,38.8121159,578.2,531.3866309129919,-20.599850458449744,9.804427870741108,8.233429827297073,0.20129322955165802,1.0016627159018632,0.964968152866242,628,606,sift,-99.12807489730524,scheme_b_pairwise,NA,False,195.47485194330847,94.66000000000003
1734763695400,F:\agent\UAV\data\IR-image\1734763695400.jpg,116.17514035190081,38.811926321405636,483.54,116.1774008,38.812116,578.81,534.7896784250258,-21.638225124941545,1.3623443485479356,9.893356984657089,0.011909771825138407,1.0003633511217211,0.9732016925246827,709,690,sift,-99.12807489730524,scheme_b_pairwise,NA,False,196.9864784853606,95.26999999999992
1734763695600,F:\agent\UAV\data\IR-image\1734763695600.jpg,116.17516627458075,38.81192968061028,483.54,116.1774563,38.8121161,579.41,537.0382413442464,-21.264278464136368,-2.0375905663718754,6.065004171857709,-0.25655543512228396,1.0010219306789028,0.9766423357664233,685,669,sift,-99.12807489730524,scheme_b_pairwise,NA,False,199.49664393606886,95.86999999999995
1734763695800,F:\agent\UAV\data\IR-image\1734763695800.jpg,116.17520252752811,38.811921884890616,483.54,116.1775117,38.8121163,580.0,540.182863480276,-22.132097976593915,1.0047529761817486,9.10122773551194,-0.13732990801433376,1.00081093619892,0.9677002583979328,774,749,sift,-99.12807489730524,scheme_b_pairwise,NA,False,201.24029098717665,96.45999999999998
1734763696000,F:\agent\UAV\data\IR-image\1734763696000.jpg,116.17523468418973,38.81192452613838,483.54,116.1775672,38.8121164,580.57,542.9721691033185,-21.838074276362516,-2.0568839559475123,7.599171481210078,0.050872426211942504,1.000772605127006,0.9721448467966574,718,698,sift,-99.12807489730524,scheme_b_pairwise,NA,False,203.22139727114305,97.03000000000003
1734763696200,F:\agent\UAV\data\IR-image\1734763696200.jpg,116.17526996685294,38.811925548570315,483.54,116.1776227,38.8121165,581.15,546.0326276814683,-21.724257152926658,-1.6782127162005622,8.430870769311923,0.168885079943578,1.0008111167711318,0.9644381223328592,703,678,sift,-99.12807489730524,scheme_b_pairwise,NA,False,204.952855653035,97.60999999999996
1734763696400,F:\agent\UAV\data\IR-image\1734763696400.jpg,116.17530002571247,38.811924724681134,483.54,116.1776782,38.8121165,581.74,548.6399675522057,-21.81597249653179,-0.9068450284291885,7.266648864025171,-0.15636309742432636,1.0003719260898596,0.975346687211094,649,633,sift,-99.12807489730524,scheme_b_pairwise,NA,False,207.15485249348254,98.19999999999999
1734763696600,F:\agent\UAV\data\IR-image\1734763696600.jpg,116.17533473678263,38.811918719538504,483.54,116.1777337,38.8121165,582.35,551.6508454938297,-22.484464973620018,0.5119060017478887,8.641819864504669,-0.4286840636855593,1.0008805022814764,0.9735182849936949,793,772,sift,-99.12807489730524,scheme_b_pairwise,NA,False,209.01581243604298,98.81
1734763696800,F:\agent\UAV\data\IR-image\1734763696800.jpg,116.17538047629284,38.81193270401943,483.54,116.1777892,38.8121165,582.96,555.6183429461706,-20.927712556514557,-6.08096215760645,10.302055529031179,-0.38471841002263185,1.001023940787977,0.9786432160804021,796,779,sift,-99.12807489730524,scheme_b_pairwise,NA,False,209.69954733075178,99.42000000000002
1734763697000,F:\agent\UAV\data\IR-image\1734763697000.jpg,116.17541541798532,38.81192723714288,483.54,116.1778448,38.8121165,583.56,558.6492253336426,-21.536285254321047,0.3369405405350676,8.670577263261123,-0.285083700533543,1.0008024275566947,0.9735099337748344,755,735,sift,-99.12807489730524,scheme_b_pairwise,NA,False,211.54063403870322,100.01999999999992
1734763697200,F:\agent\UAV\data\IR-image\1734763697200.jpg,116.17544744179071,38.81191502156699,483.54,116.1779005,38.8121164,584.16,561.4270068548021,-22.896123162547944,2.531650140415991,8.303680155890902,-0.15642936114086345,1.0006138046537068,0.9754224270353302,651,635,sift,-99.12807489730524,scheme_b_pairwise,NA,False,213.71892066456778,100.61999999999995
1734763697400,F:\agent\UAV\data\IR-image\1734763697400.jpg,116.17548497232947,38.81192544298928,483.54,116.1779562,38.8121162,584.77,564.6824487310829,-21.736010433713943,-4.664670922456025,8.505331009602855,0.2926306229929131,1.0012104062707097,0.9568733153638814,742,710,sift,-99.12807489730524,scheme_b_pairwise,NA,False,215.16493977640556,101.22999999999996
1734763697600,F:\agent\UAV\data\IR-image\1734763697600.jpg,116.17553042926737,38.811968291576314,483.54,116.1780119,38.8121158,585.36,568.6254355362735,-16.966105724556073,-14.974765334907772,8.80334808926716,0.24872400304424921,1.001191595999811,0.9732262382864793,747,727,sift,-99.12807489730524,scheme_b_pairwise,NA,False,215.62904318837676,101.82
1734763697800,F:\agent\UAV\data\IR-image\1734763697800.jpg,116.17555656849491,38.81199154998131,483.54,116.1780678,38.8121156,585.94,570.8927820432523,-14.376980080692599,-8.184955031492223,5.13066569809456,0.06355134157660938,1.0011736083872236,0.96484375,768,741,sift,-99.12807489730524,scheme_b_pairwise,NA,False,218.01965231489777,102.40000000000003
1734763698000,F:\agent\UAV\data\IR-image\1734763698000.jpg,116.17559293741614,38.81195939655203,483.54,116.1781236,38.8121156,586.53,574.0474638841408,-17.95629982889217,8.514745704163943,10.3365068224158,0.035702861348971854,1.0006795602118346,0.979702300405954,739,724,sift,-99.12807489730524,scheme_b_pairwise,NA,False,219.9533577164904,102.98999999999995
1734763698200,F:\agent\UAV\data\IR-image\1734763698200.jpg,116.17562093180712,38.81194251341808,483.54,116.1781797,38.8121155,587.11,576.4757293899903,-19.83573029950184,4.12725007646992,7.5664232877747395,0.20851555226779625,1.0000686613290146,0.9681274900398407,753,729,sift,-99.12807489730524,scheme_b_pairwise,NA,False,222.53457954862722,103.57
1734763698400,F:\agent\UAV\data\IR-image\1734763698400.jpg,116.1756468074746,38.81189801273765,483.54,116.1782358,38.8121154,587.69,578.7202143956973,-24.78954604476239,12.729233215127806,8.426095056540532,0.22633250987647924,1.000364275648412,0.9574861367837338,541,518,sift,-99.12807489730524,scheme_b_pairwise,NA,False,225.61915408808377,104.15000000000003
1734763698600,F:\agent\UAV\data\IR-image\1734763698600.jpg,116.17568042232405,38.81188918262953,483.54,116.1782921,38.8121153,588.27,581.6360048992055,-25.77251368101603,1.425762990832709,8.518333055068467,-0.014943984005579947,1.0009147436891712,0.9803063457330415,457,448,sift,-99.12807489730524,scheme_b_pairwise,NA,False,227.67863996188504,104.72999999999996
1734763698800,F:\agent\UAV\data\IR-image\1734763698800.jpg,116.1757222209333,38.81188840174091,483.54,116.1783485,38.8121151,588.86,585.2616640913546,-25.85944220238959,-1.3735569493199478,10.086620081639865,0.4423754437071417,1.0007807947286824,0.9739130434782609,805,784,sift,-99.12807489730524,scheme_b_pairwise,NA,False,228.9431712313243,105.32
1734763699000,F:\agent\UAV\data\IR-image\1734763699000.jpg,116.1757639915475,38.811902072698814,483.54,116.178405,38.8121148,589.48,588.884894963395,-24.337591168404273,-5.830940773822022,9.363519115256736,0.6420213118838547,1.0007651764613779,0.9771505376344086,744,727,sift,-99.12807489730524,scheme_b_pairwise,NA,False,230.0467226654316,105.94
1734763699200,F:\agent\UAV\data\IR-image\1734763699200.jpg,116.17580288644668,38.811906004361816,483.54,116.1784617,38.8121144,590.12,592.258683021461,-23.89991844262285,-2.7152467491254697,9.15500211671025,0.4897513712433837,1.000642542436418,0.9667590027700831,722,698,sift,-99.12807489730524,scheme_b_pairwise,NA,False,231.53259649743447,106.57999999999998
1734763699400,F:\agent\UAV\data\IR-image\1734763699400.jpg,116.17584060100903,38.81191523137956,483.54,116.1785184,38.8121142,590.75,595.530087314707,-22.87276682754031,-4.303299179507519,8.608774270179651,0.14455362986788292,1.0008077180667,0.9674355495251018,737,713,sift,-99.12807489730524,scheme_b_pairwise,NA,False,233.06751300117745,107.20999999999998
1734763699600,F:\agent\UAV\data\IR-image\1734763699600.jpg,116.17587576582,38.811931544555215,483.54,116.1785753,38.812114,591.38,598.5803232538004,-21.05678411343564,-6.390929693243891,7.644585401677546,-0.19234599454671986,1.0009083218854353,0.9659863945578231,735,710,sift,-99.12807489730524,scheme_b_pairwise,NA,False,234.77647765259482,107.83999999999997
1734763699800,F:\agent\UAV\data\IR-image\1734763699800.jpg,116.1759082446599,38.811924773358314,483.54,116.1786322,38.8121139,592.04,601.3975749903825,-21.810553752775867,0.8344570342287625,8.143189974284667,-0.32995992816378006,1.0003919184706995,0.9575342465753425,730,699,sift,-99.12807489730524,scheme_b_pairwise,NA,False,236.9492745082307,108.49999999999994
1734763700000,F:\agent\UAV\data\IR-image\1734763700000.jpg,116.17595086040792,38.81191022825296,483.54,116.1786892,38.8121138,592.71,605.094113736662,-23.429714880307717,2.841209171253695,10.965336777331686,-0.16551461609975238,1.0005976240186667,0.9578414839797639,593,568,sift,-99.12807489730524,scheme_b_pairwise,NA,False,238.33789872646744,109.17000000000002
1734763700200,F:\agent\UAV\data\IR-image\1734763700200.jpg,116.17599828291647,38.81191008470543,483.54,116.1787463,38.8121137,593.34,609.2075963894894,-23.44569459125837,-1.7874020359668634,11.406949017154773,-0.04271960191396951,1.0006215334386332,0.9800531914893617,752,737,sift,-99.12807489730524,scheme_b_pairwise,NA,False,239.17307639910098,109.80000000000001
1734763700400,F:\agent\UAV\data\IR-image\1734763700400.jpg,116.17603370650706,38.81190776237579,483.54,116.1788036,38.8121135,593.97,612.2802791696997,-23.704216327062987,-0.6517807560883853,8.630546382438467,0.00576841127015856,1.000555086547429,0.9614767255216693,623,599,sift,-99.12807489730524,scheme_b_pairwise,NA,False,241.08237330597353,110.43
1734763700600,F:\agent\UAV\data\IR-image\1734763700600.jpg,116.17605277207188,38.81186944824337,483.54,116.1788608,38.8121133,594.66,613.9340480777942,-27.96934554789211,11.083692160760336,6.482359285611324,0.08961644511899525,0.9998937617957534,0.9608843537414966,588,565,sift,-99.12807489730524,scheme_b_pairwise,NA,False,244.80496689156715,111.11999999999995
1734763700800,F:\agent\UAV\data\IR-image\1734763700800.jpg,116.17612773130675,38.81193951909173,483.54,116.1789181,38.812113,595.35,620.4360978802778,-20.16905870908327,-24.51248741450013,14.5459710453448,0.2312929873601194,1.000635189698001,0.8456140350877193,285,241,sift,-99.12807489730524,scheme_b_pairwise,NA,False,242.5368277168636,111.81
1734763701000,F:\agent\UAV\data\IR-image\1734763701000.jpg,116.17615113267188,38.81196774965377,483.54,116.1789755,38.8121128,595.96,622.4659590678382,-17.026432542938743,-9.613140208731295,4.226047108024602,0.3622450560441034,1.0004777063116663,0.898876404494382,267,240,sift,-99.12807489730524,scheme_b_pairwise,NA,False,245.2451552199793,112.42000000000002
1734763701200,F:\agent\UAV\data\IR-image\1734763701200.jpg,116.1761860680458,38.81195642603428,483.54,116.1790329,38.8121126,596.6,625.496293376005,-18.286977863974105,2.144018349048963,8.959374363618906,-0.0005747257383996226,1.0008335135956279,0.9752925877763329,769,750,sift,-99.12807489730524,scheme_b_pairwise,NA,False,247.27120440058027,113.06
1734763701400,F:\agent\UAV\data\IR-image\1734763701400.jpg,116.17621465404511,38.81193793910285,483.54,116.1790903,38.8121126,597.28,627.9758756651945,-20.344943071522888,4.599178642706249,7.788138715462196,-0.08220461323530227,1.0001588926905611,0.9714285714285714,735,714,sift,-99.12807489730524,scheme_b_pairwise,NA,False,249.91303366110773,113.73999999999995
1734763701600,F:\agent\UAV\data\IR-image\1734763701600.jpg,116.17625892585438,38.81192723421452,483.54,116.1791477,38.8121127,598.01,631.8160630579071,-21.536611239570103,1.592518379264618,11.173077359777096,0.11314811582306068,1.000496384825519,0.9274193548387096,496,460,sift,-99.12807489730524,scheme_b_pairwise,NA,False,251.14290866126063,114.46999999999997
1734763701800,F:\agent\UAV\data\IR-image\1734763701800.jpg,116.17629030674269,38.811890273373024,483.54,116.1792051,38.8121126,598.79,634.5380772167586,-25.65109211526066,10.190517824277151,9.375741436738394,0.06342088179355948,1.0000596716688728,0.9706896551724138,580,563,sift,-99.12807489730524,scheme_b_pairwise,NA,False,253.75629956735958,115.24999999999994
1734763702000,F:\agent\UAV\data\IR-image\1734763702000.jpg,116.17633488175954,38.81188222386847,483.54,116.1792625,38.8121126,599.61,638.4045651825675,-26.547162961843476,0.7616081899659548,11.114338893416175,-0.1328003580302606,1.0008774129119116,0.9245283018867925,583,539,sift,-99.12807489730524,scheme_b_pairwise,NA,False,254.95063580994616,116.07
1734763702200,F:\agent\UAV\data\IR-image\1734763702200.jpg,116.17637816786184,38.81186014394179,483.54,116.1793199,38.8121126,600.4,642.1592512247142,-29.005100399528832,5.13984596321535,11.499979915777317,0.33589621509299045,1.000820974274019,0.9631901840490797,652,628,sift,-99.12807489730524,scheme_b_pairwise,NA,False,256.42455391224865,116.85999999999996
1734763702400,F:\agent\UAV\data\IR-image\1734763702400.jpg,116.17643823071809,38.81189276987397,483.54,116.1793776,38.8121126,601.04,647.3691721008068,-25.373181629909045,-12.38517782400288,12.821177504119134,0.06839433992650788,1.0013662689385214,0.954177897574124,742,708,sift,-99.12807489730524,scheme_b_pairwise,NA,False,255.84894268578563,117.49999999999994
1734763702600,F:\agent\UAV\data\IR-image\1734763702600.jpg,116.17645506846355,38.81187019286201,483.54,116.1794354,38.8121127,601.61,648.8296974086716,-27.886454601014574,6.314762938912509,5.166735059025882,-0.0990466773108421,0.9998331689656925,0.9301745635910225,401,373,sift,-99.12807489730524,scheme_b_pairwise,NA,False,259.6318689525189,118.07
1734763702800,F:\agent\UAV\data\IR-image\1734763702800.jpg,116.17649573868046,38.81182686802952,483.54,116.179493,38.8121129,602.28,652.3574785585269,-32.709374953942515,11.795041181431088,11.92425077889277,0.049822369265682336,1.0007823171518517,0.9411764705882353,476,448,sift,-99.12807489730524,scheme_b_pairwise,NA,False,261.63506285685196,118.73999999999995
1734763703000,F:\agent\UAV\data\IR-image\1734763703000.jpg,116.1765168755809,38.81181410089257,483.54,116.1795505,38.8121127,602.97,654.1909174893593,-34.13061263973785,3.122314457949983,5.713932258748173,0.8678218206159456,1.0003162721483083,0.9721448467966574,718,698,sift,-99.12807489730524,scheme_b_pairwise,NA,False,264.9341404680981,119.43
1734763703200,F:\agent\UAV\data\IR-image\1734763703200.jpg,116.17655886080061,38.811816206220854,483.54,116.1796079,38.8121123,603.69,657.8327634875928,-33.89624749434841,-2.271176742704597,9.988410700126167,0.5980727533195858,1.0012344107084332,0.9448621553884712,399,377,sift,-99.12807489730524,scheme_b_pairwise,NA,False,266.2246623060019,120.15000000000003
1734763703400,F:\agent\UAV\data\IR-image\1734763703400.jpg,116.17659644577016,38.811850136208534,483.54,116.1796651,38.8121122,604.39,661.0929267508951,-30.11916126638129,-11.919280364559768,7.3531069451439635,0.4571505376310303,1.0006651314557655,0.960960960960961,666,640,sift,-99.12807489730524,scheme_b_pairwise,NA,False,267.472503442891,120.84999999999997
1734763703600,F:\agent\UAV\data\IR-image\1734763703600.jpg,116.17663229215792,38.81186070404957,483.54,116.1797222,38.812112,605.12,664.2022834416459,-28.94274920211764,-4.644791745882912,8.093222290930328,0.1916330945599433,1.0009577298981545,0.9574132492113565,634,607,sift,-99.12807489730524,scheme_b_pairwise,NA,False,269.1761683676697,121.57999999999998
1734763703800,F:\agent\UAV\data\IR-image\1734763703800.jpg,116.17667643963874,38.81186827342262,483.54,116.179779,38.8121118,605.85,668.0316864434047,-28.10012659458375,-4.0403782004897835,10.23734361398715,0.1314747305154719,1.0005405663194336,0.9578947368421052,380,364,sift,-99.12807489730524,scheme_b_pairwise,NA,False,270.1785662737001,122.31
1734763704000,F:\agent\UAV\data\IR-image\1734763704000.jpg,116.1767161812643,38.811912036591785,483.54,116.1798355,38.8121116,606.59,671.4789205167833,-23.22841060230807,-15.036165317032157,7.3841163874927815,0.16192986193970121,1.0007241119610417,0.972936400541272,739,719,sift,-99.12807489730524,scheme_b_pairwise,NA,False,271.1795026237455,123.05000000000001
1734763704200,F:\agent\UAV\data\IR-image\1734763704200.jpg,116.17674146934213,38.81187779242262,483.54,116.1798915,38.8121112,607.4,673.6724373235982,-27.040471513824574,9.587745035412524,7.776434693466342,0.17861012403045345,0.9997283128658949,0.9576547231270358,614,588,sift,-99.12807489730524,scheme_b_pairwise,NA,False,274.1623598696514,123.85999999999996
1734763704400,F:\agent\UAV\data\IR-image\1734763704400.jpg,116.17677562428494,38.81190233591992,483.54,116.1799472,38.8121108,608.21,676.6350761436718,-24.308289394992983,-8.891018050547302,6.993851348008604,-0.1471571575224517,1.000459021457755,0.9596638655462185,595,571,sift,-99.12807489730524,scheme_b_pairwise,NA,False,275.7737640463131,124.67000000000002
1734763704600,F:\agent\UAV\data\IR-image\1734763704600.jpg,116.17683377382775,38.81191648711608,483.54,116.1800025,38.8121105,609.02,681.679034023654,-22.732978238198097,-6.611730233441335,13.277022679831987,-0.00324496161374727,1.0015185506088304,0.9379474940334129,419,393,sift,-99.12807489730524,scheme_b_pairwise,NA,False,275.3971823561522,125.47999999999996
1734763704800,F:\agent\UAV\data\IR-image\1734763704800.jpg,116.17688441871351,38.811915730258605,483.54,116.1800576,38.8121101,609.75,686.0720293631415,-22.817231612159482,-1.7226567549943752,12.211973455326984,0.29813086497323793,1.0002899274371637,0.9788434414668548,709,694,sift,-99.12807489730524,scheme_b_pairwise,NA,False,275.7851156040419,126.20999999999998
1734763705000,F:\agent\UAV\data\IR-image\1734763705000.jpg,116.17691161462766,38.81191542429118,483.54,116.1801124,38.8121096,610.47,688.4310340751616,-22.851291906130957,-0.9560455868576128,6.552756110292933,0.27243290094988704,1.0004124597887911,0.975975975975976,666,650,sift,-99.12807489730524,scheme_b_pairwise,NA,False,278.1678755619665,126.93
1734763705200,F:\agent\UAV\data\IR-image\1734763705200.jpg,116.17693200249371,38.81192239436936,483.54,116.1801668,38.8121092,611.23,690.1995009054706,-22.07538280315206,-2.9377813204079644,4.5555083482017835,0.33588468473672206,1.00060017987196,0.9727520435967303,734,714,sift,-99.12807489730524,scheme_b_pairwise,NA,False,281.04425188974704,127.69
1734763705400,F:\agent\UAV\data\IR-image\1734763705400.jpg,116.17697288048434,38.811923624513774,483.54,116.180221,38.8121089,611.97,693.7453045855516,-21.938443127078106,-1.9584116940037006,9.765627835406576,0.15695756304534692,1.0011085709624552,0.9715061058344641,737,716,sift,-99.12807489730524,scheme_b_pairwise,NA,False,282.1829042554411,128.43
1734763705600,F:\agent\UAV\data\IR-image\1734763705600.jpg,116.17701943366757,38.81193376260077,483.54,116.1802749,38.8121086,612.66,697.7833809664348,-20.80987128220898,-4.925758869420633,10.688317248084843,0.024036899334026238,1.0009010919367696,0.9821958456973294,674,662,sift,-99.12807489730524,scheme_b_pairwise,NA,False,282.735568679171,129.11999999999995
1734763705800,F:\agent\UAV\data\IR-image\1734763705800.jpg,116.17704560914262,38.81191752081528,483.54,116.1803286,38.8121084,613.35,700.05387162306,-22.61790684360285,3.999646302825795,7.097385175392276,-0.007161105474534862,1.0000418675637006,0.9721485411140584,754,733,sift,-99.12807489730524,scheme_b_pairwise,NA,False,285.2420179619274,129.81
1734763706000,F:\agent\UAV\data\IR-image\1734763706000.jpg,116.1770456094046,38.811917520366315,483.54,116.1803819,38.8121083,614.08,700.0538943467425,-22.61795682174899,0.00012838752672905684,8.522961036305787e-05,4.539757813662276e-05,0.9999998940157984,1.0,1199,1199,sift,-99.12807489730524,scheme_b_pairwise,NA,False,289.84670806292684,130.54000000000002
1734763706200,F:\agent\UAV\data\IR-image\1734763706200.jpg,116.1770456094046,38.811917520366315,483.54,116.180435,38.812108,614.75,700.0538943467425,-22.61795682174899,0.0,0.0,0.0,1.0,1.0,1200,1200,sift,-99.12807489730524,scheme_b_pairwise,NA,False,294.43295361571745,131.20999999999998
1734763706400,F:\agent\UAV\data\IR-image\1734763706400.jpg,116.1770456094046,38.811917520366315,483.54,116.180488,38.8121077,615.34,700.0538943467425,-22.61795682174899,0.0,0.0,0.0,1.0,1.0,1200,1200,sift,-99.12807489730524,scheme_b_pairwise,NA,False,299.01100718375557,131.8
1734763706600,F:\agent\UAV\data\IR-image\1734763706600.jpg,116.1770456094046,38.811917520366315,483.54,116.1805407,38.8121075,615.98,700.0538943467425,-22.61795682174899,0.0,0.0,0.0,1.0,1.0,1200,1200,sift,-99.12807489730524,scheme_b_pairwise,NA,False,303.56433275412263,132.44
1734763706800,F:\agent\UAV\data\IR-image\1734763706800.jpg,116.1770456094046,38.811917520366315,483.54,116.1805932,38.8121074,616.62,700.0538943467425,-22.61795682174899,0.0,0.0,0.0,1.0,1.0,1200,1200,sift,-99.12807489730524,scheme_b_pairwise,NA,False,308.1015125836887,133.07999999999998
1734763707000,F:\agent\UAV\data\IR-image\1734763707000.jpg,116.1770456094046,38.811917520366315,483.54,116.1806455,38.8121073,617.18,700.0538943467425,-22.61795682174899,0.0,0.0,0.0,1.0,1.0,1200,1200,sift,-99.12807489730524,scheme_b_pairwise,NA,False,312.6217414600753,133.63999999999993
1734763707200,F:\agent\UAV\data\IR-image\1734763707200.jpg,116.1770456094046,38.811917520366315,483.54,116.1806975,38.8121071,617.74,700.0538943467425,-22.61795682174899,0.0,0.0,0.0,1.0,1.0,1200,1200,sift,-99.12807489730524,scheme_b_pairwise,NA,False,317.1156170298572,134.2
1734763707400,F:\agent\UAV\data\IR-image\1734763707400.jpg,116.1770456094046,38.811917520366315,483.54,116.1807493,38.812107,618.32,700.0538943467425,-22.61795682174899,0.0,0.0,0.0,1.0,1.0,1200,1200,sift,-99.12807489730524,scheme_b_pairwise,NA,False,321.5932554940805,134.78000000000003
1734763707600,F:\agent\UAV\data\IR-image\1734763707600.jpg,116.1770456094046,38.811917520366315,483.54,116.180801,38.8121069,618.87,700.0538943467425,-22.61795682174899,0.0,0.0,0.0,1.0,1.0,1200,1200,sift,-99.12807489730524,scheme_b_pairwise,NA,False,326.06253723855053,135.32999999999998
1734763707800,F:\agent\UAV\data\IR-image\1734763707800.jpg,116.1770456094046,38.811917520366315,483.54,116.1808524,38.8121067,619.42,700.0538943467425,-22.61795682174899,0.0,0.0,0.0,1.0,1.0,1200,1200,sift,-99.12807489730524,scheme_b_pairwise,NA,False,330.5054476763624,135.87999999999994
1734763708000,F:\agent\UAV\data\IR-image\1734763708000.jpg,116.1770456094046,38.811917520366315,483.54,116.1809036,38.8121066,620.01,700.0538943467425,-22.61795682174899,0.0,0.0,0.0,1.0,1.0,1200,1200,sift,-99.12807489730524,scheme_b_pairwise,NA,False,334.9320437761298,136.46999999999997
1734763708200,F:\agent\UAV\data\IR-image\1734763708200.jpg,116.17742628223165,38.811914556201984,483.54,116.1809546,38.8121065,620.6,733.073890940675,-22.947927594996976,-13.788970647664485,91.65636424919109,1.857699683067194,1.0064754060934151,0.8299319727891157,441,366,sift,-99.12807489730524,scheme_b_pairwise,NA,False,306.4514941990441,137.06
1734763708400,F:\agent\UAV\data\IR-image\1734763708400.jpg,116.17746253679421,38.811907815318214,483.54,116.1810054,38.8121065,621.15,736.2186531807172,-23.698322776194225,0.6792685735258033,9.049328288224046,0.28106002912009204,1.0010973424895602,0.9877862595419847,655,647,sift,-99.12807489730524,scheme_b_pairwise,NA,False,307.76163362332915,137.60999999999996
1734763708600,F:\agent\UAV\data\IR-image\1734763708600.jpg,116.17751662646724,38.811960617628806,483.54,116.1810561,38.8121066,621.66,740.9104533096562,-17.820369561409596,-18.378975665618782,10.385158322716109,-0.4575908698414258,1.0000497813034603,0.7011494252873564,87,61,sift,-99.12807489730524,scheme_b_pairwise,NA,False,307.1031337899354,138.11999999999995
1734763708800,F:\agent\UAV\data\IR-image\1734763708800.jpg,116.17750400004061,38.81194190638695,483.54,116.1811066,38.8121069,622.18,739.8152226165322,-19.903305005359922,6.2602031592193725,-2.1077423001279953,0.32971585098949513,1.000568080354702,0.9469387755102041,245,232,sift,-99.12807489730524,scheme_b_pairwise,NA,False,312.6820938181537,138.63999999999993
1734763709000,F:\agent\UAV\data\IR-image\1734763709000.jpg,116.17753019350052,38.811910218598975,483.54,116.181157,38.8121072,622.78,742.0872732993189,-23.430789562596843,8.764118727704158,7.867359655485245,0.2863277131738793,1.002097353013779,0.9841269841269841,567,558,sift,-99.12807489730524,scheme_b_pairwise,NA,False,315.0032473933815,139.23999999999995
1734763709200,F:\agent\UAV\data\IR-image\1734763709200.jpg,116.17757098835395,38.81188443503034,483.54,116.1812075,38.8121075,623.34,745.6258655654167,-26.30101642241845,6.378661672728299,11.084699735697086,0.8975562516116675,1.001235260339525,0.9791183294663574,431,422,sift,-99.12807489730524,scheme_b_pairwise,NA,False,316.0565476989989,139.8
1734763709400,F:\agent\UAV\data\IR-image\1734763709400.jpg,116.17759139735006,38.811832776634574,483.54,116.1812579,38.8121078,623.93,747.3961652394223,-32.051629039442616,15.148572649937535,7.466773833929722,0.8245739091520337,1.001348265416834,0.9882154882154882,594,587,sift,-99.12807489730524,scheme_b_pairwise,NA,False,319.14896028734046,140.38999999999993
1734763709600,F:\agent\UAV\data\IR-image\1734763709600.jpg,116.17761573604318,38.811777246467074,483.54,116.1813082,38.8121082,624.56,749.5073313306567,-38.233247285860855,16.191249162755753,8.603350366848076,0.8607064644093209,1.0027775329254958,0.9707602339181286,342,332,sift,-99.12807489730524,scheme_b_pairwise,NA,False,322.0394853282154,141.01999999999992
1734763709800,F:\agent\UAV\data\IR-image\1734763709800.jpg,116.1776396399923,38.81175425954777,483.54,116.1813585,38.8121086,625.16,751.5807872281856,-40.7921511422341,6.168290316187608,6.885689222975202,-0.2336436853240008,0.9916817825114818,0.7892156862745098,204,161,sift,-99.12807489730524,scheme_b_pairwise,NA,False,324.61708813617213,141.61999999999995
1734763710000,F:\agent\UAV\data\IR-image\1734763710000.jpg,116.1776499712407,38.8117122695856,483.54,116.1814088,38.8121091,625.8,752.4769315357353,-45.46647373161527,12.555065203669301,4.564937800642724,-0.4573287877299375,1.0028980574261128,0.9815303430079155,379,372,sift,-99.12807489730524,scheme_b_pairwise,NA,False,328.65582910531634,142.25999999999993
1734763710200,F:\agent\UAV\data\IR-image\1734763710200.jpg,116.17770558675753,38.81173915334776,483.54,116.1814591,38.8121099,626.47,757.3010851018216,-42.4737733273919,-10.44191256880515,12.036724211069895,-1.2753388066665245,1.0035062208038257,0.948051948051948,385,365,sift,-99.12807489730524,scheme_b_pairwise,NA,False,327.8220333503832,142.93
1734763710400,F:\agent\UAV\data\IR-image\1734763710400.jpg,116.17775585262025,38.8116870454799,483.54,116.1815096,38.8121108,627.03,761.661203550208,-48.274421177806275,14.134020069467397,14.666306211616472,-1.1313392565966147,1.0027012554837968,0.965625,320,309,sift,-99.12807489730524,scheme_b_pairwise,NA,False,328.63548092520426,143.48999999999995
1734763710600,F:\agent\UAV\data\IR-image\1734763710600.jpg,116.1777799995851,38.8116891834569,483.54,116.1815603,38.8121115,627.57,763.7557389108996,-48.036421577800134,-1.5922491603273556,5.698678079259992,-0.8564604042345906,1.002180798204725,0.9456264775413712,423,400,sift,-99.12807489730524,scheme_b_pairwise,NA,False,330.88980117718125,144.03000000000003
1734763710800,F:\agent\UAV\data\IR-image\1734763710800.jpg,116.17781496072014,38.811697852000385,483.54,116.181611,38.8121118,628.17,766.7883077677475,-47.071439317318436,-4.024656437250258,7.9745648653529315,-0.529600084529195,0.999171534643179,0.9113924050632911,316,288,sift,-99.12807489730524,scheme_b_pairwise,NA,False,332.1094664844744,144.62999999999994
1734763711000,F:\agent\UAV\data\IR-image\1734763711000.jpg,116.17785383963462,38.811727038838825,483.54,116.1816619,38.812112,628.75,770.1607092960986,-43.82236046193252,-10.505974122161547,7.899272332188275,-0.5450217019782297,0.9973270778045613,0.9726027397260274,219,213,sift,-99.12807489730524,scheme_b_pairwise,NA,False,332.7109109854039,145.20999999999998
1734763711200,F:\agent\UAV\data\IR-image\1734763711200.jpg,116.17790036878192,38.81179005594041,483.54,116.1817128,38.812112,629.36,774.1967007730492,-36.80729671312695,-21.238264350113013,8.061351233848882,-0.005852800063072297,0.9981773414098035,0.9806201550387597,516,506,sift,-99.12807489730524,scheme_b_pairwise,NA,False,332.258495246985,145.82
1734763711400,F:\agent\UAV\data\IR-image\1734763711400.jpg,116.17792750810632,38.811840600662144,483.54,116.1817639,38.8121117,630.02,776.5507968253522,-31.180658290258336,-16.64154539422907,4.018507670352562,0.004537370095126652,0.9974471365516446,0.9547511312217195,221,211,sift,-99.12807489730524,scheme_b_pairwise,NA,False,333.7643706166698,146.47999999999996
1734763711600,F:\agent\UAV\data\IR-image\1734763711600.jpg,116.17797435600313,38.81185824596842,483.54,116.181815,38.8121115,630.69,780.6144369989203,-29.216382795469688,-7.253155892123004,10.387033697921026,0.06976361888714576,1.0005090629714626,0.9630350194552529,514,495,sift,-99.12807489730524,scheme_b_pairwise,NA,False,333.9580703097819,147.15000000000003
1734763711800,F:\agent\UAV\data\IR-image\1734763711800.jpg,116.17801232944124,38.81185377083347,483.54,116.1818661,38.8121115,631.36,783.9082964700935,-29.714554817981195,-0.08611729166608484,9.350214370973333,0.002835179994146578,1.0034809519779366,0.9714285714285714,210,204,sift,-99.12807489730524,scheme_b_pairwise,NA,False,335.1335667156593,147.82
1734763712000,F:\agent\UAV\data\IR-image\1734763712000.jpg,116.17804962137193,38.81185983486696,483.54,116.1819173,38.8121114,632.01,787.1430412082141,-29.03950661019589,-3.3111790285582856,8.66396605854186,0.3040133634376572,1.001580236243829,0.9898785425101214,494,489,sift,-99.12807489730524,scheme_b_pairwise,NA,False,336.27649621908694,148.46999999999997
1734763712200,F:\agent\UAV\data\IR-image\1734763712200.jpg,116.17807823983728,38.81186297385187,483.54,116.1819686,38.8121111,632.64,789.6254396383067,-28.6900748092386,-2.0737760067494264,6.723956611241306,0.5386317705122542,1.0024174737009732,0.8900343642611683,291,259,sift,-99.12807489730524,scheme_b_pairwise,NA,False,338.2035257098151,149.09999999999997
1734763712400,F:\agent\UAV\data\IR-image\1734763712400.jpg,116.17810618528053,38.811866606973254,483.54,116.1820199,38.8121108,633.3,792.0494593622258,-28.285635737881712,-2.2002241379831275,6.537675617403977,0.26951435615818736,1.0025474093880309,0.9695550351288056,427,414,sift,-99.12807489730524,scheme_b_pairwise,NA,False,340.18515718723813,149.75999999999993
1734763712600,F:\agent\UAV\data\IR-image\1734763712600.jpg,116.17813620117579,38.811862155044636,483.54,116.1820713,38.8121107,633.96,794.653072461996,-28.781224430867645,0.21408231676451805,7.436160957391621,-0.01070914432093091,0.9972121484882912,0.9506172839506173,162,154,sift,-99.12807489730524,scheme_b_pairwise,NA,False,342.0708489120821,150.42000000000002
1734763712800,F:\agent\UAV\data\IR-image\1734763712800.jpg,116.17816161991915,38.81184746562139,483.54,116.1821229,38.8121104,634.57,796.8579233456707,-30.416451027026845,3.549963625883663,6.838525583920898,0.2987982633584761,0.999032386463239,0.9881422924901185,506,500,sift,-99.12807489730524,scheme_b_pairwise,NA,False,344.4640808315679,151.03000000000003
1734763713000,F:\agent\UAV\data\IR-image\1734763713000.jpg,116.17819500932598,38.81185557071782,483.54,116.1821746,38.8121101,635.13,799.7541586984526,-29.514191692374467,-3.79012251170343,7.624669027198934,0.38210210738179723,1.0002116454972079,0.9901960784313726,612,606,sift,-99.12807489730524,scheme_b_pairwise,NA,False,345.9671553156047,151.58999999999997
1734763713200,F:\agent\UAV\data\IR-image\1734763713200.jpg,116.17821813543557,38.81186123836795,483.54,116.1822264,38.81211,635.69,801.7601439067198,-28.883268879594297,-2.64174015513629,5.278311802472388,-0.0839636397692138,1.0000632297980487,0.9834862385321101,545,536,sift,-99.12807489730524,scheme_b_pairwise,NA,False,348.39178748849866,152.15000000000003
1734763713400,F:\agent\UAV\data\IR-image\1734763713400.jpg,116.17825970893848,38.811858989851515,483.54,116.1822782,38.81211,636.26,805.3662771192965,-29.13357372974953,-0.9120919132191716,10.105256700184782,-0.26925782051843766,1.0022900747501133,0.9763157894736842,380,371,sift,-99.12807489730524,scheme_b_pairwise,NA,False,349.2949568972744,152.71999999999997
1734763713600,F:\agent\UAV\data\IR-image\1734763713600.jpg,116.17828258003887,38.81184641539222,483.54,116.1823301,38.8121101,636.83,807.3501425355304,-30.53336253825377,2.9958892527217245,6.121263317620276,-0.33775617638710786,1.0029158047993088,0.983271375464684,538,529,sift,-99.12807489730524,scheme_b_pairwise,NA,False,351.9167988890397,153.29000000000002
1734763713800,F:\agent\UAV\data\IR-image\1734763713800.jpg,116.17831927371932,38.81186427272703,483.54,116.182382,38.8121101,637.44,810.5329943645767,-28.545484027026873,-6.926362673589665,7.935565049476452,-0.3726710507126471,1.0027101840619368,0.9802816901408451,355,348,sift,-99.12807489730524,scheme_b_pairwise,NA,False,353.07045023552115,153.90000000000003
1734763714000,F:\agent\UAV\data\IR-image\1734763714000.jpg,116.17834618481807,38.81183759401818,483.54,116.1824341,38.8121102,638.07,812.8672938617332,-31.515357896437454,7.191074701215655,7.79157418561249,-0.6680393217767429,1.0008000621714825,0.9675572519083969,524,507,sift,-99.12807489730524,scheme_b_pairwise,NA,False,355.48798830495366,154.53000000000003
1734763714200,F:\agent\UAV\data\IR-image\1734763714200.jpg,116.17837220034484,38.81183430524051,483.54,116.1824862,38.8121104,638.74,815.1239104221414,-31.88146462689769,0.00975820152518736,6.4168608773266556,-0.9533702918395719,0.9986902772209186,0.9195979899497487,199,183,sift,-99.12807489730524,scheme_b_pairwise,NA,False,357.7729589775001,155.2
1734763714400,F:\agent\UAV\data\IR-image\1734763714400.jpg,116.17841190833016,38.811853593945074,483.54,116.1825385,38.8121105,639.41,818.5682265028628,-29.734246034921025,-7.4843742864131855,8.589217432766532,-0.4637923129873196,1.0008122228229295,0.9685534591194969,477,462,sift,-99.12807489730524,scheme_b_pairwise,NA,False,358.6836841638778,155.86999999999995
1734763714600,F:\agent\UAV\data\IR-image\1734763714600.jpg,116.17845763953184,38.81187491469664,483.54,116.1825911,38.8121105,640.08,822.535003264519,-27.360819970660568,-8.343916508606867,9.93640274648385,0.08938286399108225,1.0002259440596568,0.9660633484162896,442,427,sift,-99.12807489730524,scheme_b_pairwise,NA,False,359.096156681919,156.54000000000002
1734763714800,F:\agent\UAV\data\IR-image\1734763714800.jpg,116.1784850079039,38.81187937881188,483.54,116.1826438,38.8121104,640.77,824.908967172164,-26.863874661743523,-2.434300512090772,6.357762264932262,0.44767537607254165,1.0005284576347138,0.9830028328611898,353,347,sift,-99.12807489730524,scheme_b_pairwise,NA,False,361.2487223845056,157.22999999999996
1734763715000,F:\agent\UAV\data\IR-image\1734763715000.jpg,116.17852092378108,38.8118957525474,483.54,116.1826966,38.8121105,641.52,828.0243514538753,-25.041150423780046,-6.438622523764479,7.822131280271321,-0.002987343063315836,1.0013906026095043,0.985480943738657,551,543,sift,-99.12807489730524,scheme_b_pairwise,NA,False,362.58423211218934,157.97999999999996
1734763715200,F:\agent\UAV\data\IR-image\1734763715200.jpg,116.17855962744069,38.811920517474185,483.54,116.1827495,38.8121106,642.29,831.3815511748795,-22.284318773862445,-9.1350236207482,8.07633514491664,0.042072915077104325,1.002351069800559,0.9811764705882353,425,417,sift,-99.12807489730524,scheme_b_pairwise,NA,False,363.64182024295724,158.74999999999994
1734763715400,F:\agent\UAV\data\IR-image\1734763715400.jpg,116.17859925318578,38.811883029054655,483.54,116.1828026,38.8121107,643.07,834.818733644472,-26.457529636040725,10.034821886181362,11.383863331931877,0.22527873810513357,1.0003435951155735,0.9676724137931034,464,449,sift,-99.12807489730524,scheme_b_pairwise,NA,False,365.0734178531285,159.53000000000003
1734763715600,F:\agent\UAV\data\IR-image\1734763715600.jpg,116.17862056237155,38.81187759646927,483.54,116.1828557,38.8121108,643.83,836.6671168002337,-27.062285040918916,0.8529150374993151,5.391777399232069,0.1440088894176137,1.0007573194275752,0.977728285077951,449,439,sift,-99.12807489730524,scheme_b_pairwise,NA,False,367.8641862268412,160.29000000000002
1734763715800,F:\agent\UAV\data\IR-image\1734763715800.jpg,116.17865604704203,38.811852607767726,483.54,116.1829091,38.8121109,644.62,839.7450977197913,-29.84402729661805,6.338546306187027,9.76879076097265,0.20478437618837436,1.0001895955750804,0.9820143884892086,556,546,sift,-99.12807489730524,scheme_b_pairwise,NA,False,369.6189636438677,161.07999999999998
1734763716000,F:\agent\UAV\data\IR-image\1734763716000.jpg,116.1786837128909,38.81182214653384,483.54,116.1829626,38.812111,645.39,842.1448651080227,-33.234971852990704,8.32885001115028,8.160505562641845,0.15236452726020885,0.9999889597068525,0.9713261648745519,558,542,sift,-99.12807489730524,scheme_b_pairwise,NA,False,372.1285860880771,161.84999999999997
1734763716200,F:\agent\UAV\data\IR-image\1734763716200.jpg,116.17871941510448,38.81182646486964,483.54,116.1830162,38.8121111,646.18,845.2417159642656,-32.754254712167366,-2.711220197106968,8.36834950450799,-0.0870563293042827,1.0005750397689328,0.9744463373083475,587,572,sift,-99.12807489730524,scheme_b_pairwise,NA,False,373.6335215572121,162.63999999999993
1734763716400,F:\agent\UAV\data\IR-image\1734763716400.jpg,116.17876008027574,38.81183549449516,483.54,116.18307,38.8121114,647.01,848.7690594493484,-31.74907679829329,-4.3563695369837205,9.327851838197716,-0.2188036533825996,0.9999233866086638,0.9698189134808853,497,482,sift,-99.12807489730524,scheme_b_pairwise,NA,False,374.68674428038594,163.46999999999997
1734763716600,F:\agent\UAV\data\IR-image\1734763716600.jpg,116.17877648904087,38.81182664400379,483.54,116.1831239,38.8121116,647.88,850.1923745129865,-32.7343134986129,2.096633702665315,4.383195839776647,0.4197645790146702,1.0017023277328085,0.9496021220159151,377,358,sift,-99.12807489730524,scheme_b_pairwise,NA,False,378.00736965288144,164.33999999999997
1734763716800,F:\agent\UAV\data\IR-image\1734763716800.jpg,116.1788261710269,38.81181357937829,483.54,116.1831779,38.8121117,648.78,854.501846828678,-34.18866760869473,2.111541553083839,12.590593588960644,0.2250001384647495,1.000770716381498,0.9885807504078303,613,606,sift,-99.12807489730524,scheme_b_pairwise,NA,False,378.50561188038944,165.23999999999995
1734763717000,F:\agent\UAV\data\IR-image\1734763717000.jpg,116.17885029472525,38.811808813629426,483.54,116.1832321,38.8121118,649.68,856.5943640257232,-34.71919077260053,0.5384826021135609,6.035299540348603,0.23800432152638465,0.9994864513355884,0.9786096256684492,561,549,sift,-99.12807489730524,scheme_b_pairwise,NA,False,381.14905359508225,166.13999999999993
1734763717200,F:\agent\UAV\data\IR-image\1734763717200.jpg,116.17887704415492,38.81181341572843,483.54,116.1832865,38.8121119,650.58,858.9146401622593,-34.20688511142877,-2.4529626199136487,6.2021357406717925,0.09846489939244607,1.0004076658911478,0.9805309734513274,565,554,sift,-99.12807489730524,scheme_b_pairwise,NA,False,383.49182740022553,167.04000000000002
1734763717400,F:\agent\UAV\data\IR-image\1734763717400.jpg,116.17889821731599,38.81180813833209,483.54,116.1833412,38.8121121,651.48,860.7512243806823,-34.794364871933965,0.8102923935723538,5.351385957196953,-0.010366362213841136,1.0011007001182628,0.9782214156079855,551,539,sift,-99.12807489730524,scheme_b_pairwise,NA,False,386.43871617722215,167.94
1734763717600,F:\agent\UAV\data\IR-image\1734763717600.jpg,116.17892229053264,38.81178686845785,483.54,116.183396,38.8121123,652.35,862.8393627385794,-37.16212727191706,5.632035608153785,6.841266099774032,-0.47654838525455206,1.0009921336236565,0.9913941480206541,581,576,sift,-99.12807489730524,scheme_b_pairwise,NA,False,389.3055774502205,168.81
1734763717800,F:\agent\UAV\data\IR-image\1734763717800.jpg,116.1789747072095,38.811783423586554,483.54,116.1834511,38.8121126,653.22,867.3860452667509,-37.54561034506177,-0.9618265425791606,12.771135542651336,-0.6656294074392475,0.9998061979861683,0.9825479930191972,573,563,sift,-99.12807489730524,scheme_b_pairwise,NA,False,389.57597743645675,169.68
1734763718000,F:\agent\UAV\data\IR-image\1734763718000.jpg,116.17901299636823,38.81178571167357,483.54,116.1835065,38.8121128,654.04,870.7072907057656,-37.29090049803847,-2.1847989105093006,9.090860275384898,-0.36535543309483,1.0005402701048496,0.9850249584026622,601,592,sift,-99.12807489730524,scheme_b_pairwise,NA,False,391.0303248787937,170.49999999999994
1734763718200,F:\agent\UAV\data\IR-image\1734763718200.jpg,116.17905562504241,38.8117782537719,483.54,116.183562,38.8121129,654.85,874.4049506800797,-38.121114112224596,0.6542730059894097,10.61713469912388,-0.34748394332644417,1.0001802235688249,0.9765957446808511,470,459,sift,-99.12807489730524,scheme_b_pairwise,NA,False,392.21958638928817,171.31
1734763718400,F:\agent\UAV\data\IR-image\1734763718400.jpg,116.17910049051103,38.81182735001301,483.54,116.1836179,38.8121129,655.64,878.2966327647422,-32.65572055175223,-16.87935167295467,8.351472290515574,-0.05780302998622878,0.9989336789502146,0.9779411764705882,408,399,sift,-99.12807489730524,scheme_b_pairwise,NA,False,392.69215350680696,172.09999999999997
1734763718600,F:\agent\UAV\data\IR-image\1734763718600.jpg,116.17913981053245,38.81189478866483,483.54,116.183674,38.8121129,656.43,881.7072964137899,-25.148449830902145,-22.323882772930233,6.109184920730797,0.265239625379627,1.002348872715641,0.9426751592356688,314,296,sift,-99.12807489730524,scheme_b_pairwise,NA,False,393.6079825177567,172.88999999999993
1734763718800,F:\agent\UAV\data\IR-image\1734763718800.jpg,116.17917232988388,38.81190013109385,483.54,116.1837303,38.8121128,657.22,884.5280621669732,-24.5537306326446,-2.904220386378313,7.552461709408135,0.5007268983853751,1.0001254415806204,0.9798792756539235,497,487,sift,-99.12807489730524,scheme_b_pairwise,NA,False,395.62788868677455,173.68
1734763719000,F:\agent\UAV\data\IR-image\1734763719000.jpg,116.17918243236038,38.811870051527436,483.54,116.1837868,38.8121127,658.03,885.4043625372724,-27.90218796611523,8.889486311040912,3.9195508734134705,0.07251033939632684,1.0019965437249414,0.9615384615384616,546,525,sift,-99.12807489730524,scheme_b_pairwise,NA,False,399.85202576715074,174.48999999999995
1734763719200,F:\agent\UAV\data\IR-image\1734763719200.jpg,116.1792138916743,38.81183967559745,483.54,116.1838433,38.8121128,658.9,888.1331794228206,-31.283636491933176,8.156011333529023,9.06818307551265,-0.31397907788416946,1.0001261585027295,0.9793233082706767,532,521,sift,-99.12807489730524,scheme_b_pairwise,NA,False,402.2584639050257,175.35999999999996
1734763719400,F:\agent\UAV\data\IR-image\1734763719400.jpg,116.17924861050795,38.81182479985381,483.54,116.1839,38.812113,659.77,891.1447307808638,-32.939604274348326,3.2482298085789694,9.08339767454413,-0.355889755324518,1.0003216298087214,0.9798534798534798,546,535,sift,-99.12807489730524,scheme_b_pairwise,NA,False,404.2870545292693,176.22999999999996
1734763719600,F:\agent\UAV\data\IR-image\1734763719600.jpg,116.17928586676784,38.811823310800136,483.54,116.183957,38.812113,660.58,894.3763813927579,-33.1053657289147,-0.9796370286224487,9.02979420380575,-0.23532860019861676,0.9995057288423638,0.9806949806949807,518,508,sift,-99.12807489730524,scheme_b_pairwise,NA,False,406.00547812595,177.04000000000002
1734763719800,F:\agent\UAV\data\IR-image\1734763719800.jpg,116.1793217071959,38.81180829681099,483.54,116.1840141,38.812113,661.35,897.4852211322266,-34.77672300069533,3.2475578080326954,9.35986901747043,0.35117490226038334,1.0020323876853674,0.987152034261242,467,461,sift,-99.12807489730524,scheme_b_pairwise,NA,False,407.9770075870085,177.81
1734763720000,F:\agent\UAV\data\IR-image\1734763720000.jpg,116.17935298346696,38.81184308358405,483.54,116.1840716,38.8121128,662.08,900.1981606709033,-30.904259423798095,-11.939930318477877,5.794096900132558,0.4807858829884991,1.0001990592134615,0.984070796460177,565,556,sift,-99.12807489730524,scheme_b_pairwise,NA,False,409.9382649420514,178.54000000000002
1734763720200,F:\agent\UAV\data\IR-image\1734763720200.jpg,116.17938397033348,38.81185819914006,483.54,116.1841293,38.8121125,662.81,902.8859969285168,-29.221595728420116,-5.860085727065325,6.699620368420426,0.4047647754050967,1.0014010029803888,0.9651639344262295,488,471,sift,-99.12807489730524,scheme_b_pairwise,NA,False,412.12542863161707,179.26999999999992
1734763720400,F:\agent\UAV\data\IR-image\1734763720400.jpg,116.1794189833886,38.8118715557972,483.54,116.1841872,38.8121123,663.43,905.9230693928346,-27.73473265598628,-5.472967766353577,7.754658261201655,0.19782889415951396,0.9998603708857295,0.9582089552238806,335,321,sift,-99.12807489730524,scheme_b_pairwise,NA,False,414.00355221334655,179.88999999999993
1734763720600,F:\agent\UAV\data\IR-image\1734763720600.jpg,116.17943137677943,38.81187417943681,483.54,116.1842455,38.8121122,663.99,906.9980862942867,-27.442669093883865,-1.288098443612796,2.8491780640064235,0.16755069808766884,1.000177799921629,0.9770992366412213,524,512,sift,-99.12807489730524,scheme_b_pairwise,NA,False,417.9535434105232,180.45
1734763720800,F:\agent\UAV\data\IR-image\1734763720800.jpg,116.17945036619615,38.811863105179604,483.54,116.1843039,38.812112,664.61,908.645250028137,-28.67545540654009,2.6829990330119244,5.113786254734748,-0.18247518987108036,1.002348960682548,0.9589285714285715,560,537,sift,-99.12807489730524,scheme_b_pairwise,NA,False,421.43914607357783,181.07
1734763721000,F:\agent\UAV\data\IR-image\1734763721000.jpg,116.17950480535139,38.81186870970931,483.54,116.1843624,38.8121121,665.25,913.3673646439944,-28.05155916014294,-3.8317287990520867,12.808741833477939,-0.6010500211536932,1.00028386261529,0.9762340036563071,547,534,sift,-99.12807489730524,scheme_b_pairwise,NA,False,421.75049875593504,181.70999999999998
1734763721200,F:\agent\UAV\data\IR-image\1734763721200.jpg,116.17953579403287,38.81185491338539,483.54,116.1844211,38.8121123,665.85,916.055358334115,-29.58736593890461,3.0593001180471333,8.133205047905733,-0.898968029657032,1.000932831665808,0.9742063492063492,504,491,sift,-99.12807489730524,scheme_b_pairwise,NA,False,424.2487852743948,182.31
1734763721400,F:\agent\UAV\data\IR-image\1734763721400.jpg,116.17958406568039,38.81184172353293,483.54,116.1844799,38.8121125,666.5,920.2424962734593,-31.055660314280424,2.2046487908416452,12.257771641168745,-0.3847664979189135,1.0012023300149169,0.9773869346733668,398,389,sift,-99.12807489730524,scheme_b_pairwise,NA,False,425.26178934393937,182.95999999999998
1734763721600,F:\agent\UAV\data\IR-image\1734763721600.jpg,116.17961703030848,38.81185095446174,483.54,116.1845388,38.8121124,667.17,923.1018858337324,-30.02807331925931,-4.121040277265479,7.466750052690088,0.5443843289572291,1.0021600690378485,0.9054054054054054,222,201,sift,-99.12807489730524,scheme_b_pairwise,NA,False,427.43147450220965,183.62999999999994
1734763721800,F:\agent\UAV\data\IR-image\1734763721800.jpg,116.17965977617025,38.81183711890868,483.54,116.1845979,38.8121121,667.86,926.8097107940514,-31.56824708625275,2.617283207679634,10.96144246819739,0.610549124294413,1.001044553047968,0.9468085106382979,282,267,sift,-99.12807489730524,scheme_b_pairwise,NA,False,428.9498923338217,184.32
1734763722000,F:\agent\UAV\data\IR-image\1734763722000.jpg,116.17970116388041,38.81185210639354,483.54,116.1846569,38.8121117,668.59,930.3997281303823,-29.899840271169097,-6.22230615020527,9.206213695436816,0.49798302615819995,1.0001148223938208,0.9490022172949002,451,428,sift,-99.12807489730524,scheme_b_pairwise,NA,False,430.35382980514726,185.05
1734763722200,F:\agent\UAV\data\IR-image\1734763722200.jpg,116.17974005191982,38.81190465182138,483.54,116.1847158,38.8121113,669.37,933.7729211652486,-24.050483244095926,-17.712565308134003,6.743591496993133,0.3072341154802849,1.0008833567901092,0.9797639123102867,593,581,sift,-99.12807489730524,scheme_b_pairwise,NA,False,431.7303609010076,185.82999999999998
1734763722400,F:\agent\UAV\data\IR-image\1734763722400.jpg,116.1797952086487,38.81195347629812,483.54,116.1847745,38.812111,670.12,938.5572789397611,-18.615342493086764,-17.193009395427964,10.838845818011862,0.3101947643717141,1.0007876967623708,0.9833679833679834,481,473,sift,-99.12807489730524,scheme_b_pairwise,NA,False,431.78071538201834,186.57999999999998
1734763722600,F:\agent\UAV\data\IR-image\1734763722600.jpg,116.17981180947697,38.81195242794389,483.54,116.1848331,38.8121107,670.86,939.9972537798052,-18.732045286062394,-0.31778206406210074,4.042617347414307,-0.052941246686007894,1.0008140589370367,0.9641943734015346,391,377,sift,-99.12807489730524,scheme_b_pairwise,NA,False,435.4200770898568,187.32
1734763722800,F:\agent\UAV\data\IR-image\1734763722800.jpg,116.1798452572327,38.811915891108534,483.54,116.1848915,38.8121107,671.69,942.8985503831032,-22.79932579831824,9.979877424460994,9.85157514512224,-1.0122074246593897,1.0025933412960317,0.8418367346938775,392,330,sift,-99.12807489730524,scheme_b_pairwise,NA,False,437.7626121588733,188.15000000000003
1734763723000,F:\agent\UAV\data\IR-image\1734763723000.jpg,116.17990042391772,38.811915200825624,483.54,116.1849498,38.8121108,672.48,947.6837717644358,-22.876168091612985,-1.9178491389599799,13.295662664741087,-0.40453701740919995,1.001144310856639,0.9629629629629629,324,312,sift,-99.12807489730524,scheme_b_pairwise,NA,False,438.0381187890064,188.94
1734763723200,F:\agent\UAV\data\IR-image\1734763723200.jpg,116.17993052296126,38.8118976787951,483.54,116.1850081,38.8121109,673.18,950.2945972408636,-24.826720529539216,4.243060903711637,8.104027706299973,-0.8494030399756152,1.0003877693553076,0.9828767123287672,584,574,sift,-99.12807489730524,scheme_b_pairwise,NA,False,440.5797181685212,189.63999999999993
1734763723400,F:\agent\UAV\data\IR-image\1734763723400.jpg,116.17995568358934,38.811876437265205,483.54,116.1850663,38.8121111,673.89,952.477058910162,-27.19132763750261,5.581290140530655,7.101262463260127,-0.8854577663893527,1.0006565896559134,0.9782244556113903,597,584,sift,-99.12807489730524,scheme_b_pairwise,NA,False,443.57218780543144,190.34999999999997
1734763723600,F:\agent\UAV\data\IR-image\1734763723600.jpg,116.17998859560333,38.81187276191602,483.54,116.1851244,38.8121112,674.65,955.3318846630419,-27.600467508499506,-0.1373583678042678,8.093860389682106,-0.6886826123143416,1.0032660649577498,0.8140703517587939,199,162,sift,-99.12807489730524,scheme_b_pairwise,NA,False,445.7755962663712,191.10999999999996
1734763723800,F:\agent\UAV\data\IR-image\1734763723800.jpg,116.18003665125681,38.81192850100652,483.54,116.1851826,38.8121111,675.37,959.5002870319942,-21.39559195463964,-19.051923504234537,8.78907362165097,0.5239782302507658,0.9991374745909471,0.8472222222222222,216,183,sift,-99.12807489730524,scheme_b_pairwise,NA,False,446.32728812469844,191.82999999999998
1734763724000,F:\agent\UAV\data\IR-image\1734763724000.jpg,116.18006452857432,38.81194612988224,483.54,116.1852407,38.8121109,676.1,961.9183974513777,-19.433145509222882,-6.515351258452199,5.827535957497389,0.600186332066024,1.001285102841131,0.9851239669421488,605,596,sift,-99.12807489730524,scheme_b_pairwise,NA,False,448.85785848893914,192.56
1734763724200,F:\agent\UAV\data\IR-image\1734763724200.jpg,116.18009113517614,38.81191709951166,483.54,116.1852988,38.8121106,676.83,964.2262845366156,-22.664806361952905,7.928334958825815,7.834947349344645,0.8822502578598419,1.000416464564538,0.984182776801406,569,560,sift,-99.12807489730524,scheme_b_pairwise,NA,False,451.72529448596447,193.29000000000002
1734763724400,F:\agent\UAV\data\IR-image\1734763724400.jpg,116.180120833501,38.81194566445951,483.54,116.1853569,38.8121104,677.54,966.8023512163014,-19.484956367862658,-9.959518968306725,5.723189491502865,0.5458025305881576,1.0014063859824816,0.9744408945686901,626,610,sift,-99.12807489730524,scheme_b_pairwise,NA,False,454.0429746331777,193.99999999999994
1734763724600,F:\agent\UAV\data\IR-image\1734763724600.jpg,116.18015173098772,38.811916542339716,483.54,116.1854149,38.8121102,678.25,969.4824345684652,-22.72683074308191,7.790905264451567,8.870975402694967,0.5633705005825668,0.999990575331108,0.9573170731707317,492,471,sift,-99.12807489730524,scheme_b_pairwise,NA,False,456.529821960731,194.70999999999998
1734763724800,F:\agent\UAV\data\IR-image\1734763724800.jpg,116.18017657332851,38.811895545399175,483.54,116.1854729,38.8121101,678.97,971.637287633545,-25.06421016372863,5.518126929070206,7.0126256255401245,-0.07652378976192305,1.001232263676828,0.981651376146789,436,428,sift,-99.12807489730524,scheme_b_pairwise,NA,False,459.5144019451887,195.43
1734763725000,F:\agent\UAV\data\IR-image\1734763725000.jpg,116.1802071931359,38.81190823066184,483.54,116.1855308,38.8121101,679.69,974.2932847625473,-23.652086724055238,-5.096150774635134,6.731852021730504,-0.47181715711401073,1.0013035829621695,0.975254730713246,687,670,sift,-99.12807489730524,scheme_b_pairwise,NA,False,461.8041422985551,196.15000000000003
1734763725200,F:\agent\UAV\data\IR-image\1734763725200.jpg,116.18025302359428,38.81194347048359,483.54,116.1855886,38.8121103,680.43,978.2686711627558,-19.729189766967465,-12.64185131087305,9.270301122248156,-0.9578891132965606,1.0029802787752864,0.9096774193548387,310,282,sift,-99.12807489730524,scheme_b_pairwise,NA,False,462.66729885518544,196.88999999999993
1734763725400,F:\agent\UAV\data\IR-image\1734763725400.jpg,116.1802892904331,38.811892482754146,483.54,116.1856463,38.8121105,681.16,981.4144982591192,-25.405143808677053,14.329162065358162,11.245574829732789,-0.18155138753989825,0.9965374696119782,0.8914956011730205,341,304,sift,-99.12807489730524,scheme_b_pairwise,NA,False,464.7851288034933,197.61999999999995
1734763725600,F:\agent\UAV\data\IR-image\1734763725600.jpg,116.18030354871355,38.811886480983944,483.54,116.1857039,38.8121106,681.88,982.6512778212881,-26.073260867408234,1.3008514694697055,3.7250339252311164,0.2393400983484722,1.0001322953810463,0.9666110183639399,599,579,sift,-99.12807489730524,scheme_b_pairwise,NA,False,468.57097073896983,198.33999999999997
1734763725800,F:\agent\UAV\data\IR-image\1734763725800.jpg,116.18031510106835,38.811867199752186,483.54,116.1857615,38.8121106,682.62,983.6533422934416,-28.21964758656734,5.502146083010587,3.732816772915214,0.13181941177492776,1.0019360450051649,0.9609053497942387,486,467,sift,-99.12807489730524,scheme_b_pairwise,NA,False,472.6731003687652,199.07999999999998
1734763726000,F:\agent\UAV\data\IR-image\1734763726000.jpg,116.18034568516235,38.81185782222237,483.54,116.185819,38.8121106,683.37,986.3062416026327,-29.263554206056636,1.7117077193980208,7.81690924528624,-0.04408126094163884,1.000307837429734,0.9744408945686901,626,610,sift,-99.12807489730524,scheme_b_pairwise,NA,False,475.06197921776845,199.82999999999998
1734763726200,F:\agent\UAV\data\IR-image\1734763726200.jpg,116.18037122753529,38.81180015947519,483.54,116.1858763,38.8121108,684.11,988.5218162581914,-35.68257122197943,16.802668443296,8.99841232642774,-0.46054169480444535,0.9991830781364761,0.9775641025641025,624,610,sift,-99.12807489730524,scheme_b_pairwise,NA,False,478.2306094806956,200.57
1734763726400,F:\agent\UAV\data\IR-image\1734763726400.jpg,116.1804170815469,38.811833406188256,483.54,116.1859335,38.812111,684.87,992.4992456929211,-31.981547123240084,-12.027877303542368,9.374760519016206,-1.2368404771722472,1.0037517251095975,0.9582309582309583,407,390,sift,-99.12807489730524,scheme_b_pairwise,NA,False,478.96015137598164,201.32999999999998
1734763726600,F:\agent\UAV\data\IR-image\1734763726600.jpg,116.18047221726731,38.81184190832313,483.54,116.1859907,38.8121113,685.6,997.2817811686945,-31.035089469143365,-4.752558847957573,12.832555268962494,-0.05792009069950756,1.0003867273395557,0.9840425531914894,564,555,sift,-99.12807489730524,scheme_b_pairwise,NA,False,479.0807169188407,202.06
1734763726800,F:\agent\UAV\data\IR-image\1734763726800.jpg,116.18050355187128,38.811873148959265,483.54,116.1860478,38.812111,686.26,999.9997805707909,-27.557381854798866,-10.848182883983554,5.983899821298621,0.8864769689316757,1.0021884436387605,0.9033816425120773,207,187,sift,-99.12807489730524,scheme_b_pairwise,NA,False,481.1031413714962,202.71999999999997
1734763727000,F:\agent\UAV\data\IR-image\1734763727000.jpg,116.18054149218469,38.81189523877069,483.54,116.1861047,38.8121105,686.95,1003.2907667675404,-25.098344046909983,-8.280253355559068,8.025439587117376,1.6329696160082714,0.997503618518337,0.8489208633093526,139,118,sift,-99.12807489730524,scheme_b_pairwise,NA,False,482.6122352605265,203.41000000000003
1734763727200,F:\agent\UAV\data\IR-image\1734763727200.jpg,116.1805811643738,38.81189907547002,483.54,116.1861615,38.8121101,687.63,1006.7319778454028,-24.67124267715316,-2.7159726987157455,9.346561113968846,1.1028233736932143,1.0012985348193009,0.9828473413379074,583,573,sift,-99.12807489730524,scheme_b_pairwise,NA,False,484.0713592270665,204.08999999999997
1734763727400,F:\agent\UAV\data\IR-image\1734763727400.jpg,116.18056880742105,38.8118765219504,483.54,116.1862181,38.8121097,688.35,1005.6601216252385,-27.181900481652605,7.435156198309414,-1.8525039199072637,0.7748971684452187,1.0019234152707457,0.9906103286384976,426,422,sift,-99.12807489730524,scheme_b_pairwise,NA,False,490.1633332390208,204.81
1734763727600,F:\agent\UAV\data\IR-image\1734763727600.jpg,116.18058831861923,38.811845326243386,483.54,116.1862745,38.8121094,689.1,1007.3525452804955,-30.654606586572203,8.870410690534982,6.236627470498036,0.02735245390576109,1.0008690129749964,0.9836065573770492,610,600,sift,-99.12807489730524,scheme_b_pairwise,NA,False,493.5476617474854,205.56
1734763727800,F:\agent\UAV\data\IR-image\1734763727800.jpg,116.18061889493674,38.81183964385168,483.54,116.1863308,38.8121094,689.78,1010.0047700472211,-31.287170431178506,0.572039957914626,7.631873592904185,-0.2547902022514563,0.999031423559969,0.9593023255813954,344,330,sift,-99.12807489730524,scheme_b_pairwise,NA,False,495.81037807167763,206.23999999999995
1734763728000,F:\agent\UAV\data\IR-image\1734763728000.jpg,116.18066451000135,38.811846954018485,483.54,116.186387,38.8121094,690.44,1013.9614729447317,-30.473402662686947,-4.017097009386532,10.602982847800945,-0.3618431446225036,0.9999883225466449,0.9847328244274809,524,516,sift,-99.12807489730524,scheme_b_pairwise,NA,False,496.67737411264187,206.90000000000003
1734763728200,F:\agent\UAV\data\IR-image\1734763728200.jpg,116.18071475143196,38.81184903288277,483.54,116.1864432,38.8121093,691.08,1018.3194721247902,-30.24198349045969,-2.5819073532854304,11.974422013683977,-0.1687495213251942,0.9997126351642786,0.9864636209813875,591,583,sift,-99.12807489730524,scheme_b_pairwise,NA,False,497.1785886726882,207.54000000000002
1734763728400,F:\agent\UAV\data\IR-image\1734763728400.jpg,116.18074271381064,38.81183493071576,483.54,116.1864993,38.8121091,691.69,1020.7449608459441,-31.811836721842106,3.2705446862977396,7.420876658756811,-0.3165697381521826,1.0005590155703543,0.9810996563573883,582,571,sift,-99.12807489730524,scheme_b_pairwise,NA,False,499.70440817932985,208.15000000000003
1734763728600,F:\agent\UAV\data\IR-image\1734763728600.jpg,116.18078004723212,38.81190633078609,483.54,116.1865552,38.8121089,692.3,1023.9833045425673,-23.863580892682315,-23.469267581028248,5.435263150664923,-0.42838344752412777,1.0005423922479724,0.9832134292565947,417,410,sift,-99.12807489730524,scheme_b_pairwise,NA,False,500.88872895494256,208.75999999999993
1734763728800,F:\agent\UAV\data\IR-image\1734763728800.jpg,116.18081440556222,38.81188521596246,483.54,116.1866111,38.8121088,692.9,1026.9635854084584,-26.214083058883766,5.18694080373001,9.3060049833648,-0.7420130060459857,1.0003294338339523,0.9783333333333334,600,587,sift,-99.12807489730524,scheme_b_pairwise,NA,False,502.86348859343417,209.35999999999996
1734763729000,F:\agent\UAV\data\IR-image\1734763729000.jpg,116.18085035859724,38.81186297674384,483.54,116.1866669,38.8121088,693.5,1030.0821928055295,-28.689752876001567,5.472226908284767,9.745089706677163,-0.4388096575636796,1.001172539044123,0.9810996563573883,582,571,sift,-99.12807489730524,scheme_b_pairwise,NA,False,504.7089774338044,209.95999999999998
1734763729200,F:\agent\UAV\data\IR-image\1734763729200.jpg,116.1808855277604,38.811873567312716,483.54,116.1867227,38.8121085,694.11,1033.1328062586433,-27.510810748449803,-4.625645698593587,7.929298563590578,0.08698092879409089,1.000923126323152,0.9799635701275046,549,538,sift,-99.12807489730524,scheme_b_pairwise,NA,False,506.4299542138639,210.57
1734763729400,F:\agent\UAV\data\IR-image\1734763729400.jpg,116.18092399739214,38.81188495524629,483.54,116.1867783,38.8121082,694.78,1036.4697061349498,-26.243105983288153,-4.999116690383744,8.683168803897388,0.10905848631645991,1.0025783398840131,0.9662162162162162,444,429,sift,-99.12807489730524,scheme_b_pairwise,NA,False,507.8470019565039,211.23999999999995
1734763729600,F:\agent\UAV\data\IR-image\1734763729600.jpg,116.18097895524005,38.811914336026206,483.54,116.1868338,38.8121078,695.45,1041.2368127459406,-22.972437562833555,-11.186852360434614,11.754852053847628,0.2788170795805576,1.0012489149503725,0.974025974025974,539,525,sift,-99.12807489730524,scheme_b_pairwise,NA,False,507.7427388501969,211.91000000000003
1734763729800,F:\agent\UAV\data\IR-image\1734763729800.jpg,116.18100229258242,38.81195848884687,483.54,116.1868892,38.8121075,696.05,1043.261120526884,-18.05734556684018,-14.52276176964665,3.42139784318573,0.6002414715392467,0.9993754040864066,0.9554896142433235,337,322,sift,-99.12807489730524,scheme_b_pairwise,NA,False,510.3337462482849,212.50999999999993
1734763730000,F:\agent\UAV\data\IR-image\1734763730000.jpg,116.18102119966011,38.811951356427265,483.54,116.1869445,38.8121071,696.68,1044.90114207969,-18.851326516942617,1.4701032406731542,4.898597838410581,0.5336574974971733,1.0005775164956463,0.9854838709677419,620,611,sift,-99.12807489730524,scheme_b_pairwise,NA,False,513.510047897185,213.13999999999993
1734763730200,F:\agent\UAV\data\IR-image\1734763730200.jpg,116.18106257179909,38.81192198793097,483.54,116.1869998,38.8121068,697.29,1048.489808753532,-22.120627524087137,7.462331772750645,11.401175822863252,0.4757502195880801,0.9997658584524578,0.9831649831649831,594,584,sift,-99.12807489730524,scheme_b_pairwise,NA,False,514.8351214008156,213.74999999999994
1734763730400,F:\agent\UAV\data\IR-image\1734763730400.jpg,116.18108057422302,38.81187278978165,483.54,116.187055,38.8121065,697.84,1050.0513596037015,-27.597365506754993,14.482528106533096,6.766307899730975,0.5504402425427298,0.9992181923096244,0.9810996563573883,582,571,sift,-99.12807489730524,scheme_b_pairwise,NA,False,518.2998522586605,214.3
1734763730600,F:\agent\UAV\data\IR-image\1734763730600.jpg,116.1810911626698,38.81186319685444,483.54,116.1871102,38.8121062,698.37,1050.9698135937053,-28.665250163867395,2.550487684575387,3.020859489055681,0.48585643746456825,1.0014375370252966,0.983249581239531,597,587,sift,-99.12807489730524,scheme_b_pairwise,NA,False,522.2128320720365,214.82999999999998
1734763730800,F:\agent\UAV\data\IR-image\1734763730800.jpg,116.18113466481542,38.81186496240546,483.54,116.1871654,38.8121059,698.89,1054.7432394797777,-28.468709024302225,-2.224944828621858,10.369905088786254,0.11061088404335614,1.0018554069020993,0.9824868651488616,571,561,sift,-99.12807489730524,scheme_b_pairwise,NA,False,523.213209215137,215.34999999999997
1734763731000,F:\agent\UAV\data\IR-image\1734763731000.jpg,116.18115651230589,38.81188192909973,483.54,116.1872205,38.8121057,699.41,1056.6383158024241,-26.57997661881571,-6.078163901165112,4.410857922145283,0.17395384738807787,1.0016332704087678,0.9836065573770492,488,480,sift,-99.12807489730524,scheme_b_pairwise,NA,False,525.9967647238991,215.86999999999995
1734763731200,F:\agent\UAV\data\IR-image\1734763731200.jpg,116.18119487356786,38.81189566408705,483.54,116.1872755,38.8121055,699.95,1059.965815560153,-25.050997830024276,-5.719008452020148,8.540775579748185,0.23858384256076437,1.0015598501271008,0.9516407599309153,579,551,sift,-99.12807489730524,scheme_b_pairwise,NA,False,527.3659237555597,216.41000000000003
1734763731400,F:\agent\UAV\data\IR-image\1734763731400.jpg,116.1812447968847,38.811908936215815,483.54,116.1873306,38.8121053,700.47,1064.2962211857773,-23.573544455673822,-6.022796933187578,11.343106172955402,0.4847281117149029,0.9999076485301782,0.9464882943143813,299,283,sift,-99.12807489730524,scheme_b_pairwise,NA,False,527.7498642062152,216.93
1734763731600,F:\agent\UAV\data\IR-image\1734763731600.jpg,116.18127441979182,38.81190051494613,483.54,116.1873856,38.8121052,700.96,1066.8657460446127,-24.511000196832374,1.4538225009422376,7.538449446346533,0.6153377228685961,0.9998765942717057,0.9836660617059891,551,542,sift,-99.12807489730524,scheme_b_pairwise,NA,False,529.9857219974512,217.42000000000002
1734763731800,F:\agent\UAV\data\IR-image\1734763731800.jpg,116.1812875755255,38.811871196233135,483.54,116.1874405,38.812105,701.51,1068.0068894374303,-27.774759327744324,8.536827728406081,4.615804139861268,0.08637585171197205,1.0006729538321084,0.9681050656660413,533,516,sift,-99.12807489730524,scheme_b_pairwise,NA,False,533.7473159233753,217.96999999999997
1734763732000,F:\agent\UAV\data\IR-image\1734763732000.jpg,116.18129998186151,38.81185594139063,483.54,116.1874953,38.8121051,702.15,1069.0830292191717,-29.472928394663853,4.227000467323194,3.738517946190939,-0.4575479771770603,1.000878530340135,0.9835051546391752,485,477,sift,-99.12807489730524,scheme_b_pairwise,NA,False,537.5014992366541,218.60999999999996
1734763732200,F:\agent\UAV\data\IR-image\1734763732200.jpg,116.18137527529488,38.811835723713166,483.54,116.18755,38.8121054,702.81,1075.6140677815376,-31.7235602503705,3.329054727508833,19.101868619613583,-0.9961870713853778,1.0016027921189834,0.9004149377593361,241,217,sift,-99.12807489730524,scheme_b_pairwise,NA,False,535.8424886341488,219.26999999999992
1734763732400,F:\agent\UAV\data\IR-image\1734763732400.jpg,116.18141178855153,38.81183152723894,483.54,116.1876047,38.8121057,703.36,1078.7812694424138,-32.190711761716905,-0.11568619644879163,8.985390221048704,-0.12519506419672569,0.9999372633918042,0.9503722084367245,403,383,sift,-99.12807489730524,scheme_b_pairwise,NA,False,537.4439431432019,219.82
1734763732600,F:\agent\UAV\data\IR-image\1734763732600.jpg,116.18142906336655,38.811834891950596,483.54,116.1876594,38.8121057,703.97,1080.279706663563,-31.816152059742993,-1.7052670465578785,3.98588250454668,0.30099958981434666,0.9993602764739588,0.8211009174311926,218,179,sift,-99.12807489730524,scheme_b_pairwise,NA,False,540.6604407853694,220.43
1734763732800,F:\agent\UAV\data\IR-image\1734763732800.jpg,116.18146268441218,38.811839031036506,483.54,116.1877139,38.8121057,704.62,1083.196034631869,-31.355389016192603,-2.575535939699364,7.876945660023125,0.3038576803788088,1.0017248436526263,0.9115281501340483,373,340,sift,-99.12807489730524,scheme_b_pairwise,NA,False,542.441308533649,221.07999999999998
1734763733000,F:\agent\UAV\data\IR-image\1734763733000.jpg,116.18148698177968,38.8118543263006,483.54,116.1877685,38.8121058,705.25,1085.3036160910028,-29.652720217474716,-5.657145668255566,5.0826325983120455,0.05450399461957795,1.0006140676203565,0.9823717948717948,624,613,sift,-99.12807489730524,scheme_b_pairwise,NA,False,544.9735763614531,221.70999999999998
1734763733200,F:\agent\UAV\data\IR-image\1734763733200.jpg,116.1815098378221,38.81184726564458,483.54,116.187823,38.8121057,705.91,1087.2861753625175,-30.438712445788855,1.2954356668225273,5.844326902359626,-0.08834922206991266,1.0003221847480797,0.9834983498349835,606,596,sift,-99.12807489730524,scheme_b_pairwise,NA,False,547.7518290909409,222.36999999999995
1734763733400,F:\agent\UAV\data\IR-image\1734763733400.jpg,116.1815280924841,38.811843263915115,483.54,116.1878775,38.8121057,706.59,1088.8696056321705,-30.884184969591747,0.5294695221529082,4.586577656069096,0.22868298662614048,0.999841062330016,0.9877551020408163,490,484,sift,-99.12807489730524,scheme_b_pairwise,NA,False,550.9113756304778,223.05
1734763733600,F:\agent\UAV\data\IR-image\1734763733600.jpg,116.18154650452844,38.81183951427238,483.54,116.187932,38.8121055,707.27,1090.466687424711,-31.301595199006147,0.4456206695077185,4.6119147613461,0.2158124376829249,1.00035013594742,0.9850249584026622,601,592,sift,-99.12807489730524,scheme_b_pairwise,NA,False,554.0547599533063,223.72999999999996
1734763733800,F:\agent\UAV\data\IR-image\1734763733800.jpg,116.18157622642532,38.81184689982066,483.54,116.1879866,38.8121053,707.94,1093.0447987690798,-30.479435964139604,-3.4264813881832765,6.778708881669502,-0.031146469299578514,1.0013031680564186,0.9625,400,385,sift,-99.12807489730524,scheme_b_pairwise,NA,False,556.162994517485,224.40000000000003
1734763734000,F:\agent\UAV\data\IR-image\1734763734000.jpg,116.181603135061,38.81185752519273,483.54,116.1880413,38.8121052,708.55,1095.3788846165914,-29.296619545909653,-4.317321039045055,5.941836227514898,-0.04474565806213637,1.000626754253664,0.980806142034549,521,511,sift,-99.12807489730524,scheme_b_pairwise,NA,False,558.5076280220796,225.00999999999993
1734763734200,F:\agent\UAV\data\IR-image\1734763734200.jpg,116.18163666354532,38.81189285293094,483.54,116.188096,38.8121051,709.12,1098.28718371121,-25.36393572800035,-12.193812100166554,6.3086880469574,-0.0840749914506924,1.0009403283480762,0.9735099337748344,604,588,sift,-99.12807489730524,scheme_b_pairwise,NA,False,560.1598509876683,225.57999999999998
1734763734400,F:\agent\UAV\data\IR-image\1734763734400.jpg,116.18166104598423,38.81191425854812,483.54,116.1881509,38.8121051,709.67,1100.4021443608226,-22.981062423226057,-7.545505263641132,4.800195450041031,-0.00196062859841402,1.0009400466764613,0.9869848156182213,461,455,sift,-99.12807489730524,scheme_b_pairwise,NA,False,562.7068044526394,226.12999999999994
1734763734600,F:\agent\UAV\data\IR-image\1734763734600.jpg,116.18170574220807,38.81189277427604,483.54,116.1882058,38.8121052,710.18,1104.279145959209,-25.37269159163027,4.901617887346504,11.809430828825157,-0.02660577175540175,1.00082429919309,0.9889937106918238,636,629,sift,-99.12807489730524,scheme_b_pairwise,NA,False,563.6858273226636,226.63999999999993
1734763734800,F:\agent\UAV\data\IR-image\1734763734800.jpg,116.18173273318862,38.811842660054516,483.54,116.1882609,38.8121053,710.59,1106.6203744967743,-30.95140673168501,14.417959220658645,8.97246428410341,0.2527994220043897,0.999377976366386,0.9867768595041322,605,597,sift,-99.12807489730524,scheme_b_pairwise,NA,False,566.3798158532345,227.05
1734763735000,F:\agent\UAV\data\IR-image\1734763735000.jpg,116.18174967323661,38.8118183214672,483.54,116.188316,38.8121054,710.99,1108.0897736423383,-33.660778271616856,6.854266107865612,5.2786478927345115,0.44978883126092567,1.0001878262100152,0.9652777777777778,432,417,sift,-99.12807489730524,scheme_b_pairwise,NA,False,569.8276405438227,227.45
1734763735200,F:\agent\UAV\data\IR-image\1734763735200.jpg,116.18178171605499,38.81180936711361,483.54,116.1883712,38.8121054,711.43,1110.8692043728433,-34.65757691307594,1.524812782398044,8.146593399454389,0.4899562317954803,1.0006880506342235,0.984375,576,567,sift,-99.12807489730524,scheme_b_pairwise,NA,False,571.887414052598,227.88999999999993
1734763735400,F:\agent\UAV\data\IR-image\1734763735400.jpg,116.18181606342102,38.811830917083284,483.54,116.1884265,38.8121053,711.86,1113.848534203976,-32.25863428928464,-7.974932498618557,7.188495476596415,0.23711324016914453,1.0005788132197817,0.9698275862068966,464,450,sift,-99.12807489730524,scheme_b_pairwise,NA,False,573.566654636946,228.32
1734763735600,F:\agent\UAV\data\IR-image\1734763735600.jpg,116.18184082061417,38.81183648360536,483.54,116.1884819,38.8121054,712.3,1115.9960014645858,-31.63896905090122,-2.6735420113998316,5.675418663666392,-0.014793726375658229,1.000466909684232,0.984873949579832,595,586,sift,-99.12807489730524,scheme_b_pairwise,NA,False,576.1860400778252,228.75999999999993
1734763735800,F:\agent\UAV\data\IR-image\1734763735800.jpg,116.18187660297548,38.8118473342091,483.54,116.1885372,38.8121055,712.79,1119.0998044280163,-30.431079843455116,-4.729552404356355,8.063814644116292,-0.12393504365728737,1.0009738215452255,0.9715639810426541,633,615,sift,-99.12807489730524,scheme_b_pairwise,NA,False,577.8141861369409,229.24999999999994
1734763736000,F:\agent\UAV\data\IR-image\1734763736000.jpg,116.18190759319404,38.8118520955633,483.54,116.1885926,38.8121057,713.29,1121.7879314463526,-29.901045893272467,-2.6658934497110067,7.213679109832242,-0.03839058764115159,1.0008549178086177,0.9879310344827587,580,573,sift,-99.12807489730524,scheme_b_pairwise,NA,False,579.9016389077866,229.74999999999994
1734763736200,F:\agent\UAV\data\IR-image\1734763736200.jpg,116.18193263388089,38.811855658283726,483.54,116.1886481,38.8121058,713.82,1123.959989275819,-29.504443855732305,-2.0663093288901564,5.842894850021594,-0.21521286368136935,1.0005384542490734,0.9934959349593496,615,611,sift,-99.12807489730524,scheme_b_pairwise,NA,False,582.5191199719816,230.28000000000003
1734763736400,F:\agent\UAV\data\IR-image\1734763736400.jpg,116.1819534098276,38.811821559543404,483.54,116.1887036,38.8121061,714.39,1125.7621186658362,-33.3003156281325,9.717159902837807,6.684560683903669,-0.20477494221140002,0.9997362202573227,0.9920382165605095,628,623,sift,-99.12807489730524,scheme_b_pairwise,NA,False,585.7186356932891,230.84999999999997
1734763736600,F:\agent\UAV\data\IR-image\1734763736600.jpg,116.18197938320371,38.81181088208556,483.54,116.1887592,38.8121064,715.0,1128.0150790286746,-34.48893023596323,2.2908301304820498,6.7729817581110865,-0.5013810226839185,1.000241669747747,0.9917491749174917,606,601,sift,-99.12807489730524,scheme_b_pairwise,NA,False,588.3488280264892,231.45999999999998
1734763736800,F:\agent\UAV\data\IR-image\1734763736800.jpg,116.18202091018793,38.81182278409626,483.54,116.1888149,38.8121067,715.61,1131.6171771564755,-33.16399840487065,-5.275801763512618,9.392639113824941,-0.38464429892393986,1.0012415322461008,0.9772727272727273,572,559,sift,-99.12807489730524,scheme_b_pairwise,NA,False,589.5043755652675,232.07
1734763737000,F:\agent\UAV\data\IR-image\1734763737000.jpg,116.18205657797219,38.8118074035633,483.54,116.1888708,38.812107,716.2,1134.7110415748682,-34.876159333845465,3.3673067021488237,9.336536809832467,-0.38897107001801334,0.9997422733414459,0.9898648648648649,592,586,sift,-99.12807489730524,scheme_b_pairwise,NA,False,591.3505924355253,232.66000000000003
1734763737200,F:\agent\UAV\data\IR-image\1734763737200.jpg,116.18209736753646,38.8118107525806,483.54,116.1889268,38.8121072,716.74,1138.2491750517856,-34.503346728291405,-2.6086788570537465,9.639339603275516,-0.3081265333815189,1.0017175603050081,0.9785992217898832,514,503,sift,-99.12807489730524,scheme_b_pairwise,NA,False,592.646803495636,233.2
1734763737400,F:\agent\UAV\data\IR-image\1734763737400.jpg,116.18214321098176,38.811853636024274,483.54,116.188983,38.8121074,717.24,1142.2256879531055,-29.72956177763119,-15.000447569440041,8.894532264502743,0.14002319239047495,1.0008079989430851,0.9837728194726166,493,485,sift,-99.12807489730524,scheme_b_pairwise,NA,False,593.2979081614026,233.7
1734763737600,F:\agent\UAV\data\IR-image\1734763737600.jpg,116.18214972541794,38.81185011392116,483.54,116.1890394,38.8121075,717.71,1142.7907576007638,-30.12164229618959,0.8349668838034177,1.7405856090452971,0.3408912249295506,1.0005860949444139,0.9831932773109243,595,585,sift,-99.12807489730524,scheme_b_pairwise,NA,False,597.6345026051822,234.17000000000002
1734763737800,F:\agent\UAV\data\IR-image\1734763737800.jpg,116.18218523405744,38.811864330853524,483.54,116.1890959,38.8121075,718.2,1145.8708176207676,-28.539013386156366,-5.757508737913156,7.831147685627968,0.21027013669534658,1.00320586576787,0.9090909090909091,341,310,sift,-99.12807489730524,scheme_b_pairwise,NA,False,599.3777415887819,234.66000000000003
1734763738000,F:\agent\UAV\data\IR-image\1734763738000.jpg,116.18221132202757,38.81185306499253,483.54,116.1891526,38.8121077,718.66,1148.1337179999327,-29.793129031066076,2.467929190748407,6.829695729698074,0.1425244267296457,1.0001141521698373,0.9627906976744186,430,414,sift,-99.12807489730524,scheme_b_pairwise,NA,False,602.0860572871543,235.11999999999995
1734763738200,F:\agent\UAV\data\IR-image\1734763738200.jpg,116.18223233664918,38.811842506265194,483.54,116.1892094,38.8121078,719.11,1149.95655032366,-30.96852655854881,2.445732324289054,5.575067977280128,-0.03438384999700268,1.000631136791795,0.8288288288288288,222,184,sift,-99.12807489730524,scheme_b_pairwise,NA,False,605.2398849648207,235.57
1734763738400,F:\agent\UAV\data\IR-image\1734763738400.jpg,116.18224515695277,38.8118117750972,483.54,116.1892664,38.8121079,719.58,1151.06859812747,-34.38952017991476,8.985532918965305,4.605185285592881,0.2657802393451404,0.9995699389593953,0.982367758186398,397,390,sift,-99.12807489730524,scheme_b_pairwise,NA,False,609.2390676684548,236.04000000000002
1734763738600,F:\agent\UAV\data\IR-image\1734763738600.jpg,116.18227402718368,38.81183419716746,483.54,116.1893235,38.812108,720.11,1153.572834989804,-31.893495319026773,-8.032426273791941,5.82862466449933,0.11733653745767837,1.0010868430324518,0.9734299516908212,414,403,sift,-99.12807489730524,scheme_b_pairwise,NA,False,611.5527581181202,236.57
1734763738800,F:\agent\UAV\data\IR-image\1734763738800.jpg,116.18230723847563,38.811827227288575,483.54,116.1893807,38.8121082,720.63,1156.4536204555584,-32.669382236066994,0.867460544392145,8.329111716960995,0.04071478580464953,1.0011697615579715,0.943217665615142,317,299,sift,-99.12807489730524,scheme_b_pairwise,NA,False,613.6687688366652,237.08999999999997
1734763739000,F:\agent\UAV\data\IR-image\1734763739000.jpg,116.18234558850709,38.81181860834707,483.54,116.1894381,38.8121084,721.1,1159.7801460652925,-33.62884280478141,1.1777213783667548,9.646149699544935,0.04041283431170839,1.0003232903612993,0.9655172413793104,464,448,sift,-99.12807489730524,scheme_b_pairwise,NA,False,615.3678061986417,237.56
1734763739200,F:\agent\UAV\data\IR-image\1734763739200.jpg,116.18236593163765,38.81181167102163,483.54,116.1894957,38.8121086,721.58,1161.544732486837,-34.401105872035856,1.3544484157005172,5.234137940272262,0.09009340070176458,1.0009306978442583,0.983451536643026,423,416,sift,-99.12807489730524,scheme_b_pairwise,NA,False,618.6333631706124,238.04000000000002
1734763739400,F:\agent\UAV\data\IR-image\1734763739400.jpg,116.18240070029366,38.811806042581026,483.54,116.1895535,38.8121088,722.06,1164.560605492101,-35.02766388073324,0.3934673477506294,8.636989910173725,0.24653329629548215,1.0006373726537003,0.9720930232558139,430,418,sift,-99.12807489730524,scheme_b_pairwise,NA,False,620.6608953071028,238.51999999999992
1734763739600,F:\agent\UAV\data\IR-image\1734763739600.jpg,116.18241727978636,38.81179751391197,483.54,116.1896114,38.8121089,722.53,1165.998729660349,-35.97707531953291,1.9907556189625097,4.408284229209869,0.014306963270533267,1.0005606786714343,0.9682151589242054,409,396,sift,-99.12807489730524,scheme_b_pairwise,NA,False,624.2883454123978,238.98999999999995
1734763739800,F:\agent\UAV\data\IR-image\1734763739800.jpg,116.18245449072532,38.811779272337006,483.54,116.1896696,38.812109,723.04,1169.2264490827508,-38.0077274448507,4.190347999110202,9.849314219937867,-0.1732498524061769,0.9999233927845715,0.9545454545454546,330,315,sift,-99.12807489730524,scheme_b_pairwise,NA,False,626.2203085558554,239.49999999999994
1734763740000,F:\agent\UAV\data\IR-image\1734763740000.jpg,116.18249317686512,38.811804801383666,483.54,116.1897278,38.8121092,723.56,1172.582129115103,-35.165833970255,-9.370081628836601,8.034246515104144,-0.22037337139357704,1.0017592589084165,0.9694444444444444,360,349,sift,-99.12807489730524,scheme_b_pairwise,NA,False,627.7499031174385,240.01999999999992
1734763740200,F:\agent\UAV\data\IR-image\1734763740200.jpg,116.1825405210142,38.81182582010197,483.54,116.1897863,38.8121093,724.06,1176.688814778737,-32.82603024830239,-8.313037622048284,10.339108660301804,-0.15196300835095664,1.0010564026853173,0.9595588235294118,272,261,sift,-99.12807489730524,scheme_b_pairwise,NA,False,628.5940589378403,240.51999999999992
1734763740400,F:\agent\UAV\data\IR-image\1734763740400.jpg,116.18257557423135,38.81181927841244,483.54,116.1898449,38.8121094,724.57,1179.7293709426415,-33.55425112663156,0.6642179621736091,8.750664503791143,-0.3028050101526292,1.0004750688660369,0.9664804469273743,358,346,sift,-99.12807489730524,scheme_b_pairwise,NA,False,630.6690619373468,241.03000000000003
1734763740600,F:\agent\UAV\data\IR-image\1734763740600.jpg,116.18259627987548,38.81181976415229,483.54,116.1899036,38.8121094,725.12,1181.5254022069603,-33.50017856713106,-0.9496054528163995,4.953324217303532,-0.1360700662977024,1.0021064275976763,0.9709302325581395,344,334,sift,-99.12807489730524,scheme_b_pairwise,NA,False,633.9540091346156,241.57999999999998
1734763740800,F:\agent\UAV\data\IR-image\1734763740800.jpg,116.18264058707237,38.81183880867767,483.54,116.1899625,38.8121093,725.69,1185.3686591626476,-31.380142001479847,-7.586687663377063,9.706919604049745,0.17884886896509847,1.000942466773859,0.9774647887323944,355,347,sift,-99.12807489730524,scheme_b_pairwise,NA,False,635.1123017496182,242.15000000000003
1734763741000,F:\agent\UAV\data\IR-image\1734763741000.jpg,116.18266532408802,38.811828410259615,483.54,116.1900215,38.8121092,726.23,1187.5143762040227,-32.5376938997446,2.2524992282682206,6.461942846462364,0.06206867146058892,1.0000011453526847,0.9681159420289855,345,334,sift,-99.12807489730524,scheme_b_pairwise,NA,False,638.1327185616483,242.69
1734763741200,F:\agent\UAV\data\IR-image\1734763741200.jpg,116.1827006234225,38.81183623777131,483.54,116.1900807,38.8121091,726.79,1190.5762808673896,-31.666335298222545,-3.7782569302411275,8.097553729918161,-0.2086214448064437,1.0023333545914264,0.9686520376175548,319,309,sift,-99.12807489730524,scheme_b_pairwise,NA,False,640.1586756914242,243.24999999999994
1734763741400,F:\agent\UAV\data\IR-image\1734763741400.jpg,116.18274219186874,38.81185061306265,483.54,116.1901399,38.812109,727.36,1194.1819754575129,-30.066077865588866,-6.040422367690326,9.280006745163575,-0.16301586991836053,1.000636758643867,0.9859550561797753,356,351,sift,-99.12807489730524,scheme_b_pairwise,NA,False,641.6104750843331,243.82
1734763741600,F:\agent\UAV\data\IR-image\1734763741600.jpg,116.1827760963879,38.8118712974368,483.54,116.1901992,38.8121089,727.93,1197.1228922435307,-27.76349333512004,-7.690787166416044,7.1249472726005365,-0.1391449729472708,1.0018356169609062,0.9722222222222222,360,350,sift,-99.12807489730524,scheme_b_pairwise,NA,False,643.7095498154371,244.38999999999993
1734763741800,F:\agent\UAV\data\IR-image\1734763741800.jpg,116.18280855193677,38.81189482097789,483.54,116.1902585,38.8121087,728.49,1199.9381236894974,-25.144852741589883,-8.510717754910445,6.635895065419618,0.019858872922660913,1.0018863015519655,0.9614325068870524,363,349,sift,-99.12807489730524,scheme_b_pairwise,NA,False,645.9308971805626,244.95
1734763742000,F:\agent\UAV\data\IR-image\1734763742000.jpg,116.18283634224721,38.81187840193558,483.54,116.1903179,38.8121085,729.06,1202.3486870158495,-26.972620531129202,3.9919581228642755,7.494359834083355,0.00606069739271013,1.0000307735283618,0.9380281690140845,355,333,sift,-99.12807489730524,scheme_b_pairwise,NA,False,648.7365368419452,245.51999999999992
1734763742200,F:\agent\UAV\data\IR-image\1734763742200.jpg,116.182867265801,38.81185782084884,483.54,116.1903773,38.8121083,729.62,1205.0310314539765,-29.263707107254003,5.154948082369401,8.453866608462818,-0.08574463141674456,1.0016059047733652,0.9766666666666667,300,293,sift,-99.12807489730524,scheme_b_pairwise,NA,False,651.2950104007682,246.07999999999998
1734763742400,F:\agent\UAV\data\IR-image\1734763742400.jpg,116.1829109079293,38.811866456014755,483.54,116.1904368,38.8121081,730.19,1208.8165996003054,-28.30244043731362,-4.349661334828397,10.063031743640693,0.22727661320434,1.0005295412291433,0.9853479853479854,273,269,sift,-99.12807489730524,scheme_b_pairwise,NA,False,652.6265204031694,246.65000000000003
1734763742600,F:\agent\UAV\data\IR-image\1734763742600.jpg,116.18293810686161,38.81188207510986,483.54,116.1904962,38.8121078,730.75,1211.175866110286,-26.563722771092166,-5.8691216097515735,5.764083730242476,-0.030260759981399012,1.0023306618077614,0.9611650485436893,206,198,sift,-99.12807489730524,scheme_b_pairwise,NA,False,655.3439405496622,247.20999999999998
1734763742800,F:\agent\UAV\data\IR-image\1734763742800.jpg,116.18295983172462,38.811886928322686,483.54,116.1905556,38.8121075,731.32,1213.0603055860136,-26.02346311878767,-2.336359340326567,4.981839284538523,0.3145618930703138,0.9991897540119838,0.9575971731448764,283,271,sift,-99.12807489730524,scheme_b_pairwise,NA,False,658.5842707835976,247.78000000000003
1734763743000,F:\agent\UAV\data\IR-image\1734763743000.jpg,116.18299725400153,38.81191086384621,483.54,116.1906151,38.8121072,731.89,1216.306356704914,-23.358960640191583,-8.829655458006584,7.809418401509902,-0.17653940298135876,1.0025958091493488,0.9745454545454545,275,268,sift,-99.12807489730524,scheme_b_pairwise,NA,False,660.4011605061595,248.34999999999997
1734763743200,F:\agent\UAV\data\IR-image\1734763743200.jpg,116.18303769122028,38.81191433827904,483.54,116.1906745,38.812107,732.43,1219.813927327972,-22.97218677794824,-2.6337608673211435,9.54842294474986,0.20602478583102762,1.000790403729572,0.967551622418879,339,328,sift,-99.12807489730524,scheme_b_pairwise,NA,False,662.0299122307289,248.88999999999993
1734763743400,F:\agent\UAV\data\IR-image\1734763743400.jpg,116.18307360301826,38.811957344211095,483.54,116.190734,38.8121066,732.99,1222.9289577765066,-18.184766421057905,-14.65462747054363,6.501005149720413,0.3899751236023155,1.002368319512312,0.9637681159420289,276,266,sift,-99.12807489730524,scheme_b_pairwise,NA,False,663.9342427693043,249.45
1734763743600,F:\agent\UAV\data\IR-image\1734763743600.jpg,116.18309592879154,38.81196496209793,483.54,116.1907934,38.8121062,733.56,1224.8655208967273,-17.336743258560563,-3.2124848201069653,4.989247702478906,0.37205797694626713,1.0004577553148637,0.9511400651465798,307,292,sift,-99.12807489730524,scheme_b_pairwise,NA,False,667.1238825467552,250.01999999999992
1734763743800,F:\agent\UAV\data\IR-image\1734763743800.jpg,116.18312254283474,38.81194844501905,483.54,116.1908528,38.812106,734.11,1227.1740534559613,-19.175424479378556,4.067636026465777,7.2164581495827065,0.11392835921670048,0.9989683079166461,0.9377777777777778,225,211,sift,-99.12807489730524,scheme_b_pairwise,NA,False,670.0088677598121,250.57
1734763744000,F:\agent\UAV\data\IR-image\1734763744000.jpg,116.18314514710907,38.81191491750368,483.54,116.1909121,38.812106,734.63,1229.1347740764788,-22.90770749067988,9.470315345741653,7.095754564592198,-0.24519883450840588,1.0012590203665903,0.9368932038834952,206,193,sift,-99.12807489730524,scheme_b_pairwise,NA,False,673.2947417625788,251.08999999999997
1734763744200,F:\agent\UAV\data\IR-image\1734763744200.jpg,116.18317788224526,38.81186389750233,483.54,116.1909714,38.8121059,735.12,1231.9742572455693,-28.58725404113961,14.47552958088022,10.398193258869583,-0.09934417091660595,0.9991428031269926,0.9372822299651568,287,269,sift,-99.12807489730524,scheme_b_pairwise,NA,False,675.7972933831893,251.57999999999998
1734763744400,F:\agent\UAV\data\IR-image\1734763744400.jpg,116.18320804065306,38.811840456885975,483.54,116.1910307,38.8121059,735.57,1234.5902320447851,-31.196663453131634,6.066680557757479,8.411679732851667,-0.11140184140353333,0.9998316483569287,0.9770491803278688,305,298,sift,-99.12807489730524,scheme_b_pairwise,NA,False,678.428753260023,252.03000000000003
1734763744600,F:\agent\UAV\data\IR-image\1734763744600.jpg,116.18323047085256,38.81186579519066,483.54,116.1910899,38.8121057,736.03,1236.5358532164103,-28.376003375362206,-8.683353588485772,4.135957751889293,0.3544926994289978,1.001418665406087,0.9723756906077348,362,352,sift,-99.12807489730524,scheme_b_pairwise,NA,False,681.4944486127195,252.48999999999995
1734763744800,F:\agent\UAV\data\IR-image\1734763744800.jpg,116.18326230938929,38.81191822596754,483.54,116.1911492,38.8121054,736.52,1239.2975643224922,-22.53940929363537,-17.40490896227999,5.0546541660424396,0.24491862544420487,1.0024829235569381,0.9608433734939759,332,319,sift,-99.12807489730524,scheme_b_pairwise,NA,False,683.6681397242652,252.97999999999996
1734763745000,F:\agent\UAV\data\IR-image\1734763745000.jpg,116.18329147979973,38.81194066618808,483.54,116.1912083,38.8121052,737.02,1241.8278391019592,-20.04136394359382,-8.049620112678838,5.89988472294317,-0.07480836711282142,1.001634819187181,0.9139072847682119,151,138,sift,-99.12807489730524,scheme_b_pairwise,NA,False,686.1883166963348,253.47999999999996
1734763745200,F:\agent\UAV\data\IR-image\1734763745200.jpg,116.18334387767413,38.81194201124971,483.54,116.1912673,38.8121051,737.49,1246.3728906822232,-19.89163168195132,-2.4388179698070758,12.52918090354882,0.07681824396702028,1.0005295339036884,0.9124087591240876,137,125,sift,-99.12807489730524,scheme_b_pairwise,NA,False,686.7558797402168,253.95
1734763745400,F:\agent\UAV\data\IR-image\1734763745400.jpg,116.18337702689368,38.811929276771714,483.54,116.1913263,38.812105,737.93,1249.248291915051,-21.309233773215148,2.6482650223020414,8.599938695768742,0.13319597595066146,1.000696542208583,0.9575163398692811,306,293,sift,-99.12807489730524,scheme_b_pairwise,NA,False,689.0333849801017,254.38999999999993
1734763745600,F:\agent\UAV\data\IR-image\1734763745600.jpg,116.18340477666864,38.811913862475066,483.54,116.1913851,38.8121048,738.4,1251.6553391466327,-23.025153276131057,3.683554864905034,7.4348107890028245,0.30839130452097396,1.0007161362293078,0.9679715302491103,281,272,sift,-99.12807489730524,scheme_b_pairwise,NA,False,691.7725516947327,254.85999999999996
1734763745800,F:\agent\UAV\data\IR-image\1734763745800.jpg,116.18343311852861,38.81191167075677,483.54,116.1914439,38.8121046,738.87,1254.1137445111658,-23.269135356464435,-0.4185442315958312,6.921704285891224,0.3653512960837707,1.0009612020400278,0.9646017699115044,339,327,sift,-99.12807489730524,scheme_b_pairwise,NA,False,694.4171447797354,255.32999999999998
1734763746000,F:\agent\UAV\data\IR-image\1734763746000.jpg,116.18346532519605,38.81190162004381,483.54,116.1915025,38.8121044,739.33,1256.9073876959462,-24.38798072279598,1.8567163492760983,8.240326875793869,0.26944536961263604,1.0004808672524412,0.9703703703703703,270,262,sift,-99.12807489730524,scheme_b_pairwise,NA,False,696.7375174111332,255.79000000000002
1734763746200,F:\agent\UAV\data\IR-image\1734763746200.jpg,116.1834993908634,38.81190042975185,483.54,116.191561,38.8121043,739.78,1259.8622826609367,-24.520484024169562,-0.9485703228976377,8.248002452239803,0.19535206389877846,1.0011084450824381,0.9699248120300752,399,387,sift,-99.12807489730524,scheme_b_pairwise,NA,False,698.8574273251436,256.23999999999995
1734763746400,F:\agent\UAV\data\IR-image\1734763746400.jpg,116.18352379680772,38.811906526167945,483.54,116.1916193,38.8121042,740.24,1261.97928219713,-23.841830984811285,-2.8234499649474856,5.564715831335377,-0.050643916899002196,1.0002995308425489,0.9504950495049505,404,384,sift,-99.12807489730524,scheme_b_pairwise,NA,False,701.7706551151348,256.7
1734763746600,F:\agent\UAV\data\IR-image\1734763746600.jpg,116.1835420763268,38.8118812745537,483.54,116.1916775,38.8121041,740.7,1263.5648685977833,-26.652840682538685,7.084202501709967,5.645899876037106,-0.31993088171680145,1.0016374402708577,0.9261538461538461,325,301,sift,-99.12807489730524,scheme_b_pairwise,NA,False,705.3206671408535,257.16
1734763746800,F:\agent\UAV\data\IR-image\1734763746800.jpg,116.183572056671,38.81189588394068,483.54,116.1917355,38.8121041,741.18,1266.1653979576772,-25.026523724084278,-5.6650533407174635,6.482754376032631,-0.2895440005280085,1.0018371689434054,0.9629629629629629,297,286,sift,-99.12807489730524,scheme_b_pairwise,NA,False,707.6918266834699,257.63999999999993
1734763747000,F:\agent\UAV\data\IR-image\1734763747000.jpg,116.18361471302322,38.81191867240687,483.54,116.1917934,38.812104,741.69,1269.8654587574315,-22.489711667605135,-8.677948036827217,9.124489862983125,-0.09292853593673556,1.0002744839274234,0.9321266968325792,221,206,sift,-99.12807489730524,scheme_b_pairwise,NA,False,708.9332325844983,258.15000000000003
1734763747200,F:\agent\UAV\data\IR-image\1734763747200.jpg,116.18365874712455,38.81193087443612,483.54,116.1918511,38.8121037,742.21,1273.6850270929774,-21.131381771049178,-5.465195966377962,9.980449867326513,0.3245491915679141,0.9999554087425585,0.9331395348837209,344,321,sift,-99.12807489730524,scheme_b_pairwise,NA,False,710.0777583138681,258.67
1734763747400,F:\agent\UAV\data\IR-image\1734763747400.jpg,116.18369747414876,38.811936459132205,483.54,116.1919088,38.8121034,742.71,1277.044253484566,-20.509693403007855,-3.2187313698983075,9.032706801061238,0.20498751494662967,1.0013760277924422,0.9705882352941176,408,396,sift,-99.12807489730524,scheme_b_pairwise,NA,False,711.7036567466707,259.17
1734763747600,F:\agent\UAV\data\IR-image\1734763747600.jpg,116.18372517598439,38.81194875261421,483.54,116.1919662,38.8121034,743.2,1279.447142404317,-19.141182986984564,-4.862578315397059,6.049825075737715,-0.243506685314098,1.0003601445953865,0.9668874172185431,453,438,sift,-99.12807489730524,scheme_b_pairwise,NA,False,714.2416700564213,259.66
1734763747800,F:\agent\UAV\data\IR-image\1734763747800.jpg,116.18375290481973,38.811925403887024,483.54,116.1920235,38.8121035,743.7,1281.8523733100592,-21.740363297030736,6.132174166393611,7.823083158711825,-0.2660273546461618,1.0009498633318463,0.9691516709511568,389,377,sift,-99.12807489730524,scheme_b_pairwise,NA,False,716.8704984588534,260.16
1734763748000,F:\agent\UAV\data\IR-image\1734763748000.jpg,116.18378359793454,38.81193478751339,483.54,116.1920807,38.8121035,744.2,1284.514729207612,-20.6957780096553,-4.080411364859572,6.913134860503817,-0.16451904356031297,1.0008578873533316,0.974477958236659,431,420,sift,-99.12807489730524,scheme_b_pairwise,NA,False,719.1382625812283,260.66
1734763748200,F:\agent\UAV\data\IR-image\1734763748200.jpg,116.18382130895758,38.81194078258146,483.54,116.1921377,38.8121035,744.75,1287.7858264968454,-20.028407032068532,-3.3060902396752567,8.768129694957793,0.13725278972719238,1.000943540061912,0.9712230215827338,417,405,sift,-99.12807489730524,scheme_b_pairwise,NA,False,720.791895921492,261.21
1734763748400,F:\agent\UAV\data\IR-image\1734763748400.jpg,116.18384598030316,38.81193069386142,483.54,116.1921946,38.8121035,745.29,1289.925847241603,-21.151483347057333,2.1594923759637936,6.430804921188837,0.07459471779223428,1.000714442158618,0.9544468546637744,461,440,sift,-99.12807489730524,scheme_b_pairwise,NA,False,723.6124080648765,261.74999999999994
1734763748600,F:\agent\UAV\data\IR-image\1734763748600.jpg,116.1838651578012,38.81191792341849,483.54,116.1922514,38.8121035,745.84,1291.589325364899,-22.573089053779437,3.199015985790709,5.243078006924975,-0.14378925844410864,1.0006242104202105,0.9709864603481625,517,502,sift,-99.12807489730524,scheme_b_pairwise,NA,False,726.9100150218883,262.3
1734763748800,F:\agent\UAV\data\IR-image\1734763748800.jpg,116.18389529960807,38.81190965053844,483.54,116.192308,38.8121036,746.38,1294.2038601817085,-23.494026060901653,1.3880011517403545,7.655831458535147,-0.18439081822126374,1.0005795759615819,0.9707865168539326,445,432,sift,-99.12807489730524,scheme_b_pairwise,NA,False,729.2285182144952,262.84
1734763749000,F:\agent\UAV\data\IR-image\1734763749000.jpg,116.18392757747048,38.81190704601272,483.54,116.1923646,38.8121037,746.89,1297.0036789010285,-23.783961864411257,-0.443218618992546,7.888337320768528,-0.05989667081315046,1.0007074493465842,0.9796672828096118,541,530,sift,-99.12807489730524,scheme_b_pairwise,NA,False,731.3439078403001,263.34999999999997
1734763749200,F:\agent\UAV\data\IR-image\1734763749200.jpg,116.1839524678033,38.811911451050214,483.54,116.1924211,38.8121038,747.4,1299.1626948495634,-23.293593090159955,-2.3203608522787817,5.764998180962436,0.03209459681270545,1.0006441806347142,0.9711340206185567,485,471,sift,-99.12807489730524,scheme_b_pairwise,NA,False,734.0673473931886,263.85999999999996
1734763749400,F:\agent\UAV\data\IR-image\1734763749400.jpg,116.18398041511028,38.8119192876418,483.54,116.1924775,38.8121038,747.9,1301.5868762355249,-22.42122371530346,-3.497087181481845,6.329759582440261,0.054685619742583506,1.0009181873421429,0.988399071925754,431,426,sift,-99.12807489730524,scheme_b_pairwise,NA,False,736.5067278929944,264.35999999999996
1734763749600,F:\agent\UAV\data\IR-image\1734763749600.jpg,116.18399670216397,38.81191152860184,483.54,116.1925338,38.8121039,748.39,1302.9996339079212,-23.284960043298106,1.7646167029643038,4.299835047683985,-0.054660314837421,1.0007521262123116,0.9672727272727273,550,532,sift,-99.12807489730524,scheme_b_pairwise,NA,False,739.9970532361352,264.84999999999997
1734763749800,F:\agent\UAV\data\IR-image\1734763749800.jpg,116.18402332007257,38.81190778118759,483.54,116.1925901,38.812104,748.88,1305.3085017564401,-23.702122197424274,0.12798291614291202,6.584401037988528,-0.23365067903342546,1.0008531760498618,0.9720149253731343,536,521,sift,-99.12807489730524,scheme_b_pairwise,NA,False,742.5802216329519,265.34
1734763750000,F:\agent\UAV\data\IR-image\1734763750000.jpg,116.18405343327167,38.8119033249761,483.54,116.1926463,38.8121041,749.34,1307.9205551034536,-24.19818766093315,0.21164526069645717,7.459764000200039,-0.19311564433440623,1.0006308267408415,0.966728280961183,541,523,sift,-99.12807489730524,scheme_b_pairwise,NA,False,744.8545476461229,265.8
1734763750200,F:\agent\UAV\data\IR-image\1734763750200.jpg,116.18408500219064,38.81190150496406,483.54,116.1927025,38.8121042,749.79,1310.6588792572218,-24.400791401018452,-0.6578620842735177,7.679027377042075,-0.14526425498804613,1.000636727352923,0.966796875,512,495,sift,-99.12807489730524,scheme_b_pairwise,NA,False,746.9941459119711,266.24999999999994
1734763750400,F:\agent\UAV\data\IR-image\1734763750400.jpg,116.18412115047711,38.8119069969765,483.54,116.1927586,38.8121043,750.24,1313.7944229873171,-23.78942057692133,-3.0905346608412287,8.417401770291235,-0.009879602016213209,1.0007468762781737,0.9723991507430998,471,458,sift,-99.12807489730524,scheme_b_pairwise,NA,False,748.7042177654483,266.7
1734763750600,F:\agent\UAV\data\IR-image\1734763750600.jpg,116.18415179999161,38.811907205937636,483.54,116.1928147,38.8121043,750.69,1316.4529969444732,-23.766159022814232,-1.248298346407637,7.357437710569911,0.09065233162252273,1.0005419877289297,0.9736346516007532,531,517,sift,-99.12807489730524,scheme_b_pairwise,NA,False,750.9077245028154,267.15000000000003
1734763750800,F:\agent\UAV\data\IR-image\1734763750800.jpg,116.18418016220778,38.8119226345745,483.54,116.1928707,38.8121043,751.15,1318.913168027334,-22.048643166880314,-5.855295978001777,6.053164907258349,0.07139062995974886,1.0010458389528833,0.980349344978166,458,449,sift,-99.12807489730524,scheme_b_pairwise,NA,False,753.2533129626839,267.60999999999996
1734763751000,F:\agent\UAV\data\IR-image\1734763751000.jpg,116.18421075617741,38.81192793656732,483.54,116.1929268,38.8121043,751.61,1321.5669239590989,-21.458425325593126,-2.8173780453647623,7.091626152739025,0.008459906260640195,1.0007785801475335,0.9800399201596807,501,491,sift,-99.12807489730524,scheme_b_pairwise,NA,False,755.4469010194254,268.07
1734763751200,F:\agent\UAV\data\IR-image\1734763751200.jpg,116.18423722319162,38.811932824982975,483.54,116.1929828,38.8121044,752.05,1323.8627030567322,-20.914246895691033,-2.530384447138715,6.1200536869787925,-0.032605335312488756,1.001004102922891,0.95703125,512,490,sift,-99.12807489730524,scheme_b_pairwise,NA,False,757.9912807634428,268.50999999999993
1734763751400,F:\agent\UAV\data\IR-image\1734763751400.jpg,116.18426663054801,38.81192499527908,483.54,116.1930388,38.8121044,752.48,1326.413530798578,-21.78584953298003,1.279647183642453,7.457309854522634,-0.09680619604944575,1.0007459104134673,0.9491228070175438,570,541,sift,-99.12807489730524,scheme_b_pairwise,NA,False,760.3170309388404,268.94
1734763751600,F:\agent\UAV\data\IR-image\1734763751600.jpg,116.18428222476128,38.811905459578604,483.54,116.1930948,38.8121046,752.89,1327.766190700229,-23.96056370979451,5.424534756866137,4.717047625589146,-0.30333997218497355,1.0002658296924196,0.9701492537313433,536,520,sift,-99.12807489730524,scheme_b_pairwise,NA,False,763.8773162924401,269.34999999999997
1734763751800,F:\agent\UAV\data\IR-image\1734763751800.jpg,116.18431446617286,38.811895994845415,483.54,116.1931508,38.8121047,753.33,1330.562847633595,-25.014177808398202,1.6745967453991284,8.219632235731012,-0.36401726236178844,1.0007604310587908,0.9723247232472325,542,527,sift,-99.12807489730524,scheme_b_pairwise,NA,False,765.9665270747205,269.79
1734763752000,F:\agent\UAV\data\IR-image\1734763752000.jpg,116.18435380560004,38.81190331594604,483.54,116.1932068,38.8121049,753.77,1333.9751945589662,-24.199192886994318,-3.778074608899317,9.093848768960584,-0.1200177468697437,1.0006851522082962,0.979047619047619,525,514,sift,-99.12807489730524,scheme_b_pairwise,NA,False,767.3858256558947,270.22999999999996
1734763752200,F:\agent\UAV\data\IR-image\1734763752200.jpg,116.18438377269885,38.81190781536276,483.54,116.1932628,38.8121049,754.18,1336.5745749993703,-23.698317817828002,-2.545566613608571,6.9807168393084,0.10973452173958194,1.0007783453361119,0.9780876494023905,502,491,sift,-99.12807489730524,scheme_b_pairwise,NA,False,769.6260263377216,270.63999999999993
1734763752400,F:\agent\UAV\data\IR-image\1734763752400.jpg,116.18441423254698,38.81191581745295,483.54,116.1933189,38.8121049,754.61,1339.2166970801068,-22.807525137926792,-3.6451908274727884,6.925542303433929,0.16341635381935962,1.000569567582734,0.9523809523809523,420,400,sift,-99.12807489730524,scheme_b_pairwise,NA,False,771.8218975263669,271.07
1734763752600,F:\agent\UAV\data\IR-image\1734763752600.jpg,116.18444762918641,38.81192355273033,483.54,116.193375,38.8121049,755.05,1342.1135597960567,-21.946434059874402,-3.6763108891843217,7.644739417458197,0.03091365010607219,1.0011326216497467,0.9507042253521126,426,405,sift,-99.12807489730524,scheme_b_pairwise,NA,False,773.7653427816773,271.50999999999993
1734763752800,F:\agent\UAV\data\IR-image\1734763752800.jpg,116.184481688605,38.81191099229386,483.54,116.1934311,38.812105,755.5,1345.067912736985,-23.344661847422564,2.559416060196952,8.810113073892353,-0.16274936233683893,1.0004387388789602,0.9717171717171718,495,481,sift,-99.12807489730524,scheme_b_pairwise,NA,False,775.7123203497196,271.96
1734763753000,F:\agent\UAV\data\IR-image\1734763753000.jpg,116.18450630620815,38.81190446524041,483.54,116.1934872,38.812105,755.94,1347.2032718021642,-24.07125343807842,1.0627766588023633,6.241335702349772,-0.07371563130671506,1.0008071330345072,0.9630390143737166,487,469,sift,-99.12807489730524,scheme_b_pairwise,NA,False,778.4595149863386,272.40000000000003
1734763753200,F:\agent\UAV\data\IR-image\1734763753200.jpg,116.1845382636703,38.81191936200845,483.54,116.1935434,38.812105,756.39,1349.9752986358656,-22.412945218803156,-5.830077681593821,6.943785773113518,0.05511894802685061,1.001010524891501,0.9620253164556962,474,456,sift,-99.12807489730524,scheme_b_pairwise,NA,False,780.5134790326233,272.84999999999997
1734763753400,F:\agent\UAV\data\IR-image\1734763753400.jpg,116.18455046212341,38.81190452214141,483.54,116.1935996,38.812105,756.85,1351.0334064161987,-24.064919218018492,4.107007961294755,3.6679751120862534,0.1397117988356382,1.0004461411434868,0.960167714884696,477,458,sift,-99.12807489730524,scheme_b_pairwise,NA,False,784.3698636985912,273.31
1734763753600,F:\agent\UAV\data\IR-image\1734763753600.jpg,116.1845696974778,38.81192117041994,483.54,116.1936558,38.8121049,757.32,1352.7019030652893,-22.211632851775423,-5.87903773762207,3.798713737801336,0.16954481983038122,1.0010890051693002,0.9783132530120482,415,406,sift,-99.12807489730524,scheme_b_pairwise,NA,False,787.5207338419038,273.78000000000003
1734763753800,F:\agent\UAV\data\IR-image\1734763753800.jpg,116.18459445089344,38.81193231810335,483.54,116.1937121,38.8121049,757.77,1354.8490426614896,-20.970672734716185,-4.395211591371151,5.397855036711292,0.15116003702671985,1.0009363034073204,0.9424307036247335,469,442,sift,-99.12807489730524,scheme_b_pairwise,NA,False,790.2220015399441,274.22999999999996
1734763754000,F:\agent\UAV\data\IR-image\1734763754000.jpg,116.18461517595883,38.81193207218595,483.54,116.1937685,38.8121048,758.22,1356.6467585470887,-20.998048260256482,-0.7246357660882268,4.994260773225278,0.1676878693642178,1.0003858281860005,0.9676724137931034,464,449,sift,-99.12807489730524,scheme_b_pairwise,NA,False,793.3125046285434,274.68
1734763754200,F:\agent\UAV\data\IR-image\1734763754200.jpg,116.18463830850257,38.81191622512233,483.54,116.193825,38.8121048,758.69,1358.6533018598238,-22.762143382257584,3.9954054359532734,6.346332805814086,0.12362358495896542,1.0005010046525435,0.9645669291338582,508,490,sift,-99.12807489730524,scheme_b_pairwise,NA,False,796.2472918300092,275.15000000000003
1734763754400,F:\agent\UAV\data\IR-image\1734763754400.jpg,116.18466258852843,38.811900619675136,483.54,116.1938815,38.8121047,759.15,1360.7593790846404,-24.499341763887028,3.8765442691463363,6.610197685431899,0.03240060250621324,1.0006725937101797,0.9662027833001988,503,486,sift,-99.12807489730524,scheme_b_pairwise,NA,False,799.0851844398959,275.60999999999996
1734763754600,F:\agent\UAV\data\IR-image\1734763754600.jpg,116.1846804707004,38.811902104117465,483.54,116.1939382,38.8121047,759.62,1362.3104991432226,-24.334093643577585,-1.1486538592493503,4.225088303813379,-0.04749352838741666,1.000983475279187,0.967280163599182,489,473,sift,-99.12807489730524,scheme_b_pairwise,NA,False,802.44250430858,276.08
1734763754800,F:\agent\UAV\data\IR-image\1734763754800.jpg,116.18471679241138,38.81190347733206,483.54,116.193995,38.8121047,760.06,1365.4610859141283,-24.181227395012368,-1.8265639373188947,8.663257942191933,-0.1585162784700612,1.0014243675876773,0.977366255144033,486,475,sift,-99.12807489730524,scheme_b_pairwise,NA,False,804.2118557864102,276.5199999999999
1734763755000,F:\agent\UAV\data\IR-image\1734763755000.jpg,116.18474852314239,38.81190041999161,483.54,116.1940518,38.8121047,760.49,1368.2134458286853,-24.521570534229912,-0.28239019950098054,7.77925894653265,-0.22122941533490598,1.0009288041229747,0.9596928982725528,521,500,sift,-99.12807489730524,scheme_b_pairwise,NA,False,806.3926395464439,276.95
1734763755200,F:\agent\UAV\data\IR-image\1734763755200.jpg,116.18478756452008,38.81190510014574,483.54,116.1941088,38.8121047,760.93,1371.5999396018735,-24.00057577661825,-2.951817621404757,9.153111538939072,-0.28687380139135116,1.0009812190031415,0.9628099173553719,484,466,sift,-99.12807489730524,scheme_b_pairwise,NA,False,807.9335392175674,277.38999999999993
1734763755400,F:\agent\UAV\data\IR-image\1734763755400.jpg,116.18482609253019,38.81192621780818,483.54,116.1941658,38.8121048,761.38,1374.941903282798,-21.64975759402982,-8.003040347451247,8.214904182235216,-0.11293761116085871,1.000733991955003,0.9751693002257337,443,432,sift,-99.12807489730524,scheme_b_pairwise,NA,False,809.4725993294005,277.84
1734763755600,F:\agent\UAV\data\IR-image\1734763755600.jpg,116.18486685044094,38.811954225570155,483.54,116.1942229,38.8121047,761.85,1378.4772910981583,-18.5319335307604,-10.214799227020364,8.409408004763861,0.08420173474289647,1.0005866305569853,0.9569377990430622,418,400,sift,-99.12807489730524,scheme_b_pairwise,NA,False,810.8174407434445,278.31
1734763755800,F:\agent\UAV\data\IR-image\1734763755800.jpg,116.1848990929608,38.811961343272095,483.54,116.1942801,38.8121046,762.35,1381.2740441632616,-17.739590950552163,-3.4412081631619458,7.397915086252681,-0.029925613672807577,1.0003011039229084,0.9577464788732394,497,476,sift,-99.12807489730524,scheme_b_pairwise,NA,False,812.9632334475316,278.81
1734763756000,F:\agent\UAV\data\IR-image\1734763756000.jpg,116.18493677628618,38.811954271827325,483.54,116.1943373,38.8121046,762.84,1384.5427389245833,-18.526784182141434,0.7260625082139427,9.409172425290535,-0.1019292237854732,1.0001522766663302,0.9553990610328639,426,407,sift,-99.12807489730524,scheme_b_pairwise,NA,False,814.6697054819227,279.3
1734763756200,F:\agent\UAV\data\IR-image\1734763756200.jpg,116.18496386803056,38.81194280429193,483.54,116.1943946,38.8121046,763.32,1386.8927078313566,-19.803350222077206,2.491376101521496,7.080988587672948,0.05032344395656091,1.0005356316550704,0.9654377880184332,434,419,sift,-99.12807489730524,scheme_b_pairwise,NA,False,817.3136578414411,279.78000000000003
1734763756400,F:\agent\UAV\data\IR-image\1734763756400.jpg,116.18498660582408,38.811928104190166,483.54,116.194452,38.8121046,763.81,1388.865010058411,-21.43976555100226,3.656809279167817,6.194584965322633,0.03434528339533216,1.0013770679015523,0.936046511627907,344,322,sift,-99.12807489730524,scheme_b_pairwise,NA,False,820.3537637046937,280.2699999999999
1734763756600,F:\agent\UAV\data\IR-image\1734763756600.jpg,116.185014808979,38.811920592474756,483.54,116.1945094,38.8121046,764.31,1391.311383987153,-22.275969710324574,1.228058283573887,7.152070933153425,0.08649434933308052,1.00118466000869,0.9728155339805825,515,501,sift,-99.12807489730524,scheme_b_pairwise,NA,False,822.903159234354,280.7699999999999
1734763756800,F:\agent\UAV\data\IR-image\1734763756800.jpg,116.18504288559528,38.811918670581235,483.54,116.1945668,38.8121046,764.79,1393.746781809315,-22.489914896676222,-0.4915414930163706,6.84456761844649,0.1448315292818338,1.000876384102139,0.982824427480916,524,515,sift,-99.12807489730524,scheme_b_pairwise,NA,False,825.4484056028027,281.24999999999994
1734763757000,F:\agent\UAV\data\IR-image\1734763757000.jpg,116.1850695184129,38.81194114618139,483.54,116.1946243,38.8121046,765.29,1396.0569428833041,-19.987931087908756,-7.962520761018993,5.288122424318715,0.14365072567400958,1.0010935240969714,0.9491525423728814,472,448,sift,-99.12807489730524,scheme_b_pairwise,NA,False,828.0632689806803,281.74999999999994
1734763757200,F:\agent\UAV\data\IR-image\1734763757200.jpg,116.18509186243621,38.811956238681454,483.54,116.1946819,38.8121045,765.8,1397.9950890319703,-18.30783398110759,-5.519144354820696,4.623121717008928,0.15822988929795093,0.9997375381328925,0.9047619047619048,336,304,sift,-99.12807489730524,scheme_b_pairwise,NA,False,831.0819375799148,282.25999999999993
1734763757400,F:\agent\UAV\data\IR-image\1734763757400.jpg,116.18511584758501,38.8119384668486,483.54,116.1947395,38.8121046,766.3,1400.075588283207,-20.286194413427108,4.556274388306861,6.646699307856352,0.17885620249458975,1.000379180224975,0.9634369287020109,547,527,sift,-99.12807489730524,scheme_b_pairwise,NA,False,834.0356418934722,282.75999999999993
1734763757600,F:\agent\UAV\data\IR-image\1734763757600.jpg,116.1851417334862,38.811930182446154,483.54,116.1947973,38.8121046,766.75,1402.3209609716607,-21.20841409460946,1.5559395764881856,6.633331141774079,0.17519144942815648,1.0004002728385928,0.9669565217391304,575,556,sift,-99.12807489730524,scheme_b_pairwise,NA,False,836.8210200920348,283.21
1734763757800,F:\agent\UAV\data\IR-image\1734763757800.jpg,116.18516373195145,38.811924833971005,483.54,116.1948551,38.8121046,767.2,1404.2291330187786,-21.803806348124002,0.8003433049454429,5.5533030685171525,-0.0184745371515481,1.000658491217909,0.9634369287020109,547,527,sift,-99.12807489730524,scheme_b_pairwise,NA,False,839.9361502272916,283.66
1734763758000,F:\agent\UAV\data\IR-image\1734763758000.jpg,116.18518952100045,38.8119241573004,483.54,116.194913,38.8121048,767.66,1406.4661046377757,-21.879133319265314,-0.7873418988011736,6.232937260284416,-0.32054806316727696,1.0004665544211726,0.9565972222222222,576,551,sift,-99.12807489730524,scheme_b_pairwise,NA,False,842.7199046849477,284.11999999999995
1734763758200,F:\agent\UAV\data\IR-image\1734763758200.jpg,116.1852166576237,38.81189783257303,483.54,116.194971,38.812105,768.14,1408.8199663878704,-24.80960196997132,7.073158838217125,7.828241021261761,-0.5540883588487702,1.0005401531622193,0.9391634980988594,526,494,sift,-99.12807489730524,scheme_b_pairwise,NA,False,845.468646660063,284.59999999999997
1734763758400,F:\agent\UAV\data\IR-image\1734763758400.jpg,116.185251677237,38.81188792426532,483.54,116.195029,38.8121052,768.65,1411.8576077170194,-25.91259478455542,1.70413403211586,8.909468214364267,-0.4500136112461777,1.0003579324990557,0.958904109589041,365,350,sift,-99.12807489730524,scheme_b_pairwise,NA,False,847.4903760996688,285.10999999999996
1734763758600,F:\agent\UAV\data\IR-image\1734763758600.jpg,116.18528419232146,38.811908218925076,483.54,116.195087,38.8121053,769.19,1414.6780033469097,-23.653393260665908,-7.516891671518749,6.810260881856777,-0.3991021547028003,1.000631577592819,0.9555555555555556,360,344,sift,-99.12807489730524,scheme_b_pairwise,NA,False,849.6365893464377,285.65000000000003
1734763758800,F:\agent\UAV\data\IR-image\1734763758800.jpg,116.18531267828557,38.8119294104647,483.54,116.1951451,38.8121053,769.77,1417.1489084683005,-21.2943510700271,-7.637959326304042,5.797248113535545,0.004970674399303407,1.0012984784139771,0.960093896713615,426,409,sift,-99.12807489730524,scheme_b_pairwise,NA,False,852.1441494175315,286.22999999999996
1734763759000,F:\agent\UAV\data\IR-image\1734763759000.jpg,116.18535528278073,38.811957068777204,483.54,116.1952033,38.8121051,770.35,1420.8444711282089,-18.215427721477607,-10.178316402952362,8.870628009171071,0.255292995835169,1.0011620717850624,0.9625779625779626,481,463,sift,-99.12807489730524,scheme_b_pairwise,NA,False,853.4295196882914,286.81
1734763759200,F:\agent\UAV\data\IR-image\1734763759200.jpg,116.18537791989843,38.811996397271116,483.54,116.1952616,38.812105,770.91,1422.8080406191086,-13.837379779473213,-13.007387369614548,3.492211391476758,0.3713785825367108,1.0007648627509487,0.941834451901566,447,421,sift,-99.12807489730524,scheme_b_pairwise,NA,False,856.4456452428225,287.36999999999995
1734763759400,F:\agent\UAV\data\IR-image\1734763759400.jpg,116.18541609376756,38.81200741039027,483.54,116.1953199,38.8121048,771.5,1426.1192857065332,-12.61139935536507,-4.872060828154872,8.630650196441138,0.58267595798395,1.0008388054742259,0.9457627118644067,295,279,sift,-99.12807489730524,scheme_b_pairwise,NA,False,858.172573921699,287.96
1734763759600,F:\agent\UAV\data\IR-image\1734763759600.jpg,116.18543778221671,38.81197666649574,483.54,116.1953783,38.8121047,772.08,1428.0005666026284,-16.03380969455488,8.646928349586858,6.7376177880502155,0.3732198501701293,0.9999433863329643,0.9570815450643777,466,446,sift,-99.12807489730524,scheme_b_pairwise,NA,False,861.4029175047357,288.54
1734763759800,F:\agent\UAV\data\IR-image\1734763759800.jpg,116.18546201189521,38.81194272180304,483.54,116.1954367,38.8121047,772.63,1430.102276639848,-19.812532885844487,9.536235597917084,7.507162583038678,0.2365577650789416,0.9997252121131607,0.9547413793103449,464,443,sift,-99.12807489730524,scheme_b_pairwise,NA,False,864.4337772184533,289.09
1734763760000,F:\agent\UAV\data\IR-image\1734763760000.jpg,116.1854748142941,38.81193319478063,483.54,116.1954951,38.8121047,773.18,1431.2127713683267,-20.873081020770986,2.4446421710913455,3.549801604832396,0.1742161197364428,1.0005138759739514,0.9487870619946092,371,352,sift,-99.12807489730524,scheme_b_pairwise,NA,False,868.4063546372356,289.63999999999993
1734763760200,F:\agent\UAV\data\IR-image\1734763760200.jpg,116.18550663576016,38.81193061254653,483.54,116.1955535,38.8121047,773.74,1433.9730017454194,-21.16053532047213,-0.4324674547481777,7.77751982513422,0.10887554286710488,1.000738003268041,0.9446254071661238,307,290,sift,-99.12807489730524,scheme_b_pairwise,NA,False,870.7150213213583,290.2
1734763760400,F:\agent\UAV\data\IR-image\1734763760400.jpg,116.18554286220262,38.811936976088795,483.54,116.195612,38.8121046,774.3,1437.1153248162843,-20.452145795237684,-3.3624246282064973,8.392988259654203,0.367979391823127,1.0003724132528875,0.9546599496221663,397,379,sift,-99.12807489730524,scheme_b_pairwise,NA,False,872.6287283897576,290.75999999999993
1734763760600,F:\agent\UAV\data\IR-image\1734763760600.jpg,116.18557270917813,38.811944957277035,483.54,116.1956706,38.8121045,774.85,1439.7042856230983,-19.563679920246386,-3.6150703623788445,6.779250768996576,0.3200300617151059,1.0011484684016223,0.7828571428571428,175,137,sift,-99.12807489730524,scheme_b_pairwise,NA,False,875.1007105530883,291.31
1734763760800,F:\agent\UAV\data\IR-image\1734763760800.jpg,116.18560319507944,38.81194383765363,483.54,116.1957292,38.8121045,775.36,1442.3486675852143,-19.6883163978869,-0.8321040005356508,7.383964270603428,0.14324671647399792,1.0003896425793652,0.926923076923077,260,241,sift,-99.12807489730524,scheme_b_pairwise,NA,False,877.5386596998653,291.82
1734763761000,F:\agent\UAV\data\IR-image\1734763761000.jpg,116.18562483712945,38.81193727604132,483.54,116.1957878,38.8121046,775.85,1444.2259237660874,-20.418755080368054,1.1883685199691172,5.527759526443333,-0.037576008202776,1.000988897427044,0.9428571428571428,245,231,sift,-99.12807489730524,scheme_b_pairwise,NA,False,880.7555566399786,292.31
1734763761200,F:\agent\UAV\data\IR-image\1734763761200.jpg,116.18566161523539,38.811964519730786,483.54,116.1958463,38.8121047,776.37,1447.4160987586279,-17.385987569048783,-9.825359778510858,7.490582764690089,-0.127411017453258,1.0036633105136556,0.7522123893805309,113,85,sift,-99.12807489730524,scheme_b_pairwise,NA,False,882.5785737757222,292.83
1734763761400,F:\agent\UAV\data\IR-image\1734763761400.jpg,116.18570320151171,38.811948628710724,483.54,116.1959048,38.8121049,776.88,1451.023339950355,-19.15497592238627,3.296193611200806,10.78457981137268,-0.22973536704991432,1.0009740681217647,0.928030303030303,264,245,sift,-99.12807489730524,scheme_b_pairwise,NA,False,884.0772718132139,293.34
1734763761600,F:\agent\UAV\data\IR-image\1734763761600.jpg,116.18572848081247,38.81192268832401,483.54,116.1959634,38.8121051,777.38,1453.2160954231056,-22.04265977093507,7.026326667880767,7.36271016562057,-0.11915437786539823,1.0007710986357956,0.9498525073746312,339,322,sift,-99.12807489730524,scheme_b_pairwise,NA,False,887.0256178402731,293.84
1734763761800,F:\agent\UAV\data\IR-image\1734763761800.jpg,116.18576242015567,38.81194206460175,483.54,116.1960218,38.8121052,777.93,1456.160032886718,-19.88569253334864,-7.288578117014993,7.198160306629802,0.31458566867947285,1.00155162076101,0.932258064516129,310,289,sift,-99.12807489730524,scheme_b_pairwise,NA,False,889.0979972640149,294.38999999999993
1734763762000,F:\agent\UAV\data\IR-image\1734763762000.jpg,116.1858115568971,38.811977276990795,483.54,116.1960802,38.8121051,778.49,1460.422210061337,-15.965849384410536,-12.76109286675586,10.066453909557765,0.3756659397528059,1.0011592958415647,0.8986013986013986,286,257,sift,-99.12807489730524,scheme_b_pairwise,NA,False,889.8288363898204,294.95
1734763762200,F:\agent\UAV\data\IR-image\1734763762200.jpg,116.18583961340177,38.812020273142444,483.54,116.1961386,38.812105,779.04,1462.855863380185,-11.179517783057314,-14.348200661427256,4.613166503128809,0.6802759369580301,1.000711639471004,0.9058823529411765,340,308,sift,-99.12807489730524,scheme_b_pairwise,NA,False,892.3938567846347,295.49999999999994
1734763762400,F:\agent\UAV\data\IR-image\1734763762400.jpg,116.18585192833629,38.81198127432135,483.54,116.1961968,38.812105,779.63,1463.9240748907046,-15.520866547462818,11.555664021338089,4.893523986893001,-0.03182409065077637,1.0001918318367187,0.9123376623376623,308,281,sift,-99.12807489730524,scheme_b_pairwise,NA,False,896.425607452839,296.09
1734763762600,F:\agent\UAV\data\IR-image\1734763762600.jpg,116.18589577898733,38.81196697736978,483.54,116.1962549,38.8121054,780.17,1467.7277305373716,-17.112403196808373,2.7169545814103344,11.249892595212543,-0.37502443602231567,0.9993333667406317,0.8848167539267016,191,169,sift,-99.12807489730524,scheme_b_pairwise,NA,False,897.6867026146454,296.62999999999994
1734763762800,F:\agent\UAV\data\IR-image\1734763762800.jpg,116.18592398114244,38.811986133196896,483.54,116.196313,38.8121059,780.7,1470.1740177404993,-14.979976521441476,-6.998970013882513,5.829932962532041,-0.28821194229334846,1.0024905991201727,0.8648648648648649,148,128,sift,-99.12807489730524,scheme_b_pairwise,NA,False,900.2435878621045,297.16
1734763763000,F:\agent\UAV\data\IR-image\1734763763000.jpg,116.18596097653554,38.81196848750021,483.54,116.196371,38.8121063,781.23,1473.3830404692778,-16.944295477193563,4.014842071009298,9.767962033596689,0.19959226757783244,1.0009088947507694,0.9061224489795918,245,222,sift,-99.12807489730524,scheme_b_pairwise,NA,False,902.0952745341116,297.69
1734763763200,F:\agent\UAV\data\IR-image\1734763763200.jpg,116.18598695343616,38.81196831726049,483.54,116.196429,38.8121067,781.72,1475.63630655222,-16.96324656263645,-0.9508340351670768,6.252991116466319,0.5985202337386953,1.0009994874310624,0.9185667752442996,307,282,sift,-99.12807489730524,scheme_b_pairwise,NA,False,904.8705564419172,298.18
1734763763400,F:\agent\UAV\data\IR-image\1734763763400.jpg,116.1859819122138,38.81190109368757,483.54,116.196487,38.812107,782.19,1475.1990251579196,-24.44657469981276,20.93351650355845,2.120388404743778,0.3508059100957656,0.9964540068162583,0.8443396226415094,212,179,sift,-99.12807489730524,scheme_b_pairwise,NA,False,910.4902003513766,298.65000000000003
1734763763600,F:\agent\UAV\data\IR-image\1734763763600.jpg,116.18599334176733,38.81186653244518,483.54,116.1965449,38.8121075,782.65,1476.1904377086075,-28.29393220273409,10.220847056244224,4.460719731854738,0.35275525557864673,1.0008329906626194,0.9063670411985019,267,242,sift,-99.12807489730524,scheme_b_pairwise,NA,False,914.6214442108095,299.10999999999996
1734763763800,F:\agent\UAV\data\IR-image\1734763763800.jpg,116.1860143085133,38.811806282958415,483.54,116.1966029,38.812108,783.07,1478.0091172444465,-35.00090506972168,17.777423113935527,8.026706946630952,0.19132581550142577,1.0006784345655748,0.844559585492228,193,163,sift,-99.12807489730524,scheme_b_pairwise,NA,False,918.051197197525,299.53000000000003
1734763764000,F:\agent\UAV\data\IR-image\1734763764000.jpg,116.18603433642387,38.81180666692586,483.54,116.1966607,38.8121085,783.48,1479.7463611245869,-34.95816181296708,-0.8920308183002135,4.795449563591433,-0.5388339511551195,1.0012231085660181,0.9123867069486404,331,302,sift,-99.12807489730524,scheme_b_pairwise,NA,False,921.3222082114316,299.94
1734763764200,F:\agent\UAV\data\IR-image\1734763764200.jpg,116.18608644650033,38.81183009215725,483.54,116.1967185,38.812109,783.95,1484.2664487816796,-32.35046505492135,-9.239541859384587,11.365493840760166,-0.8074172258103333,1.0021978565355159,0.8805309734513275,226,199,sift,-99.12807489730524,scheme_b_pairwise,NA,False,921.7254318803256,300.41
1734763764400,F:\agent\UAV\data\IR-image\1734763764400.jpg,116.18612922594771,38.81183962918519,483.54,116.1967763,38.8121095,784.4,1487.9771869970239,-31.28880310521375,-4.594569245940534,9.810948149202147,-0.6110966531758115,1.0014015025438952,0.9122807017543859,171,156,sift,-99.12807489730524,scheme_b_pairwise,NA,False,922.9928548675709,300.85999999999996
1734763764600,F:\agent\UAV\data\IR-image\1734763764600.jpg,116.18616497300178,38.81185397545354,483.54,116.196834,38.8121097,784.84,1491.0779273688331,-29.691776512550483,-5.806618248147913,7.882048718486715,-0.3376264247852736,1.0017010823982908,0.8518518518518519,189,161,sift,-99.12807489730524,scheme_b_pairwise,NA,False,924.8441479743818,301.3
1734763764800,F:\agent\UAV\data\IR-image\1734763764800.jpg,116.18619244549456,38.811884020075475,483.54,116.1968917,38.8121098,785.33,1493.4609228269774,-26.34720919803958,-10.330033218566598,5.114777939411965,-0.36781129750269,1.0000392094085762,0.9236641221374046,131,121,sift,-99.12807489730524,scheme_b_pairwise,NA,False,927.365634544177,301.79
1734763765000,F:\agent\UAV\data\IR-image\1734763765000.jpg,116.18623471126509,38.81193548425598,483.54,116.1969494,38.8121098,785.84,1497.1271041243133,-20.618216624182285,-17.50945958158661,7.609156691417468,0.01074028719174958,1.0016016696950978,0.8673469387755102,196,170,sift,-99.12807489730524,scheme_b_pairwise,NA,False,928.5650152290459,302.3
1734763765200,F:\agent\UAV\data\IR-image\1734763765200.jpg,116.18626263766053,38.811947246659294,483.54,116.197007,38.8121097,786.33,1499.549471620355,-19.308825887932343,-4.707411538716087,6.130132034777091,0.14191579386403128,0.9998189572391749,0.9074074074074074,216,196,sift,-99.12807489730524,scheme_b_pairwise,NA,False,931.1088939323146,302.79
1734763765400,F:\agent\UAV\data\IR-image\1734763765400.jpg,116.18629306216876,38.81197240623465,483.54,116.1970646,38.8121095,786.82,1502.188528276155,-16.5080619586091,-8.936993672727738,6.066558463240199,0.04110425782346558,1.0014990221785531,0.880184331797235,217,191,sift,-99.12807489730524,scheme_b_pairwise,NA,False,933.4125685041677,303.28000000000003
1734763765600,F:\agent\UAV\data\IR-image\1734763765600.jpg,116.18631686432838,38.811982200009446,483.54,116.1971221,38.8121095,787.32,1504.2531548356887,-15.41781894880614,-3.9407820617279867,5.236296488469009,0.048036197669407074,1.0017933512876,0.8878048780487805,205,182,sift,-99.12807489730524,scheme_b_pairwise,NA,False,936.3147315041904,303.78000000000003
1734763765800,F:\agent\UAV\data\IR-image\1734763765800.jpg,116.18634425699152,38.81197242863177,483.54,116.1971795,38.8121095,787.82,1506.6292257805299,-16.505568711476528,1.9564802325737674,7.0692483017945165,-0.1305761515658342,1.001067651092636,0.8943396226415095,265,237,sift,-99.12807489730524,scheme_b_pairwise,NA,False,938.9314612872524,304.28000000000003
1734763766000,F:\agent\UAV\data\IR-image\1734763766000.jpg,116.18634838223427,38.811969606022856,483.54,116.1972369,38.8121096,788.32,1506.987054057504,-16.819781535876295,0.7114517432889897,1.1315769970283327,-0.20199160946203104,1.000215368755478,0.8928571428571429,252,225,sift,-99.12807489730524,scheme_b_pairwise,NA,False,943.5521125087583,304.78000000000003
1734763766200,F:\agent\UAV\data\IR-image\1734763766200.jpg,116.18634838223427,38.811969606022856,483.54,116.1972943,38.8121096,788.81,1506.987054057504,-16.819781535876295,0.0,0.0,0.0,1.0,1.0,1200,1200,sift,-99.12807489730524,scheme_b_pairwise,NA,False,948.524799306877,305.2699999999999
1734763766400,F:\agent\UAV\data\IR-image\1734763766400.jpg,116.18634838223427,38.811969606022856,483.54,116.1973516,38.8121096,789.32,1506.987054057504,-16.819781535876295,0.0,0.0,0.0,1.0,1.0,1200,1200,sift,-99.12807489730524,scheme_b_pairwise,NA,False,953.4888298907197,305.78000000000003
1734763766600,F:\agent\UAV\data\IR-image\1734763766600.jpg,116.18634838223427,38.811969606022856,483.54,116.1974088,38.8121095,789.82,1506.987054057504,-16.819781535876295,0.0,0.0,0.0,1.0,1.0,1200,1200,sift,-99.12807489730524,scheme_b_pairwise,NA,False,958.4440242583557,306.28000000000003
1734763766800,F:\agent\UAV\data\IR-image\1734763766800.jpg,116.18634838223427,38.811969606022856,483.54,116.1974661,38.8121096,790.25,1506.987054057504,-16.819781535876295,0.0,0.0,0.0,1.0,1.0,1200,1200,sift,-99.12807489730524,scheme_b_pairwise,NA,False,963.4082483656441,306.71
1734763767000,F:\agent\UAV\data\IR-image\1734763767000.jpg,116.18634838223427,38.811969606022856,483.54,116.1975234,38.8121096,790.65,1506.987054057504,-16.819781535876295,0.0,0.0,0.0,1.0,1.0,1200,1200,sift,-99.12807489730524,scheme_b_pairwise,NA,False,968.3722992912888,307.10999999999996
1734763767200,F:\agent\UAV\data\IR-image\1734763767200.jpg,116.18634838223427,38.811969606022856,483.54,116.1975807,38.8121094,791.04,1506.987054057504,-16.819781535876295,0.0,0.0,0.0,1.0,1.0,1200,1200,sift,-99.12807489730524,scheme_b_pairwise,NA,False,973.3360027463638,307.49999999999994
1734763767400,F:\agent\UAV\data\IR-image\1734763767400.jpg,116.18634838223427,38.811969606022856,483.54,116.1976379,38.8121093,791.42,1506.987054057504,-16.819781535876295,0.0,0.0,0.0,1.0,1.0,1200,1200,sift,-99.12807489730524,scheme_b_pairwise,NA,False,978.2912293086923,307.87999999999994
1734763767600,F:\agent\UAV\data\IR-image\1734763767600.jpg,116.18634838223427,38.811969606022856,483.54,116.1976952,38.8121096,791.7,1506.987054057504,-16.819781535876295,0.0,0.0,0.0,1.0,1.0,1200,1200,sift,-99.12807489730524,scheme_b_pairwise,NA,False,983.2558278318749,308.16
1734763767800,F:\agent\UAV\data\IR-image\1734763767800.jpg,116.18634838223427,38.811969606022856,483.54,116.1977524,38.8121101,791.91,1506.987054057504,-16.819781535876295,0.0,0.0,0.0,1.0,1.0,1200,1200,sift,-99.12807489730524,scheme_b_pairwise,NA,False,988.2121150379963,308.36999999999995
1734763768000,F:\agent\UAV\data\IR-image\1734763768000.jpg,116.18634838223427,38.811969606022856,483.54,116.1978095,38.8121105,792.2,1506.987054057504,-16.819781535876295,0.0,0.0,0.0,1.0,1.0,1200,1200,sift,-99.12807489730524,scheme_b_pairwise,NA,False,993.159564649224,308.66
1734763768200,F:\agent\UAV\data\IR-image\1734763768200.jpg,116.18640111124508,38.81193022666659,483.54,116.1978666,38.8121108,792.49,1511.560828787696,-21.203491475585686,10.112073454116398,14.627472709560891,-1.568268918447402,1.0152015348706023,0.4567901234567901,81,37,sift,-99.12807489730524,scheme_b_pairwise,NA,False,993.6178766882788,308.95
1734763768400,F:\agent\UAV\data\IR-image\1734763768400.jpg,116.18640935077394,38.81196236195231,483.54,116.1979238,38.8121108,792.71,1512.2755349495915,-17.626191468641817,-10.23214289785767,0.387758229222527,0.2628715791872891,0.9994510284882674,0.8484848484848485,99,84,sift,-99.12807489730524,scheme_b_pairwise,NA,False,997.793410923206,309.17
1734763768600,F:\agent\UAV\data\IR-image\1734763768600.jpg,116.18639506721546,38.81201765252231,483.54,116.1979808,38.8121107,792.98,1511.0365627431581,-11.471245217050674,-16.505710202416594,-6.174333253704333,0.3716069650509175,1.0024048571016715,0.8207547169811321,106,87,sift,-99.12807489730524,scheme_b_pairwise,NA,False,1003.8860988952555,309.44
1734763768800,F:\agent\UAV\data\IR-image\1734763768800.jpg,116.1863914573984,38.81205141910924,483.54,116.1980378,38.8121107,793.23,1510.723443081724,-7.712348759571356,-10.277728099561273,-2.5415530347279685,0.20007823341732806,1.0003005733973411,0.8588957055214724,163,140,sift,-99.12807489730524,scheme_b_pairwise,NA,False,1009.1055404030553,309.69
1734763769000,F:\agent\UAV\data\IR-image\1734763769000.jpg,116.18640599075344,38.81208476013784,483.54,116.1980946,38.8121106,793.39,1511.984082926803,-4.000825455320641,-10.847218530171745,1.8409545763656183,0.13532047258068053,0.9995630013619398,0.824468085106383,188,155,sift,-99.12807489730524,scheme_b_pairwise,NA,False,1012.7499952501486,309.84999999999997
1734763769200,F:\agent\UAV\data\IR-image\1734763769200.jpg,116.18641446323885,38.812049833724046,483.54,116.1981513,38.8121106,793.5,1512.718996006029,-7.888833839692664,10.447720521322026,3.7679754580284452,-0.028364102041007772,0.9988303873800274,0.7045454545454546,132,93,sift,-99.12807489730524,scheme_b_pairwise,NA,False,1016.9472332064356,309.96
1734763769400,F:\agent\UAV\data\IR-image\1734763769400.jpg,116.18642639649751,38.81204963597741,483.54,116.198208,38.8121107,793.57,1513.754100515807,-7.910846994553449,-0.399914492960022,2.8784223028482643,-0.07790406412161738,1.001003742045942,0.8790322580645161,124,109,sift,-99.12807489730524,scheme_b_pairwise,NA,False,1020.8261313443609,310.03000000000003
1734763769600,F:\agent\UAV\data\IR-image\1734763769600.jpg,116.18644615972465,38.81206533077926,483.54,116.1982645,38.8121107,793.6,1515.4683854527348,-6.163701652501821,-5.605274536738477,3.9728717603244945,-0.08278132388742274,1.0013460371771887,0.8303571428571429,112,93,sift,-99.12807489730524,scheme_b_pairwise,NA,False,1023.9988790448884,310.06
1734763769800,F:\agent\UAV\data\IR-image\1734763769800.jpg,116.18648034215987,38.812088425532764,483.54,116.1983209,38.8121108,793.62,1518.433408994519,-3.592793693223206,-8.445135413699177,7.072273761079771,0.06005963151039121,1.004015307546221,0.7449664429530202,149,111,sift,-99.12807489730524,scheme_b_pairwise,NA,False,1025.914316975131,310.08
1734763770000,F:\agent\UAV\data\IR-image\1734763770000.jpg,116.1865173615614,38.81204895618678,483.54,116.1983772,38.8121109,793.64,1521.644514243067,-7.986521288052108,10.746616977828353,10.855521490943943,0.40937752779196046,1.0011017445496455,0.7457627118644068,118,88,sift,-99.12807489730524,scheme_b_pairwise,NA,False,1027.6052133859548,310.09999999999997
1734763770200,F:\agent\UAV\data\IR-image\1734763770200.jpg,116.18654325519604,38.81202571926163,483.54,116.1984334,38.812111,793.61,1523.8905577394469,-10.573255795529445,6.168567040358823,7.376379738982621,0.8191573682928607,1.0004043756852918,0.6976744186046512,86,60,sift,-99.12807489730524,scheme_b_pairwise,NA,False,1030.2517992245823,310.07
1734763770400,F:\agent\UAV\data\IR-image\1734763770400.jpg,116.18656574412819,38.81202300886004,483.54,116.1984895,38.8121111,793.57,1525.8412734465087,-10.874977700430417,-0.03245946165617397,5.5404376765888514,0.5061436979038755,1.0004758447595947,0.8516746411483254,209,178,sift,-99.12807489730524,scheme_b_pairwise,NA,False,1033.1668036515102,310.03000000000003
1734763770600,F:\agent\UAV\data\IR-image\1734763770600.jpg,116.18658690708895,38.81198078723011,483.54,116.1985455,38.8121114,793.5,1527.6769728780716,-15.575089544331266,12.208162600515948,7.180242317300554,-0.1320691921593524,1.000750344234902,0.8898678414096917,227,202,sift,-99.12807489730524,scheme_b_pairwise,NA,False,1036.2408720279177,309.96
1734763770800,F:\agent\UAV\data\IR-image\1734763770800.jpg,116.1866202725234,38.81195810513523,483.54,116.1986014,38.8121118,793.41,1530.571128839299,-18.100060345871665,5.708802069332648,9.145013029271524,-0.7040506058865528,1.000853341396931,0.8923076923076924,195,174,sift,-99.12807489730524,scheme_b_pairwise,NA,False,1038.2324022849107,309.86999999999995
1734763771000,F:\agent\UAV\data\IR-image\1734763771000.jpg,116.1866576766148,38.811916769904236,483.54,116.1986572,38.8121122,793.32,1533.8156025267217,-22.701498260493583,11.307393016533865,11.04048762128474,-1.0176373218096477,1.000262927589534,0.8433179723502304,217,183,sift,-99.12807489730524,scheme_b_pairwise,NA,False,1039.9130043581963,309.78000000000003
1734763771200,F:\agent\UAV\data\IR-image\1734763771200.jpg,116.18669139179326,38.81194433831021,483.54,116.1987129,38.8121125,793.25,1536.7400956835916,-19.63258330721837,-9.807231298823353,6.738193672776447,-0.16549609993374606,1.0009703823587042,0.91701244813278,241,221,sift,-99.12807489730524,scheme_b_pairwise,NA,False,1041.7584019193862,309.71
1734763771400,F:\agent\UAV\data\IR-image\1734763771400.jpg,116.18672597856452,38.81199127015395,483.54,116.1987686,38.8121123,793.19,1539.7401917984046,-14.4081304621848,-15.814611413692433,5.987878140216253,0.5011353537614576,0.9995460606482905,0.8380566801619433,247,207,sift,-99.12807489730524,scheme_b_pairwise,NA,False,1043.5063508427763,309.65000000000003
1734763771600,F:\agent\UAV\data\IR-image\1734763771600.jpg,116.18675920282085,38.81202649557601,483.54,116.1988241,38.812112,793.1,1542.622101807873,-10.486836478492856,-12.150496307665662,6.240626847766293,0.7226790287894931,1.0005160319096777,0.8873239436619719,213,189,sift,-99.12807489730524,scheme_b_pairwise,NA,False,1045.3926020019346,309.56
1734763771800,F:\agent\UAV\data\IR-image\1734763771800.jpg,116.18678839281459,38.8120631950651,483.54,116.1988796,38.8121117,793.02,1545.154075265458,-6.401449353078028,-12.44943039879837,5.197767046328352,0.4546969820201326,1.0005121584676522,0.8770491803278688,244,214,sift,-99.12807489730524,scheme_b_pairwise,NA,False,1047.642582434261,309.47999999999996
1734763772000,F:\agent\UAV\data\IR-image\1734763772000.jpg,116.18680759823857,38.812075003510714,483.54,116.198935,38.8121116,792.97,1546.8199757169427,-5.086933187117561,-4.38476962406736,4.031427064319018,0.22801165263258288,1.0008900769361804,0.9081632653061225,196,178,sift,-99.12807489730524,scheme_b_pairwise,NA,False,1050.7725294982988,309.43
1734763772200,F:\agent\UAV\data\IR-image\1734763772200.jpg,116.18684099190511,38.81208122413257,483.54,116.1989902,38.8121114,792.93,1549.716580561927,-4.394453562264038,-3.2089174460618324,7.719105537779171,-0.03474928864889666,1.0004617236354112,0.865979381443299,194,168,sift,-99.12807489730524,scheme_b_pairwise,NA,False,1052.6593374862196,309.38999999999993
1734763772400,F:\agent\UAV\data\IR-image\1734763772400.jpg,116.18686176617834,38.81206060046973,483.54,116.1990453,38.8121114,792.89,1551.5185647918252,-6.6902797099519145,5.560097428237782,6.016205101416688,-0.22345656351204785,0.9997269100362394,0.8973214285714286,224,201,sift,-99.12807489730524,scheme_b_pairwise,NA,False,1055.6433679978754,309.34999999999997
1734763772600,F:\agent\UAV\data\IR-image\1734763772600.jpg,116.18687878392417,38.81205541185597,483.54,116.1991003,38.8121114,792.88,1552.9947035382993,-7.267876193102808,0.9434048117805105,4.348070333331009,-0.6638702460575819,1.0013192312985257,0.8867924528301887,212,188,sift,-99.12807489730524,scheme_b_pairwise,NA,False,1058.9375230300607,309.34
1734763772800,F:\agent\UAV\data\IR-image\1734763772800.jpg,116.18691179955576,38.812040808052906,483.54,116.1991552,38.8121116,792.88,1555.8585171987559,-8.893571550859853,3.2301207358162856,8.660487235307471,-0.6687822841327549,1.0007379492815633,0.8743961352657005,207,181,sift,-99.12807489730524,scheme_b_pairwise,NA,False,1060.8446809816476,309.34
1734763773000,F:\agent\UAV\data\IR-image\1734763773000.jpg,116.18695002991338,38.81202074930035,483.54,116.1992101,38.8121117,792.86,1559.1746621630298,-11.126511884725222,4.711581254536952,10.184447555086479,-0.2453947049400834,1.0005563889530464,0.8687258687258688,259,225,sift,-99.12807489730524,scheme_b_pairwise,NA,False,1062.3080872938501,309.32
1734763773200,F:\agent\UAV\data\IR-image\1734763773200.jpg,116.18698731939978,38.812028527077956,483.54,116.1992649,38.8121117,792.84,1562.409194880997,-10.260689681756654,-3.8397830357708926,8.57842898462718,0.012276443048303429,1.0002952534538776,0.8808510638297873,235,207,sift,-99.12807489730524,scheme_b_pairwise,NA,False,1063.8172690649092,309.3
1734763773400,F:\agent\UAV\data\IR-image\1734763773400.jpg,116.1870223076998,38.81205575700366,483.54,116.1993195,38.8121116,792.83,1565.4441200592485,-7.229454352230164,-9.751982610699997,7.061015973028873,0.1724798049525729,1.000816337024895,0.8872180451127819,266,236,sift,-99.12807489730524,scheme_b_pairwise,NA,False,1065.494191678738,309.29
1734763773600,F:\agent\UAV\data\IR-image\1734763773600.jpg,116.18704687509052,38.81206746200954,483.54,116.1993741,38.8121115,792.79,1567.5751236411013,-5.926453098482401,-4.559963105195379,5.325510540886512,0.31154069075616186,1.000344443623231,0.9141630901287554,233,213,sift,-99.12807489730524,scheme_b_pairwise,NA,False,1068.0893768550693,309.24999999999994
1734763773800,F:\agent\UAV\data\IR-image\1734763773800.jpg,116.187055693919,38.81206941419274,483.54,116.1994286,38.8121114,792.74,1568.3400789145057,-5.709136064230553,-0.9428839413367882,2.0231775807037025,-0.006631263236040697,1.0017176283065599,0.9203539823008849,226,208,sift,-99.12807489730524,scheme_b_pairwise,NA,False,1072.0462957314974,309.2
1734763774000,F:\agent\UAV\data\IR-image\1734763774000.jpg,116.18709778690014,38.81208470106557,483.54,116.199483,38.8121115,792.69,1571.991272261696,-4.007401380919345,-6.341909780730191,9.360912319372687,-0.03279800871520891,1.0012441383042163,0.9096385542168675,166,151,sift,-99.12807489730524,scheme_b_pairwise,NA,False,1073.1064790604523,309.15000000000003
1734763774200,F:\agent\UAV\data\IR-image\1734763774200.jpg,116.18711915160141,38.81205437109413,483.54,116.1995373,38.8121116,792.62,1573.8444708961856,-7.383733802025916,8.531735771083788,6.639274493750179,0.12924631890771268,1.000347099249738,0.7961783439490446,157,125,sift,-99.12807489730524,scheme_b_pairwise,NA,False,1075.975028452813,309.08
1734763774400,F:\agent\UAV\data\IR-image\1734763774400.jpg,116.18715083802704,38.81204651652157,483.54,116.1995915,38.8121117,792.55,1576.5929877113156,-8.25810481926445,1.1992905874020607,8.006404989620478,-0.3800321654599002,1.0018154267762345,0.8655913978494624,186,161,sift,-99.12807489730524,scheme_b_pairwise,NA,False,1077.931300488924,309.00999999999993
1734763774600,F:\agent\UAV\data\IR-image\1734763774600.jpg,116.18718715590728,38.812055676825516,483.54,116.1996456,38.8121121,792.48,1579.743242199587,-7.238379783473702,-4.228771015996813,8.27633469458408,-0.7184328654006955,1.0021006635230607,0.7777777777777778,144,112,sift,-99.12807489730524,scheme_b_pairwise,NA,False,1079.4658036107833,308.94
1734763774800,F:\agent\UAV\data\IR-image\1734763774800.jpg,116.18724726205737,38.812016925318126,483.54,116.1996998,38.8121125,792.38,1584.9569184331851,-11.552197586389708,9.633438136029895,16.369731187007346,0.012455266631930709,1.0006869201947637,0.8296296296296296,135,112,sift,-99.12807489730524,scheme_b_pairwise,NA,False,1078.9884681995695,308.84
1734763775000,F:\agent\UAV\data\IR-image\1734763775000.jpg,116.18729941073643,38.81196494027368,483.54,116.199754,38.8121127,792.28,1589.480354524729,-17.339172733802947,14.023404952465626,15.112825613626512,0.11509604823656777,1.000185016878105,0.8754448398576512,281,246,sift,-99.12807489730524,scheme_b_pairwise,NA,False,1079.2393286079378,308.73999999999995
1734763775200,F:\agent\UAV\data\IR-image\1734763775200.jpg,116.18731540912674,38.81193390348236,483.54,116.1998083,38.812113,792.22,1590.868073205842,-20.79418834354599,8.957066091083846,5.38431090566047,-0.015743308996520117,1.0010769768067584,0.8879310344827587,232,206,sift,-99.12807489730524,scheme_b_pairwise,NA,False,1082.616270838116,308.68
1734763775400,F:\agent\UAV\data\IR-image\1734763775400.jpg,116.18734003766498,38.811970019629015,483.54,116.1998625,38.8121132,792.2,1593.0043807930435,-16.773738898293765,-12.093280889729954,4.130160865874416,0.31513928486805376,1.0010019979369982,0.9440559440559441,143,135,sift,-99.12807489730524,scheme_b_pairwise,NA,False,1085.1118057337148,308.66
1734763775600,F:\agent\UAV\data\IR-image\1734763775600.jpg,116.18739851557149,38.811997244365756,483.54,116.1999167,38.8121131,792.15,1598.0768213158858,-13.743081204312613,-10.657664252622851,12.707908291280887,0.7143166212063601,1.0001848262768784,0.74,100,74,sift,-99.12807489730524,scheme_b_pairwise,NA,False,1084.7006443273235,308.60999999999996
1734763775800,F:\agent\UAV\data\IR-image\1734763775800.jpg,116.18743459112345,38.81200609616668,483.54,116.199971,38.8121131,792.05,1601.2060559711342,-12.757698725631359,-4.124236434225907,8.23337407224534,0.2481175671827549,1.0003584684911209,0.9037267080745341,322,291,sift,-99.12807489730524,scheme_b_pairwise,NA,False,1086.2682756049157,308.50999999999993
1734763776000,F:\agent\UAV\data\IR-image\1734763776000.jpg,116.1874754370904,38.81206597795388,483.54,116.2000252,38.8121132,791.98,1604.749081881188,-6.091658174095178,-20.051492600026847,6.850595174758553,0.3417923679771396,1.003291456884215,0.7109375,128,91,sift,-99.12807489730524,scheme_b_pairwise,NA,False,1087.3723759447105,308.44
1734763776200,F:\agent\UAV\data\IR-image\1734763776200.jpg,116.18745731455996,38.81204486429483,483.54,116.2000795,38.8121133,792.0,1603.177112855263,-8.442030699152054,7.21364674631684,-3.309856648949477,-0.5417682411763604,1.001617718573827,0.9043478260869565,230,208,sift,-99.12807489730524,scheme_b_pairwise,NA,False,1093.6613001227104,308.46
1734763776400,F:\agent\UAV\data\IR-image\1734763776400.jpg,116.18750054214816,38.81198190054468,483.54,116.2001338,38.8121138,792.1,1606.9267233181367,-15.451155366137037,17.754964973126334,13.512505821389539,-0.8447140593386447,1.0027900832076941,0.9009433962264151,212,191,sift,-99.12807489730524,scheme_b_pairwise,NA,False,1094.6929168658598,308.56
1734763776600,F:\agent\UAV\data\IR-image\1734763776600.jpg,116.18752687498827,38.811945375685255,483.54,116.200188,38.8121142,792.09,1609.2108639995888,-19.517102717841777,10.25099532058772,8.14063644952222,-0.3998369033817205,0.9983427940570806,0.7865168539325843,178,140,sift,-99.12807489730524,scheme_b_pairwise,NA,False,1097.17006804168,308.55
1734763776800,F:\agent\UAV\data\IR-image\1734763776800.jpg,116.18753287895976,38.81191865001537,483.54,116.2002424,38.8121143,792.12,1609.7316553557039,-22.492204288828095,8.013097004129406,2.7680656484810697,0.19702915479153454,1.0013783970742383,0.9218106995884774,243,224,sift,-99.12807489730524,scheme_b_pairwise,NA,False,1101.417764201113,308.58
1734763777000,F:\agent\UAV\data\IR-image\1734763777000.jpg,116.1875741053319,38.81192471046178,483.54,116.2002968,38.8121143,792.16,1613.307678049106,-21.817555394730427,-3.462039597979299,9.609938994566335,0.3947541431580206,1.0018299077809822,0.796875,128,102,sift,-99.12807489730524,scheme_b_pairwise,NA,False,1102.545818652716,308.61999999999995
1734763777200,F:\agent\UAV\data\IR-image\1734763777200.jpg,116.18758390215818,38.811972691283685,483.54,116.2003512,38.8121145,792.18,1614.1574659697228,-16.47633030001511,-15.180718455047213,-0.023340955589162604,-1.1553459702720656,0.9968772404297971,0.6571428571428571,105,69,sift,-99.12807489730524,scheme_b_pairwise,NA,False,1106.3208544832319,308.63999999999993
1734763777400,F:\agent\UAV\data\IR-image\1734763777400.jpg,116.18763859544751,38.81199399485227,483.54,116.2004057,38.8121149,792.25,1618.9016244675654,-14.104817045009336,-8.684774741709418,12.091638764938523,-1.383809934222944,0.9980903081140075,0.7419354838709677,93,69,sift,-99.12807489730524,scheme_b_pairwise,NA,False,1106.273251802095,308.71
1734763777600,F:\agent\UAV\data\IR-image\1734763777600.jpg,116.18768373433386,38.812024767763546,483.54,116.2004603,38.8121152,792.27,1622.8170231178874,-10.679176562438602,-11.237075780909834,9.325477710170162,-0.20574472530484644,0.999911763313531,0.88,175,154,sift,-99.12807489730524,scheme_b_pairwise,NA,False,1107.056734650049,308.72999999999996
1734763777800,F:\agent\UAV\data\IR-image\1734763777800.jpg,116.18769388466674,38.812050951391434,483.54,116.200515,38.8121151,792.28,1623.6974746075534,-7.764415105573478,-8.469831946541433,1.1421147534936722,0.779101367086055,1.0012060368451405,0.7514450867052023,173,130,sift,-99.12807489730524,scheme_b_pairwise,NA,False,1110.8937178001374,308.73999999999995
1734763778000,F:\agent\UAV\data\IR-image\1734763778000.jpg,116.18770164911018,38.81203615058801,483.54,116.2005697,38.8121149,792.37,1624.3709713147657,-9.412040543347159,4.266219592669302,2.600153087547369,1.1257301539481739,1.0018941860581938,0.9586206896551724,145,139,sift,-99.12807489730524,scheme_b_pairwise,NA,False,1114.9719977132595,308.83
1734763778200,F:\agent\UAV\data\IR-image\1734763778200.jpg,116.18768218562592,38.81206521710496,483.54,116.2006245,38.8121147,792.6,1622.6826864191853,-6.176355876039562,-8.215388116388624,-6.1196146293590346,0.7952970429056613,1.0023402568562791,0.860655737704918,244,210,sift,-99.12807489730524,scheme_b_pairwise,NA,False,1121.3853586588673,309.06
1734763778400,F:\agent\UAV\data\IR-image\1734763778400.jpg,116.18768586632719,38.812074528923105,483.54,116.2006794,38.8121146,792.9,1623.0019546585957,-5.139764279895816,-3.0149078316618443,0.42321638173160636,0.4653438929712529,1.0025661386448932,0.8704453441295547,247,215,sift,-99.12807489730524,scheme_b_pairwise,NA,False,1125.8184411469858,309.35999999999996
1734763778600,F:\agent\UAV\data\IR-image\1734763778600.jpg,116.1877123292703,38.81205646589609,483.54,116.2007343,38.8121145,793.14,1625.297380623778,-7.150540446988583,4.550404782218209,7.256767329512286,0.009954793460586298,1.000792070577216,0.9512195121951219,287,273,sift,-99.12807489730524,scheme_b_pairwise,NA,False,1128.2921173835953,309.59999999999997
1734763778800,F:\agent\UAV\data\IR-image\1734763778800.jpg,116.18772392051025,38.81202961646192,483.54,116.2007892,38.8121146,793.31,1626.3028180405195,-10.139419459148778,7.835471500855647,4.117316586325728,-0.3691644194508829,0.9999962426152774,0.9475982532751092,229,217,sift,-99.12807489730524,scheme_b_pairwise,NA,False,1132.0657545131685,309.7699999999999
1734763779000,F:\agent\UAV\data\IR-image\1734763779000.jpg,116.1877396331606,38.8120365331466,483.54,116.2008442,38.8121148,793.48,1627.6657513109114,-9.36945412056302,-2.7407296728043207,3.4342861851276325,-0.18345280332195207,0.999115818253654,0.904,250,226,sift,-99.12807489730524,scheme_b_pairwise,NA,False,1135.4636173486397,309.94
1734763779200,F:\agent\UAV\data\IR-image\1734763779200.jpg,116.18774661394822,38.812054603953854,483.54,116.2008994,38.8121148,793.66,1628.2712728166591,-7.357811857140809,-5.844564015365904,0.7823407306136687,0.28316750473542646,1.000500236701134,0.9166666666666666,312,286,sift,-99.12807489730524,scheme_b_pairwise,NA,False,1139.6276759127459,310.11999999999995
1734763779400,F:\agent\UAV\data\IR-image\1734763779400.jpg,116.18775423703094,38.81204647218889,483.54,116.2009546,38.8121148,793.82,1628.9325077342796,-8.263039933097446,2.21424874073449,2.2355904547617342,0.43591957863721686,1.0008381586328927,0.9339080459770115,348,325,sift,-99.12807489730524,scheme_b_pairwise,NA,False,1143.7555666943877,310.28000000000003
1734763779600,F:\agent\UAV\data\IR-image\1734763779600.jpg,116.18776360528844,38.812041528231596,483.54,116.2010099,38.8121149,793.94,1629.7451211085347,-8.813401258953801,1.1633874194247937,2.49709254827269,0.19038285665383783,0.9999753783813266,0.9330855018587361,269,251,sift,-99.12807489730524,scheme_b_pairwise,NA,False,1147.739071235979,310.40000000000003
1734763779800,F:\agent\UAV\data\IR-image\1734763779800.jpg,116.18777481675109,38.81205170162948,483.54,116.2010652,38.812115,794.05,1630.7176162070564,-7.680898606782849,-3.5715838892550664,2.190817938094483,0.2332139791969908,1.00154920622326,0.9130434782608695,253,231,sift,-99.12807489730524,scheme_b_pairwise,NA,False,1151.5515019060592,310.50999999999993
1734763780000,F:\agent\UAV\data\IR-image\1734763780000.jpg,116.18779750169251,38.812040986168874,483.54,116.2011206,38.8121153,794.12,1632.6853339831341,-8.873743681124006,2.429569452407293,5.984363120385069,-0.06353902736597052,1.0009171407752204,0.9436201780415431,337,318,sift,-99.12807489730524,scheme_b_pairwise,NA,False,1154.3942101342761,310.58
1734763780200,F:\agent\UAV\data\IR-image\1734763780200.jpg,116.1878196344072,38.81202767565456,483.54,116.201176,38.8121156,794.15,1634.60515098064,-10.355470134641928,3.2514858503692494,5.980249674742822,-0.2504130780145094,1.000451913177329,0.9596273291925466,322,309,sift,-99.12807489730524,scheme_b_pairwise,NA,False,1157.2884439426778,310.60999999999996
1734763780400,F:\agent\UAV\data\IR-image\1734763780400.jpg,116.18783205692738,38.81200465502899,483.54,116.2012315,38.812116,794.19,1635.682694595094,-12.918126172590688,6.62215730256321,4.127354673890693,-0.2832579871933527,1.0003784308255845,0.9431818181818182,352,332,sift,-99.12807489730524,scheme_b_pairwise,NA,False,1161.0457454027319,310.65000000000003
1734763780600,F:\agent\UAV\data\IR-image\1734763780600.jpg,116.18784903377693,38.81199763808653,483.54,116.2012871,38.8121163,794.19,1637.1552859502356,-13.699252207141091,1.5090327461060724,4.4288687276410315,-0.16266596093052396,0.9997127537722957,0.956953642384106,302,289,sift,-99.12807489730524,scheme_b_pairwise,NA,False,1164.4010054836606,310.65000000000003
1734763780800,F:\agent\UAV\data\IR-image\1734763780800.jpg,116.18786574719897,38.812011169367025,483.54,116.2013428,38.8121166,794.16,1638.6050273014268,-12.19295006281395,-4.820019390073298,3.3469779276825875,0.10724414151825079,1.0002712074170903,0.9645390070921985,282,272,sift,-99.12807489730524,scheme_b_pairwise,NA,False,1167.762927519119,310.61999999999995
1734763781000,F:\agent\UAV\data\IR-image\1734763781000.jpg,116.18787755422348,38.81201920412994,483.54,116.2013985,38.8121168,794.15,1639.629182117234,-11.298520254965386,-2.9348080593674126,2.439995393836341,0.12324406933390544,1.0012856831939716,0.8997050147492626,339,305,sift,-99.12807489730524,scheme_b_pairwise,NA,False,1171.5573325300932,310.60999999999996
1734763781200,F:\agent\UAV\data\IR-image\1734763781200.jpg,116.18789838725118,38.81203801765531,483.54,116.2014544,38.8121171,794.16,1641.4362627782505,-9.2041986107937,-6.608736833718012,4.075446017370496,0.16820731087233404,1.0022193252023444,0.9409090909090909,220,207,sift,-99.12807489730524,scheme_b_pairwise,NA,False,1174.5781672866542,310.61999999999995
1734763781400,F:\agent\UAV\data\IR-image\1734763781400.jpg,116.18792824538791,38.812024914169044,483.54,116.2015105,38.8121173,794.16,1644.0261917218443,-10.662878702195021,2.8892234428181496,7.827091264425803,0.05260651638501767,1.0008995305142312,0.924187725631769,277,256,sift,-99.12807489730524,scheme_b_pairwise,NA,False,1176.8638895757344,310.61999999999995
1734763781600,F:\agent\UAV\data\IR-image\1734763781600.jpg,116.18796809974437,38.812030882390054,483.54,116.2015666,38.8121175,794.12,1647.4832042032506,-9.998496338990028,-3.3805937171357527,9.284693543492494,0.044836529699571304,0.9999419583633657,0.9612676056338029,284,273,sift,-99.12807489730524,scheme_b_pairwise,NA,False,1178.26595285258,310.58
1734763781800,F:\agent\UAV\data\IR-image\1734763781800.jpg,116.18799138574913,38.812023261595876,483.54,116.2016229,38.8121177,794.08,1649.5030589017285,-10.846843147062723,1.4516337896777145,5.975450765794335,-0.01995837916205887,0.9997571535533322,0.8756218905472637,201,176,sift,-99.12807489730524,scheme_b_pairwise,NA,False,1181.1337906141086,310.54
1734763782000,F:\agent\UAV\data\IR-image\1734763782000.jpg,116.18800056410865,38.81200848478213,483.54,116.2016793,38.812118,794.06,1650.2992003078211,-12.491798052834882,4.204206364384561,2.9388533270138737,-0.11734947585960456,1.0002032909014227,0.9074626865671642,335,304,sift,-99.12807489730524,scheme_b_pairwise,NA,False,1185.2412544681554,310.5199999999999
1734763782200,F:\agent\UAV\data\IR-image\1734763782200.jpg,116.18803238139651,38.812015069407366,483.54,116.2017358,38.8121183,794.03,1653.0590682630732,-11.75879757239835,-3.2603268765577127,7.322118498968166,-0.03776848071422421,1.000407004633029,0.9281045751633987,306,284,sift,-99.12807489730524,scheme_b_pairwise,NA,False,1187.3727289125318,310.48999999999995
1734763782400,F:\agent\UAV\data\IR-image\1734763782400.jpg,116.18807905732736,38.8120264035401,483.54,116.2017925,38.8121186,793.95,1657.1077919124223,-10.497081916125923,-5.299485919520009,10.65853695445253,0.09306266504505237,1.0000237318813334,0.90234375,256,231,sift,-99.12807489730524,scheme_b_pairwise,NA,False,1188.2298962997036,310.41
1734763782600,F:\agent\UAV\data\IR-image\1734763782600.jpg,116.1881012677293,38.81202971017229,483.54,116.2018493,38.812119,793.88,1659.0343475902894,-10.128987621188221,-1.8779855364552418,5.17522061829203,-0.011376521605761561,1.0002411203548514,0.963855421686747,415,400,sift,-99.12807489730524,scheme_b_pairwise,NA,False,1191.2239928163515,310.34
1734763782800,F:\agent\UAV\data\IR-image\1734763782800.jpg,116.18811208687119,38.81201585730263,483.54,116.2019062,38.8121193,793.83,1659.9728123377315,-11.67108907106103,3.855790138632244,3.2874793339037183,-0.13274951353082845,1.00189391663818,0.9490616621983914,373,354,sift,-99.12807489730524,scheme_b_pairwise,NA,False,1195.230700658494,310.29
1734763783000,F:\agent\UAV\data\IR-image\1734763783000.jpg,116.1881448984969,38.81198056911549,483.54,116.2019632,38.8121197,793.79,1662.8189302959315,-15.599370063370506,9.619233783833977,9.636761792999266,-0.21205507572801038,1.00148550708043,0.9680232558139535,344,333,sift,-99.12807489730524,scheme_b_pairwise,NA,False,1197.37136936694,310.24999999999994
1734763783200,F:\agent\UAV\data\IR-image\1734763783200.jpg,116.18819663212612,38.811964532411665,483.54,116.2020204,38.8121201,793.68,1667.3063644901176,-17.384575933544703,2.9491978071974927,13.23110988907979,0.000938986720406568,1.0000482958856507,0.9460916442048517,371,351,sift,-99.12807489730524,scheme_b_pairwise,NA,False,1197.8700882811117,310.13999999999993
1734763783400,F:\agent\UAV\data\IR-image\1734763783400.jpg,116.1882545771166,38.811992968993856,483.54,116.2020778,38.8121203,793.58,1672.3325792652004,-14.21901560431359,-11.010940681888428,12.519730702256936,0.47693654135614705,0.9995315899448499,0.9646799116997793,453,437,sift,-99.12807489730524,scheme_b_pairwise,NA,False,1197.7814037372164,310.04
1734763783600,F:\agent\UAV\data\IR-image\1734763783600.jpg,116.18827078413436,38.81195819049769,483.54,116.2021353,38.8121204,793.51,1673.7383945311522,-18.090557796900185,10.103342076905221,5.619937143467951,0.3749932483038181,1.001503738992692,0.9047619047619048,252,228,sift,-99.12807489730524,scheme_b_pairwise,NA,False,1201.41119806011,309.96999999999997
1734763783800,F:\agent\UAV\data\IR-image\1734763783800.jpg,116.18830456009718,38.81196398714969,483.54,116.2021929,38.8121206,793.41,1676.6681601925602,-17.445274496755346,-3.09288681232988,7.832021216384703,0.24945206297587386,1.0008241417282382,0.9224806201550387,258,238,sift,-99.12807489730524,scheme_b_pairwise,NA,False,1203.4659567196682,309.86999999999995
1734763784000,F:\agent\UAV\data\IR-image\1734763784000.jpg,116.18834628626932,38.81193613015687,483.54,116.2022507,38.8121208,793.26,1680.2875361085546,-20.54631493709382,6.982351102890561,11.41135686191842,-0.07800438947820396,1.000715813233692,0.9238329238329238,407,376,sift,-99.12807489730524,scheme_b_pairwise,NA,False,1204.907874622592,309.71999999999997
1734763784200,F:\agent\UAV\data\IR-image\1734763784200.jpg,116.18837377425334,38.811925219891855,483.54,116.2023086,38.8121211,793.15,1682.6718752951656,-21.760845639123907,2.3041507783651127,7.148616473207255,-0.8452022243977952,1.0003024844711876,0.9316546762589928,278,259,sift,-99.12807489730524,scheme_b_pairwise,NA,False,1207.5644393894497,309.60999999999996
1734763784400,F:\agent\UAV\data\IR-image\1734763784400.jpg,116.1883990961599,38.81194485992831,483.54,116.2023666,38.8121215,793.12,1684.868326443429,-19.574516780874635,-7.0371017938843465,5.113551833585404,-0.8342533215848743,1.0001184649321193,0.9052631578947369,190,172,sift,-99.12807489730524,scheme_b_pairwise,NA,False,1210.3585598894936,309.58
1734763784600,F:\agent\UAV\data\IR-image\1734763784600.jpg,116.1884366915361,38.81194829520599,483.54,116.2024248,38.8121218,793.08,1688.1293923932478,-19.192101669881367,-2.511915578886999,8.867217119108602,-1.3285292052513185,1.0005699566506296,0.9583333333333334,288,276,sift,-99.12807489730524,scheme_b_pairwise,NA,False,1212.137959577678,309.54
1734763784800,F:\agent\UAV\data\IR-image\1734763784800.jpg,116.1884854016465,38.811966363787896,483.54,116.202483,38.812122,793.04,1692.3545631045329,-17.180707131835597,-7.455666203952035,10.813707158461511,-0.827077084372207,0.9997222983087272,0.9771863117870723,526,514,sift,-99.12807489730524,scheme_b_pairwise,NA,False,1212.9299652323239,309.49999999999994
1734763785000,F:\agent\UAV\data\IR-image\1734763785000.jpg,116.18851583189398,38.812009875406474,483.54,116.2025415,38.8121219,793.1,1694.9941175903919,-12.336993751063023,-14.598910178409312,5.158235907554513,-0.1529276533135646,1.0002306576026878,0.9411764705882353,272,256,sift,-99.12807489730524,scheme_b_pairwise,NA,False,1215.3020416319112,309.56
1734763785200,F:\agent\UAV\data\IR-image\1734763785200.jpg,116.18854509871171,38.812050684577265,483.54,116.2026002,38.8121216,793.19,1697.5327548476125,-7.794116858964061,-13.720254558018098,5.0125196574983875,0.3861705096575842,1.000789057522835,0.9435483870967742,496,468,sift,-99.12807489730524,scheme_b_pairwise,NA,False,1217.813589653528,309.65000000000003
1734763785400,F:\agent\UAV\data\IR-image\1734763785400.jpg,116.18858685889971,38.81208538881003,483.54,116.2026589,38.8121211,793.25,1701.1550813384283,-3.930841667370396,-12.319405926672403,8.31840316427747,0.5807947629840324,1.0003502799753172,0.954954954954955,444,424,sift,-99.12807489730524,scheme_b_pairwise,NA,False,1219.2619639476256,309.71
1734763785600,F:\agent\UAV\data\IR-image\1734763785600.jpg,116.18860971541558,38.81207789790819,483.54,116.2027177,38.8121207,793.3,1703.1376816775457,-4.764728860857795,1.4281503148077945,5.865767798911804,0.5050119291766443,1.000134332875937,0.9697624190064795,463,449,sift,-99.12807489730524,scheme_b_pairwise,NA,False,1222.3791118604402,309.75999999999993
1734763785800,F:\agent\UAV\data\IR-image\1734763785800.jpg,116.18860920243944,38.81207331169559,483.54,116.2027766,38.8121203,793.36,1703.0931855402753,-5.275266046723881,1.4346825746487752,0.1040227673512959,0.4957353813504791,1.0007238401766232,0.963265306122449,490,472,sift,-99.12807489730524,scheme_b_pairwise,NA,False,1227.528776930131,309.82
1734763786000,F:\agent\UAV\data\IR-image\1734763786000.jpg,116.18863015751246,38.81207639534562,483.54,116.2028356,38.8121199,793.44,1704.9108525510062,-4.931994125752297,-1.7607075650665251,4.884506898155735,0.36475897313743233,1.0007992113708486,0.9693396226415094,424,411,sift,-99.12807489730524,scheme_b_pairwise,NA,False,1230.8234989199884,309.90000000000003
1734763786200,F:\agent\UAV\data\IR-image\1734763786200.jpg,116.1886575297995,38.81208105526336,483.54,116.2028946,38.8121197,793.5,1707.2851560484742,-4.41325208239813,-2.4948577540458814,6.3489975431678545,0.11983274171778632,1.0002442141918906,0.9782971619365609,599,586,sift,-99.12807489730524,scheme_b_pairwise,NA,False,1233.5617846286566,309.96
1734763786400,F:\agent\UAV\data\IR-image\1734763786400.jpg,116.18867571895412,38.81208947698161,483.54,116.2029536,38.8121195,793.56,1708.862904133226,-3.4757464068928328,-3.3006944674684178,3.9550059259008776,0.09599333902423074,1.0006491367806138,0.9675213675213675,585,566,sift,-99.12807489730524,scheme_b_pairwise,NA,False,1237.0947412267906,310.0199999999999
1734763786600,F:\agent\UAV\data\IR-image\1734763786600.jpg,116.1886909809783,38.812098520011716,483.54,116.2030127,38.8121194,793.63,1710.1867495734807,-2.469076295790072,-3.3793122377741724,3.2205588117815296,0.10831724057734651,1.0008147652493218,0.9714912280701754,456,443,sift,-99.12807489730524,scheme_b_pairwise,NA,False,1240.8906207907003,310.09
1734763786800,F:\agent\UAV\data\IR-image\1734763786800.jpg,116.18869424213098,38.81207518294815,483.54,116.2030718,38.8121194,793.72,1710.4696256891964,-5.066958212030826,7.073636388963678,1.9407514738900886,0.04880417877877135,1.0011601651711728,0.9558011049723757,543,519,sift,-99.12807489730524,scheme_b_pairwise,NA,False,1245.7364466351398,310.18
1734763787000,F:\agent\UAV\data\IR-image\1734763787000.jpg,116.18870126329269,38.812060010626574,483.54,116.2031309,38.8121194,793.8,1711.0786492885945,-6.755941050255935,4.409543896952641,2.4398925670283234,-0.18620673730239526,1.0010169845251669,0.967816091954023,435,421,sift,-99.12807489730524,scheme_b_pairwise,NA,False,1250.2566278834456,310.25999999999993
1734763787200,F:\agent\UAV\data\IR-image\1734763787200.jpg,116.18871787323764,38.81205815058655,483.54,116.2031899,38.8121195,793.87,1712.5194149194792,-6.963000705472312,-0.06772516958034203,4.08504377824147,-0.39302407981300774,1.0002219247805857,0.951276102088167,431,410,sift,-99.12807489730524,scheme_b_pairwise,NA,False,1253.9305963379365,310.33
1734763787400,F:\agent\UAV\data\IR-image\1734763787400.jpg,116.18874261840443,38.812042029138105,483.54,116.203249,38.8121196,793.92,1714.6658390015702,-8.757640346297276,4.017767173456093,6.747590234874281,0.17749193782454017,0.9999034443509811,0.9587852494577006,461,442,sift,-99.12807489730524,scheme_b_pairwise,NA,False,1256.918412434908,310.37999999999994
1734763787600,F:\agent\UAV\data\IR-image\1734763787600.jpg,116.18875227027412,38.81204439885171,483.54,116.203308,38.8121195,793.94,1715.5030532223204,-8.493843827769592,-1.103870195547529,2.202734455524535,0.6103678625700201,1.0002207922255224,0.9738955823293173,498,485,sift,-99.12807489730524,scheme_b_pairwise,NA,False,1261.1921559486836,310.40000000000003
1734763787800,F:\agent\UAV\data\IR-image\1734763787800.jpg,116.1887638548294,38.812042583335916,483.54,116.203367,38.8121194,793.95,1716.5079108021619,-8.695947045618123,0.11264379689635007,2.8747900256726666,0.9215701171967539,1.000797695936296,0.9704433497536946,406,394,sift,-99.12807489730524,scheme_b_pairwise,NA,False,1265.3016133705605,310.41
1734763788000,F:\agent\UAV\data\IR-image\1734763788000.jpg,116.1887969342066,38.812023371020544,483.54,116.2034259,38.8121193,793.89,1719.3772538304318,-10.834661993062959,4.649407090270415,8.90425276106106,0.28322836765401266,1.000299880041312,0.975925925925926,540,527,sift,-99.12807489730524,scheme_b_pairwise,NA,False,1267.5550352367288,310.34999999999997
1734763788200,F:\agent\UAV\data\IR-image\1734763788200.jpg,116.188836555171,38.81202718248793,483.54,116.2034848,38.8121193,793.78,1722.814021618043,-10.410369443758938,-2.706209972980389,9.335498009472758,-0.38298273323942583,1.000077004223089,0.9872611464968153,628,620,sift,-99.12807489730524,scheme_b_pairwise,NA,False,1269.2218612992638,310.23999999999995
1734763788400,F:\agent\UAV\data\IR-image\1734763788400.jpg,116.18885827731333,38.81200954435588,483.54,116.2035436,38.8121195,793.71,1724.6982250989092,-12.373846303611163,4.602435320282552,6.096070722435741,-0.5825345410163053,1.000412468362384,0.9738134206219312,611,595,sift,-99.12807489730524,scheme_b_pairwise,NA,False,1272.4519945333293,310.17
1734763788600,F:\agent\UAV\data\IR-image\1734763788600.jpg,116.18888638913971,38.81203614829194,483.54,116.2036025,38.8121196,793.7,1727.1366770849145,-9.412296141548467,-9.293259007877282,5.439019680255683,-0.13604778010215576,1.000510998557315,0.9810671256454389,581,570,sift,-99.12807489730524,scheme_b_pairwise,NA,False,1275.094386340032,310.16
1734763788800,F:\agent\UAV\data\IR-image\1734763788800.jpg,116.18893039756496,38.812070745748535,483.54,116.2036613,38.8121194,793.64,1730.9540182476887,-5.5609072735476035,-12.373302777117942,8.86414675747858,0.44695540196677735,1.0001606146805726,0.9824868651488616,571,561,sift,-99.12807489730524,scheme_b_pairwise,NA,False,1276.353377671867,310.09999999999997
1734763789000,F:\agent\UAV\data\IR-image\1734763789000.jpg,116.18896730608103,38.81207948611728,483.54,116.2037202,38.8121192,793.55,1734.1555051622072,-4.587929424584661,-4.12203217603826,8.439132839966987,0.34880174634688865,1.0002548979058463,0.9860248447204969,644,635,sift,-99.12807489730524,scheme_b_pairwise,NA,False,1278.2548895256818,310.00999999999993
1734763789200,F:\agent\UAV\data\IR-image\1734763789200.jpg,116.18900124849594,38.812093401467564,483.54,116.2037789,38.8121191,793.47,1737.099709069769,-3.0388726308695952,-5.6039740125801245,7.469594334313115,-0.0008103793275359723,1.0000898830807754,0.9852700490998363,611,602,sift,-99.12807489730524,scheme_b_pairwise,NA,False,1280.395418117683,309.93
1734763789400,F:\agent\UAV\data\IR-image\1734763789400.jpg,116.18903014275784,38.812076570872634,483.54,116.2038377,38.8121192,793.44,1739.6060304092844,-4.912454458480797,4.076284157540385,7.7801377220525865,-0.3300891759783151,1.0002102755239333,0.9862745098039216,510,503,sift,-99.12807489730524,scheme_b_pairwise,NA,False,1282.9922840917154,309.90000000000003
1734763789600,F:\agent\UAV\data\IR-image\1734763789600.jpg,116.18904782306141,38.81206177247279,483.54,116.2038964,38.8121193,793.45,1741.1396401709962,-6.559812329121794,3.8824794915543634,4.983694306323059,-0.20398378771841613,1.0001717009121633,0.9804964539007093,564,553,sift,-99.12807489730524,scheme_b_pairwise,NA,False,1286.5536666324442,309.91
1734763789800,F:\agent\UAV\data\IR-image\1734763789800.jpg,116.18908834413732,38.81205526100342,483.54,116.2039551,38.8121194,793.45,1744.6544846603017,-7.284669099104349,0.4436996856200608,10.063577762618593,-0.14256347570809808,1.0003296010321678,0.9878892733564014,578,571,sift,-99.12807489730524,scheme_b_pairwise,NA,False,1288.1326575545527,309.91
1734763790000,F:\agent\UAV\data\IR-image\1734763790000.jpg,116.18912349789458,38.81204891520254,483.54,116.2040137,38.8121195,793.4,1747.7037617895644,-7.991083653327234,0.5999020126237724,8.765123101007816,0.032013111064312864,1.000741563039046,0.9607843137254902,357,343,sift,-99.12807489730524,scheme_b_pairwise,NA,False,1290.1683168624447,309.85999999999996
1734763790200,F:\agent\UAV\data\IR-image\1734763790200.jpg,116.18915462367767,38.81203847210666,483.54,116.2040723,38.8121196,793.36,1750.4036478278836,-9.153609086684048,2.019517388014833,7.999944766797967,0.2022510851135357,1.0002671207182856,0.9891472868217054,645,638,sift,-99.12807489730524,scheme_b_pairwise,NA,False,1292.5564890467688,309.82
1734763790400,F:\agent\UAV\data\IR-image\1734763790400.jpg,116.18919003076282,38.81205536085912,483.54,116.2041307,38.8121196,793.31,1753.4748989077923,-7.273553163039946,-6.57785574703712,7.674294298175312,0.5438312648550641,1.000243493922738,0.9666110183639399,599,579,sift,-99.12807489730524,scheme_b_pairwise,NA,False,1294.5367576185554,309.7699999999999
1734763790600,F:\agent\UAV\data\IR-image\1734763790600.jpg,116.18922124380857,38.81203442996668,483.54,116.2041891,38.8121196,793.25,1756.182354211651,-9.603580109287863,5.25168326196291,8.540796903885507,0.5833895495216321,1.0004891325586072,0.9852459016393442,610,601,sift,-99.12807489730524,scheme_b_pairwise,NA,False,1296.9074019653933,309.71
1734763790800,F:\agent\UAV\data\IR-image\1734763790800.jpg,116.18923725245273,38.81202976427207,483.54,116.2042473,38.8121196,793.19,1757.5709623227551,-10.122965233520333,0.8210581050753945,4.079572869071114,0.0476416977706252,1.0000801301681448,0.9868852459016394,610,602,sift,-99.12807489730524,scheme_b_pairwise,NA,False,1300.566850553418,309.65000000000003
1734763791000,F:\agent\UAV\data\IR-image\1734763791000.jpg,116.1892491833851,38.81202428332744,483.54,116.2043055,38.8121197,793.14,1758.6058650486386,-10.73310398942473,1.230067704740975,3.139748748882539,-0.2821766751586579,1.0001996522832577,0.9902120717781403,613,607,sift,-99.12807489730524,scheme_b_pairwise,NA,False,1304.5806120304376,309.59999999999997
1734763791200,F:\agent\UAV\data\IR-image\1734763791200.jpg,116.1892933292467,38.812025509478666,483.54,116.2043635,38.8121199,793.1,1762.4351275958848,-10.59660883522112,-2.0834007926081313,10.551384910040099,-0.3489192929362976,1.0009879108338908,0.9766666666666667,600,586,sift,-99.12807489730524,scheme_b_pairwise,NA,False,1305.780013260627,309.56
1734763791400,F:\agent\UAV\data\IR-image\1734763791400.jpg,116.18935229122124,38.812024781235685,483.54,116.2044215,38.8121199,793.02,1767.5495567338457,-10.677676843324056,-2.052730751198908,14.20988890449479,-0.10048250632594694,1.0003610974910588,0.9846153846153847,585,576,sift,-99.12807489730524,scheme_b_pairwise,NA,False,1305.6973268737165,309.47999999999996
1734763791600,F:\agent\UAV\data\IR-image\1734763791600.jpg,116.189387647577,38.81204142160809,483.54,116.2044794,38.8121199,792.95,1770.6164074894862,-8.825270586981178,-6.499269875547498,7.674411613985626,0.12602216574883426,1.000236661964766,0.9864406779661017,590,582,sift,-99.12807489730524,scheme_b_pairwise,NA,False,1307.6367215450516,309.41
1734763791800,F:\agent\UAV\data\IR-image\1734763791800.jpg,116.18940537625157,38.81205289454949,483.54,116.2045372,38.8121199,792.93,1772.1542130056537,-7.548102750906382,-4.224225714616523,3.6930640304025246,0.08817679882227696,1.0003979619180159,0.9867549668874173,604,596,sift,-99.12807489730524,scheme_b_pairwise,NA,False,1311.1006026077957,309.38999999999993
1734763792000,F:\agent\UAV\data\IR-image\1734763792000.jpg,116.18944155082058,38.81207946985498,483.54,116.2045949,38.8121198,792.9,1775.2920365139987,-4.589739744162326,-9.595848539656856,7.378630809658887,-0.04319397669562013,1.0009001970283335,0.9857904085257548,563,555,sift,-99.12807489730524,scheme_b_pairwise,NA,False,1312.9518930434506,309.35999999999996
1734763792200,F:\agent\UAV\data\IR-image\1734763792200.jpg,116.18949873842526,38.81206065477205,483.54,116.2046525,38.8121198,792.84,1780.2525547789576,-6.6842347759633745,3.595682340371525,14.679906709751094,0.1489660931888252,1.0002500899490285,0.9862542955326461,582,574,sift,-99.12807489730524,scheme_b_pairwise,NA,False,1312.9966102819055,309.3
1734763792400,F:\agent\UAV\data\IR-image\1734763792400.jpg,116.18953046203968,38.81204195726384,483.54,116.20471,38.8121198,792.79,1783.0042973937473,-8.76564138997788,4.542952699589819,8.552824011941027,0.0525966987669593,1.000101899712868,0.9774305555555556,576,563,sift,-99.12807489730524,scheme_b_pairwise,NA,False,1315.2421593927625,309.24999999999994
1734763792600,F:\agent\UAV\data\IR-image\1734763792600.jpg,116.18954636147556,38.812027863951585,483.54,116.2047674,38.8121198,792.76,1784.38343265436,-10.334508910055877,3.73374227404355,4.520643040670166,-0.018936262231480185,1.0003321509870253,0.9808027923211169,573,562,sift,-99.12807489730524,scheme_b_pairwise,NA,False,1318.849197189091,309.21999999999997
1734763792800,F:\agent\UAV\data\IR-image\1734763792800.jpg,116.1895844357698,38.812041665043466,483.54,116.2048248,38.8121199,792.73,1787.6860405015975,-8.798171361092653,-5.7283179473823225,8.468515014927846,-0.08951271922227096,1.000614936766169,0.9817184643510055,547,537,sift,-99.12807489730524,scheme_b_pairwise,NA,False,1320.512556554396,309.19
1734763793000,F:\agent\UAV\data\IR-image\1734763793000.jpg,116.18962424943044,38.812041032579394,483.54,116.2048821,38.8121199,792.72,1791.1395229807981,-8.868577261909019,-1.3426783092702976,9.60210360530192,0.02654216254166201,1.0005162635295721,0.9670510708401977,607,587,sift,-99.12807489730524,scheme_b_pairwise,NA,False,1322.0280780694982,309.18
1734763793200,F:\agent\UAV\data\IR-image\1734763793200.jpg,116.1896633966995,38.81205373094965,483.54,116.2049394,38.8121199,792.72,1794.535201893263,-7.4549946852057705,-5.429566435225183,8.781107398242796,0.09755585971175719,1.0002950483319002,0.9767857142857143,560,547,sift,-99.12807489730524,scheme_b_pairwise,NA,False,1323.592145886952,309.18
1734763793400,F:\agent\UAV\data\IR-image\1734763793400.jpg,116.18968460468136,38.81203326010949,483.54,116.2049967,38.8121199,792.73,1796.3748065068676,-9.733808611674622,5.496198954906333,6.112888392567697,0.13625243277579396,1.000239980722908,0.9765625,512,500,sift,-99.12807489730524,scheme_b_pairwise,NA,False,1326.7340158097556,309.19
1734763793600,F:\agent\UAV\data\IR-image\1734763793600.jpg,116.18970049751239,38.81204133334589,483.54,116.2050539,38.8121199,792.77,1797.7533688553676,-8.835095936149623,-3.104490968008406,3.4202698490388457,0.1912990517516274,0.9998172660627809,0.976068376068376,585,571,sift,-99.12807489730524,scheme_b_pairwise,NA,False,1330.3066606963214,309.22999999999996
1734763793800,F:\agent\UAV\data\IR-image\1734763793800.jpg,116.18971330270624,38.81203591975671,483.54,116.2051111,38.8121199,792.82,1798.8641060205755,-9.437736682998208,1.1755200036330962,3.3465725139918163,0.029341116907806813,0.9999928679170947,0.9869918699186991,615,607,sift,-99.12807489730524,scheme_b_pairwise,NA,False,1334.1572433566348,309.28000000000003
1734763794000,F:\agent\UAV\data\IR-image\1734763794000.jpg,116.18971911302354,38.81201541063656,483.54,116.2051682,38.8121199,792.87,1799.3680995926454,-11.720811937991009,6.102740959927075,2.4133619161705724,-0.19464986820556948,1.0004968334553657,0.9777365491651205,539,527,sift,-99.12807489730524,scheme_b_pairwise,NA,False,1338.619115062741,309.33
1734763794200,F:\agent\UAV\data\IR-image\1734763794200.jpg,116.18974580955793,38.81202278021623,483.54,116.2052253,38.81212,792.92,1801.683787532133,-10.900430329569161,-3.3047008275481744,6.052237591690982,-0.18977055958616448,1.0003930213125172,0.9855855855855856,555,547,sift,-99.12807489730524,scheme_b_pairwise,NA,False,1341.2464608879025,309.37999999999994
1734763794400,F:\agent\UAV\data\IR-image\1734763794400.jpg,116.18977455958901,38.81201087883067,483.54,116.2052822,38.81212,792.94,1804.1775981239896,-12.225292569708639,2.561169922473084,7.50112765857881,-0.10794336121563773,1.0002589573231655,0.9708029197080292,548,532,sift,-99.12807489730524,scheme_b_pairwise,NA,False,1343.696814780483,309.40000000000003
1734763794600,F:\agent\UAV\data\IR-image\1734763794600.jpg,116.18981589534071,38.81204095587622,483.54,116.2053391,38.81212,792.93,1807.7631085243816,-8.877115859310491,-10.875502317905784,8.44574099794579,0.20755190370086474,1.0004089848685254,0.969939879759519,499,484,sift,-99.12807489730524,scheme_b_pairwise,NA,False,1345.0190100915456,309.38999999999993
1734763794800,F:\agent\UAV\data\IR-image\1734763794800.jpg,116.18985059093282,38.81203372206076,483.54,116.205396,38.8121198,792.9,1810.7726438840325,-9.682384195910657,0.8915553981518087,8.699003859945094,0.3384079574171213,1.0001501294960704,0.9658886894075404,557,538,sift,-99.12807489730524,scheme_b_pairwise,NA,False,1346.948245579721,309.35999999999996
1734763795000,F:\agent\UAV\data\IR-image\1734763795000.jpg,116.18987444569774,38.81203237106255,483.54,116.2054527,38.8121197,792.84,1812.8418334880362,-9.832777317197625,-0.5045971136774483,5.801383399162887,0.15883416758322672,1.000598283700293,0.9751552795031055,483,471,sift,-99.12807489730524,scheme_b_pairwise,NA,False,1349.7950191154218,309.3
1734763795200,F:\agent\UAV\data\IR-image\1734763795200.jpg,116.18989995088032,38.81204147404758,483.54,116.2055095,38.8121196,792.78,1815.0541822081598,-8.819433023442311,-3.7934490541080095,5.679926027978979,0.11539505734669732,1.0013051828005848,0.9757869249394673,413,403,sift,-99.12807489730524,scheme_b_pairwise,NA,False,1352.4994073733046,309.23999999999995
1734763795400,F:\agent\UAV\data\IR-image\1734763795400.jpg,116.18994155662614,38.812049674390416,483.54,116.2055661,38.8121194,792.72,1818.663112207479,-7.906570859201583,-4.13686133051948,9.595062456957066,0.25926256326536073,1.0005799927457641,0.974,500,487,sift,-99.12807489730524,scheme_b_pairwise,NA,False,1353.7927928822965,309.18
1734763795600,F:\agent\UAV\data\IR-image\1734763795600.jpg,116.18998229968444,38.81207243272177,483.54,116.2056227,38.8121192,792.65,1822.1972117037697,-5.373113412406273,-8.59475060845466,8.666049465988522,0.15475452750671503,0.9999560797490159,0.9573991031390134,446,427,sift,-99.12807489730524,scheme_b_pairwise,NA,False,1355.154261417481,309.10999999999996
1734763795800,F:\agent\UAV\data\IR-image\1734763795800.jpg,116.19001027909829,38.81208885781975,483.54,116.2056793,38.8121191,792.6,1824.6241780751275,-3.5446715054853106,-6.147923409039947,5.911749456780285,0.210745207784106,0.9998304112326688,0.9422222222222222,450,424,sift,-99.12807489730524,scheme_b_pairwise,NA,False,1357.6280900713462,309.06
1734763796000,F:\agent\UAV\data\IR-image\1734763796000.jpg,116.19003225543207,38.812064367062725,483.54,116.2057358,38.812119,792.56,1826.530430413751,-6.2709825778064925,6.7066854364073265,6.496856885539501,0.16230423466323307,0.9997977312098215,0.9609756097560975,410,394,sift,-99.12807489730524,scheme_b_pairwise,NA,False,1360.6289843856657,309.0199999999999
1734763796200,F:\agent\UAV\data\IR-image\1734763796200.jpg,116.1900556612787,38.81205498579326,483.54,116.2057923,38.8121189,792.52,1828.5606803317205,-7.315305494028652,1.9901201251715293,6.091525325908094,0.011948396980850241,1.0009543343518943,0.9388753056234719,409,384,sift,-99.12807489730524,scheme_b_pairwise,NA,False,1363.501439842023,308.97999999999996
1734763796400,F:\agent\UAV\data\IR-image\1734763796400.jpg,116.19010692567728,38.812054189166325,483.54,116.2058488,38.8121189,792.48,1833.0074129225998,-7.403986004714499,-1.734316269713645,12.362868669153443,0.07894068595043714,1.0005883161859996,0.9715447154471545,492,478,sift,-99.12807489730524,scheme_b_pairwise,NA,False,1363.9555383870193,308.94
1734763796600,F:\agent\UAV\data\IR-image\1734763796600.jpg,116.19011095973376,38.81203026923653,483.54,116.2059052,38.8121189,792.46,1833.357331597879,-10.066752589770434,7.223600172490535,2.155441190734223,-0.19111310452571892,1.0000713429713406,0.9493333333333334,375,356,sift,-99.12807489730524,scheme_b_pairwise,NA,False,1368.5094617916513,308.92
1734763796800,F:\agent\UAV\data\IR-image\1734763796800.jpg,116.1901099671354,38.812035740471174,483.54,116.2059616,38.812119,792.56,1833.2712324796637,-9.457694748811294,-1.6495636088554875,-0.5098159402907925,-0.06642299258073747,1.0011330872689732,0.9293785310734464,354,329,sift,-99.12807489730524,scheme_b_pairwise,NA,False,1373.4778402598572,309.0199999999999
1734763797000,F:\agent\UAV\data\IR-image\1734763797000.jpg,116.19014898711552,38.81205882855875,483.54,116.206018,38.812119,792.67,1836.6558702031036,-6.887528840177978,-8.629928377317924,8.235495144406627,0.04538045316327768,1.0011086060842074,0.9517045454545454,352,335,sift,-99.12807489730524,scheme_b_pairwise,NA,False,1374.9685658525593,309.12999999999994
1734763797200,F:\agent\UAV\data\IR-image\1734763797200.jpg,116.19018215285435,38.81206189996242,483.54,116.2060742,38.8121191,792.72,1839.5327043382629,-6.54562018336495,-2.2285646069630616,7.8204195758321475,0.015619795408846273,0.9989096836619697,0.8996138996138996,259,233,sift,-99.12807489730524,scheme_b_pairwise,NA,False,1376.9627227225399,309.18
1734763797400,F:\agent\UAV\data\IR-image\1734763797400.jpg,116.19018587937082,38.81205463872214,483.54,116.2061304,38.8121192,792.8,1839.8559466402878,-7.353941451771176,2.096191907814614,1.2557485996650826,-0.08064937487205905,0.9987468927833166,0.9532467532467532,385,367,sift,-99.12807489730524,scheme_b_pairwise,NA,False,1381.5132590122532,309.25999999999993
1734763797600,F:\agent\UAV\data\IR-image\1734763797600.jpg,116.1902108219205,38.812075809233285,483.54,116.2061865,38.8121193,792.87,1842.0194919404453,-4.997240151111861,-7.494608098108927,4.9464938297854815,-0.08107926995780164,0.9999295018291079,0.9625292740046838,427,411,sift,-99.12807489730524,scheme_b_pairwise,NA,False,1384.202449027715,309.33
1734763797800,F:\agent\UAV\data\IR-image\1734763797800.jpg,116.19024130690171,38.81210050673168,483.54,116.2062425,38.8121194,792.89,1844.6637940917037,-2.2479146295543813,-8.796776435253264,6.104000421297201,0.02076266527296198,0.9983440636984804,0.9535864978902954,237,226,sift,-99.12807489730524,scheme_b_pairwise,NA,False,1386.4060707996903,309.34999999999997
1734763798000,F:\agent\UAV\data\IR-image\1734763798000.jpg,116.19026142320398,38.8120606808475,483.54,116.2062984,38.8121196,792.92,1846.4087051686056,-6.681332056221093,11.509490376975862,6.809881485354538,-0.1581844963260187,1.0016641728485443,0.8744769874476988,239,209,sift,-99.12807489730524,scheme_b_pairwise,NA,False,1389.520746927327,309.37999999999994
1734763798200,F:\agent\UAV\data\IR-image\1734763798200.jpg,116.19028147103242,38.81199949281812,483.54,116.2063543,38.8121197,792.89,1848.1476767471252,-13.49278348695163,18.102461135954115,7.852332710793917,-0.047337647807034526,1.0041306625145276,0.75,292,219,sift,-99.12807489730524,scheme_b_pairwise,NA,False,1392.6764137202301,309.34999999999997
1734763798400,F:\agent\UAV\data\IR-image\1734763798400.jpg,116.19033214414469,38.81202140649419,483.54,116.2064101,38.8121197,792.78,1852.5431204864285,-11.05335306695891,-8.717717150308715,11.09499103177967,0.29032295179516127,1.0011805016989868,0.9597156398104265,422,405,sift,-99.12807489730524,scheme_b_pairwise,NA,False,1393.0991441575836,309.23999999999995
1734763798600,F:\agent\UAV\data\IR-image\1734763798600.jpg,116.19039720116626,38.81207399352852,483.54,116.2064659,38.8121197,792.64,1858.1862409780017,-5.199364405018919,-18.736174053419575,13.032255723654544,0.5678463181790597,1.0014660986594541,0.9566395663956639,369,353,sift,-99.12807489730524,scheme_b_pairwise,NA,False,1392.2629663130347,309.09999999999997
1734763798800,F:\agent\UAV\data\IR-image\1734763798800.jpg,116.19044790080741,38.81208366575387,483.54,116.2065217,38.8121196,792.51,1862.5839858626184,-4.1226522796215095,-4.9421945804541565,11.708171267047646,0.9356578421269487,0.9986179340481915,0.889795918367347,245,218,sift,-99.12807489730524,scheme_b_pairwise,NA,False,1392.701242976091,308.96999999999997
1734763799000,F:\agent\UAV\data\IR-image\1734763799000.jpg,116.19047873734002,38.81211126056334,483.54,116.2065776,38.8121194,792.39,1865.2587819838266,-1.0507980892748199,-9.704189649195428,6.044891033924557,0.6906789565649076,0.9985248911152095,0.9618768328445748,341,328,sift,-99.12807489730524,scheme_b_pairwise,NA,False,1394.8671312269644,308.84999999999997
1734763799200,F:\agent\UAV\data\IR-image\1734763799200.jpg,116.1904979307604,38.812101387798734,483.54,116.2066334,38.8121195,792.31,1866.923641230484,-2.149834245036673,2.3044530939428682,5.103268999975796,0.3698297439080104,0.9998551255999868,0.966321243523316,386,373,sift,-99.12807489730524,scheme_b_pairwise,NA,False,1398.0401177697768,308.7699999999999
1734763799400,F:\agent\UAV\data\IR-image\1734763799400.jpg,116.19052346262545,38.81207595164074,483.54,116.2066893,38.8121197,792.25,1869.1383044193553,-4.981387352497416,6.861014391555841,7.398429377290711,-0.10035766885657017,1.002803476022332,0.8921161825726142,241,215,sift,-99.12807489730524,scheme_b_pairwise,NA,False,1400.6785738845444,308.71
1734763799600,F:\agent\UAV\data\IR-image\1734763799600.jpg,116.19053022096692,38.81202118177879,483.54,116.2067451,38.8121201,792.23,1869.724530691398,-11.078368385208655,16.63572959094978,4.339545141116616,-0.20756919747380054,1.0004166161682226,0.9177777777777778,450,413,sift,-99.12807489730524,scheme_b_pairwise,NA,False,1404.9628760619341,308.69
1734763799800,F:\agent\UAV\data\IR-image\1734763799800.jpg,116.19054980481046,38.812016263409305,483.54,116.2068011,38.8121206,792.27,1871.423255687882,-11.625881275960776,0.7609180045175776,4.951535244831064,-0.6173744829792471,1.002135856132269,0.9568733153638814,371,355,sift,-99.12807489730524,scheme_b_pairwise,NA,False,1408.1228950178622,308.72999999999996
1734763800000,F:\agent\UAV\data\IR-image\1734763800000.jpg,116.19058897755278,38.811950422450884,483.54,116.206857,38.8121212,792.27,1874.8211441795752,-18.95529676740352,18.799215557381274,12.68038871087208,-0.7631459829531143,0.9998793600402665,0.9468822170900693,433,410,sift,-99.12807489730524,scheme_b_pairwise,NA,False,1409.6529716553532,308.72999999999996
1734763800200,F:\agent\UAV\data\IR-image\1734763800200.jpg,116.19061408424821,38.81185778121512,483.54,116.2069129,38.8121217,792.22,1876.9989276690771,-29.2681191336586,27.61053072459447,10.627547729971809,-0.7915126632307162,0.9957005197881847,0.9195402298850575,261,240,sift,-99.12807489730524,scheme_b_pairwise,NA,False,1412.4989137505097,308.68
1734763800400,F:\agent\UAV\data\IR-image\1734763800400.jpg,116.19067338516915,38.811919734357915,483.54,116.206969,38.8121221,792.19,1882.1427574038917,-22.371495277477596,-21.403335680017335,11.184280761935668,-0.8024281938440155,1.0034227168821226,0.948948948948949,333,316,sift,-99.12807489730524,scheme_b_pairwise,NA,False,1412.0953663347277,308.65000000000003
1734763800600,F:\agent\UAV\data\IR-image\1734763800600.jpg,116.19072391941693,38.81200441023541,483.54,116.2070253,38.8121222,792.14,1886.5261558794473,-12.945376594170558,-28.07479873223633,7.950516581250554,-0.20210331176034269,1.0022000860266496,0.9479768786127167,346,328,sift,-99.12807489730524,scheme_b_pairwise,NA,False,1412.4755214939498,308.59999999999997
1734763800800,F:\agent\UAV\data\IR-image\1734763800800.jpg,116.19075330355552,38.81209143358974,483.54,116.2070817,38.812122,792.09,1889.0749696825853,-3.257936790259949,-27.982087044242633,2.7499067748010475,0.4787271058304507,1.0007900483998855,0.9398280802292264,349,328,sift,-99.12807489730524,scheme_b_pairwise,NA,False,1414.7587735127165,308.55
1734763801000,F:\agent\UAV\data\IR-image\1734763801000.jpg,116.19078420192811,38.81211507480811,483.54,116.2071382,38.8121217,792.06,1891.755129875492,-0.6261963613128696,-8.486876075021257,6.255734330912446,0.729445355580679,1.0003478721607744,0.970873786407767,412,400,sift,-99.12807489730524,scheme_b_pairwise,NA,False,1416.9728730156846,308.5199999999999
1734763801200,F:\agent\UAV\data\IR-image\1734763801200.jpg,116.1908130914195,38.812121303434864,483.54,116.2071948,38.8121215,792.02,1894.2610374152284,0.06717436900482476,-3.037413920036329,6.635956098462316,0.8260128509366425,0.9998400354778314,0.9739130434782609,460,448,sift,-99.12807489730524,scheme_b_pairwise,NA,False,1419.3735656192405,308.47999999999996
1734763801400,F:\agent\UAV\data\IR-image\1734763801400.jpg,116.19084312964654,38.812122390782484,483.54,116.2072516,38.8121213,791.98,1896.8665875992722,0.1882179061037077,-1.495673974547742,7.166949929476573,0.6643958465388299,1.0007476678039045,0.9586056644880174,459,440,sift,-99.12807489730524,scheme_b_pairwise,NA,False,1421.692303604918,308.44
1734763801600,F:\agent\UAV\data\IR-image\1734763801600.jpg,116.19086022687878,38.81207316261775,483.54,116.2073084,38.8121213,791.93,1898.3496210874162,-5.291861391882134,14.526750896903252,6.550197931754212,0.31876559089498385,0.9998142632197237,0.9567198177676538,439,420,sift,-99.12807489730524,scheme_b_pairwise,NA,False,1425.1428416568037,308.38999999999993
1734763801800,F:\agent\UAV\data\IR-image\1734763801800.jpg,116.19087465336503,38.81206936314208,483.54,116.2073653,38.8121214,791.92,1899.6009910110693,-5.714819024180001,0.6149359468640796,3.656301976174859,0.26069624788904544,1.002309380964566,0.8858695652173914,368,326,sift,-99.12807489730524,scheme_b_pairwise,NA,False,1428.824611104041,308.37999999999994
1734763802000,F:\agent\UAV\data\IR-image\1734763802000.jpg,116.19092118452389,38.8120449205549,483.54,116.2074224,38.8121215,791.91,1903.6371569724583,-8.435767829087313,5.7433984359497,12.397170702014535,0.6177816039209111,0.9999503495722251,0.9368029739776952,269,252,sift,-99.12807489730524,scheme_b_pairwise,NA,False,1429.7542217593182,308.36999999999995
1734763802200,F:\agent\UAV\data\IR-image\1734763802200.jpg,116.19095811480567,38.81201216542014,483.54,116.2074796,38.8121217,791.85,1906.8405318702278,-12.082069429823452,8.678692309111625,10.50127779472541,0.14223389158761696,1.00035108075686,0.9345238095238095,336,314,sift,-99.12807489730524,scheme_b_pairwise,NA,False,1431.5372519412272,308.31
1734763802400,F:\agent\UAV\data\IR-image\1734763802400.jpg,116.19096133372479,38.81200114238118,483.54,116.2075368,38.812122,791.83,1907.11974459785,-13.30915412763879,3.276331015837286,1.320198556079049,-0.2411739847407252,1.0014082759677578,0.9487951807228916,332,315,sift,-99.12807489730524,scheme_b_pairwise,NA,False,1436.225550372005,308.29
1734763802600,F:\agent\UAV\data\IR-image\1734763802600.jpg,116.19098710459797,38.81202056167031,483.54,116.2075942,38.8121224,791.87,1909.3551396251214,-11.147398861021578,-6.986341436692442,5.232420662553693,-0.07103170603204322,1.001473122732786,0.9460227272727273,352,333,sift,-99.12807489730524,scheme_b_pairwise,NA,False,1438.9475036402869,308.33
1734763802800,F:\agent\UAV\data\IR-image\1734763802800.jpg,116.1910204823473,38.81201083014514,483.54,116.2076516,38.8121227,791.88,1912.2503637940074,-12.230712243156066,1.7130125016050783,8.506019699175397,0.3453355203118801,0.9995710907561903,0.9508670520231214,346,329,sift,-99.12807489730524,scheme_b_pairwise,NA,False,1441.0381125264967,308.34
1734763803000,F:\agent\UAV\data\IR-image\1734763803000.jpg,116.19104028792596,38.811996765831665,483.54,116.2077091,38.8121229,791.86,1913.9683223491843,-13.796351619081719,3.5739218407354088,5.4581980267134895,0.2551636533004069,0.9987983965490973,0.9734513274336283,339,330,sift,-99.12807489730524,scheme_b_pairwise,NA,False,1444.3186539246838,308.32
1734763803200,F:\agent\UAV\data\IR-image\1734763803200.jpg,116.191052093791,38.81200424828383,483.54,116.2077668,38.8121231,791.89,1914.9923765911406,-12.963405044721373,-2.764372713043997,2.4670944563347916,-0.22037538661002384,1.0001463993292998,0.9686192468619247,478,463,sift,-99.12807489730524,scheme_b_pairwise,NA,False,1448.287219164749,308.34999999999997
1734763803400,F:\agent\UAV\data\IR-image\1734763803400.jpg,116.19108872198369,38.81201357085581,483.54,116.2078244,38.8121235,791.9,1918.1695479358282,-11.925616331469245,-4.290817266284762,8.342886737446406,-0.6456329715400262,1.0010563016881218,0.9388753056234719,409,384,sift,-99.12807489730524,scheme_b_pairwise,NA,False,1450.0954206229487,308.35999999999996
1734763803600,F:\agent\UAV\data\IR-image\1734763803600.jpg,116.19112102442723,38.81200442469395,483.54,116.2078821,38.8121239,791.87,1920.9714988502933,-12.943767069050505,1.5739585852996925,8.218512192133346,-0.614273561751108,1.0002430926391743,0.93048128342246,374,348,sift,-99.12807489730524,scheme_b_pairwise,NA,False,1452.3052964060614,308.33
1734763803800,F:\agent\UAV\data\IR-image\1734763803800.jpg,116.19112034926829,38.81201067158878,483.54,116.2079399,38.8121242,791.87,1920.9129347908568,-12.248362737115503,-1.901119605392637,-0.47195621437580826,-0.4318786071592749,0.9999880210571871,0.9214501510574018,331,305,sift,-99.12807489730524,scheme_b_pairwise,NA,False,1457.3656545850297,308.33
1734763804000,F:\agent\UAV\data\IR-image\1734763804000.jpg,116.19112334626121,38.81200574880429,483.54,116.2079977,38.8121244,791.94,1921.1728973858253,-12.796367106916101,1.4029446284565665,0.9644632487730291,-0.18843255120335992,1.0014746389695042,0.9618768328445748,341,328,sift,-99.12807489730524,scheme_b_pairwise,NA,False,1462.1188992284485,308.40000000000003
1734763804200,F:\agent\UAV\data\IR-image\1734763804200.jpg,116.19119665324415,38.81208116970018,483.54,116.2080556,38.8121245,791.96,1927.5316289655977,-4.40051297620602,-26.09918519107316,13.883589056263588,-0.1531446279319798,1.0003220062435667,0.9416243654822335,394,371,sift,-99.12807489730524,scheme_b_pairwise,NA,False,1460.7316236596012,308.42
1734763804400,F:\agent\UAV\data\IR-image\1734763804400.jpg,116.19118370716166,38.81207599075124,483.54,116.2081136,38.8121247,792.0,1926.4086709580527,-4.977033572053106,2.0977714610075964,-2.855373381486629,-0.2717446048768289,0.9995303576786579,0.9647887323943662,426,411,sift,-99.12807489730524,scheme_b_pairwise,NA,False,1466.8807682566305,308.46
1734763804600,F:\agent\UAV\data\IR-image\1734763804600.jpg,116.1911700059315,38.812070643817634,483.54,116.2081716,38.8121249,792.21,1925.2202105767722,-5.572254221139419,2.178763014010258,-3.0285754010393475,-0.1481547486565929,1.0011934693487652,0.9614325068870524,363,349,sift,-99.12807489730524,scheme_b_pairwise,NA,False,1473.0956454628013,308.67
1734763804800,F:\agent\UAV\data\IR-image\1734763804800.jpg,116.1911830841983,38.812042709085894,483.54,116.2082296,38.8121251,792.36,1926.3546344027427,-8.681948558314625,8.112854907934775,4.528578672819208,0.07868746368898755,1.000156180054873,0.9509536784741145,367,349,sift,-99.12807489730524,scheme_b_pairwise,NA,False,1477.0041834330466,308.82
1734763805000,F:\agent\UAV\data\IR-image\1734763805000.jpg,116.1912217380692,38.81200410647151,483.54,116.2082875,38.8121252,792.34,1929.7075153937947,-12.979191591015152,10.416094922083232,11.20546591478103,0.454027511325504,0.9989330131868575,0.9170731707317074,410,376,sift,-99.12807489730524,scheme_b_pairwise,NA,False,1478.7050355122915,308.8
1734763805200,F:\agent\UAV\data\IR-image\1734763805200.jpg,116.19125373818507,38.812046297040084,483.54,116.2083455,38.8121251,792.32,1932.483242059501,-8.28253749787322,-14.251995733305023,5.601098301662034,0.20804843564690467,0.9998391607961105,0.9162162162162162,370,339,sift,-99.12807489730524,scheme_b_pairwise,NA,False,1480.9219453518185,308.78000000000003
1734763805400,F:\agent\UAV\data\IR-image\1734763805400.jpg,116.19126782128883,38.812052859879586,483.54,116.2084034,38.8121252,792.35,1933.7048265941885,-7.551962204736439,-2.5686257211231123,3.060101599244774,-0.4460287532084471,0.9997470291470266,0.9337539432176656,317,296,sift,-99.12807489730524,scheme_b_pairwise,NA,False,1484.7142068082321,308.81
1734763805600,F:\agent\UAV\data\IR-image\1734763805600.jpg,116.19128508781883,38.81207138979871,483.54,116.2084611,38.8121253,792.38,1935.2025451628856,-5.489211607800699,-6.383487494700773,3.2321586294665963,-0.09714477192333446,1.000666248671275,0.968421052631579,380,368,sift,-99.12807489730524,scheme_b_pairwise,NA,False,1488.207606505978,308.84
1734763805800,F:\agent\UAV\data\IR-image\1734763805800.jpg,116.19131882547147,38.81209010223784,483.54,116.2085188,38.8121253,792.36,1938.1289877560437,-3.4061428839743577,-7.075990402173318,7.182582350781388,0.23251455664468204,1.0014599101922887,0.9441489361702128,376,355,sift,-99.12807489730524,scheme_b_pairwise,NA,False,1490.2766665220609,308.82
1734763806000,F:\agent\UAV\data\IR-image\1734763806000.jpg,116.19137148159753,38.81210012432958,483.54,116.2085764,38.8121252,792.31,1942.696440381691,-2.2904836309025054,-5.125699002420731,12.161145348645164,-0.02781200824143533,1.0003483902845869,0.9744136460554371,469,457,sift,-99.12807489730524,scheme_b_pairwise,NA,False,1490.7023872048076,308.7699999999999
1734763806200,F:\agent\UAV\data\IR-image\1734763806200.jpg,116.1914136293383,38.81210867942885,483.54,116.2086339,38.8121252,792.27,1946.3523836422798,-1.338129980054873,-4.267239893187593,9.707766785199624,-0.3295858613786459,1.0009596797626603,0.946236559139785,279,264,sift,-99.12807489730524,scheme_b_pairwise,NA,False,1492.0309991035301,308.72999999999996
1734763806400,F:\agent\UAV\data\IR-image\1734763806400.jpg,116.1914456494454,38.81210090724944,483.54,116.2086911,38.8121253,792.27,1949.1298443697222,-2.203328992471683,1.1609835048805053,8.082534041894746,-0.40390726187906034,1.0003048911152579,0.9754098360655737,488,476,sift,-99.12807489730524,scheme_b_pairwise,NA,False,1494.2140923501036,308.72999999999996
1734763806600,F:\agent\UAV\data\IR-image\1734763806600.jpg,116.19148638229593,38.81211826450754,483.54,116.2087482,38.8121253,792.24,1952.6630584331278,-0.2711190204780749,-6.928098897600364,8.9313243139689,-0.18064395709676628,1.0011297471569593,0.9656019656019657,407,393,sift,-99.12807489730524,scheme_b_pairwise,NA,False,1495.6297652101066,308.7
1734763806800,F:\agent\UAV\data\IR-image\1734763806800.jpg,116.19151785017317,38.81211541146675,483.54,116.2088053,38.8121252,792.2,1955.3926181104366,-0.5887195214354494,-0.3352649542521817,7.705944840080861,0.5539538440881289,1.0004354774894066,0.9664268585131894,417,403,sift,-99.12807489730524,scheme_b_pairwise,NA,False,1497.8508517519901,308.66
1734763807000,F:\agent\UAV\data\IR-image\1734763807000.jpg,116.19153701904945,38.81211944356871,483.54,116.2088622,38.812125,792.21,1957.055348372367,-0.1398659310708934,-1.9843180359656003,4.408111132969282,0.646481325216642,1.0001608246211822,0.975929978118162,457,446,sift,-99.12807489730524,scheme_b_pairwise,NA,False,1501.1197112281004,308.67
1734763807200,F:\agent\UAV\data\IR-image\1734763807200.jpg,116.19155322417168,38.81211227757699,483.54,116.2089189,38.8121248,792.24,1958.460999217737,-0.9375841294054172,1.5848230195132373,4.25074253385452,0.19731230679274836,0.9993861819501816,0.9023668639053254,338,305,sift,-99.12807489730524,scheme_b_pairwise,NA,False,1504.6289364213894,308.7
1734763807400,F:\agent\UAV\data\IR-image\1734763807400.jpg,116.19157943348523,38.81212737974051,483.54,116.2089754,38.8121248,792.25,1960.7344250638805,0.7435887135039532,-5.6714218234328655,5.551814655617534,-0.06636198642318386,0.9995218124909763,0.9548693586698337,421,402,sift,-99.12807489730524,scheme_b_pairwise,NA,False,1507.2526600659594,308.71
1734763807600,F:\agent\UAV\data\IR-image\1734763807600.jpg,116.19160968478752,38.812137864359386,483.54,116.2090317,38.8121248,792.26,1963.358457639087,1.9107364867836323,-4.403007981747237,6.752352458456642,0.046714370945804704,1.0014304341530973,0.9452449567723343,347,328,sift,-99.12807489730524,scheme_b_pairwise,NA,False,1509.5101788132235,308.71999999999997
1734763807800,F:\agent\UAV\data\IR-image\1734763807800.jpg,116.19163956563219,38.81216120118656,483.54,116.2090878,38.8121248,792.28,1965.9503562958366,4.508592088334088,-8.353668047666702,6.026220683342103,0.006299148348943467,1.000101095970305,0.9698375870069605,431,418,sift,-99.12807489730524,scheme_b_pairwise,NA,False,1511.7863777653838,308.73999999999995
1734763808000,F:\agent\UAV\data\IR-image\1734763808000.jpg,116.19164924611982,38.81213017674435,483.54,116.2091437,38.8121248,792.28,1966.790052869654,1.0549511808145264,9.197284358227591,3.864946587695158,0.2892705323654055,1.0002635136764497,0.9694989106753813,459,445,sift,-99.12807489730524,scheme_b_pairwise,NA,False,1515.7860404211144,308.73999999999995
1734763808200,F:\agent\UAV\data\IR-image\1734763808200.jpg,116.19168164694157,38.81208371840394,483.54,116.2091994,38.8121247,792.3,1969.6005372222596,-4.116791273189753,13.081147778185823,10.091708457147092,-0.015113637253138692,0.999634521886743,0.9656084656084656,378,365,sift,-99.12807489730524,scheme_b_pairwise,NA,False,1517.811988554382,308.75999999999993
1734763808400,F:\agent\UAV\data\IR-image\1734763808400.jpg,116.19173299834654,38.812078047412456,483.54,116.2092549,38.8121248,792.28,1974.0548168473654,-4.748086045708929,-0.2339116445647278,12.62540399368487,0.02320111461787019,1.0010862995444185,0.9654088050314465,318,307,sift,-99.12807489730524,scheme_b_pairwise,NA,False,1518.1735582123356,308.73999999999995
1734763808600,F:\agent\UAV\data\IR-image\1734763808600.jpg,116.19178668638511,38.8121015154586,483.54,116.2093102,38.8121248,792.22,1978.7117787447116,-2.1356231484235906,-9.313698968107701,11.74269573879792,-0.07561104099801606,0.9995479648517887,0.9618528610354223,367,353,sift,-99.12807489730524,scheme_b_pairwise,NA,False,1518.3062813286874,308.68
1734763808800,F:\agent\UAV\data\IR-image\1734763808800.jpg,116.19181143053085,38.8121040074524,483.54,116.2093654,38.8121248,792.18,1980.85811425731,-1.8582143989805595,-1.7245310872975779,5.824685143038266,-0.02518917131482666,0.9996875148128301,0.9629629629629629,459,442,sift,-99.12807489730524,scheme_b_pairwise,NA,False,1520.9446158240632,308.63999999999993
1734763809000,F:\agent\UAV\data\IR-image\1734763809000.jpg,116.19182988314797,38.81212487296597,483.54,116.2094203,38.8121248,792.15,1982.4587153815703,0.4645345713470612,-7.149842204439437,3.401506205756334,0.11339949910290592,1.000293952228105,0.9753363228699552,446,435,sift,-99.12807489730524,scheme_b_pairwise,NA,False,1524.1005755690826,308.60999999999996
1734763809200,F:\agent\UAV\data\IR-image\1734763809200.jpg,116.19186632007111,38.812132577133255,483.54,116.2094751,38.8121248,792.14,1985.6192957861183,1.3221624737085311,-3.7841437676742657,8.377131269346023,0.07551179959732365,1.0009582301623665,0.9666666666666667,420,406,sift,-99.12807489730524,scheme_b_pairwise,NA,False,1525.6917848925038,308.59999999999997
1734763809400,F:\agent\UAV\data\IR-image\1734763809400.jpg,116.19189151764047,38.81212376569926,483.54,116.2095298,38.8121248,792.12,1987.804961784007,0.34127364175297936,1.745118087730475,6.493988680369455,-0.35492062921665607,1.0007468424734525,0.9559471365638766,454,434,sift,-99.12807489730524,scheme_b_pairwise,NA,False,1528.247841243108,308.58
1734763809600,F:\agent\UAV\data\IR-image\1734763809600.jpg,116.19191618441614,38.812101931731426,483.54,116.2095842,38.812125,792.12,1989.9445861307238,-2.0892836578316984,5.783135108093177,7.011912816081406,-0.5747726531295481,1.0005135636317088,0.9640718562874252,501,483,sift,-99.12807489730524,scheme_b_pairwise,NA,False,1530.8264180098042,308.58
1734763809800,F:\agent\UAV\data\IR-image\1734763809800.jpg,116.1919461194176,38.81208737793248,483.54,116.2096385,38.8121252,792.12,1992.5411824090477,-3.7094125563111664,3.3336830872707424,7.917459996189564,-0.46513557999828176,1.0002649460644828,0.9738955823293173,498,485,sift,-99.12807489730524,scheme_b_pairwise,NA,False,1532.9412689151702,308.58
1734763810000,F:\agent\UAV\data\IR-image\1734763810000.jpg,116.19198786707884,38.812089265211256,483.54,116.2096926,38.8121253,792.09,1996.162422314069,-3.499320683043392,-2.1947317442136978,9.942112950555668,-0.02501832435719083,0.9998554993327009,0.9680170575692963,469,454,sift,-99.12807489730524,scheme_b_pairwise,NA,False,1534.0109653648058,308.55
1734763810200,F:\agent\UAV\data\IR-image\1734763810200.jpg,116.19200988092605,38.81210717407345,483.54,116.2097466,38.8121252,792.07,1998.071928609168,-1.5057061442976243,-6.375252803079263,4.40414536844105,0.039512837437389606,1.000122873603534,0.9214285714285714,420,387,sift,-99.12807489730524,scheme_b_pairwise,NA,False,1536.7782498541776,308.53000000000003
1734763810400,F:\agent\UAV\data\IR-image\1734763810400.jpg,116.19203153270507,38.81209886030781,483.54,116.2098004,38.8121252,792.05,1999.950028697039,-2.4311945344022816,1.7285405814632782,5.6169516959486145,0.07494111150696271,1.0012255195688826,0.9523809523809523,441,420,sift,-99.12807489730524,scheme_b_pairwise,NA,False,1539.5652628347113,308.50999999999993
1734763810600,F:\agent\UAV\data\IR-image\1734763810600.jpg,116.19207389488506,38.812067434453084,483.54,116.2098541,38.8121253,791.98,2003.624572660021,-5.9295206827768645,8.05879670094572,11.741152751867219,0.08466802870801848,1.000522786767645,0.9516129032258065,496,472,sift,-99.12807489730524,scheme_b_pairwise,NA,False,1540.558604761787,308.44
1734763810800,F:\agent\UAV\data\IR-image\1734763810800.jpg,116.19211918943805,38.812076683498354,483.54,116.2099078,38.8121252,791.89,2007.5534740142,-4.89991696310663,-4.602870760259293,10.429826191680604,0.06363696838328647,0.9999084902762501,0.9681818181818181,440,426,sift,-99.12807489730524,scheme_b_pairwise,NA,False,1541.2827903235764,308.34999999999997
1734763811000,F:\agent\UAV\data\IR-image\1734763811000.jpg,116.19215170616262,38.81208425699984,483.54,116.2099614,38.812125,791.84,2010.3740119093852,-4.0568347779964835,-3.5924156592032546,7.441237019023106,0.45830344428028547,1.0006425545792934,0.9810606060606061,528,518,sift,-99.12807489730524,scheme_b_pairwise,NA,False,1543.1066551875676,308.3
1734763811200,F:\agent\UAV\data\IR-image\1734763811200.jpg,116.19217490268814,38.81209666771649,483.54,116.2100149,38.8121248,791.81,2012.3861050750304,-2.6752738002509107,-4.724728863098562,4.9609883338797545,0.4054709998486864,1.0005581797796346,0.9747747747747748,555,541,sift,-99.12807489730524,scheme_b_pairwise,NA,False,1545.7286465075067,308.2699999999999
1734763811400,F:\agent\UAV\data\IR-image\1734763811400.jpg,116.19220470510182,38.812085493661165,483.54,116.2100684,38.8121245,791.79,2014.9712005376375,-3.919169639589845,2.296136883695169,7.718055085047467,0.02927281439350743,0.9998273323545097,0.9505376344086022,465,442,sift,-99.12807489730524,scheme_b_pairwise,NA,False,1547.784932368582,308.24999999999994
1734763811600,F:\agent\UAV\data\IR-image\1734763811600.jpg,116.19222838457824,38.81209505642149,483.54,116.2101218,38.8121244,791.75,2017.0251854181047,-2.854643159650983,-3.864774354851477,5.218256122723062,-0.2667277423843147,1.0000149025164622,0.960644007155635,559,537,sift,-99.12807489730524,scheme_b_pairwise,NA,False,1550.3572855400582,308.21
1734763811800,F:\agent\UAV\data\IR-image\1734763811800.jpg,116.1922530774579,38.812105681379144,483.54,116.2101751,38.8121243,791.73,2019.1670740543345,-1.6718728736918052,-4.231609953843815,5.409214145458918,-0.4240253990224207,1.0009787577756692,0.9747747747747748,555,541,sift,-99.12807489730524,scheme_b_pairwise,NA,False,1552.8337475859719,308.19
1734763812000,F:\agent\UAV\data\IR-image\1734763812000.jpg,116.1923042132058,38.81213219472616,483.54,116.2102284,38.8121242,791.69,2023.6026473380484,1.2795929164384554,-10.154607299387237,10.978199853672152,-0.2453499773953746,1.0014907607479824,0.9382716049382716,405,380,sift,-99.12807489730524,scheme_b_pairwise,NA,False,1553.01985302734,308.15000000000003
1734763812200,F:\agent\UAV\data\IR-image\1734763812200.jpg,116.19235321635446,38.81211732955478,483.54,116.2102816,38.812124,791.62,2027.853236522828,-0.3751979620314354,2.6932387303006635,12.516660997699773,-0.20090949654055437,1.0000407089897967,0.9736842105263158,456,444,sift,-99.12807489730524,scheme_b_pairwise,NA,False,1553.383571079034,308.08
1734763812400,F:\agent\UAV\data\IR-image\1734763812400.jpg,116.19237536696482,38.812114048382135,483.54,116.2103348,38.8121239,791.59,2029.7746058115538,-0.7404581006393205,0.15669381888358203,5.487401810591564,-0.09129024515642165,0.999496388434945,0.9331941544885177,479,447,sift,-99.12807489730524,scheme_b_pairwise,NA,False,1556.0740538045286,308.05
1734763812600,F:\agent\UAV\data\IR-image\1734763812600.jpg,116.19238901328555,38.812120182577566,483.54,116.210388,38.8121237,791.57,2030.9583032855178,-0.05759946583168496,-2.4195162557531944,2.976351594502944,0.0315027187513958,1.001018373563189,0.9354005167958657,387,362,sift,-99.12807489730524,scheme_b_pairwise,NA,False,1559.5007336809674,308.03000000000003
1734763812800,F:\agent\UAV\data\IR-image\1734763812800.jpg,116.19242203666784,38.812123815865824,483.54,116.2104412,38.8121235,791.53,2033.822789250575,0.34685818382470435,-2.39641024376607,7.758346318138763,0.29647992591166555,1.000874874950491,0.9678111587982833,466,451,sift,-99.12807489730524,scheme_b_pairwise,NA,False,1561.2488263190376,307.98999999999995
1734763813000,F:\agent\UAV\data\IR-image\1734763813000.jpg,116.19245421978223,38.81211967806967,483.54,116.2104944,38.8121233,791.48,2036.6143894187041,-0.11376128474724151,0.033462415441249505,7.941564471490892,0.3409596825134164,1.000605036388655,0.985480943738657,551,543,sift,-99.12807489730524,scheme_b_pairwise,NA,False,1563.0699082782562,307.94
1734763813200,F:\agent\UAV\data\IR-image\1734763813200.jpg,116.19248904950271,38.81214720113025,483.54,116.2105475,38.8121231,791.43,2039.635559225725,2.9501058197298438,-9.836291040229469,7.008364688961308,0.14710663545784794,1.0007029704219974,0.9782214156079855,551,539,sift,-99.12807489730524,scheme_b_pairwise,NA,False,1564.6548579153412,307.88999999999993
1734763813400,F:\agent\UAV\data\IR-image\1734763813400.jpg,116.19251467200192,38.81214928400652,483.54,116.2106007,38.8121231,791.37,2041.8580841246096,3.1819716058271217,-1.6322426036682032,6.056111127796385,-0.0801736361288429,0.9999865726611301,0.9666666666666667,510,493,sift,-99.12807489730524,scheme_b_pairwise,NA,False,1567.0446638396877,307.83
1734763813600,F:\agent\UAV\data\IR-image\1734763813600.jpg,116.19254402091738,38.81213037684207,483.54,116.2106538,38.8121232,791.33,2044.4038426334464,1.0772260590614091,4.699355057369928,7.9923658626941005,-0.1251112356135296,1.000071030719076,0.9585062240663901,482,462,sift,-99.12807489730524,scheme_b_pairwise,NA,False,1569.100253041622,307.79
1734763813800,F:\agent\UAV\data\IR-image\1734763813800.jpg,116.19257903527424,38.81209458433786,483.54,116.210707,38.8121233,791.28,2047.4410280120046,-2.9071955089988584,9.68973790369239,10.191272150822783,0.03585116384785707,0.9998197983306916,0.9309309309309309,333,310,sift,-99.12807489730524,scheme_b_pairwise,NA,False,1570.679362399214,307.73999999999995
1734763814000,F:\agent\UAV\data\IR-image\1734763814000.jpg,116.1926112696194,38.81208034797131,483.54,116.2107602,38.8121233,791.23,2050.237071994677,-4.491987833907272,3.1469418476590363,8.45446118154797,-0.11263374572297935,1.00005743372911,0.9649122807017544,399,385,sift,-99.12807489730524,scheme_b_pairwise,NA,False,1572.5000714059236,307.69
1734763814200,F:\agent\UAV\data\IR-image\1734763814200.jpg,116.19263675240266,38.81206220545371,483.54,116.2108134,38.8121234,791.19,2052.4474777726778,-6.511612893375144,4.612786541191156,7.025088324076194,-0.372320009599792,1.0014488607917795,0.9138576779026217,267,244,sift,-99.12807489730524,scheme_b_pairwise,NA,False,1574.9092434767504,307.65000000000003
1734763814400,F:\agent\UAV\data\IR-image\1734763814400.jpg,116.19267082047911,38.81206004143848,483.54,116.2108666,38.8121236,791.14,2055.4025817053193,-6.752511068449951,-0.6482649986498927,8.296848578630033,-0.9085106879339956,1.0049572848752173,0.8266666666666667,300,248,sift,-99.12807489730524,scheme_b_pairwise,NA,False,1576.5680695295143,307.59999999999997
1734763814600,F:\agent\UAV\data\IR-image\1734763814600.jpg,116.19268053450631,38.812075168704254,483.54,116.2109198,38.8121239,791.13,2056.245187539431,-5.068543842197633,-5.042038076851611,1.585290514597773,-1.068327989653934,1.0011453439402593,0.9222520107238605,373,344,sift,-99.12807489730524,scheme_b_pairwise,NA,False,1580.329139133933,307.59
1734763814800,F:\agent\UAV\data\IR-image\1734763814800.jpg,116.19272204989859,38.812084612184,483.54,116.2109731,38.8121242,791.14,2059.846280168939,-4.0172956771280655,-4.5168852375845745,9.51172077337253,-0.5907599559701432,1.0011759659245976,0.9791666666666666,288,282,sift,-99.12807489730524,scheme_b_pairwise,NA,False,1581.346931508893,307.59999999999997
1734763815000,F:\agent\UAV\data\IR-image\1734763815000.jpg,116.19277008929508,38.81213800735185,483.54,116.2110264,38.8121243,791.12,2064.0132723881316,1.9266544073424523,-18.328184012915017,8.901352776727776,-0.1261917359621982,1.0000085201058408,0.9313186813186813,364,339,sift,-99.12807489730524,scheme_b_pairwise,NA,False,1581.79674382963,307.58
1734763815200,F:\agent\UAV\data\IR-image\1734763815200.jpg,116.19278528265528,38.812145260449554,483.54,116.2110798,38.8121243,791.15,2065.3311618369985,2.7340692444681167,-2.824457230584926,3.292778884158963,0.4128975399219815,0.9972769683135084,0.7839506172839507,162,127,sift,-99.12807489730524,scheme_b_pairwise,NA,False,1585.1080104717284,307.60999999999996
1734763815400,F:\agent\UAV\data\IR-image\1734763815400.jpg,116.1928305248461,38.81214295599279,483.54,116.2111332,38.8121243,791.19,2069.2555212364177,2.477537117066762,-1.0365365594437321,10.989940617664388,0.37337220050733105,0.9996884988060657,0.9506726457399103,446,424,sift,-99.12807489730524,scheme_b_pairwise,NA,False,1585.8145029517511,307.65000000000003
1734763815600,F:\agent\UAV\data\IR-image\1734763815600.jpg,116.19283992125031,38.81211986440418,483.54,116.2111868,38.8121244,791.18,2070.0705760886185,-0.09301852661076015,6.7609330140907105,3.4034283047272993,0.165157166325463,0.9995301243926065,0.9728395061728395,405,394,sift,-99.12807489730524,scheme_b_pairwise,NA,False,1589.6434497376401,307.63999999999993
1734763815800,F:\agent\UAV\data\IR-image\1734763815800.jpg,116.19285670206712,38.8121174821919,483.54,116.2112404,38.8121245,791.17,2071.5261633392706,-0.358206397751936,0.0867676197409537,4.152003268749468,0.019470493445377893,1.0017466894684444,0.956989247311828,372,356,sift,-99.12807489730524,scheme_b_pairwise,NA,False,1592.8337404910205,307.62999999999994
1734763816000,F:\agent\UAV\data\IR-image\1734763816000.jpg,116.19289321235765,38.81214517635921,483.54,116.211294,38.8121246,791.11,2074.6931077159893,2.7247083068876115,-9.953990059757245,7.403872998155919,0.2609327842457677,1.000399461955538,0.9615384615384616,520,500,sift,-99.12807489730524,scheme_b_pairwise,NA,False,1594.3155974875576,307.57
1734763816200,F:\agent\UAV\data\IR-image\1734763816200.jpg,116.19289423222489,38.81213232760877,483.54,116.2113477,38.8121247,791.05,2074.7815721671677,1.2943854087074382,3.9245099491296855,0.8820710783447225,0.3355742298268469,0.9996443055708598,0.9367469879518072,332,311,sift,-99.12807489730524,scheme_b_pairwise,NA,False,1598.8787300663082,307.50999999999993
1734763816400,F:\agent\UAV\data\IR-image\1734763816400.jpg,116.19291931894547,38.812072874596055,483.54,116.2114015,38.812125,791.05,2076.9576230156226,-5.323923967380249,17.372573596127324,8.977621291217417,-0.08445787156421897,1.0029601800463808,0.8955223880597015,268,240,sift,-99.12807489730524,scheme_b_pairwise,NA,False,1601.377486884132,307.50999999999993
1734763816600,F:\agent\UAV\data\IR-image\1734763816600.jpg,116.19296314940458,38.8120489465543,483.54,116.2114553,38.8121253,791.01,2080.759527190939,-7.987593575510514,5.68897277809441,11.722447324316477,-0.25927225878089355,0.9998976249389017,0.9600886917960089,451,433,sift,-99.12807489730524,scheme_b_pairwise,NA,False,1602.2535567036507,307.46999999999997
1734763816800,F:\agent\UAV\data\IR-image\1734763816800.jpg,116.19297248179994,38.812041860411995,483.54,116.2115093,38.8121258,791.0,2081.5690298428417,-8.776422937228508,1.8256471122539892,2.5946588087556393,-0.5651815523145624,1.0002242818372615,0.9904534606205251,419,415,sift,-99.12807489730524,scheme_b_pairwise,NA,False,1606.1284303841785,307.46
1734763817000,F:\agent\UAV\data\IR-image\1734763817000.jpg,116.1929993462185,38.81203238600867,483.54,116.2115634,38.8121262,791.07,2083.8992802472617,-9.831113515519073,1.8852655648448717,6.927543410588555,-0.5405679753495032,1.0013290058483428,0.9678800856531049,467,452,sift,-99.12807489730524,scheme_b_pairwise,NA,False,1608.4950347763038,307.53000000000003
1734763817200,F:\agent\UAV\data\IR-image\1734763817200.jpg,116.19304567372674,38.812053635622604,483.54,116.2116177,38.8121266,791.11,2087.9177813217557,-7.46560649160147,-8.345002454171777,10.083274340754542,-0.3144324607631238,1.0007522408304699,0.9487750556792873,449,426,sift,-99.12807489730524,scheme_b_pairwise,NA,False,1609.1721841288693,307.57
1734763817400,F:\agent\UAV\data\IR-image\1734763817400.jpg,116.19306671320356,38.812075819822674,483.54,116.2116721,38.8121268,791.15,2089.7427696152213,-4.996061340240736,-7.656580480130913,3.957991274103506,0.032751017050198825,1.0005261185837921,0.9723991507430998,471,458,sift,-99.12807489730524,scheme_b_pairwise,NA,False,1612.05192851207,307.60999999999996
1734763817600,F:\agent\UAV\data\IR-image\1734763817600.jpg,116.19306573723283,38.812102545954,483.54,116.2117267,38.812127,791.24,2089.6581127972077,-2.020908401483547,-8.207445122272532,-1.5594141434805522,0.22086320703624707,1.000537389682827,0.9356435643564357,404,378,sift,-99.12807489730524,scheme_b_pairwise,NA,False,1616.8592572926177,307.7
1734763817800,F:\agent\UAV\data\IR-image\1734763817800.jpg,116.19309167831003,38.81210469135868,483.54,116.2117815,38.8121271,791.31,2091.908271515084,-1.7820819522600073,-1.6638379505581042,6.129594159559417,0.3344124868286397,1.0024151754297932,0.9140625,256,234,sift,-99.12807489730524,scheme_b_pairwise,NA,False,1619.3593094083415,307.7699999999999
1734763818000,F:\agent\UAV\data\IR-image\1734763818000.jpg,116.19312009330585,38.81207015301919,483.54,116.2118364,38.8121271,791.31,2094.3730207666727,-5.626889903725175,9.557721283523733,8.54269221546349,0.26811358368038424,1.0001796736037674,0.9565217391304348,322,308,sift,-99.12807489730524,scheme_b_pairwise,NA,False,1621.6649102167548,307.7699999999999
1734763818200,F:\agent\UAV\data\IR-image\1734763818200.jpg,116.19312423475188,38.81204857714593,483.54,116.2118915,38.8121271,791.35,2094.7322545327356,-8.028716114838295,6.496299395139545,2.065062628925375,0.0008239350281014035,0.997310773163924,0.7891156462585034,147,116,sift,-99.12807489730524,scheme_b_pairwise,NA,False,1626.0914797443527,307.81
1734763818400,F:\agent\UAV\data\IR-image\1734763818400.jpg,116.19313214421479,38.81204967163301,483.54,116.2119467,38.8121271,791.43,2095.4183303964223,-7.906877813262734,-0.6431563980215174,1.847092004173362,0.10162474633380895,1.0000573587043033,0.9614643545279383,519,499,sift,-99.12807489730524,scheme_b_pairwise,NA,False,1630.188194999609,307.88999999999993
1734763818600,F:\agent\UAV\data\IR-image\1734763818600.jpg,116.19314307084932,38.81206318643256,483.54,116.2120021,38.8121271,791.49,2096.3661191780566,-6.402410327450118,-4.591421155495198,1.9567167678457054,-0.2545640835447982,1.0000351511403767,0.9678638941398866,529,512,sift,-99.12807489730524,scheme_b_pairwise,NA,False,1634.0341027286865,307.95
1734763818800,F:\agent\UAV\data\IR-image\1734763818800.jpg,116.19317308737567,38.81207928992162,483.54,116.2120576,38.8121272,791.55,2098.969787019195,-4.6097699253031905,-6.12738864887416,6.417390212958139,-0.582303075752047,0.9997587246895047,0.9701149425287356,435,422,sift,-99.12807489730524,scheme_b_pairwise,NA,False,1636.2351202037055,308.00999999999993
1734763819000,F:\agent\UAV\data\IR-image\1734763819000.jpg,116.19320114987221,38.81208217047153,483.54,116.2121134,38.8121274,791.63,2101.403960078593,-4.289107109788371,-1.9725733352019574,6.6031185151056775,-0.38125735791025567,1.0000167934030657,0.9820359281437125,501,492,sift,-99.12807489730524,scheme_b_pairwise,NA,False,1638.6374135726842,308.09
1734763819200,F:\agent\UAV\data\IR-image\1734763819200.jpg,116.1932197127528,38.81209276890736,483.54,116.2121693,38.8121274,791.73,2103.0141255820236,-3.109289232458501,-3.986657566615065,3.9369465394727854,-0.11088303545840951,1.0004828272225679,0.9784735812133072,511,500,sift,-99.12807489730524,scheme_b_pairwise,NA,False,1641.86912009522,308.19
1734763819400,F:\agent\UAV\data\IR-image\1734763819400.jpg,116.19324176540354,38.812116484034945,483.54,116.2122254,38.8121274,791.83,2104.926997740244,-0.46932123019156524,-8.168012771633983,4.125659435616967,0.28598581747405816,1.0011573367930315,0.9470046082949308,434,411,sift,-99.12807489730524,scheme_b_pairwise,NA,False,1644.8147706970717,308.29
1734763819600,F:\agent\UAV\data\IR-image\1734763819600.jpg,116.19325933990037,38.81211000703031,483.54,116.2122817,38.8121273,791.9,2106.451429704182,-1.1903413856312781,1.3193752580414184,4.545771892091011,0.24161714132222684,1.0020364245249758,0.9384288747346072,471,442,sift,-99.12807489730524,scheme_b_pairwise,NA,False,1648.1708455377436,308.35999999999996
1734763819800,F:\agent\UAV\data\IR-image\1734763819800.jpg,116.19328255646312,38.812122917058,483.54,116.212338,38.8121273,791.97,2108.4652609224477,0.24680289650234366,-4.879542687316757,4.941054443092241,0.21744016654368487,1.0017931477245121,0.9568788501026694,487,466,sift,-99.12807489730524,scheme_b_pairwise,NA,False,1651.0361211317388,308.43
1734763820000,F:\agent\UAV\data\IR-image\1734763820000.jpg,116.19333009336741,38.812115897286844,483.54,116.2123945,38.8121272,791.96,2112.5886663935344,-0.5346380289091963,0.32952796731245826,11.775299651546504,0.4848744494051263,1.0007742168415235,0.9679012345679012,405,392,sift,-99.12807489730524,scheme_b_pairwise,NA,False,1651.8132065586096,308.42
1734763820200,F:\agent\UAV\data\IR-image\1734763820200.jpg,116.19334829682873,38.812107064043744,483.54,116.2124512,38.812127,791.92,2114.1676554565784,-1.5179546503233863,2.0219926576633043,4.813765463799768,0.5183790820734524,1.0007289842278622,0.9468599033816425,414,392,sift,-99.12807489730524,scheme_b_pairwise,NA,False,1655.1498044458897,308.37999999999994
1734763820400,F:\agent\UAV\data\IR-image\1734763820400.jpg,116.19335123588226,38.81209096988347,483.54,116.2125079,38.8121268,791.92,2114.422592323338,-3.3095565722821667,4.851606434421285,1.5042951570216587,0.06052156313645004,0.9995371872542904,0.9587301587301588,315,302,sift,-99.12807489730524,scheme_b_pairwise,NA,False,1659.8113446975099,308.37999999999994
1734763820600,F:\agent\UAV\data\IR-image\1734763820600.jpg,116.1933795936428,38.81209988830973,483.54,116.2125648,38.8121268,791.93,2116.8823769195737,-2.316757361044186,-3.8466921608198277,6.374801922186805,-0.0706476445616659,0.998757662309141,0.9585365853658536,410,393,sift,-99.12807489730524,scheme_b_pairwise,NA,False,1662.2821611326176,308.38999999999993
1734763820800,F:\agent\UAV\data\IR-image\1734763820800.jpg,116.19342476667671,38.812104828657986,483.54,116.2126217,38.8121267,791.88,2120.800737570222,-1.766797793105428,-3.2689230640487494,10.614194482050436,0.08119608024369145,0.9990780010754456,0.9690522243713733,517,501,sift,-99.12807489730524,scheme_b_pairwise,NA,False,1663.2972581436334,308.34
1734763821000,F:\agent\UAV\data\IR-image\1734763821000.jpg,116.19344938490065,38.812107934992355,483.54,116.2126787,38.8121266,791.83,2122.936150482606,-1.4210006515996043,-1.9091944385127704,5.763962397120849,0.1896818478367446,0.999547338771668,0.9740034662045061,577,562,sift,-99.12807489730524,scheme_b_pairwise,NA,False,1666.1024182248173,308.29
1734763821200,F:\agent\UAV\data\IR-image\1734763821200.jpg,116.19348011906277,38.81211738973077,483.54,116.2127358,38.8121265,791.82,2125.6020668721617,-0.36849917085172246,-4.103935225656585,6.919477181186778,0.028395424296670572,1.0003994793882918,0.9903069466882067,619,613,sift,-99.12807489730524,scheme_b_pairwise,NA,False,1668.385760161292,308.28000000000003
1734763821400,F:\agent\UAV\data\IR-image\1734763821400.jpg,116.19352336777479,38.812125185146954,483.54,116.212793,38.8121265,791.8,2129.3535096386922,0.4992865584054359,-4.07539880164029,10.010084927954608,-0.09512384106218422,1.0011595540213496,0.9632867132867133,572,551,sift,-99.12807489730524,scheme_b_pairwise,NA,False,1669.5941603194817,308.25999999999993
1734763821600,F:\agent\UAV\data\IR-image\1734763821600.jpg,116.19354612422359,38.812112813691,483.54,116.2128503,38.8121266,791.78,2131.3274300456733,-0.8779039181883578,2.937690131876991,6.08363959675421,-0.0985483187578175,0.9997847163952127,0.976271186440678,590,576,sift,-99.12807489730524,scheme_b_pairwise,NA,False,1672.5879850167266,308.23999999999995
1734763821800,F:\agent\UAV\data\IR-image\1734763821800.jpg,116.19354402840824,38.812086446674044,483.54,116.2129077,38.8121267,791.84,2131.145636625025,-3.81308024526761,8.215303855689115,0.8031904645736176,-0.21933141588264282,1.0016452996329335,0.9768160741885626,647,632,sift,-99.12807489730524,scheme_b_pairwise,NA,False,1677.7485063918737,308.3
1734763822000,F:\agent\UAV\data\IR-image\1734763822000.jpg,116.19358382508217,38.812066377290755,483.54,116.2129651,38.8121268,791.9,2134.5976456579488,-6.047203993540018,4.654362162769019,10.561499199162029,-0.6374519541177129,1.00106035229338,0.9816176470588235,544,534,sift,-99.12807489730524,scheme_b_pairwise,NA,False,1679.2814312744567,308.35999999999996
1734763822200,F:\agent\UAV\data\IR-image\1734763822200.jpg,116.19363209025822,38.8120686286791,483.54,116.2130226,38.812127,791.88,2138.784222254756,-5.796579443086069,-2.558799335588276,11.490800880902668,-0.3471481964215165,0.9994646781001387,0.9831365935919055,593,583,sift,-99.12807489730524,scheme_b_pairwise,NA,False,1680.0806398107018,308.34
1734763822400,F:\agent\UAV\data\IR-image\1734763822400.jpg,116.1936668568532,38.812066643994385,483.54,116.2130801,38.8121271,791.83,2141.799916483159,-6.017514545219827,-0.7305695082346233,8.455875182216005,0.1082641736560215,1.0020242728374487,0.96875,480,465,sift,-99.12807489730524,scheme_b_pairwise,NA,False,1682.0512671953416,308.29
1734763822600,F:\agent\UAV\data\IR-image\1734763822600.jpg,116.19369978045347,38.812068945130086,483.54,116.2131378,38.8121269,791.79,2144.655747243407,-5.76135211886482,-1.9815806173861574,7.800394036868397,0.27847143914217093,0.9996679633766444,0.9552772808586762,559,534,sift,-99.12807489730524,scheme_b_pairwise,NA,False,1684.1968603913963,308.24999999999994
1734763822800,F:\agent\UAV\data\IR-image\1734763822800.jpg,116.19371385914495,38.812086710707625,483.54,116.2131954,38.8121268,791.77,2145.8769490517802,-3.7836880274056313,-6.024554612092004,2.503726445971438,-0.012574225151122534,0.9986337276150001,0.9678030303030303,528,511,sift,-99.12807489730524,scheme_b_pairwise,NA,False,1687.9610612463603,308.22999999999996
1734763823000,F:\agent\UAV\data\IR-image\1734763823000.jpg,116.19376023389883,38.81208865412017,483.54,116.2132531,38.8121267,791.77,2149.8995482654827,-3.5673473429390636,-2.3907700316253795,11.051631036288256,-0.10887983192821912,1.000680614440564,0.9613152804642167,517,497,sift,-99.12807489730524,scheme_b_pairwise,NA,False,1688.9417141610238,308.22999999999996
1734763823200,F:\agent\UAV\data\IR-image\1734763823200.jpg,116.19380355845244,38.812098206539694,483.54,116.2133107,38.8121266,791.73,2153.6575696197233,-2.5039720016686537,-4.620372271077201,9.941222555475008,-0.10161424911268334,0.9987258650331529,0.9531835205992509,534,509,sift,-99.12807489730524,scheme_b_pairwise,NA,False,1690.176131677084,308.19
1734763823400,F:\agent\UAV\data\IR-image\1734763823400.jpg,116.19382024232127,38.81210061379076,483.54,116.2133683,38.8121265,791.74,2155.1047474909237,-2.235996812690689,-1.387060578283183,3.8912866106433057,-0.03226710234446449,1.0004563570369807,0.9683426443202979,537,520,sift,-99.12807489730524,scheme_b_pairwise,NA,False,1693.7207310577485,308.2
1734763823600,F:\agent\UAV\data\IR-image\1734763823600.jpg,116.19384355647995,38.81212769866312,483.54,116.2134259,38.8121263,791.78,2157.127044292118,0.7790911783677608,-9.256321020338646,4.261874970719589,-0.08064617056672238,1.0008174555115343,0.9746835443037974,553,539,sift,-99.12807489730524,scheme_b_pairwise,NA,False,1696.688628170776,308.23999999999995
1734763823800,F:\agent\UAV\data\IR-image\1734763823800.jpg,116.19388542659728,38.81214459827358,483.54,116.2134835,38.8121262,791.78,2160.758906177959,2.660355815519808,-6.830839126123692,9.227395736218966,0.07886131684541829,1.001298714757723,0.9502762430939227,543,516,sift,-99.12807489730524,scheme_b_pairwise,NA,False,1698.0525499546827,308.23999999999995
1734763824000,F:\agent\UAV\data\IR-image\1734763824000.jpg,116.1939418048548,38.81216039377243,483.54,116.2135409,38.8121259,791.77,2165.6492207452643,4.4187107469649884,-7.0505900058136035,12.769718461376215,0.16364006450245902,1.0014669459294359,0.9571734475374732,467,447,sift,-99.12807489730524,scheme_b_pairwise,NA,False,1698.1439921098877,308.22999999999996
1734763824200,F:\agent\UAV\data\IR-image\1734763824200.jpg,116.19397764054142,38.81215028412839,483.54,116.2135983,38.8121257,791.77,2168.7576492068833,3.2933051728428273,1.7347265628962987,9.115623133335419,0.23299317146134096,1.001551860433501,0.9627192982456141,456,439,sift,-99.12807489730524,scheme_b_pairwise,NA,False,1700.0103949781862,308.22999999999996
1734763824400,F:\agent\UAV\data\IR-image\1734763824400.jpg,116.19400648928426,38.8121395042143,483.54,116.2136556,38.8121255,791.78,2171.260022170316,2.0932851356581246,2.211377781230624,7.469266031808559,0.11098651570580133,1.000997122479053,0.9682203389830508,472,457,sift,-99.12807489730524,scheme_b_pairwise,NA,False,1702.4741650937747,308.23999999999995
1734763824600,F:\agent\UAV\data\IR-image\1734763824600.jpg,116.19403309651808,38.81211186760796,483.54,116.2137128,38.8121254,791.78,2173.567964076338,-0.983221881982463,7.4983274833231235,7.766011033833877,-0.24184885255240265,0.9927176977431617,0.8940677966101694,236,211,sift,-99.12807489730524,scheme_b_pairwise,NA,False,1705.1251221039367,308.23999999999995
1734763824800,F:\agent\UAV\data\IR-image\1734763824800.jpg,116.19405160507974,38.81213626997034,483.54,116.2137699,38.8121252,791.81,2175.1734178923907,1.7332490980551856,-8.243138158849035,3.2396346911744445,-0.183248214085035,0.999796972422903,0.9759358288770054,374,365,sift,-99.12807489730524,scheme_b_pairwise,NA,False,1708.4683205203942,308.2699999999999
1734763825000,F:\agent\UAV\data\IR-image\1734763825000.jpg,116.19409647565044,38.81216604646195,483.54,116.2138269,38.8121251,791.79,2179.065542536869,5.047968143615819,-10.919311804783547,9.310369728808666,0.21281280936408448,1.0034134022618595,0.9234234234234234,222,205,sift,-99.12807489730524,scheme_b_pairwise,NA,False,1709.5245239028645,308.24999999999994
1734763825200,F:\agent\UAV\data\IR-image\1734763825200.jpg,116.19413733697576,38.81219468964531,483.54,116.2138837,38.8121249,791.72,2182.6099006495306,8.236527315809383,-10.414824195482424,8.402770151342509,0.5711525399404139,1.002684949689977,0.9335180055401662,361,337,sift,-99.12807489730524,scheme_b_pairwise,NA,False,1710.916705439149,308.18
1734763825400,F:\agent\UAV\data\IR-image\1734763825400.jpg,116.19415305044477,38.812165369689325,483.54,116.2139404,38.8121246,791.68,2183.972904931001,4.972629815860172,8.43841905897932,5.230716329421455,0.7498735811273922,1.00239088171508,0.9633507853403142,382,368,sift,-99.12807489730524,scheme_b_pairwise,NA,False,1714.456683262993,308.13999999999993
1734763825600,F:\agent\UAV\data\IR-image\1734763825600.jpg,116.19417294436661,38.812157063343406,483.54,116.213997,38.8121244,791.67,2185.698526475034,4.047967387837715,1.7941485302072806,5.194014964996029,0.6117003033017222,1.001010809525961,0.9582366589327146,431,413,sift,-99.12807489730524,scheme_b_pairwise,NA,False,1717.6349854113548,308.12999999999994
1734763825800,F:\agent\UAV\data\IR-image\1734763825800.jpg,116.19419809330297,38.81213009609631,483.54,116.2140534,38.8121241,791.66,2187.879973990755,1.0459734410552057,7.348153409572831,7.382273031952423,0.3398544916820626,0.9989681022874871,0.9532163742690059,342,326,sift,-99.12807489730524,scheme_b_pairwise,NA,False,1720.3393141998117,308.11999999999995
1734763826000,F:\agent\UAV\data\IR-image\1734763826000.jpg,116.19421444002467,38.81214361890407,483.54,116.2141097,38.8121239,791.66,2189.297907335113,2.551332400452721,-4.803241765305586,3.2592473133872772,0.18083239792361644,1.0011059548268377,0.9295774647887324,426,396,sift,-99.12807489730524,scheme_b_pairwise,NA,False,1723.8021220595253,308.11999999999995
1734763826200,F:\agent\UAV\data\IR-image\1734763826200.jpg,116.19421444002467,38.81214361890407,483.54,116.2141658,38.8121238,791.62,2189.297907335113,2.551332400452721,0.0,0.0,0.0,1.0,1.0,890,890,sift,-99.12807489730524,scheme_b_pairwise,NA,False,1728.6628500934664,308.08
1734763826400,F:\agent\UAV\data\IR-image\1734763826400.jpg,116.19421444002467,38.81214361890407,483.54,116.2142219,38.8121237,791.59,2189.297907335113,2.551332400452721,0.0,0.0,0.0,1.0,1.0,890,890,sift,-99.12807489730524,scheme_b_pairwise,NA,False,1733.5235781458837,308.05
1734763826600,F:\agent\UAV\data\IR-image\1734763826600.jpg,116.19421444002467,38.81214361890407,483.54,116.2142778,38.8121235,791.57,2189.297907335113,2.551332400452721,0.0,0.0,0.0,1.0,1.0,890,890,sift,-99.12807489730524,scheme_b_pairwise,NA,False,1738.3669929699602,308.03000000000003
1734763826800,F:\agent\UAV\data\IR-image\1734763826800.jpg,116.19421444002467,38.81214361890407,483.54,116.2143335,38.8121235,791.55,2189.297907335113,2.551332400452721,0.0,0.0,0.0,1.0,1.0,890,890,sift,-99.12807489730524,scheme_b_pairwise,NA,False,1743.1930480822723,308.00999999999993
1734763827000,F:\agent\UAV\data\IR-image\1734763827000.jpg,116.19421444002467,38.81214361890407,483.54,116.2143892,38.8121235,791.55,2189.297907335113,2.551332400452721,0.0,0.0,0.0,1.0,1.0,890,890,sift,-99.12807489730524,scheme_b_pairwise,NA,False,1748.0191032164284,308.00999999999993
1734763827200,F:\agent\UAV\data\IR-image\1734763827200.jpg,116.19421444002467,38.81214361890407,483.54,116.2144446,38.8121235,791.56,2189.297907335113,2.551332400452721,0.0,0.0,0.0,1.0,1.0,890,890,sift,-99.12807489730524,scheme_b_pairwise,NA,False,1752.819165257006,308.0199999999999
1734763827400,F:\agent\UAV\data\IR-image\1734763827400.jpg,116.19421444002467,38.81214361890407,483.54,116.2144999,38.8121236,791.56,2189.297907335113,2.551332400452721,0.0,0.0,0.0,1.0,1.0,890,890,sift,-99.12807489730524,scheme_b_pairwise,NA,False,1757.6105475953398,308.0199999999999
1734763827600,F:\agent\UAV\data\IR-image\1734763827600.jpg,116.19421444002467,38.81214361890407,483.54,116.2145551,38.8121237,791.52,2189.297907335113,2.551332400452721,0.0,0.0,0.0,1.0,1.0,890,890,sift,-99.12807489730524,scheme_b_pairwise,NA,False,1762.3932657207156,307.97999999999996
1734763827800,F:\agent\UAV\data\IR-image\1734763827800.jpg,116.19421444002467,38.81214361890407,483.54,116.2146101,38.8121238,791.47,2189.297907335113,2.551332400452721,0.0,0.0,0.0,1.0,1.0,890,890,sift,-99.12807489730524,scheme_b_pairwise,NA,False,1767.1586552638298,307.93
1734763828000,F:\agent\UAV\data\IR-image\1734763828000.jpg,116.19421444002467,38.81214361890407,483.54,116.214665,38.8121239,791.45,2189.297907335113,2.551332400452721,0.0,0.0,0.0,1.0,1.0,890,890,sift,-99.12807489730524,scheme_b_pairwise,NA,False,1771.9153805904862,307.91
1734763828200,F:\agent\UAV\data\IR-image\1734763828200.jpg,116.19456281064457,38.812086369764266,483.54,116.2147198,38.8121241,791.47,2219.515973519562,-3.8216418418467377,4.205876821844129,86.58216072698957,0.9646161556112836,1.008941367906772,0.9576059850374065,401,384,sift,-99.12807489730524,scheme_b_pairwise,NA,False,1746.4836914342268,307.93
1734763828400,F:\agent\UAV\data\IR-image\1734763828400.jpg,116.1945946791914,38.81207770641296,483.54,116.2147746,38.8121244,791.5,2222.2802877366526,-4.786046109752501,1.441768372549575,8.09027564822162,-0.2738619065211817,1.0005668282312457,0.9681818181818181,440,426,sift,-99.12807489730524,scheme_b_pairwise,NA,False,1748.473332736926,307.96
1734763828600,F:\agent\UAV\data\IR-image\1734763828600.jpg,116.19462863267742,38.81209798875523,483.54,116.2148292,38.8121246,791.52,2225.2254519650305,-2.5282157681965773,-7.568649708728287,7.156646885583029,-0.21265349481183732,0.9984569515192211,0.968,375,363,sift,-99.12807489730524,scheme_b_pairwise,NA,False,1750.2567664633345,307.97999999999996
1734763828800,F:\agent\UAV\data\IR-image\1734763828800.jpg,116.19465693846163,38.81212136265795,483.54,116.2148838,38.8121247,791.54,2227.680728075941,0.07376708255005049,-8.304269563409548,5.645756189581675,-0.28736364646285306,0.9993035554362153,0.9613636363636363,440,423,sift,-99.12807489730524,scheme_b_pairwise,NA,False,1752.5322468771938,307.99999999999994
1734763829000,F:\agent\UAV\data\IR-image\1734763829000.jpg,116.19468990659922,38.812108527332484,483.54,116.2149383,38.812125,791.52,2230.540422052602,-1.3550613479112616,2.6863712182940276,8.561407607604679,-0.4109307569365965,1.002393532872011,0.9655831739961759,523,505,sift,-99.12807489730524,scheme_b_pairwise,NA,False,1754.3989205799598,307.97999999999996
1734763829200,F:\agent\UAV\data\IR-image\1734763829200.jpg,116.19473139807769,38.812107937327234,483.54,116.2149926,38.8121254,791.46,2234.1394403704485,-1.4207407325422066,-1.420582520763901,10.003327327257864,-0.3301872098454533,1.0013147593628444,0.9610091743119266,436,419,sift,-99.12807489730524,scheme_b_pairwise,NA,False,1755.5088197381722,307.92
1734763829400,F:\agent\UAV\data\IR-image\1734763829400.jpg,116.19476223994543,38.81209152998896,483.54,116.215047,38.8121256,791.41,2236.8146992687944,-3.2472056287291,3.8704814358522412,8.227339450796137,-0.23102282653132408,1.0014324695805192,0.9738317757009346,535,521,sift,-99.12807489730524,scheme_b_pairwise,NA,False,1757.553195127808,307.86999999999995
1734763829600,F:\agent\UAV\data\IR-image\1734763829600.jpg,116.19477859543296,38.812075748467294,483.54,116.2151013,38.8121258,791.39,2238.233392971009,-5.004004621238391,4.23694818693167,4.713956438378773,0.10525872711619107,1.0021254392549799,0.9558823529411765,408,390,sift,-99.12807489730524,scheme_b_pairwise,NA,False,1760.8457576539502,307.84999999999997
1734763829800,F:\agent\UAV\data\IR-image\1734763829800.jpg,116.19480152412329,38.812082806537624,483.54,116.2151556,38.8121259,791.38,2240.222253806532,-4.2183002315009475,-3.0630662791600116,5.16193196992964,0.0638987805686977,1.001000771015459,0.9863636363636363,440,434,sift,-99.12807489730524,scheme_b_pairwise,NA,False,1763.5615139537783,307.84
1734763830000,F:\agent\UAV\data\IR-image\1734763830000.jpg,116.19483840961978,38.812095646894576,483.54,116.2152098,38.8121259,791.36,2243.4217439760955,-2.788911695604274,-5.386009402860282,8.230364693320325,-0.04650910362212561,1.00015468943839,0.9737470167064439,419,408,sift,-99.12807489730524,scheme_b_pairwise,NA,False,1765.0582454830528,307.82
1734763830200,F:\agent\UAV\data\IR-image\1734763830200.jpg,116.19486794910648,38.812114874358905,483.54,116.215264,38.8121259,791.36,2245.9840328524756,-0.6485103667099454,-7.072724669397928,6.147861295538689,-0.019472708642005867,0.9996270289768429,0.9582608695652174,575,551,sift,-99.12807489730524,scheme_b_pairwise,NA,False,1767.1919075637113,307.82
1734763830400,F:\agent\UAV\data\IR-image\1734763830400.jpg,116.19489725220548,38.812118151728235,483.54,116.2153182,38.8121259,791.4,2248.525817188889,-0.28367361307798566,-2.1429121427109408,6.88167512891863,-0.042233840673563554,1.0004817016047793,0.9653916211293261,549,530,sift,-99.12807489730524,scheme_b_pairwise,NA,False,1769.348813613465,307.85999999999996
1734763830600,F:\agent\UAV\data\IR-image\1734763830600.jpg,116.19491467601141,38.812130043484096,483.54,116.2153723,38.8121259,791.42,2250.037178052202,1.0401166497509844,-4.3416565169877686,3.599016633020767,0.04563281903281921,1.0002164555065391,0.9770554493307839,523,511,sift,-99.12807489730524,scheme_b_pairwise,NA,False,1772.526280735512,307.87999999999994
1734763830800,F:\agent\UAV\data\IR-image\1734763830800.jpg,116.19494313692731,38.81214385641101,483.54,116.2154264,38.812126,791.43,2252.5059104629086,2.577771673435411,-5.360653839858799,6.156981192008573,0.018496764092237713,1.0008974348199424,0.9330855018587361,538,502,sift,-99.12807489730524,scheme_b_pairwise,NA,False,1774.748625810877,307.88999999999993
1734763831000,F:\agent\UAV\data\IR-image\1734763831000.jpg,116.19498154377139,38.81213649696013,483.54,116.2154804,38.812126,791.43,2255.837364065687,1.75851760114314,0.7869679991377438,9.597374451237044,0.00321626455748785,1.0009329057388567,0.953405017921147,558,532,sift,-99.12807489730524,scheme_b_pairwise,NA,False,1776.099040504264,307.88999999999993
1734763831200,F:\agent\UAV\data\IR-image\1734763831200.jpg,116.19500761152804,38.81212378190291,483.54,116.2155344,38.8121261,791.44,2258.0985111038053,0.3430774323618526,2.915794036324428,6.896672616321382,0.025094729534292374,1.001095474206547,0.9774436090225563,532,520,sift,-99.12807489730524,scheme_b_pairwise,NA,False,1778.5189886409678,307.90000000000003
1734763831400,F:\agent\UAV\data\IR-image\1734763831400.jpg,116.19502325174767,38.81209339089823,483.54,116.2155884,38.8121261,791.46,2259.455161650351,-3.0400492094782234,8.77167205364168,5.2661993931549205,0.032395814561883216,1.001558571495298,0.9803536345776032,509,499,sift,-99.12807489730524,scheme_b_pairwise,NA,False,1781.8466992363153,307.92
1734763831600,F:\agent\UAV\data\IR-image\1734763831600.jpg,116.19503656696779,38.812100286285094,483.54,116.2156424,38.8121261,791.49,2260.61013907902,-2.2724547430767865,-2.641558818029864,2.8590268584927685,-0.10271416693222196,1.0003564755974677,0.9745454545454545,550,536,sift,-99.12807489730524,scheme_b_pairwise,NA,False,1785.3702928690136,307.95
1734763831800,F:\agent\UAV\data\IR-image\1734763831800.jpg,116.19505898565049,38.81211181230986,483.54,116.2156963,38.8121261,791.52,2262.554761269002,-0.9893776668198273,-4.42175304016672,4.8178575036044435,-0.1682699488732173,1.0010648490055287,0.9675090252707581,554,536,sift,-99.12807489730524,scheme_b_pairwise,NA,False,1788.096208057029,307.97999999999996
1734763832000,F:\agent\UAV\data\IR-image\1734763832000.jpg,116.19509823175817,38.8121343122156,483.54,116.2157503,38.8121261,791.53,2265.959013555757,1.5153118402695906,-8.457205556336817,8.319009544953133,-0.2046752603982963,1.0001611974358144,0.9747747747747748,555,541,sift,-99.12807489730524,scheme_b_pairwise,NA,False,1789.373786071988,307.98999999999995
1734763832200,F:\agent\UAV\data\IR-image\1734763832200.jpg,116.19513120033524,38.81213373657583,483.54,116.2158043,38.8121261,791.55,2268.818745653918,1.4512316213814846,-1.0958185780216922,7.95380636248251,-0.11559872307863579,1.0006771004385517,0.9625407166123778,614,591,sift,-99.12807489730524,scheme_b_pairwise,NA,False,1791.1960038608165,308.00999999999993
1734763832400,F:\agent\UAV\data\IR-image\1734763832400.jpg,116.19515674716297,38.81212909168206,483.54,116.2158582,38.8121261,791.58,2271.034706723207,0.9341620465598803,0.446230060643245,6.371412982992467,0.04808798702684196,0.9994959898524655,0.9502868068833652,523,497,sift,-99.12807489730524,scheme_b_pairwise,NA,False,1793.6525183382034,308.04
1734763832600,F:\agent\UAV\data\IR-image\1734763832600.jpg,116.19516111425756,38.8121251187048,483.54,116.2159121,38.8121261,791.62,2271.4135135048327,0.49189021814145767,1.0570044970089043,1.2467386570196481,0.13469513877308012,0.999725068463565,0.9587426326129665,509,488,sift,-99.12807489730524,scheme_b_pairwise,NA,False,1797.9442599473957,308.08
1734763832800,F:\agent\UAV\data\IR-image\1734763832800.jpg,116.19516730368393,38.812113797416416,483.54,116.215966,38.8121261,791.69,2271.9503914304855,-0.7683956044338236,3.253607025549911,2.0490589076746915,-0.0030229222026516706,1.0018431591906143,0.980565371024735,566,555,sift,-99.12807489730524,scheme_b_pairwise,NA,False,1802.078744454002,308.15000000000003
1734763833000,F:\agent\UAV\data\IR-image\1734763833000.jpg,116.19519845789978,38.81211257294128,483.54,116.21602,38.8121261,791.72,2274.6527437601526,-0.9047041769522214,-0.8255702765741262,7.549816959895281,0.06138286588842956,1.0015668223810912,0.9727427597955707,587,571,sift,-99.12807489730524,scheme_b_pairwise,NA,False,1804.0583134748892,308.18
1734763833200,F:\agent\UAV\data\IR-image\1734763833200.jpg,116.19523376882832,38.81211532308708,483.54,116.2160738,38.812126,791.72,2277.715654105599,-0.5985579462951417,-2.212312612261826,8.35202346579689,-0.049974550013064147,1.001172774814525,0.97131931166348,523,508,sift,-99.12807489730524,scheme_b_pairwise,NA,False,1805.6600066811661,308.18
1734763833400,F:\agent\UAV\data\IR-image\1734763833400.jpg,116.1952609754817,38.81212822916174,483.54,116.2161277,38.8121259,791.73,2280.0755903498975,0.8381462851939198,-5.032439800864665,5.900422943057606,-0.08684301728574384,1.0001802441023495,0.9739130434782609,575,560,sift,-99.12807489730524,scheme_b_pairwise,NA,False,1807.972285545957,308.19
1734763833600,F:\agent\UAV\data\IR-image\1734763833600.jpg,116.19527924459427,38.81214771865336,483.54,116.2161815,38.8121259,791.75,2281.660274078566,3.007716491687678,-6.7182448860613135,3.4256025550309914,0.024558965897485102,0.9991590236502796,0.9721669980119284,503,489,sift,-99.12807489730524,scheme_b_pairwise,NA,False,1811.052175305482,308.21
1734763833800,F:\agent\UAV\data\IR-image\1734763833800.jpg,116.19529456656132,38.81214748393384,483.54,116.2162353,38.8121258,791.76,2282.9893190319717,2.981587514946602,-0.5193965208890177,3.6948621126463195,0.026951110745011598,1.000815184404102,0.9722222222222222,612,595,sift,-99.12807489730524,scheme_b_pairwise,NA,False,1814.386039063725,308.21999999999997
1734763834000,F:\agent\UAV\data\IR-image\1734763834000.jpg,116.19530654154896,38.81214459291941,483.54,116.2162891,38.8121257,791.77,2284.0280431623046,2.659759788702254,0.4293599807803048,3.02195750614311,0.17723520463640052,0.9998812758616168,0.9592233009708738,515,494,sift,-99.12807489730524,scheme_b_pairwise,NA,False,1818.009566353962,308.22999999999996
1734763834200,F:\agent\UAV\data\IR-image\1734763834200.jpg,116.19532646813767,38.81213728760993,483.54,116.2163428,38.8121257,791.78,2285.7564982672116,1.846532736968023,1.4840621550011974,5.1522467993853525,-0.16489518618175586,1.001610134517675,0.9601518026565465,527,506,sift,-99.12807489730524,scheme_b_pairwise,NA,False,1820.9351580912678,308.23999999999995
1734763834400,F:\agent\UAV\data\IR-image\1734763834400.jpg,116.19535865962798,38.81212329000265,483.54,116.2163966,38.8121257,791.77,2288.548824971152,0.2883190954492032,3.07493870656657,8.432324175304814,-0.011136524205999676,1.0019686931474552,0.9635701275045537,549,529,sift,-99.12807489730524,scheme_b_pairwise,NA,False,1822.8071442514615,308.22999999999996
1734763834600,F:\agent\UAV\data\IR-image\1734763834600.jpg,116.19540849945975,38.81213865305832,483.54,116.2164503,38.8121256,791.72,2292.871989006783,1.9985344522003734,-6.664633480086877,11.219391040415928,0.2237720490435645,1.0000359741385756,0.9626334519572953,562,541,sift,-99.12807489730524,scheme_b_pairwise,NA,False,1823.1419666313645,308.18
1734763834800,F:\agent\UAV\data\IR-image\1734763834800.jpg,116.19543043710173,38.812145572827504,483.54,116.216504,38.8121255,791.67,2294.774885174629,2.7688431573821726,-2.982120607412753,4.9305507060610125,0.1929147243965558,1.0005268914932661,0.9745331069609507,589,574,sift,-99.12807489730524,scheme_b_pairwise,NA,False,1825.8946768074488,308.12999999999994
1734763835000,F:\agent\UAV\data\IR-image\1734763835000.jpg,116.19542879131608,38.8121359332438,483.54,116.2165578,38.8121256,791.67,2294.632127842713,1.69576469967473,3.0374267994746447,0.08220144434596932,-0.1623011685032206,1.000573076628313,0.9727427597955707,587,571,sift,-99.12807489730524,scheme_b_pairwise,NA,False,1830.6978286261315,308.12999999999994
1734763835200,F:\agent\UAV\data\IR-image\1734763835200.jpg,116.19546513531346,38.81212528346611,483.54,116.2166115,38.8121257,791.69,2297.7846477610774,0.5102314470058003,1.8817270042504788,9.264589449840912,-0.2646475213771917,1.0007063319822445,0.9637096774193549,496,478,sift,-99.12807489730524,scheme_b_pairwise,NA,False,1832.2013942193353,308.15000000000003
1734763835400,F:\agent\UAV\data\IR-image\1734763835400.jpg,116.19550845035995,38.81208985834677,483.54,116.2166652,38.8121259,791.64,2301.541844456828,-3.433292837114969,9.25578500973802,12.168452740367911,-0.2974677220395473,0.9991849524430454,0.9745958429561201,433,422,sift,-99.12807489730524,scheme_b_pairwise,NA,False,1833.1060196188464,308.09999999999997
1734763835600,F:\agent\UAV\data\IR-image\1734763835600.jpg,116.1954964583759,38.81210702564656,483.54,116.216719,38.8121259,791.67,2300.501646038232,-1.5222290249729713,-4.833007147722469,-3.7337120466572458,0.11482372334257361,0.9980960384485371,0.9333333333333333,345,322,sift,-99.12807489730524,scheme_b_pairwise,NA,False,1838.8030837353774,308.12999999999994
1734763835800,F:\agent\UAV\data\IR-image\1734763835800.jpg,116.19550890132837,38.81213860369486,483.54,116.2167727,38.8121257,791.83,2301.58096197336,1.9930393120823011,-10.222589030320933,1.4258356093666293,0.9276123445478611,1.0005029629145177,0.9323308270676691,266,248,sift,-99.12807489730524,scheme_b_pairwise,NA,False,1842.3767067633642,308.29
1734763836000,F:\agent\UAV\data\IR-image\1734763836000.jpg,116.19554547732665,38.812151563925376,483.54,116.2168265,38.8121253,791.88,2304.7536059143595,3.4357721725099566,-5.411036659267381,8.15002275691586,0.4223803110923056,1.001581888497455,0.9587301587301588,315,302,sift,-99.12807489730524,scheme_b_pairwise,NA,False,1843.8706510546392,308.34
1734763836200,F:\agent\UAV\data\IR-image\1734763836200.jpg,116.19557005216377,38.81215393148444,483.54,116.21688,38.8121251,791.92,2306.8852554058717,3.699328847375795,-1.6796028465410586,5.790153448320609,0.03526187849353799,1.0015201866949368,0.9012875536480687,233,210,sift,-99.12807489730524,scheme_b_pairwise,NA,False,1846.377279032096,308.37999999999994
1734763836400,F:\agent\UAV\data\IR-image\1734763836400.jpg,116.19558265759791,38.81216819092793,483.54,116.2169335,38.8121249,792.01,2307.9786651863105,5.286690096661223,-4.885990820813731,2.3233695087897104,0.17380077640623226,1.00033009510838,0.9628318584070796,565,544,sift,-99.12807489730524,scheme_b_pairwise,NA,False,1849.9238360623003,308.46999999999997
1734763836600,F:\agent\UAV\data\IR-image\1734763836600.jpg,116.1955884886398,38.812171574233055,483.54,116.2169869,38.8121247,792.09,2308.4844564317978,5.663319623400299,-1.268989232654576,1.2340075101739671,0.059525230836117396,1.0021479555317248,0.9807692307692307,468,459,sift,-99.12807489730524,scheme_b_pairwise,NA,False,1854.04641208537,308.55
1734763836800,F:\agent\UAV\data\IR-image\1734763836800.jpg,116.19561316212798,38.812157222200085,483.54,116.2170401,38.8121245,792.16,2310.6246630288974,4.065651313280503,3.4746624463068656,6.642650410197348,-0.022456319892666315,1.0004003164634407,0.9300225733634312,443,412,sift,-99.12807489730524,scheme_b_pairwise,NA,False,1856.5144854890768,308.61999999999995
1734763837000,F:\agent\UAV\data\IR-image\1734763837000.jpg,116.19565106632251,38.81218910097394,483.54,116.2170932,38.8121244,792.22,2313.9125162336477,7.614396418789129,-11.298800915030256,7.531522726067237,-0.42989892913962763,0.9999207821720439,0.9473684210526315,342,324,sift,-99.12807489730524,scheme_b_pairwise,NA,False,1857.8410576945237,308.68
1734763837200,F:\agent\UAV\data\IR-image\1734763837200.jpg,116.1956754284488,38.812211837198646,483.54,116.2171462,38.8121242,792.27,2316.02571494331,10.145392952813776,-7.955219600741543,4.72935493313787,0.4303480737448773,0.9994967784916284,0.9681372549019608,408,395,sift,-99.12807489730524,scheme_b_pairwise,NA,False,1860.3336492736394,308.72999999999996
1734763837400,F:\agent\UAV\data\IR-image\1734763837400.jpg,116.19571587504005,38.81221948840404,483.54,116.2171992,38.8121239,792.29,2319.534098548815,10.997125137616528,-3.922677585229337,9.343635325414255,0.7286229799188819,0.9996435556332711,0.9754716981132076,530,517,sift,-99.12807489730524,scheme_b_pairwise,NA,False,1861.4260512395165,308.74999999999994
1734763837600,F:\agent\UAV\data\IR-image\1734763837600.jpg,116.19574602096223,38.812273540791146,483.54,116.217252,38.8121235,792.29,2322.1489903329657,17.01423687045887,-17.839806648811134,4.567386357806527,0.6619536021336749,0.9982476231909793,0.973384030418251,526,512,sift,-99.12807489730524,scheme_b_pairwise,NA,False,1863.432525729987,308.74999999999994
1734763837800,F:\agent\UAV\data\IR-image\1734763837800.jpg,116.19574083973298,38.81221754629148,483.54,116.2173047,38.8121234,792.31,2321.6995645783977,10.7809291673411,17.47470039357802,1.5301124138497357,0.14078077119976073,1.0011281404249157,0.9662288930581614,533,515,sift,-99.12807489730524,scheme_b_pairwise,NA,False,1868.4029450699702,308.7699999999999
1734763838000,F:\agent\UAV\data\IR-image\1734763838000.jpg,116.19576390862632,38.81219261344856,483.54,116.2173573,38.8121234,792.34,2323.700586782478,8.005405093176888,6.800871145163853,6.7814098063865345,-0.013742669731899514,1.0018187388922133,0.9720670391061452,537,522,sift,-99.12807489730524,scheme_b_pairwise,NA,False,1870.948459633124,308.8
1734763838200,F:\agent\UAV\data\IR-image\1734763838200.jpg,116.19579777104539,38.81219559657597,483.54,116.2174098,38.8121234,792.35,2326.637851759349,8.337486836675815,-2.2282401182255285,7.992269421870276,0.2394631210949725,1.0010681292614028,0.9741824440619621,581,566,sift,-99.12807489730524,scheme_b_pairwise,NA,False,1872.564629557025,308.81
1734763838400,F:\agent\UAV\data\IR-image\1734763838400.jpg,116.19584663064188,38.81219152245442,483.54,116.2174622,38.8121234,792.37,2330.8759890650927,7.883955625970003,-0.6303080862441561,11.947245385586996,0.058395531764348314,1.001273867546423,0.973170731707317,410,399,sift,-99.12807489730524,scheme_b_pairwise,NA,False,1872.8695471132544,308.83
1734763838600,F:\agent\UAV\data\IR-image\1734763838600.jpg,116.19588177669598,38.81220240685945,483.54,116.2175146,38.8121235,792.41,2333.924598013785,9.095607593996698,-4.715403001398329,7.909178091974923,0.4235373299373718,0.9994295225292716,0.969047619047619,420,407,sift,-99.12807489730524,scheme_b_pairwise,NA,False,1874.369566956082,308.86999999999995
1734763838800,F:\agent\UAV\data\IR-image\1734763838800.jpg,116.19589176693556,38.81218535630546,483.54,116.2175669,38.8121236,792.45,2334.7911628253096,7.197539924366959,4.874307573927126,3.2467283310788844,0.5109753815998596,0.9995644134734716,0.9641434262948207,502,484,sift,-99.12807489730524,scheme_b_pairwise,NA,False,1878.0276854023894,308.91
1734763839000,F:\agent\UAV\data\IR-image\1734763839000.jpg,116.19589414545223,38.81218279264491,483.54,116.2176191,38.8121236,792.49,2334.997478082509,6.912153231568602,0.6990319394623725,0.6988478977651766,-0.02424301378296447,1.0004029047962029,0.9700704225352113,568,551,sift,-99.12807489730524,scheme_b_pairwise,NA,False,1882.3433929780708,308.95
1734763839200,F:\agent\UAV\data\IR-image\1734763839200.jpg,116.19589744514414,38.8121800151344,483.54,116.2176711,38.8121238,792.53,2335.283697135039,6.602960761524036,0.7294254407518679,0.930888427469597,-0.3401127218276163,1.0010702762544201,0.9911347517730497,564,559,sift,-99.12807489730524,scheme_b_pairwise,NA,False,1886.5618534167616,308.98999999999995
1734763839400,F:\agent\UAV\data\IR-image\1734763839400.jpg,116.19593997855738,38.81222047411805,483.54,116.217723,38.8121241,792.55,2338.973094066332,11.10685482118124,-14.124640342542364,8.219017428967788,-0.5015427056335094,0.99978351446125,0.927765237020316,443,411,sift,-99.12807489730524,scheme_b_pairwise,NA,False,1887.3929372133423,309.00999999999993
1734763839600,F:\agent\UAV\data\IR-image\1734763839600.jpg,116.19595897927752,38.81215621894531,483.54,116.2177748,38.8121245,792.52,2340.62123827279,3.953968991990073,19.08913421653301,7.7526566096676675,-1.0385584690039646,1.0013181054864997,0.9501084598698482,461,438,sift,-99.12807489730524,scheme_b_pairwise,NA,False,1890.2085043016116,308.97999999999996
1734763839800,F:\agent\UAV\data\IR-image\1734763839800.jpg,116.19596257007292,38.812160741445744,483.54,116.2178265,38.812125,792.53,2340.932707974754,4.457413740327871,-1.533907361889078,0.6390082730609379,-0.6642726968204853,1.0001467914792448,0.98014440433213,554,543,sift,-99.12807489730524,scheme_b_pairwise,NA,False,1894.377679250146,308.98999999999995
1734763840000,F:\agent\UAV\data\IR-image\1734763840000.jpg,116.1960178962376,38.812127181344415,483.54,116.2178782,38.8121253,792.54,2345.731762804936,0.7215032603716351,8.216490255787733,14.96334131213331,-0.850563176269408,1.001866653197513,0.9649532710280374,428,413,sift,-99.12807489730524,scheme_b_pairwise,NA,False,1894.0597795150225,308.99999999999994
1734763840200,F:\agent\UAV\data\IR-image\1734763840200.jpg,116.1960615006809,38.81214822549809,483.54,116.2179298,38.8121257,792.43,2349.5140621097867,3.0641384477632907,-8.17643899318466,9.43886496669171,-0.3453017121507284,0.9992311488663985,0.947103274559194,397,376,sift,-99.12807489730524,scheme_b_pairwise,NA,False,1894.7539036885216,308.88999999999993
1734763840400,F:\agent\UAV\data\IR-image\1734763840400.jpg,116.1960933863097,38.812189860753804,483.54,116.2179813,38.8121257,792.36,2352.2798580353133,7.698975113031295,-14.076256961269905,5.601103505108995,0.6793446670047825,1.0001050625515189,0.9700598802395209,501,486,sift,-99.12807489730524,scheme_b_pairwise,NA,False,1896.4645767980662,308.82
1734763840600,F:\agent\UAV\data\IR-image\1734763840600.jpg,116.19611285250859,38.81218576196016,483.54,116.218033,38.8121254,792.3,2353.968378400981,7.242697404410403,0.5126188685732131,4.882628815389523,1.5383732414926767,1.0009534240363003,0.8868613138686131,274,243,sift,-99.12807489730524,scheme_b_pairwise,NA,False,1899.255933691508,308.75999999999993
1734763840800,F:\agent\UAV\data\IR-image\1734763840800.jpg,116.19613893641488,38.812189615364055,483.54,116.2180846,38.8121251,792.27,2356.230926278652,7.671658326188158,-2.1962807895477567,6.079263933484924,1.6817244446199884,1.0000292312045378,0.9367469879518072,332,311,sift,-99.12807489730524,scheme_b_pairwise,NA,False,1901.4683691695748,308.72999999999996
1734763841000,F:\agent\UAV\data\IR-image\1734763841000.jpg,116.19618598256439,38.8122466359472,483.54,116.2181362,38.8121247,792.23,2360.3117631180166,14.019189641986634,-19.40827829964371,8.48287731941059,0.8315319866085037,0.9975841466643756,0.8862559241706162,211,187,sift,-99.12807489730524,scheme_b_pairwise,NA,False,1901.8969741757078,308.69
1734763841200,F:\agent\UAV\data\IR-image\1734763841200.jpg,116.19617898642723,38.81221195376178,483.54,116.2181876,38.8121248,792.17,2359.704910176628,10.158368761684,10.969848056547448,0.037387671888268414,0.15024497142709303,1.0006243420075385,0.9635036496350365,548,528,sift,-99.12807489730524,scheme_b_pairwise,NA,False,1906.9333905466492,308.62999999999994
1734763841400,F:\agent\UAV\data\IR-image\1734763841400.jpg,116.19621232574694,38.81217888818456,483.54,116.218239,38.8121251,792.12,2362.596800916175,6.477508704902462,8.913165686946968,9.653439713144166,-0.4104221246106312,1.0016652300670725,0.8645833333333334,192,166,sift,-99.12807489730524,scheme_b_pairwise,NA,False,1908.4834211572797,308.58
1734763841600,F:\agent\UAV\data\IR-image\1734763841600.jpg,116.19626577255269,38.81218238962999,483.54,116.2182904,38.8121253,792.0,2367.2328380015542,6.867289610346346,-3.144587698444411,12.674441170251157,0.22650619759124327,1.0005639267436417,0.9409090909090909,220,207,sift,-99.12807489730524,scheme_b_pairwise,NA,False,1908.3072153672706,308.46
1734763841800,F:\agent\UAV\data\IR-image\1734763841800.jpg,116.19630613512084,38.81217481765422,483.54,116.2183418,38.8121256,791.87,2370.733933345826,6.024377266987817,0.7769934224172061,10.078043099749038,-0.193539334267413,1.000076456064948,0.9739696312364425,461,449,sift,-99.12807489730524,scheme_b_pairwise,NA,False,1909.2609224857058,308.33
1734763842000,F:\agent\UAV\data\IR-image\1734763842000.jpg,116.1963410914526,38.81214047338973,483.54,116.2183932,38.8121261,791.76,2373.7660855613703,2.201173744590346,9.2451900980235,10.105535009780226,-0.6901567300138094,1.0019757461095051,0.9444444444444444,450,425,sift,-99.12807489730524,scheme_b_pairwise,NA,False,1910.6789425983218,308.21999999999997
1734763842200,F:\agent\UAV\data\IR-image\1734763842200.jpg,116.19639124625857,38.81210872647214,483.54,116.2184447,38.8121267,791.67,2378.1165708195176,-1.3328931215724529,7.856857170821854,13.630326633181312,-0.36948989874203486,1.001308080838679,0.9295302013422819,298,277,sift,-99.12807489730524,scheme_b_pairwise,NA,False,1910.7962898055598,308.12999999999994
1734763842400,F:\agent\UAV\data\IR-image\1734763842400.jpg,116.19640596643819,38.812116731624506,483.54,116.2184963,38.812127,791.63,2379.393416043225,-0.4417595598717422,-3.038193232373146,3.141752638381945,-0.053494679987024306,0.9997341796111519,0.9796334012219959,491,481,sift,-99.12807489730524,scheme_b_pairwise,NA,False,1913.990881722081,308.09
1734763842600,F:\agent\UAV\data\IR-image\1734763842600.jpg,116.19641503826924,38.81208411791907,483.54,116.2185481,38.8121273,791.63,2380.180317048969,-4.072317249396522,9.711089079998658,3.7974114819227793,-0.11827926328454136,1.000735920726441,0.9664570230607966,477,461,sift,-99.12807489730524,scheme_b_pairwise,NA,False,1917.6991185301279,308.09
1734763842800,F:\agent\UAV\data\IR-image\1734763842800.jpg,116.19645175707286,38.81209387619817,483.54,116.2185998,38.8121276,791.61,2383.3653480902253,-2.986025620036925,-4.4287348698651385,8.34307078188607,-0.8456746761013478,1.0007308638309642,0.9713114754098361,488,474,sift,-99.12807489730524,scheme_b_pairwise,NA,False,1918.9946637566056,308.07
1734763843000,F:\agent\UAV\data\IR-image\1734763843000.jpg,116.19650197338565,38.812107589528146,483.54,116.2186517,38.8121281,791.58,2387.7211685193074,-1.459457726950455,-6.1702265816890645,11.39166893843435,-1.0338934801824982,0.9999922554622211,0.95578231292517,294,281,sift,-99.12807489730524,scheme_b_pairwise,NA,False,1919.138044639966,308.04
1734763843200,F:\agent\UAV\data\IR-image\1734763843200.jpg,116.19654442627684,38.812150058416066,483.54,116.2187037,38.8121285,791.57,2391.4035808775157,3.2681788766720574,-14.741595461733027,8.100030829657783,-0.29202424357124473,0.9992192953583419,0.9386503067484663,326,306,sift,-99.12807489730524,scheme_b_pairwise,NA,False,1919.964806137585,308.03000000000003
1734763843400,F:\agent\UAV\data\IR-image\1734763843400.jpg,116.19655392936406,38.81220696370734,483.54,116.2187559,38.8121286,791.6,2392.227889535603,9.602875901230565,-17.922615148176476,-0.5363342737707057,0.24347466681418725,1.0001476876335023,0.8542713567839196,199,170,sift,-99.12807489730524,scheme_b_pairwise,NA,False,1923.681697047711,308.06
1734763843600,F:\agent\UAV\data\IR-image\1734763843600.jpg,116.19655357286352,38.8122276383189,483.54,116.2188081,38.8121287,791.69,2392.1969662708534,11.904373659866515,-6.364448706422934,-1.1105295245498326,0.7226853396163635,1.0016827381965505,0.9424307036247335,469,442,sift,-99.12807489730524,scheme_b_pairwise,NA,False,1928.2467571282548,308.15000000000003
1734763843800,F:\agent\UAV\data\IR-image\1734763843800.jpg,116.19654997166754,38.81219412509695,483.54,116.2188604,38.8121287,791.76,2391.884594411341,8.173681792222016,10.478088043664968,0.795548069211236,1.333156660754617,1.0010567715539804,0.9190751445086706,346,318,sift,-99.12807489730524,scheme_b_pairwise,NA,False,1933.0730054670305,308.21999999999997
1734763844000,F:\agent\UAV\data\IR-image\1734763844000.jpg,116.19655593100005,38.81214984439014,483.54,116.218913,38.8121286,791.83,2392.4015137319425,3.24435351050304,13.43063567672425,3.6275299249207933,1.0554223162540566,1.0006719130324073,0.9590163934426229,366,351,sift,-99.12807489730524,scheme_b_pairwise,NA,False,1937.1024825563463,308.29
1734763844200,F:\agent\UAV\data\IR-image\1734763844200.jpg,116.19656101032041,38.812120289706186,483.54,116.2189656,38.8121287,791.94,2392.8420997924013,-0.04567390746337585,8.92157615041333,2.68602290934615,0.441443232868753,0.9996039516205978,0.9546827794561934,331,316,sift,-99.12807489730524,scheme_b_pairwise,NA,False,1941.2190402472283,308.40000000000003
1734763844400,F:\agent\UAV\data\IR-image\1734763844400.jpg,116.19653309458673,38.81208829450089,483.54,116.2190182,38.812129,792.09,2390.4206571098143,-3.6073801615978667,10.948917809883824,-5.124638525402304,-0.5632336534443478,0.9993300537097315,0.8905109489051095,274,244,sift,-99.12807489730524,scheme_b_pairwise,NA,False,1948.2006955365212,308.55
1734763844600,F:\agent\UAV\data\IR-image\1734763844600.jpg,116.19653676912219,38.812049692598116,483.54,116.2190709,38.8121293,792.25,2390.739390521301,-7.904543977786768,11.76694687474577,2.796794956885833,-0.6576140482439914,1.0015519330736185,0.918429003021148,331,304,sift,-99.12807489730524,scheme_b_pairwise,NA,False,1952.4637823726478,308.71
1734763844800,F:\agent\UAV\data\IR-image\1734763844800.jpg,116.19657569254429,38.81205455804799,483.54,116.2191236,38.8121296,792.31,2394.115652691013,-7.362922098021412,-3.004426244905517,9.115571327156715,-0.3270377524120962,0.9993752145246598,0.9674185463659147,399,386,sift,-99.12807489730524,scheme_b_pairwise,NA,False,1953.6551207186424,308.7699999999999
1734763845000,F:\agent\UAV\data\IR-image\1734763845000.jpg,116.19658977377613,38.812086849301096,483.54,116.2191765,38.8121296,792.34,2395.337074852179,-3.7682598020273645,-10.505894480677284,1.7843061650552272,0.06957923746188902,0.9997832050604037,0.9583333333333334,408,391,sift,-99.12807489730524,scheme_b_pairwise,NA,False,1957.006037912341,308.8
1734763845200,F:\agent\UAV\data\IR-image\1734763845200.jpg,116.19660811440492,38.8121289650371,483.54,116.2192296,38.8121295,792.38,2396.9279619806757,0.920063929706266,-13.701313920035432,2.32122188257938,0.09203959657901717,0.9998393776175264,0.9705882352941176,442,429,sift,-99.12807489730524,scheme_b_pairwise,NA,False,1960.0113720179866,308.84
1734763845400,F:\agent\UAV\data\IR-image\1734763845400.jpg,116.19664710661188,38.812201385301556,483.54,116.2192827,38.8121293,792.36,2400.3101906276524,8.981887769403302,-23.848072780766074,5.7834458277400245,-0.11371976792210488,1.000339824191416,0.9782135076252724,459,449,sift,-99.12807489730524,scheme_b_pairwise,NA,False,1961.249109214668,308.82
1734763845600,F:\agent\UAV\data\IR-image\1734763845600.jpg,116.19668254915844,38.81219618226936,483.54,116.2193359,38.8121292,792.29,2403.3845176704763,8.402686224869772,0.2361978592314813,8.777898262968222,0.11053477168624913,0.999699354001379,0.9610894941634242,514,494,sift,-99.12807489730524,scheme_b_pairwise,NA,False,1962.7855065834829,308.74999999999994
1734763845800,F:\agent\UAV\data\IR-image\1734763845800.jpg,116.19667328850912,38.81217162977366,483.54,116.2193894,38.8121291,792.27,2402.581238352386,5.669502403480805,7.932255819164993,-1.009099368131814,0.2564564532336481,0.9993870733096955,0.9549356223175965,466,445,sift,-99.12807489730524,scheme_b_pairwise,NA,False,1968.2152153132236,308.72999999999996
1734763846000,F:\agent\UAV\data\IR-image\1734763846000.jpg,116.19667920832202,38.81218700420077,483.54,116.219443,38.8121288,792.3,2403.0947296971012,7.3809836298456695,-4.9717376072175625,0.6609527402864046,0.3630011009462853,0.9995742641287941,0.9597156398104265,422,405,sift,-99.12807489730524,scheme_b_pairwise,NA,False,1972.3511349330886,308.75999999999993
1734763846200,F:\agent\UAV\data\IR-image\1734763846200.jpg,116.19671978537015,38.812262824016,483.54,116.2194968,38.8121285,792.33,2406.6144292809663,15.821245461514142,-24.958065020201218,5.995909535431565,0.17695076443444976,1.0001789972635415,0.9398496240601504,399,375,sift,-99.12807489730524,scheme_b_pairwise,NA,False,1973.5416772673286,308.79
1734763846400,F:\agent\UAV\data\IR-image\1734763846400.jpg,116.19674017352817,38.812263985740366,483.54,116.2195506,38.8121284,792.32,2408.3829214359957,15.950568617093479,-1.1458871188930857,4.843495916883285,0.06280949362254447,1.0004658136296687,0.9695652173913043,460,446,sift,-99.12807489730524,scheme_b_pairwise,NA,False,1976.4375710644424,308.78000000000003
1734763846600,F:\agent\UAV\data\IR-image\1734763846600.jpg,116.19676240025797,38.81223480656151,483.54,116.2196045,38.8121283,792.33,2410.3108934113493,12.702342427122135,8.143414924969022,6.789452128126527,0.1288017367384973,1.002766845732787,0.8612244897959184,245,211,sift,-99.12807489730524,scheme_b_pairwise,NA,False,1979.1601980471653,308.79
1734763846800,F:\agent\UAV\data\IR-image\1734763846800.jpg,116.19681615142767,38.812244838009576,483.54,116.2196585,38.8121283,792.29,2414.9733313747556,13.819043225985942,-5.17088136654354,12.423917635350847,-0.3846935509724166,0.9997271281524557,0.9077669902912622,206,187,sift,-99.12807489730524,scheme_b_pairwise,NA,False,1979.1886068073188,308.74999999999994
1734763847000,F:\agent\UAV\data\IR-image\1734763847000.jpg,116.1968346477731,38.81226473089524,483.54,116.2197126,38.8121284,792.22,2416.5777255407993,16.03351925748202,-6.851470749957059,3.46023070164955,0.011087014613112095,0.9989389802429406,0.9710144927536232,483,469,sift,-99.12807489730524,scheme_b_pairwise,NA,False,1982.2887050665975,308.68
1734763847200,F:\agent\UAV\data\IR-image\1734763847200.jpg,116.19685849937069,38.81227098880743,483.54,116.2197668,38.8121285,792.19,2418.6466404074094,16.730150042970415,-2.8518607423650337,5.423451875817818,0.20967281992579068,1.0016805981504486,0.9158415841584159,404,370,sift,-99.12807489730524,scheme_b_pairwise,NA,False,1984.9233855218113,308.65000000000003
1734763847400,F:\agent\UAV\data\IR-image\1734763847400.jpg,116.19689468863982,38.81225603127516,483.54,116.2198211,38.8121288,792.15,2421.7857390207328,15.06507755053629,3.2166666535503623,9.440927915828922,0.3227174402276759,1.0009514237999706,0.9534368070953437,451,430,sift,-99.12807489730524,scheme_b_pairwise,NA,False,1986.4799136745257,308.60999999999996
1734763847600,F:\agent\UAV\data\IR-image\1734763847600.jpg,116.19690246916763,38.812200613616895,483.54,116.2198755,38.8121291,792.11,2422.4606309057904,8.895983832722415,16.7960961198429,4.617378110073389,0.28505939290945387,0.9998089365961139,0.7630769230769231,325,248,sift,-99.12807489730524,scheme_b_pairwise,NA,False,1990.4854731620806,308.57
1734763847800,F:\agent\UAV\data\IR-image\1734763847800.jpg,116.19690735224802,38.81213502119388,483.54,116.21993,38.8121296,792.08,2422.884194885869,1.5942353031534262,20.04697412604787,4.425222932103509,0.1401286879992518,1.0005814072273098,0.9232736572890026,391,361,sift,-99.12807489730524,scheme_b_pairwise,NA,False,1994.7695876892296,308.54
1734763848000,F:\agent\UAV\data\IR-image\1734763848000.jpg,116.19695309730861,38.812102245704075,483.54,116.2199846,38.8121301,792.01,2426.852173783956,-2.0543322223473903,8.344502457741271,12.621259680451772,0.02974602924856692,1.0010002456661522,0.9208860759493671,316,291,sift,-99.12807489730524,scheme_b_pairwise,NA,False,1995.539577847071,308.46999999999997
1734763848200,F:\agent\UAV\data\IR-image\1734763848200.jpg,116.19699098893095,38.81205011909611,483.54,116.2200394,38.8121306,791.9,2430.1389364628617,-7.857066221819043,14.617754629373735,11.692608047163901,0.07184965637704803,1.0004980826332825,0.9546827794561934,331,316,sift,-99.12807489730524,scheme_b_pairwise,NA,False,1997.0229556582262,308.35999999999996
1734763848400,F:\agent\UAV\data\IR-image\1734763848400.jpg,116.19702091119524,38.81203404531398,483.54,116.2200944,38.812131,791.83,2432.734427904323,-9.646399648287492,3.803097282896715,7.98974298078457,-0.40424332056670803,1.000313003532371,0.9416243654822335,394,371,sift,-99.12807489730524,scheme_b_pairwise,NA,False,1999.205024157459,308.29
1734763848600,F:\agent\UAV\data\IR-image\1734763848600.jpg,116.19706008521821,38.81207398296096,483.54,116.2201495,38.8121315,791.78,2436.1324274808053,-5.20054078578307,-13.834049504638756,7.437300510650175,-0.7745020214578949,0.9993589703912812,0.928,250,232,sift,-99.12807489730524,scheme_b_pairwise,NA,False,2000.5654987641096,308.23999999999995
1734763848800,F:\agent\UAV\data\IR-image\1734763848800.jpg,116.19710131527648,38.81207725814157,483.54,116.2202048,38.8121318,791.71,2439.708769911743,-4.835947680389156,-2.602913892257277,9.748889418439774,-0.746227055414682,1.0007117470577342,0.9737827715355806,267,260,sift,-99.12807489730524,scheme_b_pairwise,NA,False,2001.7834862644272,308.17
1734763849000,F:\agent\UAV\data\IR-image\1734763849000.jpg,116.1971638342053,38.81216756914902,483.54,116.2202602,38.8121321,791.66,2445.131733333718,5.217473668425857,-30.2761702745222,10.552167275956947,-0.6236081934909556,0.9980447958162757,0.7857142857142857,266,209,sift,-99.12807489730524,scheme_b_pairwise,NA,False,2001.1601015154222,308.11999999999995
1734763849200,F:\agent\UAV\data\IR-image\1734763849200.jpg,116.19715696470892,38.81220134039274,483.54,116.2203159,38.8121321,791.66,2444.5358653569474,8.976888519928748,-10.153260126017074,-3.3253738275072067,0.5808529475913381,0.9971046867688197,0.8421052631578947,171,144,sift,-99.12807489730524,scheme_b_pairwise,NA,False,2006.5917671275809,308.11999999999995
1734763849400,F:\agent\UAV\data\IR-image\1734763849400.jpg,116.19716052787268,38.812154913861185,483.54,116.2203716,38.8121321,791.73,2444.8449382586864,3.808687027003617,14.18518472814901,3.1578856534792976,-0.5846992796462261,1.0016952904853904,0.9746835443037974,474,462,sift,-99.12807489730524,scheme_b_pairwise,NA,False,2011.0965826857873,308.19
1734763849600,F:\agent\UAV\data\IR-image\1734763849600.jpg,116.19718767035722,38.8120906963963,483.54,116.2204274,38.8121323,791.72,2447.1993084249366,-3.3400011646544225,18.76302675563892,9.707975308673383,-1.2735612359455524,1.0037690666702783,0.9472140762463344,341,323,sift,-99.12807489730524,scheme_b_pairwise,NA,False,2013.5841971187874,308.18
1734763849800,F:\agent\UAV\data\IR-image\1734763849800.jpg,116.19725482924396,38.81206090784374,483.54,116.2204832,38.8121325,791.61,2453.024747106182,-6.656062835098611,6.5959119848079695,17.62083964006206,-0.7245543053814681,1.0008545887251636,0.8974358974358975,234,210,sift,-99.12807489730524,scheme_b_pairwise,NA,False,2012.610867633623,308.07
1734763850000,F:\agent\UAV\data\IR-image\1734763850000.jpg,116.19731190833562,38.81212987260052,483.54,116.2205392,38.8121321,791.49,2457.9758528272105,1.0210938901612323,-23.480634970790675,10.302615762399512,0.04976064858014835,0.9986151670330287,0.9246231155778895,199,184,sift,-99.12807489730524,scheme_b_pairwise,NA,False,2012.5006736892942,307.95
1734763850200,F:\agent\UAV\data\IR-image\1734763850200.jpg,116.19735872186605,38.81217665019432,483.54,116.2205953,38.8121314,791.34,2462.0365120224155,6.2283756314558,-16.239281259106008,8.934698529401658,0.21075699936425102,0.9995306740480866,0.8834080717488789,223,197,sift,-99.12807489730524,scheme_b_pairwise,NA,False,2013.3109096235698,307.8
1734763850400,F:\agent\UAV\data\IR-image\1734763850400.jpg,116.19740763404904,38.8122442602712,483.54,116.2206515,38.8121306,791.21,2466.279210741536,13.754729389497252,-22.747264013965207,8.406534357449289,-0.010233569556059578,0.9968163426116913,0.8980582524271845,206,185,sift,-99.12807489730524,scheme_b_pairwise,NA,False,2013.9747776271915,307.67
1734763850600,F:\agent\UAV\data\IR-image\1734763850600.jpg,116.19746279809438,38.81230683881382,483.54,116.2207078,38.8121298,791.13,2471.0642031546054,20.720972754257343,-21.436488388387545,10.158821993128981,0.19403969866352747,0.9978310360368411,0.8852459016393442,366,324,sift,-99.12807489730524,scheme_b_pairwise,NA,False,2014.1288773871718,307.59
1734763850800,F:\agent\UAV\data\IR-image\1734763850800.jpg,116.19750789092289,38.8123319601408,483.54,116.2207643,38.8121289,791.05,2474.9756066956797,23.517478874221833,-9.49175549223861,9.594552321699098,0.4577972868728763,0.9991996965540227,0.966789667896679,542,524,sift,-99.12807489730524,scheme_b_pairwise,NA,False,2015.1471903798888,307.50999999999993
1734763851000,F:\agent\UAV\data\IR-image\1734763851000.jpg,116.19754555666245,38.812392238009394,483.54,116.2208208,38.8121281,791.02,2478.2427760432242,30.227611205464783,-20.05084984150926,6.066470995191253,0.49208639554821776,0.9974407770729701,0.9719827586206896,464,451,sift,-99.12807489730524,scheme_b_pairwise,NA,False,2016.8655854875285,307.47999999999996
1734763851200,F:\agent\UAV\data\IR-image\1734763851200.jpg,116.19755897983846,38.812405640726354,483.54,116.2208773,38.8121275,791.04,2479.4071176891193,31.71960165786824,-4.653271664505667,2.5624129173335746,0.757626307925713,0.9997390408970835,0.9878603945371776,659,651,sift,-99.12807489730524,scheme_b_pairwise,NA,False,2020.620573919439,307.49999999999994
1734763851400,F:\agent\UAV\data\IR-image\1734763851400.jpg,116.19759174945531,38.81238292914189,483.54,116.220934,38.8121269,791.08,2482.249591750959,29.191348075208975,5.740913114894624,9.003247020815763,0.5133220514190281,1.003348277663453,0.9555555555555556,405,387,sift,-99.12807489730524,scheme_b_pairwise,NA,False,2022.657976826646,307.54
1734763851600,F:\agent\UAV\data\IR-image\1734763851600.jpg,116.19762450382929,38.812340913327674,483.54,116.2209907,38.8121265,791.1,2485.090743628222,24.51414763621591,11.69695088513987,9.956484456598105,0.4755649899699729,1.001654641625011,0.9744525547445255,548,534,sift,-99.12807489730524,scheme_b_pairwise,NA,False,2024.6733320292578,307.56
1734763851800,F:\agent\UAV\data\IR-image\1734763851800.jpg,116.19761820723853,38.812317354988686,483.54,116.2210473,38.8121264,791.17,2484.544570140678,21.89163334073728,7.511067314579066,-0.3458531787531456,0.26948281161151205,0.9994794480173014,0.9485981308411215,428,406,sift,-99.12807489730524,scheme_b_pairwise,NA,False,2030.0939255883975,307.62999999999994
1734763852000,F:\agent\UAV\data\IR-image\1734763852000.jpg,116.19760948023261,38.812268747284676,483.54,116.221104,38.8121266,791.27,2483.787579662219,16.480623729886574,15.332792994001068,0.31158789500375406,-0.3275390485034715,1.004444518559174,0.9525959367945824,443,422,sift,-99.12807489730524,scheme_b_pairwise,NA,False,2035.7137722499963,307.72999999999996
1734763852200,F:\agent\UAV\data\IR-image\1734763852200.jpg,116.1976529807711,38.81228020331092,483.54,116.2211606,38.8121267,791.31,2487.5608661439715,17.755908571447474,-5.214441615803992,9.889166423122504,0.14778237299186037,1.0006793079275347,0.9594594594594594,444,426,sift,-99.12807489730524,scheme_b_pairwise,NA,False,2036.8587490989335,307.7699999999999
1734763852400,F:\agent\UAV\data\IR-image\1734763852400.jpg,116.1976827541296,38.81228975180095,483.54,116.2212173,38.8121268,791.31,2490.1434413284687,18.818846481019385,-4.0957471604871785,6.683863660930626,0.5344569008951615,0.9985672856777184,0.9705882352941176,510,495,sift,-99.12807489730524,scheme_b_pairwise,NA,False,2039.20061791753,307.7699999999999
1734763852600,F:\agent\UAV\data\IR-image\1734763852600.jpg,116.19769465707634,38.81226146555578,483.54,116.2212741,38.812127,791.32,2491.175916548259,15.670021669374622,8.26669507119675,4.2634694128494175,0.29725448573511243,1.0029210263173554,0.9703557312252964,506,491,sift,-99.12807489730524,scheme_b_pairwise,NA,False,2043.0652777254863,307.78000000000003
1734763852800,F:\agent\UAV\data\IR-image\1734763852800.jpg,116.19773666278624,38.81224632231097,483.54,116.2213308,38.8121273,791.28,2494.8195398884773,13.98427565727021,3.0493007410480004,10.848340018527267,-0.05793716233222033,1.0000237484971926,0.9705263157894737,475,461,sift,-99.12807489730524,scheme_b_pairwise,NA,False,2044.3267863508086,307.73999999999995
1734763853000,F:\agent\UAV\data\IR-image\1734763853000.jpg,116.1977619553017,38.81218822001125,483.54,116.2213875,38.8121278,791.22,2497.013441619842,7.51632765269552,16.94792325229912,8.960137833493832,-0.34742006911537265,1.0020261132985466,0.9150943396226415,318,291,sift,-99.12807489730524,scheme_b_pairwise,NA,False,2047.0170603171778,307.68
1734763853200,F:\agent\UAV\data\IR-image\1734763853200.jpg,116.19780939802597,38.81220438339882,483.54,116.2214442,38.8121284,791.15,2501.128677808567,9.315635956867698,-6.818951864094913,10.603481495751282,-0.3340425805250316,1.0006422671417394,0.9661538461538461,325,314,sift,-99.12807489730524,scheme_b_pairwise,NA,False,2047.8253090350045,307.60999999999996
1734763853400,F:\agent\UAV\data\IR-image\1734763853400.jpg,116.19783098352224,38.81216128129694,483.54,116.221501,38.8121287,791.12,2503.0010284537357,4.517509974903735,12.463472122812902,7.325459647171954,0.5232910157770957,1.0017699781813076,0.9720558882235529,501,487,sift,-99.12807489730524,scheme_b_pairwise,NA,False,2050.8628121952333,307.58
1734763853600,F:\agent\UAV\data\IR-image\1734763853600.jpg,116.19785867866099,38.81213430614675,483.54,116.221558,38.8121289,791.14,2505.403336478302,1.5146362565163076,7.252244871903656,7.994742973310167,0.3651412847730622,1.0013881075458688,0.9567430025445293,393,376,sift,-99.12807489730524,scheme_b_pairwise,NA,False,2053.3991700059237,307.59999999999997
1734763853800,F:\agent\UAV\data\IR-image\1734763853800.jpg,116.19786455408442,38.8121531820147,483.54,116.2216149,38.8121292,791.2,2505.91297742971,3.615897875872068,-6.050234641022428,0.4767172291661268,0.17437036740413822,1.0000890876610364,0.9692982456140351,456,442,sift,-99.12807489730524,scheme_b_pairwise,NA,False,2057.8214956703036,307.66
1734763854000,F:\agent\UAV\data\IR-image\1734763854000.jpg,116.19787043568671,38.81217540531596,483.54,116.2216719,38.8121295,791.34,2506.4231543413966,6.089795772650012,-7.08317280168626,0.31227184804100716,-0.25719495694805955,1.0032542236125115,0.8827586206896552,290,256,sift,-99.12807489730524,scheme_b_pairwise,NA,False,2062.254850219723,307.8
1734763854200,F:\agent\UAV\data\IR-image\1734763854200.jpg,116.19789033144217,38.81215440201969,483.54,116.221729,38.8121297,791.47,2508.1489349360813,3.7517088314977047,5.7111488068376275,5.823837644705236,-0.3726577680767221,0.9987088330780498,0.9466192170818505,281,266,sift,-99.12807489730524,scheme_b_pairwise,NA,False,2065.4741768681874,307.93
1734763854400,F:\agent\UAV\data\IR-image\1734763854400.jpg,116.19789281456157,38.812148593155165,483.54,116.221786,38.81213,791.6,2508.3643235542954,3.105066032726813,1.6961529248216038,0.8848564543901603,-0.41437516440739264,0.9986799481323252,0.9760348583877996,459,448,sift,-99.12807489730524,scheme_b_pairwise,NA,False,2070.197011505786,308.06
1734763854600,F:\agent\UAV\data\IR-image\1734763854600.jpg,116.19791100262121,38.81217805764648,483.54,116.2218431,38.8121301,791.77,2509.941976658002,6.385053205383921,-9.792450277828948,2.9116622716799725,-0.494729688398134,1.0003770035732138,0.976545842217484,469,458,sift,-99.12807489730524,scheme_b_pairwise,NA,False,2073.5738835823927,308.22999999999996
1734763854800,F:\agent\UAV\data\IR-image\1734763854800.jpg,116.1979407710052,38.8122109840886,483.54,116.2219003,38.8121301,791.91,2512.5241203462983,10.050424742640207,-11.307767245246112,5.523833676897425,-0.588896354863864,1.0013909564972425,0.9556541019955654,451,431,sift,-99.12807489730524,scheme_b_pairwise,NA,False,2075.962807929585,308.36999999999995
1734763855000,F:\agent\UAV\data\IR-image\1734763855000.jpg,116.19797698322193,38.81227035939172,483.54,116.2219574,38.8121301,792.01,2515.6652094620704,16.66008348614738,-19.71626189717341,5.7618003382911525,-0.21811128710815433,0.9978007843255952,0.9752808988764045,445,434,sift,-99.12807489730524,scheme_b_pairwise,NA,False,2077.8107885798336,308.46999999999997
1734763855200,F:\agent\UAV\data\IR-image\1734763855200.jpg,116.19799054238108,38.81228331443724,483.54,116.2220143,38.81213,792.07,2516.8413464410214,18.102239152897475,-4.520415167523083,2.6172925868551715,-0.09777378861732759,1.0001303917187365,0.9797191887675507,641,628,sift,-99.12807489730524,scheme_b_pairwise,NA,False,2081.5770890542026,308.53000000000003
1734763855400,F:\agent\UAV\data\IR-image\1734763855400.jpg,116.19799843340012,38.81228970104397,483.54,116.2220711,38.8121298,792.06,2517.525822460425,18.813196214978625,-2.2750887275054197,1.5803304024713611,-0.3258027329542375,0.9983841223504357,0.9699115044247788,565,548,sift,-99.12807489730524,scheme_b_pairwise,NA,False,2085.8206263843554,308.5199999999999
1734763855600,F:\agent\UAV\data\IR-image\1734763855600.jpg,116.19801602011854,38.81224778818661,483.54,116.2221278,38.8121299,791.97,2519.0513145412106,14.147456933532311,12.251036570359247,6.305248494959244,-0.9535794678190365,1.0011466449689428,0.9435483870967742,372,351,sift,-99.12807489730524,scheme_b_pairwise,NA,False,2089.175500855764,308.43
1734763855800,F:\agent\UAV\data\IR-image\1734763855800.jpg,116.19807114646076,38.81221903785616,483.54,116.2221844,38.81213,791.84,2523.8330365419256,10.946970147841878,6.740370597022036,14.676888160823523,-1.3337219943583443,1.0021837806376352,0.9465875370919882,337,319,sift,-99.12807489730524,scheme_b_pairwise,NA,False,2089.285936958008,308.3
1734763856000,F:\agent\UAV\data\IR-image\1734763856000.jpg,116.19812490527504,38.812244419087776,483.54,116.2222409,38.8121301,791.72,2528.4961376035035,13.77240885074616,-9.90665971291753,11.66487370245926,-0.9620719815369124,1.0006682337425086,0.94579945799458,369,349,sift,-99.12807489730524,scheme_b_pairwise,NA,False,2089.538277856859,308.18
1734763856200,F:\agent\UAV\data\IR-image\1734763856200.jpg,116.19816659739739,38.812325552199795,483.54,116.2222975,38.8121299,791.65,2532.112560001543,22.804146881061364,-26.640312561765143,6.000583098093841,-0.1996933442425969,0.9995881999681846,0.9710982658959537,519,504,sift,-99.12807489730524,scheme_b_pairwise,NA,False,2090.903282710936,308.10999999999996
1734763856400,F:\agent\UAV\data\IR-image\1734763856400.jpg,116.19820655661692,38.812334553809464,483.54,116.2223541,38.8121298,791.59,2535.5786684269065,23.806206069777314,-4.32045923135388,9.159537781542724,0.01759099240689699,1.0010595825562862,0.984182776801406,569,560,sift,-99.12807489730524,scheme_b_pairwise,NA,False,2092.355660133603,308.05
1734763856600,F:\agent\UAV\data\IR-image\1734763856600.jpg,116.19822153101934,38.81231021117575,483.54,116.2224106,38.8121296,791.52,2536.8775652261616,21.09638408390357,6.931437204005533,4.806329559141773,0.438477973232538,0.999220079336881,0.9672977624784854,581,562,sift,-99.12807489730524,scheme_b_pairwise,NA,False,2095.9262964731556,307.97999999999996
1734763856800,F:\agent\UAV\data\IR-image\1734763856800.jpg,116.19824822229334,38.81230199471239,483.54,116.2224671,38.8121294,791.47,2539.192796874433,20.181727383596552,1.5038726300014105,6.823565927454581,0.5963089615580941,1.002190863271223,0.9537671232876712,584,557,sift,-99.12807489730524,scheme_b_pairwise,NA,False,2098.500698416762,307.93
1734763857000,F:\agent\UAV\data\IR-image\1734763857000.jpg,116.19829584441487,38.812276452291165,483.54,116.2225236,38.8121291,791.41,2543.323594185947,17.33834505244296,6.040564336750265,12.71394401931201,0.7146673321587721,1.0018590973415789,0.9623015873015873,504,485,sift,-99.12807489730524,scheme_b_pairwise,NA,False,2099.246475215659,307.86999999999995
1734763857200,F:\agent\UAV\data\IR-image\1734763857200.jpg,116.19833405007418,38.81227841378753,483.54,116.22258,38.8121289,791.33,2546.637596790499,17.55669882776761,-2.0808189488673747,9.086976909755606,0.39886852762205943,0.9999071426559832,0.9585585585585585,555,532,sift,-99.12807489730524,scheme_b_pairwise,NA,False,2100.824714635532,307.79
1734763857400,F:\agent\UAV\data\IR-image\1734763857400.jpg,116.19833907743266,38.81229509658535,483.54,116.2226364,38.8121289,791.31,2547.0736756181423,19.413827881309984,-5.340905435362913,0.3815614919096788,0.22121436694749602,0.99852253175171,0.9796747967479674,492,482,sift,-99.12807489730524,scheme_b_pairwise,NA,False,2105.29091136351,307.7699999999999
1734763857600,F:\agent\UAV\data\IR-image\1734763857600.jpg,116.19834791954213,38.81228290365231,483.54,116.2226928,38.8121289,791.38,2547.84065030983,18.05651057465385,3.4200541762422176,2.7299408671029255,0.005615919757073004,0.9992442348319558,0.9829721362229102,646,635,sift,-99.12807489730524,scheme_b_pairwise,NA,False,2109.40008253733,307.84
1734763857800,F:\agent\UAV\data\IR-image\1734763857800.jpg,116.19837193807825,38.812288743193854,483.54,116.222749,38.8121288,791.41,2549.9240456156754,18.706568339614822,-2.729239332574707,5.484320443800982,-0.07472650443202429,1.001764294526627,0.9809523809523809,630,618,sift,-99.12807489730524,scheme_b_pairwise,NA,False,2112.193684629448,307.86999999999995
1734763858000,F:\agent\UAV\data\IR-image\1734763858000.jpg,116.19841989753417,38.81228658004167,483.54,116.2228052,38.8121287,791.4,2554.084103697863,18.4657662389507,-1.1850836628294132,11.636135936935432,0.592516744326897,0.9986078653342535,0.9642058165548099,447,431,sift,-99.12807489730524,scheme_b_pairwise,NA,False,2112.9057655348297,307.85999999999996
1734763858200,F:\agent\UAV\data\IR-image\1734763858200.jpg,116.19845294557173,38.81229021531006,483.54,116.2228613,38.8121285,791.37,2556.950728290869,18.870444315293195,-2.397973426445617,7.764175016515992,0.6768425539289029,1.0030458496891126,0.9539170506912442,434,414,sift,-99.12807489730524,scheme_b_pairwise,NA,False,2114.9065359680862,307.83
1734763858400,F:\agent\UAV\data\IR-image\1734763858400.jpg,116.19846813157612,38.812304016525594,483.54,116.2229174,38.8121282,791.36,2558.2679796883563,20.406795629258692,-4.8442993959895375,2.966423489078636,1.400911635940973,0.9964832582490535,0.7907407407407407,540,427,sift,-99.12807489730524,scheme_b_pairwise,NA,False,2118.465036836717,307.82
1734763858600,F:\agent\UAV\data\IR-image\1734763858600.jpg,116.19846960262541,38.812314712208554,483.54,116.2229733,38.8121279,791.36,2558.395580186373,21.59743905588695,-3.356489403155365,-0.1765564367698289,0.9774234545104983,0.9976957153612322,0.9517426273458445,373,355,sift,-99.12807489730524,scheme_b_pairwise,NA,False,2123.1922167811217,307.82
1734763858800,F:\agent\UAV\data\IR-image\1734763858800.jpg,116.1984834176397,38.81231144711775,483.54,116.2230291,38.8121278,791.37,2559.59391033306,21.233969148001155,0.4736936174774655,3.48282184187309,-0.1937985596573292,1.0014669633464435,0.9878048780487805,574,567,sift,-99.12807489730524,scheme_b_pairwise,NA,False,2126.826418715714,307.83
1734763859000,F:\agent\UAV\data\IR-image\1734763859000.jpg,116.1985277199608,38.81230028300322,483.54,116.2230848,38.8121279,791.4,2563.4367443568253,19.99117991803647,1.7330133902994476,11.203175686609256,-0.29245920739793996,1.0003417514282438,0.9740034662045061,577,562,sift,-99.12807489730524,scheme_b_pairwise,NA,False,2127.8024235682133,307.85999999999996
1734763859200,F:\agent\UAV\data\IR-image\1734763859200.jpg,116.19857368892279,38.81226744798208,483.54,116.2231403,38.812128,791.34,2567.424144719227,16.335985365155864,8.354220004906267,12.678033980677924,-0.08361143166358669,1.0009681951453628,0.9505882352941176,425,404,sift,-99.12807489730524,scheme_b_pairwise,NA,False,2128.5988556534526,307.8
1734763859400,F:\agent\UAV\data\IR-image\1734763859400.jpg,116.19859116761154,38.81223510280608,483.54,116.2231956,38.8121279,791.26,2568.9402661806466,12.73532037274516,9.30353284439093,5.805013885680125,-0.030230884555814054,1.0028210803338786,0.9008498583569405,353,318,sift,-99.12807489730524,scheme_b_pairwise,NA,False,2131.853169441274,307.71999999999997
1734763859600,F:\agent\UAV\data\IR-image\1734763859600.jpg,116.19861087616314,38.81223643085043,483.54,116.2232509,38.8121279,791.21,2570.6498084988284,12.883158270330924,-1.1709479554293694,4.671881838119361,0.12006622861751974,1.0022801760674451,0.9675572519083969,524,507,sift,-99.12807489730524,scheme_b_pairwise,NA,False,2134.937706927474,307.67
1734763859800,F:\agent\UAV\data\IR-image\1734763859800.jpg,116.19865533046361,38.81223649342621,483.54,116.223306,38.8121279,791.14,2574.50582538653,12.890124205430343,-1.736345496300146,10.683208009002328,-0.2226269631113338,1.0022063652979913,0.9460043196544277,463,438,sift,-99.12807489730524,scheme_b_pairwise,NA,False,2135.8601137071487,307.59999999999997
1734763860000,F:\agent\UAV\data\IR-image\1734763860000.jpg,116.19869536175504,38.812262663765395,483.54,116.223361,38.812128,791.11,2577.978185410576,15.803406363523498,-9.619879775300035,8.325817146948907,-0.3767575958511063,0.9978285722061949,0.9389920424403183,377,354,sift,-99.12807489730524,scheme_b_pairwise,NA,False,2137.1749885543677,307.57
1734763860200,F:\agent\UAV\data\IR-image\1734763860200.jpg,116.19870954486001,38.81224740225724,483.54,116.223416,38.8121282,791.14,2579.20844416348,14.10449527603097,4.160429424965457,4.165963470603685,-0.506532438141628,0.9982558920930965,0.9823232323232324,396,389,sift,-99.12807489730524,scheme_b_pairwise,NA,False,2140.700320107791,307.59999999999997
1734763860400,F:\agent\UAV\data\IR-image\1734763860400.jpg,116.19876748357062,38.812303899077286,483.54,116.2234708,38.8121283,791.16,2584.2341142169116,20.393721283333516,-19.66741833759835,11.127288215202555,-0.4724972438173954,0.9987317043232415,0.9754098360655737,488,476,sift,-99.12807489730524,scheme_b_pairwise,NA,False,2140.475545172717,307.61999999999995
1734763860600,F:\agent\UAV\data\IR-image\1734763860600.jpg,116.19880022841723,38.81228278107546,483.54,116.2235256,38.8121283,791.13,2587.0744396789532,18.042865320289494,5.250241846101574,8.918299386567867,-0.1458245450745143,0.9979949628828196,0.9736842105263158,380,370,sift,-99.12807489730524,scheme_b_pairwise,NA,False,2142.3666082611862,307.59
1734763860800,F:\agent\UAV\data\IR-image\1734763860800.jpg,116.1988307932224,38.81229008054313,483.54,116.2235803,38.8121282,791.11,2589.725665852636,18.855442061048624,-3.432482302401411,6.985601453928439,-0.006666021339753802,1.00163480954596,0.9095744680851063,376,342,sift,-99.12807489730524,scheme_b_pairwise,NA,False,2144.464343869477,307.57
1734763861000,F:\agent\UAV\data\IR-image\1734763861000.jpg,116.19884542988333,38.81233524180306,483.54,116.2236348,38.812128,791.11,2590.995266569975,23.8827935168092,-14.49780771113194,1.2798647994823114,0.2595432648956889,1.0003828998086768,0.9848484848484849,660,650,sift,-99.12807489730524,scheme_b_pairwise,NA,False,2147.9656435518245,307.57
1734763861200,F:\agent\UAV\data\IR-image\1734763861200.jpg,116.19888119567315,38.812327438633,483.54,116.2236893,38.8121279,791.1,2594.0976321029198,23.014144625071044,1.0258678488581836,8.984489897097205,0.45132455152965545,1.0022360550396265,0.985,600,591,sift,-99.12807489730524,scheme_b_pairwise,NA,False,2149.579858277065,307.56
1734763861400,F:\agent\UAV\data\IR-image\1734763861400.jpg,116.19894013787314,38.81236632896367,483.54,116.2237436,38.8121277,791.02,2599.2103459719497,27.34341623561015,-14.274490132078256,12.241261134650983,0.5186545022072419,1.0005228523382963,0.9740484429065744,578,563,sift,-99.12807489730524,scheme_b_pairwise,NA,False,2149.226347795709,307.47999999999996
1734763861600,F:\agent\UAV\data\IR-image\1734763861600.jpg,116.19894590474416,38.812302988201786,483.54,116.2237978,38.8121277,790.95,2599.7105709636335,20.292322622394117,19.318189410415243,4.526062393230234,0.22625700132341603,1.0001686342880038,0.993322203672788,599,595,sift,-99.12807489730524,scheme_b_pairwise,NA,False,2153.348140071207,307.41
1734763861800,F:\agent\UAV\data\IR-image\1734763861800.jpg,116.198989409061,38.81226658054715,483.54,116.2238519,38.8121279,790.88,2603.484185185106,16.239422508696766,9.551591403154077,12.262654999799167,-0.06896165529151278,1.0007269405451809,0.9770642201834863,654,639,sift,-99.12807489730524,scheme_b_pairwise,NA,False,2154.233715047989,307.34
1734763862000,F:\agent\UAV\data\IR-image\1734763862000.jpg,116.1990422200379,38.812231447208816,483.54,116.2239058,38.8121281,790.76,2608.065069749222,12.32837928525446,8.798990287818128,14.436703307188225,-0.27355342845885183,1.0006984161836674,0.9800918836140888,653,640,sift,-99.12807489730524,scheme_b_pairwise,NA,False,2154.3040574838865,307.21999999999997
1734763862200,F:\agent\UAV\data\IR-image\1734763862200.jpg,116.19906109663114,38.812216579707034,483.54,116.2239597,38.8121283,790.64,2609.7024470460806,10.673328986934765,3.8575912703095696,5.27469413260053,-0.49138423788777214,0.9998774509058389,0.9835082458770614,667,656,sift,-99.12807489730524,scheme_b_pairwise,NA,False,2157.330521083548,307.09999999999997
1734763862400,F:\agent\UAV\data\IR-image\1734763862400.jpg,116.19910817511304,38.81222012766103,483.54,116.2240135,38.8121286,790.5,2613.7860884346783,11.068287225528403,-2.91296028107314,11.141262907597081,-0.5994608800731825,1.000135696069455,0.9340974212034384,349,326,sift,-99.12807489730524,scheme_b_pairwise,NA,False,2157.9145073644454,306.96
1734763862600,F:\agent\UAV\data\IR-image\1734763862600.jpg,116.19917604577843,38.81222002246328,483.54,116.2240672,38.8121288,790.27,2619.673267609439,11.056576611807394,-2.589040064035885,16.320553125015067,-0.6100517049138316,0.9995962972218663,0.9749430523917996,439,428,sift,-99.12807489730524,scheme_b_pairwise,NA,False,2156.686560265559,306.72999999999996
1734763862800,F:\agent\UAV\data\IR-image\1734763862800.jpg,116.19923088006905,38.81217283492923,483.54,116.2241208,38.812129,790.04,2624.4296567206684,5.803660321348822,12.439618264865373,15.520605837538142,-0.7951557343124296,1.0004993889095617,0.8513513513513513,222,189,sift,-99.12807489730524,scheme_b_pairwise,NA,False,2156.561982396108,306.49999999999994
1734763863000,F:\agent\UAV\data\IR-image\1734763863000.jpg,116.19928512245428,38.81216437169439,483.54,116.2241744,38.8121291,789.84,2629.1347032807885,4.861533019157762,0.515845374482069,13.458773070218513,-0.4391985498187283,1.0007027965892135,0.974169741697417,542,528,sift,-99.12807489730524,scheme_b_pairwise,NA,False,2156.504508496681,306.3
1734763863200,F:\agent\UAV\data\IR-image\1734763863200.jpg,116.1993089076097,38.812215662400014,483.54,116.2242279,38.8121291,789.74,2631.197854877939,10.571214369822002,-16.74213080082893,3.1752253999620166,-0.0543777108985321,1.0007173827552658,0.9701789264413518,503,488,sift,-99.12807489730524,scheme_b_pairwise,NA,False,2159.0962259780003,306.2
1734763863400,F:\agent\UAV\data\IR-image\1734763863400.jpg,116.19932065964322,38.81225621938433,483.54,116.2242813,38.8121288,789.78,2632.217239712614,15.086017863851007,-12.965947937123815,0.8146648626910746,0.14288938896057876,1.0023260388830861,0.9592274678111588,466,447,sift,-99.12807489730524,scheme_b_pairwise,NA,False,2162.7291057860966,306.23999999999995
1734763863600,F:\agent\UAV\data\IR-image\1734763863600.jpg,116.19936815977871,38.812343367989456,483.54,116.2243347,38.8121285,789.84,2636.3374558161004,24.787400585955396,-28.720455137744466,7.0985784299830925,0.24496324223015892,1.0017530840786428,0.9426934097421203,349,329,sift,-99.12807489730524,scheme_b_pairwise,NA,False,2163.3245028010597,306.3
1734763863800,F:\agent\UAV\data\IR-image\1734763863800.jpg,116.19938633749346,38.81236633155501,483.54,116.224388,38.8121282,789.93,2637.9142115922136,27.343704703961205,-7.786483411966742,3.231423329857307,0.8485196831627878,0.9988040965494961,0.9595015576323987,321,308,sift,-99.12807489730524,scheme_b_pairwise,NA,False,2166.3971696183185,306.38999999999993
1734763864000,F:\agent\UAV\data\IR-image\1734763864000.jpg,116.19940120342338,38.81234213049021,483.54,116.2244412,38.8121278,790.08,2639.203699362934,24.64964216976983,6.891952236829013,4.7732364955087405,0.9965447354776402,0.9997919705694549,0.9800399201596807,501,491,sift,-99.12807489730524,scheme_b_pairwise,NA,False,2169.688015801173,306.54
