timestamp,image_path,pred_lon,pred_lat,pred_alt,gt_lon,gt_lat,gt_alt,pixel_dx,pixel_dy,inlier_ratio,scale_confidence,yaw_deg,blur_score,method,raw_alt_estimate,flight_phase,phase_confidence,phase_from_vision,scale_trend,scale_trend_ratio,up_ratio,down_ratio,stable_ratio,scale_method,divergence_ratio,affine_scale,consistency_diff,pixels_per_meter_used,is_alt_fixed,cumulative_window_n,delta_alt_cumulative,mpp_history_median,mpp_current_raw,mpp_ratio,alt_fixed_triggered,physics_flag,ekf_innovation_alt,ekf_v_alt,ekf_update_mode,is_keyframe_reset,num_tracked,affine_rotation_deg,phase_dx,phase_dy,phase_response,fourier_rotation_deg,fourier_response,map_pixel_dx,map_pixel_dy,horizontal_error,altitude_error
1734763664200,F:\agent\UAV\data\IR-image\1734763664200.jpg,116.168975,38.8121207,483.54,116.168975,38.8121207,483.54,0.0,0.0,0.8336933045356372,0.0,-101.32000000000026,2069.682235590285,initial,483.54,C,1.0,C,transition,"up=0.000,stable=0.000,down=0.000",0.0,0.0,0.0,4,,,,,False,0,,,,,0,0,0.0,0.0,3,True,500,,,,0.0,,0.0,,,0.0,0.0
1734763664400,F:\agent\UAV\data\IR-image\1734763664400.jpg,116.16903220111931,38.81212275982366,482.85794583066775,116.1690312,38.8121209,484.06,-3.2004424972495826,13.459261937601752,0.7379032258064516,0.84,-100.72981881959346,2790.3574093147745,lk,482.7207423592081,C,0.5,A_down,down,"up=0.000,stable=0.000,down=0.000",0.0,0.0,0.0,1,1.0022532825643715,1.0011416679282554,0.0011116146361160872,2.787617990195438,False,1,-1.0871027016129633,0.35903362187508686,0.35872921021358833,0.9991521360592673,0,0,-0.8192576407919319,-3.401766396651986e-08,1,False,366,-0.590181180406808,-4.902612266898075,12.86064304112844,0.9015306564047932,,0.2940217964060139,,,0.22425776362087876,1.202054169332257
1734763664600,F:\agent\UAV\data\IR-image\1734763664600.jpg,116.16903242878546,38.812122768021965,482.8579458238642,116.1690873,38.8121209,484.58,-3.9541460123271577,8.881526857376372,0.47584789311408016,0.84,-100.50863547477073,5070.417090787356,orb+phase,482.0714530244842,C,0.5,A_down,down,"up=0.000,stable=0.000,down=0.000",0.0,0.0,0.0,1,1.0013033534456777,1.0014863895317314,0.000183036086053745,2.7914613676033646,False,2,-1.7126716469959196,0.35872921021358833,0.35824669717901836,0.9986549379843289,0,0,-0.8018295336579513,-3.401766396651986e-08,3,True,463,-0.22118334482273688,-3.9541460123271577,8.881526857376372,0.9160795072093606,,0.3273996934585739,,,4.75878619957998,1.7220541761357708
1734763664800,F:\agent\UAV\data\IR-image\1734763664800.jpg,116.16909675960314,38.81214154689961,482.49783057217786,116.1691435,38.8121208,485.11,-8.457865410245915,14.24866648510124,0.655241935483871,0.84,-100.09707447855871,4387.137644921206,lk,481.9777752231664,C,0.5,A_down,down,"up=0.000,stable=0.000,down=0.000",0.0,0.0,0.0,1,1.0015584370083521,1.00195032057132,0.0003918835629679318,2.791634865013775,False,3,-2.4613394969477924,0.3584879536963034,0.35817708143489885,0.9991328236884972,0,0,-0.8317888488621747,-0.003115592835692063,1,False,325,-0.41156099621202186,-9.51435437134569,13.431331609642456,0.9636174551211297,,0.33784805121831596,,,4.660754423049968,2.6121694278221526
1734763665000,F:\agent\UAV\data\IR-image\1734763665000.jpg,116.16914620830366,38.81214773914956,482.24130411899176,116.1691998,38.8121208,485.62,-3.905626375567806,11.353829793794887,0.8615384615384616,0.84,-99.88533180029341,5091.775491268848,lk,482.1026509125951,C,0.5,A_down,down,"up=0.000,stable=0.000,down=0.000",0.0,0.0,0.0,1,0.9987297826386642,1.000677913645677,0.0019481310070127433,2.7929123913975706,False,4,-1.8489729225205676,0.35826988158519835,0.35826988158519835,1.0,0,0,-0.6915375780625936,-0.009041518102234768,1,False,280,-0.2117426782652965,-4.075293427578458,11.336306467035257,0.960501543385908,,0.36920993981766514,,,5.525764614233588,3.378695881008241
1734763665200,F:\agent\UAV\data\IR-image\1734763665200.jpg,116.16921104404807,38.81215624358531,482.08727623295215,116.169256,38.8121206,486.12,-5.263207236976029,14.847406178437382,0.7571428571428571,0.84,-99.98346666279079,5265.783913881323,lk,481.8476654090721,C,0.5,A_down,down,"up=0.000,stable=0.000,down=0.000",0.0,0.0,0.0,1,1.0003348117127113,1.0007925710357282,0.00045775932301683753,2.793853051385647,False,5,-2.0087722192864974,0.35825828938210835,0.35808039159591865,0.9995034370691143,0,0,-0.5960446776538788,-0.016888748723473332,1,False,212,0.09813486249737662,-5.054840465476673,14.703667359766229,0.9469876596704125,,0.36287649325095117,,,5.557040043192616,4.032723767047855
1734763665400,F:\agent\UAV\data\IR-image\1734763665400.jpg,116.16921196968642,38.81215638299577,482.08389848320746,116.1693123,38.8121203,486.59,-10.208207673871698,7.772019187273969,0.441,0.84,-100.14882849716643,3039.052411629995,orb+phase,481.76078192791783,C,0.5,A_down,down,"up=0.000,stable=0.000,down=0.000",0.0,0.0,0.0,1,1.0006457708864478,1.0005394278597612,0.0001063430266865506,2.794306453335836,False,6,-2.317942963821249,0.35824669717901836,0.3580158249845426,0.9993555496916127,0,0,-0.5185984300931636,-0.016888748723473332,3,True,441,0.16536183437564075,-10.208207673871698,7.772019187273969,0.8870111646130681,,0.30175940168555826,,,9.574256032492691,4.506101516792512
1734763665600,F:\agent\UAV\data\IR-image\1734763665600.jpg,116.16922961675361,38.81222219958789,482.0805207334628,116.1693685,38.81212,487.15,-20.805367070346847,0.34174933339522795,0.5529531568228105,0.168,-100.27991901954842,5662.808925111211,orb,481.2192316405543,C,0.5,A_down,down,"up=0.000,stable=0.000,down=0.000",0.0,0.0,0.0,1,1.0004586478410524,1.0028291400905138,0.002370492249461398,2.7947764815585914,False,7,-2.5378679254178507,0.3582118893069586,0.35761337717190583,0.9983291673087381,0,1,-0.5962108001731394,-0.016888748723473332,2,False,543,0.13109052238197655,-20.57290385269755,0.013960553138701925,0.9474481770768761,,0.325671344762668,,,16.55126687831129,5.069479266537201
1734763665800,F:\agent\UAV\data\IR-image\1734763665800.jpg,116.16928783111426,38.812230542892486,481.9048607850038,116.1694246,38.8121198,487.76,-4.885797944502315,13.201568633074714,1.0,0.84,-100.20201212930967,5676.659542171807,lk,481.6070514561143,C,0.5,A_down,down,"up=0.000,stable=0.000,down=0.000",0.0,0.0,0.0,1,1.0029601304307019,1.0009260990696185,0.002034031361083377,2.794597918290906,False,8,-3.953159496737691,0.35817708143489885,0.35790158168423125,0.9992308280877048,0,0,-0.5620681911410657,-0.047128805286104136,1,False,543,-0.07790689023875523,-5.013937772166514,12.942600668247309,0.9704501037485898,,0.3942985874164151,,,17.08984107574609,5.8551392149962
1734763666000,F:\agent\UAV\data\IR-image\1734763666000.jpg,116.16931230743103,38.81220017942649,481.89543502394656,116.1694808,38.8121197,488.33,8.441366754916032,7.217283175240823,1.0,0.252,-100.04285833947166,5168.802823350989,lk,481.44931284077006,C,0.7333333333333333,A_down,transition,"up=0.400,stable=0.500,down=0.000",0.4,0.0,0.5,1,1.003637807168152,1.0005412503071927,0.003096556860959332,2.795397736033316,False,9,-5.6840346893193425,0.3581287365154088,0.35778435977115153,0.9990383995777383,0,3,-0.5181310734549243,-0.047128805286104136,2,False,543,-0.15915378983800782,7.980411523146074,7.203963158519031,0.9868066227529197,,0.392675049835816,,,17.12334439931136,6.434564976053423
1734763666200,F:\agent\UAV\data\IR-image\1734763666200.jpg,116.1693342081445,38.81215243599839,481.7683127084868,116.169537,38.8121196,488.97,13.896338350345957,7.41178855643733,1.0,0.96,-99.60305563491669,5281.21055640638,lk,481.4265293620834,A_down,0.7469696969696968,A_down,transition,"up=0.364,stable=0.545,down=0.000",0.36363636363636365,0.0,0.5454545454545454,1,1.0005750508285571,1.000671146403952,9.609557539480562e-05,2.795279163921562,False,10,-5.957606533264918,0.35808039159591865,0.3577674284512434,0.9991259975356919,0,0,-0.4882859123547405,-0.07022400487172448,1,False,543,-0.4398027045549807,13.389793292282263,7.219892803350007,0.9738878485746681,,0.36795978934969753,,,17.94600704821849,7.201687291513224
1734763666400,F:\agent\UAV\data\IR-image\1734763666400.jpg,116.1693889429269,38.81210791287376,481.7542679075125,116.1695933,38.8121197,489.59,11.569888020562985,15.029231470401953,1.0,0.192,-99.45079262166125,3119.9307705552783,lk,481.5028870299916,A_down,0.7583333333333333,A_down,transition,"up=0.333,stable=0.583,down=0.000",0.3333333333333333,0.0,0.5833333333333334,1,0.9987053097444216,1.0001581860619704,0.001452876317548757,2.795720003919477,False,10,-4.265669975126415,0.3580481082902306,0.3578241729071965,0.9993745662165248,0,1,-0.43245322131502917,-0.07022400487172448,2,False,543,-0.15226301325543143,11.510737639403544,14.872743501482034,0.9365216329693794,,0.362106088839937,,,17.754719888103047,7.83573209248749
1734763666600,F:\agent\UAV\data\IR-image\1734763666600.jpg,116.16943939699733,38.812163032019285,481.74022310653817,116.1696498,38.8121196,490.14,-18.83874067561021,8.918804762993432,0.998158379373849,0.192,-99.27967250694576,5661.239113469337,lk,481.24672377438196,A_down,0.7448717948717948,A_down,transition,"up=0.385,stable=0.538,down=0.000",0.38461538461538464,0.0,0.5384615384615384,1,1.0020434985577125,1.0010913543148687,0.0009521442428437332,2.795885238770313,False,10,-4.618225464016711,0.3580158249845426,0.3576338076829439,0.9989329597326733,0,1,-0.4468542010011447,-0.07022400487172448,2,False,542,-0.17112011471548588,-19.19521027809725,8.818442474972926,0.9469714323058724,,0.36525609550153604,,,18.858959033431788,8.39977689346182
1734763666800,F:\agent\UAV\data\IR-image\1734763666800.jpg,116.16947397765328,38.81215145457681,481.55460352228545,116.1697062,38.8121196,490.75,2.315908397667158,8.436060259411136,1.0,0.96,-99.31391263588036,3776.3579028028144,lk,481.3587595689987,A_down,0.7547619047619046,A_down,transition,"up=0.357,stable=0.571,down=0.000",0.35714285714285715,0.0,0.5714285714285714,1,1.0012052526085946,1.0006020709438475,0.0006031816647471544,2.795858321182812,False,10,-4.449786538547513,0.35795870333438695,0.3577170659906812,0.999324957484048,0,0,-0.42817566867034884,-0.12436033939808414,1,False,542,0.03424012893460131,2.6618174036308346,8.221739689161552,0.9605705664493144,,0.3834316147840582,,,20.430021468215585,9.195396477714553
1734763667000,F:\agent\UAV\data\IR-image\1734763667000.jpg,116.16951395684082,38.81211225721573,481.3903990037504,116.1697627,38.8121195,491.42,10.614428384952475,11.047447982004712,1.0,0.96,-99.10099918871413,2167.10215749397,lk,481.19584088591216,A_down,0.7633333333333332,A_down,transition,"up=0.333,stable=0.600,down=0.000",0.3333333333333333,0.0,0.6,1,1.0010218137364233,1.0002362757886192,0.0007855379478041158,2.7967548942598417,False,10,-5.5403419559250775,0.35790158168423125,0.357595994560796,0.9991461699554464,0,0,-0.38602150582693184,-0.177166295730754,1,False,542,-0.2129134471662311,10.61778377215586,11.10864609164878,0.9867641638964415,,0.3765054028481245,,,21.56709772713334,10.029600996249599
1734763667200,F:\agent\UAV\data\IR-image\1734763667200.jpg,116.16956748838692,38.812120190113156,481.20996685975723,116.1698192,38.8121194,492.09,-4.358359035559204,11.954224938340246,1.0,0.96,-98.80226709595901,2128.5589935021007,lk,480.821557391399,A_down,0.7708333333333333,A_down,stable,"up=0.312,stable=0.625,down=0.000",0.3125,0.0,0.625,1,1.0044319277678575,1.0006629360987378,0.0037689916691197034,2.7979549858121953,False,10,-7.4792053109810945,0.35786287729571387,0.35731784943339484,0.9984769924546584,0,0,-0.4176267007416641,-0.24198706162762357,1,False,542,-0.2987320927551139,-4.390187784609736,11.735429273306579,0.9873696438036859,,0.40727188155869953,,,21.809429429284283,10.880033140242745
1734763667400,F:\agent\UAV\data\IR-image\1734763667400.jpg,116.16960553556608,38.81213490441422,480.9990958270461,116.1698757,38.8121193,492.77,-5.829260585486907,7.895523751605992,1.0,0.96,-98.63094644624759,4396.074432343842,lk,480.53768065517926,A_down,0.7774509803921568,A_down,stable,"up=0.294,stable=0.647,down=0.000",0.29411764705882354,0.0,0.6470588235294118,1,1.004901095348014,1.0006229898496681,0.004278105498345841,2.799387177439879,False,10,-9.482054410933369,0.3578241729071965,0.35710688920640227,0.9979954297246982,0,0,-0.4702822666232578,-0.32447946190170274,1,False,542,-0.17132064971141917,-6.922980348059639,8.020354958983347,0.9485998770222068,,0.3813106528832577,,,23.472293423066212,11.770904172953863
1734763667600,F:\agent\UAV\data\IR-image\1734763667600.jpg,116.16965541765634,38.81212102829629,480.7548281783929,116.1699323,38.8121191,493.49,2.524709383185268,12.044395417276633,1.0,0.96,-98.78079908594503,4651.611163157821,lk,480.3190492641528,A_down,0.7833333333333332,A_down,stable,"up=0.278,stable=0.667,down=0.000",0.2777777777777778,0.0,0.6666666666666666,1,1.0014630811558665,1.0004894091827052,0.0009736719731612276,2.8009663200546977,False,10,-9.950428649594102,0.357804266339174,0.35694441542115013,0.9975968678998121,0,0,-0.5139192599779108,-0.42417301623172987,1,False,542,0.14985263969744395,2.436948552427225,11.831833501446653,0.9973760508000851,,0.3735273572965525,,,23.991098481646933,12.735171821607082
1734763667800,F:\agent\UAV\data\IR-image\1734763667800.jpg,116.16969559331832,38.81213849876392,480.46787525761266,116.1699891,38.8121188,494.14,-6.8108799530273245,8.146598989184326,1.0,0.96,-99.10787183347587,3367.017826560652,lk,479.98077599365666,A_down,0.7885964912280701,A_down,stable,"up=0.263,stable=0.684,down=0.000",0.2631578947368421,0.0,0.6842105263157895,1,1.0030414840991932,1.000791440853759,0.002250043245434208,2.802837831606024,False,10,-9.983141361983268,0.35778435977115153,0.35669303094040794,0.9969497581407929,0,0,-0.5704992458673246,-0.5436058736513162,1,False,542,0.3270727475308404,-6.79816241013657,8.14569619880561,0.9802962500602007,,0.3095143736572936,,,25.524691852309047,13.672124742387325
1734763668000,F:\agent\UAV\data\IR-image\1734763668000.jpg,116.1697557263766,38.81215145351019,480.1364701316505,116.1700459,38.8121185,494.74,-6.28784672676403,13.057535028054758,1.0,0.96,-99.6493516715924,2606.652834799057,lk,479.62412614560463,A_down,0.7783333333333333,A_down,stable,"up=0.300,stable=0.650,down=0.000",0.3,0.0,0.65,1,1.0033141632706624,1.001016023221726,0.002298140048936359,2.804940103261784,False,10,-9.824951922139707,0.3577758941111975,0.3564279900853388,0.9962325465520611,0,0,-0.6194890268555469,-0.6805817328453682,1,False,542,0.5414798381165291,-6.187953037218847,12.948936621545357,0.942644075024873,,0.22515476687112823,,,25.407362279644282,14.603529868349483
1734763668200,F:\agent\UAV\data\IR-image\1734763668200.jpg,116.1697949951797,38.812160940383926,479.7617314571376,116.1701029,38.8121181,495.3,-4.443927269908215,8.15407076415812,1.0,0.96,-100.2871666994653,2500.2191436678086,lk,479.2991785250166,A_down,0.7933333333333332,A_down,stable,"up=0.300,stable=0.700,down=0.000",0.3,0.0,0.7,1,1.000662760998662,1.000868394367408,0.00020563336874590554,2.807252684950401,False,10,-9.858825749667343,0.3577674284512434,0.3561865084313195,0.9955811516247647,0,0,-0.6558926131436351,-0.8311723100767701,1,False,542,0.6378150278729046,-4.5003100697757645,8.096151688080965,1.000136253144592,,0.2045837197219953,,,27.100000054827007,15.538268542862397
1734763668400,F:\agent\UAV\data\IR-image\1734763668400.jpg,116.1698297509321,38.81214799298694,479.3652350542068,116.1701599,38.8121177,495.86,2.586822482080777,8.309997614260908,1.0,0.96,-100.62986531202066,3482.357522077403,lk,479.1144355528581,A_down,0.8083333333333332,A_down,stable,"up=0.250,stable=0.750,down=0.000",0.25,0.0,0.75,1,0.9962325874470193,1.0001953402379298,0.003962752790910518,2.8094572433021527,False,10,-8.68456882774311,0.35774224722096226,0.35604921849393034,0.9952674621457661,0,0,-0.6271735408029713,-0.978826569896292,1,False,542,0.34269861255535683,3.20968882303157,8.132075118089148,0.9237653847783804,,0.2753951408085413,,,28.803009315872824,16.494764945793236
1734763668600,F:\agent\UAV\data\IR-image\1734763668600.jpg,116.16989643210283,38.81219096664206,479.1694697402275,116.170217,38.8121175,496.36,-15.976164604166627,12.651103192332869,0.959409594095941,0.0576,-100.72778271709656,4845.60414579614,lk,478.51778097021645,A_down,0.8233333333333333,A_down,stable,"up=0.200,stable=0.800,down=0.000",0.2,0.0,0.8,1,1.0015397836793163,1.000959568380306,0.0005802152990102005,2.8119916734994823,False,10,-8.440224506703887,0.3577170659906812,0.35560582046186057,0.9940980016623651,0,1,-0.632837387260679,-0.978826569896292,2,False,520,0.09791740507590886,-15.512906816356178,12.30909560140671,0.9522581730037928,,0.34303024478140287,,,28.951631070994697,17.190530259772515
1734763668800,F:\agent\UAV\data\IR-image\1734763668800.jpg,116.16992693560779,38.812186578209804,478.7157196779785,116.1702741,38.8121173,496.9,0.20997848083800363,6.729133094782242,1.0,0.96,-100.61826111756822,2760.960764630884,lk,478.6537866620256,A_down,0.8383333333333333,A_down,stable,"up=0.150,stable=0.850,down=0.000",0.15,0.0,0.85,1,0.9982963373934953,0.9998606937944958,0.0015643564010004996,2.812688825201284,False,10,-7.065688341087141,0.3576754368368126,0.3557068917648437,0.9944962810715263,0,0,-0.5556819332240366,-1.1404221850295495,1,False,520,-0.1095215995283335,0.8671544964115583,6.823008236347192,0.9630806441884487,,0.38265226292423904,,,31.05038675129308,18.184280322021493
1734763669000,F:\agent\UAV\data\IR-image\1734763669000.jpg,116.16997932934137,38.81216268822121,478.25600425329554,116.1703311,38.8121172,497.63,5.2854120396988264,13.00669685979733,1.0,0.96,-100.2303837513185,2378.356991586089,lk,477.8785426556394,A_down,0.8383333333333333,A_down,stable,"up=0.150,stable=0.850,down=0.000",0.15,0.0,0.85,1,1.004590779542002,1.0007212297650043,0.003869549776997605,2.8155710752597054,False,10,-8.733343626112584,0.3576338076829439,0.355130776744854,0.9930011344444568,0,0,-0.5593607729217069,-1.2851903741368542,1,False,520,-0.3878773662497222,5.6647265538775855,12.660809415914684,0.9925253091845662,,0.37356425388134085,,,30.895592855102493,19.373995746704452
1734763669200,F:\agent\UAV\data\IR-image\1734763669200.jpg,116.17002985885703,38.81213274035532,477.87642573514825,116.170388,38.8121171,498.34,7.2954883339927505,12.796844632236855,1.0,0.5599999999999999,-99.81403666152612,2238.817684241673,lk,477.8583810625336,A_down,0.8383333333333333,A_down,stable,"up=0.150,stable=0.850,down=0.000",0.15,0.0,0.85,2,1.005585689728677,0.999589825741726,0.005995863986951067,2.8178027329623463,False,10,-9.26284809933145,0.35762359242742486,0.3551157938536359,0.9929876030919356,0,0,-0.44920376967172615,-1.3625684592922849,1,False,520,-0.41634708979238305,7.097240341522877,13.018325698709901,0.9553626291221008,,0.3762881178408861,,,31.079406879612367,20.46357426485173
1734763669400,F:\agent\UAV\data\IR-image\1734763669400.jpg,116.17008733388823,38.812108893782614,477.47744064057093,116.170445,38.812117,499.06,5.142885359492766,14.075076477037669,1.0,0.5599999999999999,-99.68208237809749,4028.482562658479,lk,477.1395546786967,A_down,0.8383333333333333,A_down,stable,"up=0.150,stable=0.850,down=0.000",0.15,0.0,0.85,2,1.0067957961332756,1.0004795866359135,0.006316209497362113,2.8200273168632877,False,10,-10.136583521549577,0.35761337717190583,0.3545816050394278,0.9915222071488097,0,0,-0.43086567089494565,-1.4420753226103347,1,False,520,-0.1319542834286274,4.283765329312473,13.961567596469507,0.9435285994783044,,0.3918219894403592,,,31.002662607764318,21.58255935942907
1734763669600,F:\agent\UAV\data\IR-image\1734763669600.jpg,116.17013046635188,38.81211839040351,476.99171979545946,116.170502,38.8121168,499.84,-4.53939755266714,8.84038475485346,1.0,0.96,-99.79226881857744,3448.1495037322866,lk,476.6105771684801,A_down,0.8533333333333333,A_down,stable,"up=0.100,stable=0.900,down=0.000",0.1,0.0,0.9,1,1.0013572877077785,1.0003124549808768,0.001044832726901701,2.8226422118051646,False,10,-10.078432997898178,0.3576046858663509,0.35418850056346657,0.9904470342870141,0,0,-0.45803217804120777,-1.5650022715024545,1,False,520,0.1101864404799567,-5.152378285319514,8.75922952957768,1.0068740837275982,,0.3781788766209502,,,32.1915765128288,22.848280204540515
1734763669800,F:\agent\UAV\data\IR-image\1734763669800.jpg,116.17018911130498,38.8121385917983,476.48989972584724,116.170559,38.8121166,500.62,-8.455482405168198,11.943830486360298,1.0,0.96,-99.83322544324749,3841.9523398576675,lk,476.1601007811598,A_down,0.8533333333333333,A_down,stable,"up=0.100,stable=0.900,down=0.000",0.1,0.0,0.9,1,1.000425146914795,1.0003200262859966,0.0001051206287983053,2.8257569886550256,False,10,-8.847362041355812,0.357595994560796,0.3538537334311211,0.9895349467371098,0,0,-0.4732172248889128,-1.683715061629485,1,False,520,0.04095662467005065,-8.12947764148106,11.692357401972373,0.9865413255989551,,0.3900790893530939,,,32.141719942348125,24.130100274152767
1734763670000,F:\agent\UAV\data\IR-image\1734763670000.jpg,116.17025075992365,38.81214603861607,475.96460404546497,116.1706161,38.8121164,501.34,-4.6003340217725395,13.315330130963218,1.0,0.96,-99.66677975687355,4077.0679517611775,lk,475.59817765202706,A_down,0.7366666666666666,A_down,stable,"up=0.100,stable=0.900,down=0.000",0.1,0.0,0.9,1,1.0048668150905407,1.00032351100222,0.00454330408832071,2.828980817695388,False,10,-9.559671558220375,0.35745692199709544,0.3534361457398829,0.9887517180119254,0,0,-0.4903253418884219,-1.8038682748290258,1,False,520,-0.16644568637393814,-4.576684231991294,13.341808902357485,1.0165952617302536,,0.4074266490060836,,,31.82555007515738,25.37539595453501
1734763670200,F:\agent\UAV\data\IR-image\1734763670200.jpg,116.17029357056808,38.81216122499644,475.47001698568874,116.1706731,38.8121162,502.04,-6.137702601932233,8.401611497338024,1.0,0.5599999999999999,-99.27694485921408,2800.5237579343375,lk,475.05369282634194,A_down,0.7366666666666666,A_down,stable,"up=0.100,stable=0.900,down=0.000",0.1,0.0,0.9,2,1.0119375313280736,1.0003241982090487,0.011613333119024905,2.8323757146550426,False,10,-14.74132024870269,0.35731784943339484,0.3530315171537221,0.9880041473257783,0,0,-0.5111304077526029,-1.890154591604844,1,False,520,-0.38983489765946727,-6.389078744128142,8.608746102608421,0.9987544566392899,,0.3823245659004897,,,33.262806240208675,26.569983014311276
1734763670400,F:\agent\UAV\data\IR-image\1734763670400.jpg,116.17034960159751,38.81216993451544,474.9178830955031,116.17073,38.8121161,502.79,-4.53865790039481,11.908015110673205,1.0,0.5599999999999999,-98.7740688707514,2993.3907334348187,lk,474.2075066313629,A_down,0.8533333333333333,A_up,stable,"up=0.100,stable=0.900,down=0.000",0.1,0.0,0.9,2,1.0190295679805614,1.0004023284825123,0.01862723949804912,2.835997045299118,False,10,-25.02443731638724,0.3572123693198985,0.3524026821383985,0.9865354965432545,0,0,-0.6059396620908046,-2.001582625084764,1,False,520,-0.5028759884626826,-3.8756983650928305,11.91292795571124,0.9981171633116901,,0.3824610250303522,,,33.498353624690154,27.87211690449692
1734763670600,F:\agent\UAV\data\IR-image\1734763670600.jpg,116.17041063599659,38.81216997480177,474.28704459620667,116.170787,38.8121161,503.49,-1.9840390266959957,13.49045623765386,1.0,0.5599999999999999,-98.54346483164231,2461.200073116868,lk,473.402525041116,A_down,0.8683333333333332,A_up,stable,"up=0.050,stable=0.950,down=0.000",0.05,0.0,0.95,2,1.0111215602814685,1.0007152835584416,0.010406276723026853,2.840360086138642,False,10,-29.254037426389733,0.35710688920640227,0.35180446792308545,0.9851517250336437,0,0,-0.760372118999669,-2.147196580050242,1,False,520,-0.23060403910910007,-2.3867102225230497,13.620467721706518,1.012572183087468,,0.3961711782030761,,,33.15529252500792,29.20295540379334
1734763670800,F:\agent\UAV\data\IR-image\1734763670800.jpg,116.17045386055791,38.812152981482626,473.8576052801966,116.1708438,38.812116,504.18,3.9675078469339837,9.935629831720178,1.0,0.16799999999999998,-98.25579587736269,3266.4884365845373,lk,473.07298084991066,A_down,0.8683333333333332,A_up,stable,"up=0.050,stable=0.950,down=0.000",0.05,0.0,0.95,2,1.0060155674238076,0.9994150859882752,0.006600481435532379,2.84449598722704,False,10,-32.625138216684554,0.3570256523137762,0.3515595703724565,0.9846899462100394,0,3,-0.7892544428219708,-2.147196580050242,2,False,520,-0.28766895427962325,4.765971483294379,9.9578028376811,1.0046583289280533,,0.40603409343748353,,,34.035161493326854,30.322394719803412
1734763671000,F:\agent\UAV\data\IR-image\1734763671000.jpg,116.17051744710847,38.812168059445355,473.0548550258053,116.1709005,38.812116,504.96,-6.547181177917082,13.416492481895204,1.0,0.5599999999999999,-97.79559014711286,4341.022785947984,lk,472.0258409078124,A_down,0.8683333333333332,A_up,stable,"up=0.050,stable=0.950,down=0.000",0.05,0.0,0.95,2,1.019252326300564,1.000707265035731,0.018545061264833018,2.848067694071188,False,10,-38.936776038154974,0.35694441542115013,0.35078139854048557,0.9827339590860583,0,0,-0.953081034765205,-2.370934527673432,1,False,520,-0.4602057302498199,-5.561788654344696,13.280774601662813,0.9773795021232218,,0.37958648102357984,,,33.690197192189856,31.905144974194684
1734763671200,F:\agent\UAV\data\IR-image\1734763671200.jpg,116.17056468870061,38.81209314449958,472.5806681202706,116.170957,38.8121159,505.74,21.889689680902563,13.14553728291861,0.6788461538461539,0.0336,-97.53413838895207,1858.5344022744898,lk,471.46876890430457,A_down,0.8683333333333332,A_up,stable,"up=0.050,stable=0.950,down=0.000",0.05,0.0,0.95,2,1.0143390134765549,0.9994972516962792,0.01484176178027563,2.8536209374379107,False,10,-42.60984205946153,0.356818723180779,0.35036741591592757,0.9819199306377683,0,1,-1.0250357701683583,-2.370934527673432,2,False,353,-0.26145175816079463,19.73949559461761,13.295424246341724,0.9266774471849203,,0.33453377592377365,,,34.08539889729702,33.15933187972939
1734763671400,F:\agent\UAV\data\IR-image\1734763671400.jpg,116.17061557347564,38.81211857423608,471.3625542085928,116.1710134,38.8121158,506.55,-9.28800953077507,9.927145874042708,0.9943342776203966,0.96,-97.21942180454619,2811.0050593465567,lk,470.044024337382,A_down,0.8683333333333332,A_up,stable,"up=0.050,stable=0.950,down=0.000",0.05,0.0,0.95,1,1.0041433437794447,0.9999611716578313,0.0041821721216134256,2.8582247670295744,False,10,-41.43245578494949,0.35669303094040794,0.34930863089096603,0.9792976049182311,0,0,-1.3103978683970468,-2.7935924518544604,1,False,351,-0.3147165844058876,-6.172933281704445,10.00665120653099,0.8990270677953959,,0.31328559218673036,,,34.47058627110434,35.187445791407185
1734763671600,F:\agent\UAV\data\IR-image\1734763671600.jpg,116.17062131956128,38.812118566367324,470.80383571822193,116.1710695,38.8121155,507.44,-17.202735137406933,10.006229367170022,0.235,0.0576,-97.196159999338,1498.8944675442206,orb+phase,468.8407168646288,A_down,0.8683333333333332,A_up,stable,"up=0.050,stable=0.950,down=0.000",0.05,0.0,0.95,1,0.9979528898327158,0.9998745668944962,0.0019216770617803691,2.86748254137135,False,10,-39.852995026880095,0.3565605105128734,0.3484144046821746,0.977153651090017,0,1,-1.5,-2.7935924518544604,3,True,235,-0.023261805208187884,-17.202735137406933,10.006229367170022,0.9154834336601197,,0.28665175748756155,,,38.83355790736031,36.636164281778065
1734763671800,F:\agent\UAV\data\IR-image\1734763671800.jpg,116.17062706564691,38.81211855849857,470.24511722785104,116.1711253,38.8121149,508.4,-8.372711693978715,7.985685949158778,0.30410654827968925,0.288,-97.41567455950282,1792.9795721232797,orb+phase,467.0800795870979,A_down,0.8533333333333333,A_up,stable,"up=0.100,stable=0.900,down=0.000",0.1,0.0,0.9,1,1.002061659538771,1.0048704578610927,0.002808798322321726,2.873655416522412,False,10,-40.508670413537004,0.3564279900853388,0.34710600426632654,0.9738460893130746,0,2,-1.5,-2.7935924518544604,3,True,274,0.2195145601648267,-8.372711693978715,7.985685949158778,0.9461268136277795,,0.2916325509431772,,,43.17083982614801,38.15488277214894
1734763672000,F:\agent\UAV\data\IR-image\1734763672000.jpg,116.17063281173255,38.81211855062981,469.68639873748015,116.171181,38.8121143,509.4,-22.19205325759242,12.275151492883055,0.43402061855670104,0.0576,-97.54634845902667,2065.641582486629,orb+phase,466.9544068523552,A_down,0.8533333333333333,A_up,stable,"up=0.100,stable=0.900,down=0.000",0.1,0.0,0.9,1,1.0009965698065026,1.0033836291031297,0.002387059296627081,2.878729757963222,False,10,-38.80098482493236,0.35630724925832913,0.347012611799578,0.9739139816040836,0,1,-1.5,-2.7935924518544604,3,True,421,0.1306738995238552,-22.19205325759242,12.275151492883055,0.9564935453236103,,0.32162723527289927,,,47.499472420017554,39.71360126251983
1734763672200,F:\agent\UAV\data\IR-image\1734763672200.jpg,116.17068350471054,38.812126244728006,469.12768024710925,116.1712364,38.8121138,510.4,-3.897924970610518,10.507693479847546,0.8084677419354839,0.08063999999999999,-97.95015672768461,3708.42373921033,lk,468.65454687243977,A_up,0.8383333333333333,A_up,stable,"up=0.150,stable=0.850,down=0.000",0.15,0.0,0.85,1,1.0037994673252337,1.0014175979272701,0.0023818693979635874,2.8799179255121823,False,10,-35.26568394518823,0.3561865084313195,0.34827605426877195,0.9777912583006415,0,2,-1.5,-2.7935924518544604,2,False,401,0.4038082686579373,-4.7515680803729765,10.337839736268847,0.9628221603110433,,0.24039348069345579,,,47.92493478450768,41.27231975289072
1734763672400,F:\agent\UAV\data\IR-image\1734763672400.jpg,116.17072928006641,38.81211342217456,468.56896175673836,116.1712917,38.8121132,511.41,2.483568621637062,10.21148988177606,0.8553615960099751,0.08063999999999999,-98.78593617776161,2058.6615684294707,lk,468.0981385077535,A_up,0.8383333333333333,A_up,stable,"up=0.150,stable=0.850,down=0.000",0.15,0.0,0.85,1,1.0035494327589438,1.000995254633862,0.002554178125081741,2.8811228691181205,False,10,-28.539166199921645,0.3561178634626249,0.34786256482092964,0.976818633692152,0,2,-1.5,-2.7935924518544604,2,False,343,0.8357794500770053,1.4640560484104412,10.072662390416298,0.8858828593045474,,0.18388949084328488,,,48.730214971638404,42.841038243261664
1734763672600,F:\agent\UAV\data\IR-image\1734763672600.jpg,116.17078660239669,38.812123815755434,468.01024326636747,116.1713467,38.8121126,512.44,-5.413664029474603,11.721730193148801,0.9125364431486881,0.2688,-100.17598430709187,4147.206051958166,lk,467.5518297029932,A_up,0.8233333333333333,A_up,stable,"up=0.150,stable=0.800,down=0.050",0.15,0.05,0.8,1,1.0037061599390453,0.9988605329097937,0.00484562702925162,2.8828176615871826,False,10,-25.258064137325373,0.35604921849393034,0.347456580762514,0.9758667136870494,0,0,-1.2304522406107594,-2.7935924518544604,2,False,313,1.390048129330247,-6.98750058172476,11.513007612922422,0.68528021434322,-1.0658374877765309,0.29220955014170613,,,48.545012136356945,44.42975673363259
1734763672800,F:\agent\UAV\data\IR-image\1734763672800.jpg,116.17081437437595,38.812100885606924,467.4515247759966,116.1714015,38.8121122,513.49,6.069688533659473,6.5007127660493325,0.987220447284345,0.08063999999999999,-100.75248898513507,4342.598660533092,lk,467.0128100516022,A_up,0.8233333333333333,A_up,stable,"up=0.150,stable=0.800,down=0.050",0.15,0.05,0.8,1,1.0020676204757863,1.0000387299938749,0.0020288904819114606,2.8847019537781167,False,10,-23.485637627615844,0.355878055129387,0.3470560135673111,0.9752104929345292,0,3,-0.9766350985278223,-2.7935924518544604,2,False,309,0.5765046780432099,5.614672636828402,6.438031792228458,0.9292092427611351,,0.2210138225927949,,,50.88636377004077,46.038475224003435
1734763673000,F:\agent\UAV\data\IR-image\1734763673000.jpg,116.17082553591786,38.812030408039995,466.8928062856257,116.171456,38.812112,514.57,21.418192359032673,5.312191352303103,0.8867313915857605,0.05376,-100.84324895333762,2010.6954465139563,lk,466.464468852408,A_up,0.8083333333333332,A_up,stable,"up=0.150,stable=0.750,down=0.100",0.15,0.1,0.75,1,0.9985794603792728,0.9983317899699866,0.00024767040928619366,2.8868614726486377,False,10,-14.277448590400562,0.3557068917648437,0.34664851915480016,0.9745341661357745,0,1,-0.7668634961274279,-2.7935924518544604,2,False,274,0.09075996820254732,21.895597512276424,5.404284997943279,0.8942470021545887,,0.28848081741307396,,,55.37414131511963,47.67719371437437
1734763673200,F:\agent\UAV\data\IR-image\1734763673200.jpg,116.17083184203084,38.81203009919921,466.3340877952548,116.1715104,38.812112,515.65,-14.43008708056118,13.548670918775088,0.3203371970495258,0.05376,-100.35983130075799,3016.515542849861,orb+phase,465.9349699907318,A_up,0.7933333333333332,A_up,stable,"up=0.200,stable=0.700,down=0.100",0.2,0.1,0.7,1,1.0064946906598833,1.0051265839676893,0.0013681066921940044,2.8889785126648952,False,10,-10.737033839382072,0.3556563561133521,0.3462550272415881,0.9735662565558993,0,1,-0.5497215419526356,-2.7935924518544604,3,True,304,-0.4834176525796364,-14.43008708056118,13.548670918775088,0.8861096024513244,,0.27804445670335554,,,59.49403570137562,49.31591220474519
1734763673400,F:\agent\UAV\data\IR-image\1734763673400.jpg,116.17083814814382,38.81202979035843,465.7753693048839,116.1715648,38.8121122,516.52,17.35801139169621,22.244428077463596,0.27129337539432175,0.05376,-99.47664094625584,4046.865353225318,orb+phase,465.39763494270426,A_up,0.7783333333333333,A_up,stable,"up=0.200,stable=0.650,down=0.150",0.2,0.15,0.65,1,1.001643552812871,0.9980664818034866,0.003577071009384536,2.891637136445876,False,10,-9.588503365359575,0.35560582046186057,0.3458557119429395,0.9725816959175257,0,1,-0.4192536703479277,-2.7935924518544604,3,True,258,-0.8831903545021457,17.35801139169621,22.244428077463596,0.7784017886966467,,0.23159253469202667,,,63.62328917812274,50.744630695116086
1734763673600,F:\agent\UAV\data\IR-image\1734763673600.jpg,116.1708444542568,38.81202948151765,465.216650814513,116.1716193,38.8121123,517.23,2.5066985966400352,7.5018848915621845,0.3408624229979466,0.2688,-99.56692871728895,2687.0754265784376,orb+phase,464.88945812778854,A_up,0.7783333333333333,A_up,stable,"up=0.200,stable=0.650,down=0.150",0.2,0.15,0.65,1,0.9987033261130382,0.9995994394261092,0.0008961133130709342,2.8949465712658804,False,10,-9.919373993625577,0.3553682986033573,0.3454780653007575,0.9721690613893539,0,0,-0.3925193444064803,-2.7935924518544604,3,True,332,0.09028777103310423,2.5066985966400352,7.5018848915621845,0.9691858503036201,,0.29077160300221294,,,67.76428859155634,52.013349185487016
1734763673800,F:\agent\UAV\data\IR-image\1734763673800.jpg,116.17088474266302,38.81208563423052,464.6579323241421,116.1716735,38.8121121,518.03,-18.93065798170528,4.874940002709764,0.8044354838709677,0.05376,-100.68473471977387,5035.557760403072,lk,464.37981742242374,A_up,0.7633333333333332,A_up,transition,"up=0.250,stable=0.600,down=0.150",0.25,0.15,0.6,1,0.9971065262813994,1.001890436352441,0.004783910071041619,2.898217883447411,False,10,-7.647572857194805,0.355130776744854,0.3450993307826701,0.971752811586389,0,1,-0.3584628721095555,-2.7935924518544604,2,False,399,1.117806002484921,-18.619773988623365,5.063598281049821,0.6593316871672869,-0.8158224494528654,0.2582034690422006,,,68.40429137923388,53.37206767585786
1734763674000,F:\agent\UAV\data\IR-image\1734763674000.jpg,116.17092160586778,38.81206086841247,464.0992138337712,116.1717273,38.8121119,518.86,6.128479934984341,8.799355402202309,0.9373433583959899,0.2688,-101.24112712086638,5526.347541059841,lk,463.90770661422386,A_up,0.7633333333333332,A_up,transition,"up=0.250,stable=0.600,down=0.150",0.25,0.15,0.6,1,1.0001835728096944,1.000460454137678,0.00027688132798364684,2.9014058743568145,False,10,-7.267344010836747,0.355123285299245,0.34474848624151544,0.9707853596561904,0,0,-0.30990481842081863,-2.7935924518544604,2,False,374,0.5563924010925136,6.101205732480707,8.378515075760447,0.9012741297483444,,0.22713439096696675,,,70.03868771323604,54.7607861662288
1734763674200,F:\agent\UAV\data\IR-image\1734763674200.jpg,116.17095034240867,38.81202949807894,463.5404953434003,116.171781,38.8121119,519.62,8.549856582415885,7.210968458830735,0.9491978609625669,0.2688,-101.09982139624854,4910.024204706997,lk,463.4252026638203,A_up,0.7633333333333332,A_up,transition,"up=0.250,stable=0.600,down=0.150",0.25,0.15,0.6,1,1.0010185262754079,1.0003529709543706,0.0006655553210372922,2.90454159119908,False,10,-5.9909930396583695,0.35484869944653186,0.34438991813812864,0.9705260824550968,0,0,-0.2518890730024168,-2.7935924518544604,2,False,355,-0.14130572461783872,8.401497451526836,7.248072457903447,0.9452238384634256,,0.3516691372205969,,,72.55229304018518,56.07950465659968
1734763674400,F:\agent\UAV\data\IR-image\1734763674400.jpg,116.17101250459119,38.81204492593191,462.98177685302943,116.1718345,38.8121121,520.39,-7.360314154205923,12.458955843271951,0.9549295774647887,0.08063999999999999,-100.6023381263656,3789.327145899794,lk,462.87721939430213,A_up,0.7633333333333332,A_up,transition,"up=0.250,stable=0.600,down=0.150",0.25,0.15,0.6,1,0.99956300339454,1.0006171991337856,0.0010541957392455892,2.907742120827837,False,10,-4.161185195503691,0.35438505280144716,0.34398268971756446,0.9706467216897241,0,3,-0.20310882660885454,-2.7935924518544604,2,False,339,-0.49748326988294234,-7.421465064182144,12.920034951488674,0.9343476409092546,,0.30321919883135706,,,71.6114671078348,57.408223146970556
1734763674600,F:\agent\UAV\data\IR-image\1734763674600.jpg,116.17105418487753,38.81204833984014,462.42305836265854,116.1718877,38.8121125,521.17,-2.580621828033088,8.232983901573618,0.8436578171091446,0.1568,-99.72303276275655,1990.2230421116576,lk,462.32948887763894,A_up,0.7633333333333332,A_up,transition,"up=0.250,stable=0.600,down=0.150",0.25,0.15,0.6,2,1.006638049341447,1.000953630773915,0.00568441856753199,2.9110091306122974,False,10,-5.49089141134034,0.3540211169972938,0.34357564912781857,0.9704947886779446,0,0,-0.1637643294634472,-2.7935924518544604,2,False,286,-0.8793053636090495,-3.752192903641685,8.774269797124902,0.8571839839220047,,0.2800817479728721,,,72.57049563271595,58.74694163734142
1734763674800,F:\agent\UAV\data\IR-image\1734763674800.jpg,116.17113542437073,38.81206443722564,461.86433987228764,116.1719408,38.8121128,521.95,-8.097339870509416,17.12810941043739,0.8741258741258742,0.016128,-99.55120586333032,4641.800218162535,lk,461.7817157096187,A_up,0.7633333333333332,A_up,transition,"up=0.250,stable=0.600,down=0.150",0.25,0.15,0.6,1,0.999526535644796,1.000856367134115,0.0013298314893190888,2.9143298416873753,False,10,-4.324007248842094,0.353644939585502,0.3431685768421328,0.9703760422653063,0,1,-0.13176369212902728,-2.7935924518544604,2,False,250,-0.17182689942622417,-7.387798586828467,17.189379209913852,0.866161476355046,,0.28283383179223165,,,69.98775244520085,60.0856601277124
1734763675000,F:\agent\UAV\data\IR-image\1734763675000.jpg,116.17117460667266,38.81205362464632,461.30562138191675,116.1719936,38.812113,522.7,2.0165439556640763,8.308933327280613,0.972,0.2688,-99.4157858047972,2657.9396534994153,lk,461.2336799360996,A_up,0.6466666666666666,A_down,transition,"up=0.250,stable=0.600,down=0.150",0.25,0.15,0.6,1,0.9980582591142912,0.9992101424019659,0.001151883287674682,2.917700235517446,False,10,-4.080130976671013,0.35323383144680254,0.34276130940373256,0.970352437646825,0,0,-0.10641754993707764,-2.7935924518544604,2,False,243,-0.13542005853312192,2.228093048020469,8.67909406608888,0.9012074551545084,,0.3264612564817071,,,71.26721378322405,61.394378618083294
1734763675200,F:\agent\UAV\data\IR-image\1734763675200.jpg,116.17123311983505,38.812048650566354,460.74690289154586,116.1720462,38.8121133,523.5,-0.5534027724417001,12.683343319347273,0.9876543209876543,0.2688,-99.2830680829883,2286.4513871113863,lk,460.6856533253507,A_up,0.6466666666666666,A_down,transition,"up=0.250,stable=0.600,down=0.150",0.25,0.15,0.6,1,1.001070889387621,1.0007327542559432,0.00033813513167779696,2.921113517661641,False,10,-1.6009422770204351,0.3527170996460603,0.3423540487745556,0.9706193692284732,0,0,-0.08660417155135747,-2.7935924518544604,2,False,240,-0.13271772180890393,-0.7232436168777667,12.504907714948132,0.9649225480854511,,0.35490200720960274,,,70.81422437199421,62.75309710845414
1734763675400,F:\agent\UAV\data\IR-image\1734763675400.jpg,116.1712645818439,38.812033636241935,460.12169986857464,116.1720986,38.8121136,524.27,3.660799696900142,6.595782040902179,0.9916666666666667,0.384,-99.23514527484222,4398.063278605789,lk,460.13707088212965,A_up,0.6466666666666666,A_down,transition,"up=0.250,stable=0.600,down=0.150",0.25,0.15,0.6,1,1.0000348996623425,0.9995913692857221,0.0004435303766203713,2.9245724223785117,False,10,-0.8613157262074543,0.35210357503074197,0.3419463750838997,0.9711528065400772,0,0,-0.07271065043926228,-2.811027806946711,1,False,238,-0.04792280814607299,3.017155434107167,6.9204633070274895,0.9043782562948763,,0.33735933623393066,,,72.80753400391681,64.14830013142534
1734763675600,F:\agent\UAV\data\IR-image\1734763675600.jpg,116.17131229223041,38.811998697907555,459.5594943071853,116.1721507,38.8121138,525.07,9.153716454379321,11.614171960387466,0.9915966386554622,0.2688,-99.63671123370153,3240.2195854926113,lk,459.518179413434,A_up,0.6316666666666666,A_down,transition,"up=0.300,stable=0.550,down=0.150",0.3,0.15,0.55,1,1.0038442541039005,1.0015217675223504,0.0023224865815500984,2.9285076913752364,False,10,-3.209248812241686,0.351682019147771,0.3414864519269041,0.9710091313579985,0,0,-0.06231435984204836,-2.811027806946711,2,False,236,0.40156595885930896,8.973631288691706,10.655615595047607,0.9393617396242917,,0.2597511304775253,,,73.76178356514517,65.51050569281477
1734763675800,F:\agent\UAV\data\IR-image\1734763675800.jpg,116.17135962344707,38.811978663834154,458.9972887457959,116.1722028,38.812114,525.76,4.428039174893513,10.737485061021232,1.0,0.2688,-99.99294831713246,2199.235078448616,lk,458.9645501858338,A_up,0.6466666666666666,A_down,transition,"up=0.250,stable=0.600,down=0.150",0.25,0.15,0.6,1,1.0025795319507096,1.0002588774965298,0.002320654454179838,2.93203189034585,False,10,-5.693456546870533,0.35117048445647103,0.34107502776767373,0.9712519783534124,0,0,-0.05240821030508869,-2.811027806946711,2,False,236,0.3562370834309205,4.388507096603917,10.070849833873154,0.929932442959398,,0.2715409325901419,,,74.58993154766738,66.76271125420408
1734763676000,F:\agent\UAV\data\IR-image\1734763676000.jpg,116.1713673844703,38.811978200033586,458.43508318440655,116.1722547,38.8121143,526.43,-23.152430656201545,1.4377259821685016,0.3002070393374741,0.05376,-100.32826284734787,2973.1237194191567,orb+phase,458.4097059146971,A_up,0.6466666666666666,A_down,transition,"up=0.250,stable=0.600,down=0.150",0.25,0.15,0.6,1,1.0114259018793799,1.0077499278342212,0.0036759740451586254,2.9355692214538744,False,10,-10.718931370524157,0.35057440722820654,0.3406627006606934,0.971727238602842,0,1,-0.043226570450997315,-2.811027806946711,3,True,290,0.33531453021541663,-23.152430656201545,1.4377259821685016,0.8402580302208662,,0.2851186004409101,,,78.35582111816856,67.9949168155934
1734763676200,F:\agent\UAV\data\IR-image\1734763676200.jpg,116.17142920529996,38.81195429960785,457.8728776230172,116.1723064,38.8121147,527.14,4.9167307743046536,14.529682753923169,0.75,0.2688,-100.39506165505681,4314.419760842909,lk,457.8524842518029,A_up,0.7633333333333332,A_down,transition,"up=0.250,stable=0.600,down=0.150",0.25,0.15,0.6,1,1.000692202417769,1.001183517014686,0.0004913145969172028,2.9391226814270044,False,10,-10.55996576948675,0.34983802340344683,0.3402486068182224,0.9725889813464743,0,0,-0.03522622301187539,-2.811027806946711,2,False,372,0.06679880770892788,5.2827739077022215,14.173594322307594,0.9615621252916753,,0.3179702485213056,,,78.06828750162641,69.2671223769828
1734763676400,F:\agent\UAV\data\IR-image\1734763676400.jpg,116.17146694618302,38.81192911938267,457.3106720616278,116.172358,38.812115,527.73,6.4014371672906805,8.704138101814635,0.9623655913978495,0.2688,-100.36264027741954,4651.197117493218,lk,457.2931256696645,A_up,0.7633333333333332,A_down,transition,"up=0.250,stable=0.600,down=0.150",0.25,0.15,0.6,1,0.9998794478904867,0.9995042271945802,0.000375220695906453,2.9426944103602746,False,10,-10.688392519465864,0.3488615177865703,0.3398329249450632,0.9741198372959246,0,0,-0.028726337512182454,-2.811027806946711,2,False,358,-0.03242137763725595,6.481650130375272,8.943833866502274,0.9792744752019644,,0.3530172922910424,,,79.92326018739264,70.41932793837219
1734763676600,F:\agent\UAV\data\IR-image\1734763676600.jpg,116.17150031629576,38.81191680467711,456.74846650023846,116.1724095,38.8121154,528.34,2.565999162205685,6.8695816742509805,0.9860335195530726,0.2688,-100.15901877071406,3165.0238383251344,lk,456.73353044027806,A_up,0.7633333333333332,A_down,transition,"up=0.300,stable=0.600,down=0.100",0.3,0.1,0.6,1,1.001838417617858,1.0012874154951028,0.000551002122755273,2.9462830132032947,False,10,-8.538194151072421,0.3483452294754733,0.3394170672098103,0.974369787468866,0,0,-0.023494862839299913,-2.811027806946711,2,False,353,-0.2036215067054912,2.6873433392322,7.014050089903719,0.9601718664169312,,0.3551379349955823,,,81.81192718084209,71.59153349976157
1734763676800,F:\agent\UAV\data\IR-image\1734763676800.jpg,116.17155026221776,38.81189450408931,456.0377623099556,116.1724608,38.8121158,528.97,5.030120445546913,11.458144804429708,0.9631728045325779,0.96,-99.8827383525601,3352.5894248153927,lk,455.56844789608056,A_down,0.7633333333333332,A_down,transition,"up=0.300,stable=0.600,down=0.100",0.3,0.1,0.6,1,1.001645941020056,1.0006320195585534,0.001013921461502587,2.9508657891351366,False,10,-9.47489554203693,0.3480693095448508,0.3385512474837489,0.9726546931886981,0,0,-0.17059577523053804,-2.8622416711888232,1,False,340,-0.27628041815395465,4.532359839459275,11.98430365876797,0.9869430259801447,,0.36861705128103495,,,82.64106452802159,72.93223769004442
1734763677000,F:\agent\UAV\data\IR-image\1734763677000.jpg,116.17159041384525,38.811893633766836,455.2990139605201,116.172512,38.8121162,529.57,-1.3205689217186318,7.849632597591437,0.9794117647058823,0.96,-99.88027790312752,4095.908963059783,lk,454.8015874475026,A_down,0.7783333333333333,A_down,stable,"up=0.300,stable=0.650,down=0.050",0.3,0.05,0.65,1,1.0005302247588486,1.000595939958041,6.571519919251756e-05,2.9564590638596244,False,10,-10.561847359621751,0.3476595727917218,0.33798136262295353,0.9721618188417714,0,0,-0.3123771093077039,-2.9339773749104667,1,False,333,-0.0024604494325702287,-1.5942655211584338,7.78126053870281,0.9884960228577256,,0.36311965057393536,,,83.59711307734952,74.27098603947996
1734763677200,F:\agent\UAV\data\IR-image\1734763677200.jpg,116.17162920211183,38.81187998277681,454.51281004875136,116.1725631,38.8121165,530.19,2.7565530045694686,8.207302069256684,0.978978978978979,0.96,-100.02132178559978,4253.08145188122,lk,453.8877568569191,A_down,0.7783333333333333,A_down,stable,"up=0.300,stable=0.650,down=0.050",0.3,0.05,0.65,1,1.0004556504943234,1.0013693294228818,0.0009136789285584257,2.9623458282836146,False,10,-10.27123885696277,0.3472812925144203,0.3373022583349818,0.9712652699856439,0,0,-0.4637601208065121,-3.0427650458215343,1,False,326,0.14104388247226649,3.1207520743839154,7.707388240875815,0.9668029705062509,,0.34887565903773066,,,85.08327474798132,75.67718995124869
1734763677400,F:\agent\UAV\data\IR-image\1734763677400.jpg,116.17168746988195,38.81188907304805,453.90425703958704,116.1726141,38.8121167,530.8,-5.276429709093577,11.7124031573058,0.9601226993865031,0.288,-100.0015495855451,4106.503057193672,lk,453.1104975553384,A_down,0.7783333333333333,A_down,stable,"up=0.350,stable=0.650,down=0.000",0.35,0.0,0.65,1,1.0010787985877108,1.0011380032123416,5.920462463082643e-05,2.9683648427531946,False,10,-10.715616270027427,0.3470810089168188,0.3367246456680297,0.9701615387107765,0,3,-0.5768876206286677,-3.0427650458215343,2,False,313,-0.019772200054679754,-5.213275155855399,11.5956923488786,0.9712467551231384,,0.38396667840424925,,,84.18213451913293,76.89574296041292
1734763677600,F:\agent\UAV\data\IR-image\1734763677600.jpg,116.17173055974571,38.81188656879014,453.0067373722178,116.172665,38.812117,531.36,-0.9047432589500204,8.5901397943735,0.987220447284345,0.96,-99.77505700154418,2685.226579122981,lk,452.7987323581793,A_down,0.7783333333333333,A_down,stable,"up=0.350,stable=0.650,down=0.000",0.35,0.0,0.65,1,1.0002070727458894,1.0001870313875036,2.0041358385736174e-05,2.9724355932648416,False,10,-9.091786736665616,0.34703431268344453,0.33649296040337257,0.9696244668183935,0,0,-0.5891664388005893,-3.2293415099998963,1,False,309,-0.2264925840009245,-0.8378998230210755,9.133652769839472,0.9708104749210179,,0.3682796659995802,,,84.92133132815725,78.35326262778221
1734763677800,F:\agent\UAV\data\IR-image\1734763677800.jpg,116.17178484630848,38.811885454310264,452.0657221197479,116.1727158,38.8121174,531.92,-1.7486381653606031,11.262692620907842,0.9805825242718447,0.96,-99.42491825823078,3392.1049812482297,lk,451.4637297466588,A_down,0.7783333333333333,A_down,stable,"up=0.350,stable=0.650,down=0.000",0.35,0.0,0.65,1,1.0049630268922116,1.0017313455409296,0.0032316813512820453,2.9792663577319467,False,10,-10.12439307616298,0.34683056547718905,0.33550086623703684,0.9673336194445141,0,0,-0.6922822220670355,-3.425873734161538,1,False,303,-0.35013874331340755,-2.848448176951422,11.685070567118629,0.9417749347165227,,0.3461024865973741,,,84.68450616977594,79.85427788025208
1734763678000,F:\agent\UAV\data\IR-image\1734763678000.jpg,116.17182696158201,38.811889656723295,451.1284717479989,116.1727664,38.8121176,532.42,-2.9519029349468155,7.945703911708279,0.9933993399339934,0.96,-99.57314830000374,4164.029985903353,lk,451.08874253006263,A_down,0.7783333333333333,A_down,stable,"up=0.350,stable=0.650,down=0.000",0.35,0.0,0.65,1,0.9995520132104116,1.0002162013565015,0.0006641881460898169,2.985297316922249,False,10,-4.860416933976921,0.3464517731981941,0.33522219814543525,0.9675869026470972,0,0,-0.624430716387451,-3.5974889407852917,1,False,301,0.14823004177295812,-2.6863581891294643,7.709871800425674,0.9686493204906583,,0.3431170874973759,,,85.25164892515987,81.29152825200106
1734763678200,F:\agent\UAV\data\IR-image\1734763678200.jpg,116.17185594838887,38.811881704046826,450.1937161383448,116.172817,38.8121177,532.93,1.4076706837862503,5.348243273538344,0.9833887043189369,0.96,-100.10219697988015,3487.763934272378,lk,450.03329779328647,A_down,0.6616666666666666,A_down,stable,"up=0.350,stable=0.650,down=0.000",0.35,0.0,0.65,1,0.9982856044303997,1.0008305330480458,0.002544928617646103,2.9912757924503928,False,10,-3.7758322269930242,0.3460553695922638,0.33443785468632187,0.9664287396562286,0,0,-0.5537553145882725,-3.7455517250202393,1,False,296,0.5290486798764148,1.9357095944420735,4.229025012399433,0.9815457426011562,,0.24695193750812905,,,87.30635212973081,82.73628386165512
1734763678400,F:\agent\UAV\data\IR-image\1734763678400.jpg,116.17188666275788,38.81184096154465,449.44460579334077,116.1728674,38.8121178,533.5,11.710785705175283,7.638199684438462,0.9594594594594594,0.288,-100.20853929410019,3264.775774773955,lk,449.2052381483915,A_down,0.6616666666666666,A_down,stable,"up=0.350,stable=0.650,down=0.000",0.35,0.0,0.65,1,0.9999170357355747,1.0002231811145375,0.0003061453789627855,2.9970970919166637,False,10,-3.784501236098511,0.34566688862184847,0.3338224902398489,0.9657346457763935,0,3,-0.46314661062234563,-3.7455517250202393,2,False,284,0.10634231422003818,11.690981859671751,7.436543842332213,0.9790578136220575,,0.360552154481411,,,90.37889248267354,84.05539420665923
1734763678600,F:\agent\UAV\data\IR-image\1734763678600.jpg,116.17194626994134,38.81184361563141,448.49234905983394,116.1729176,38.8121179,534.06,-3.2854692153580345,12.309035012865309,0.9295774647887324,0.96,-99.81859713318516,2749.7219764127944,lk,448.24694382588194,A_down,0.6466666666666666,A_down,transition,"up=0.400,stable=0.600,down=0.000",0.4,0.0,0.6,1,1.0022936279745311,1.001113523294341,0.0011801046801902526,3.0019225757774706,False,10,-3.980260926966789,0.3452886980417138,0.3331103431632888,0.9647299348414996,0,0,-0.43575800573563583,-3.8792261231760383,1,False,264,-0.38994216091502126,-3.4974744150576953,12.823326405879612,0.9959162085317075,,0.35726491396781057,,,89.51581951456066,85.567650940166
1734763678800,F:\agent\UAV\data\IR-image\1734763678800.jpg,116.17198991456146,38.81186829553391,447.54124441720444,116.1729678,38.812118,534.57,-9.577591668469097,7.144033235627603,0.9583333333333334,0.96,-99.64965183098455,2546.996911213091,lk,447.3119132601104,A_down,0.7633333333333332,A_down,transition,"up=0.400,stable=0.600,down=0.000",0.4,0.0,0.6,1,1.0011167754997687,1.0009736132952398,0.0001431622045289238,3.0083545310808635,False,10,-3.7370239744803087,0.34492390851209276,0.3324154843205851,0.9637356997215253,0,0,-0.41515961578789984,-3.992805263833501,1,False,253,-0.16894530220061071,-9.78666431465166,7.349445009905281,0.9775150107219815,,0.39263988414313644,,,89.16141134380499,87.02875558279561
1734763679000,F:\agent\UAV\data\IR-image\1734763679000.jpg,116.17204772103848,38.81188716664095,446.5738997190462,116.173018,38.812118,535.05,-8.321442982494887,10.945883284189847,0.9565217391304348,0.96,-99.73550486788291,3502.3324762935845,lk,446.2411177153627,A_down,0.7483333333333333,A_up,transition,"up=0.450,stable=0.550,down=0.000",0.45,0.0,0.55,1,1.002433853069538,1.0012239294710414,0.0012099235984965873,3.015001958395486,False,10,-4.570181659652564,0.344569202189822,0.3316197330582916,0.9624183790970483,0,0,-0.42754187871065596,-4.102121653294111,1,False,242,0.08585303689835158,-9.051072202767557,10.598079100078877,0.9619999695569277,,0.34720631141681224,,,87.8998617422045,88.47610028095374
1734763679200,F:\agent\UAV\data\IR-image\1734763679200.jpg,116.17208490847126,38.81191911155816,445.58488263052755,116.1730681,38.8121179,535.54,-11.611383097152896,5.0468019351762905,0.9628099173553719,0.96,-99.93565924196933,1997.4374109950288,lk,445.2192799586978,A_down,0.7333333333333333,A_up,transition,"up=0.500,stable=0.500,down=0.000",0.5,0.0,0.5,1,1.0025302942279697,1.0011703635381386,0.0013599306898310903,3.021780813060305,False,10,-5.473071022158498,0.34418630392784655,0.33086036429857496,0.961282771925564,0,0,-0.4395665088650844,-4.211728420360884,1,False,233,0.20015437408641723,-12.177564617756389,4.527853104042663,0.9691512699238956,,0.31592597771668807,,,88.00865549088684,89.95511736947242
1734763679400,F:\agent\UAV\data\IR-image\1734763679400.jpg,116.17212826645051,38.811922057524406,444.5670132114554,116.1731181,38.8121179,536.09,-2.637422729412833,8.181588747171418,0.9742489270386266,0.96,-100.13988794827661,1713.907237192383,lk,444.2459014501726,A_down,0.7333333333333333,A_up,transition,"up=0.500,stable=0.500,down=0.000",0.5,0.0,0.5,1,1.001690669875794,1.0009460975563913,0.0007445723194026144,3.0288115793837735,False,10,-5.728988781674384,0.3437791694226915,0.3301370075563402,0.9603170782881912,0,0,-0.4623331858758206,-4.3263035486526285,1,False,227,0.20422870630728096,-3.0250463750528525,7.454975882827313,0.9856731358915567,,0.3399420529603958,,,88.48462719188596,91.52298678854464
1734763679600,F:\agent\UAV\data\IR-image\1734763679600.jpg,116.17218519897861,38.811937450983095,443.50800967075037,116.1731681,38.8121179,536.62,-7.2295353142973795,10.817145828771515,0.9647577092511013,0.96,-100.25097948869066,1699.153228519773,lk,443.0400997499278,A_down,0.7333333333333333,A_up,transition,"up=0.500,stable=0.500,down=0.000",0.5,0.0,0.5,1,1.0012598674590691,1.001593003765895,0.0003331363068259652,3.036311819594565,False,10,-6.176111147436421,0.3433721129849757,0.32924092778672226,0.9588458565391076,0,0,-0.5190013241111728,-4.453172262449269,1,False,219,0.11109154041404885,-6.990243175976559,10.31536889156314,0.94229143448174,,0.3385432852082886,,,87.49422700275021,93.11199032924964
1734763679800,F:\agent\UAV\data\IR-image\1734763679800.jpg,116.17222518415532,38.811924362223095,442.6173752182605,116.1732181,38.812118,537.14,2.6073162748867844,8.235747133297707,0.954337899543379,0.288,-100.50849396395935,3802.02175194826,lk,442.5813659110081,A_down,0.7333333333333333,A_up,transition,"up=0.500,stable=0.500,down=0.000",0.5,0.0,0.5,1,0.9972205746563532,0.9995365706262849,0.0023159959699317056,3.043032340161225,False,10,-2.772356110818329,0.3429649431229327,0.3289000242097812,0.9589902140286389,0,3,-0.41339076447349044,-4.453172262449269,2,False,209,0.2575144752686917,3.9659868023766194,7.904855927089727,0.9675666242837906,,0.29576889927557204,,,88.68365894897207,94.52262478173947
1734763680000,F:\agent\UAV\data\IR-image\1734763680000.jpg,116.17226464346768,38.81188865090015,441.72674076577067,116.1732681,38.8121181,537.65,9.826692577908773,9.459614633452816,1.0,0.288,-100.68045664306261,2553.7226565535275,lk,441.72403961416535,A_down,0.7483333333333333,A_up,transition,"up=0.450,stable=0.550,down=0.000",0.45,0.0,0.55,1,0.9985724646138419,0.9994836222101622,0.0009111575963203222,3.0483863318673126,False,10,-2.3361802685051574,0.3425576790891441,0.32826291053644147,0.9582704769873728,0,3,-0.29941524146852316,-4.453172262449269,2,False,209,0.17196267910325364,10.739258612093067,8.905277615397154,0.9437980048358441,,0.32368740206584334,,,90.60963238383516,95.9232592342293
1734763680200,F:\agent\UAV\data\IR-image\1734763680200.jpg,116.172297528241,38.81184816060442,440.71206352018646,116.1733181,38.8121183,538.17,11.651403641877891,8.083054122778378,0.9904306220095693,0.96,-100.63581867207262,2181.37000476703,lk,440.7853889422419,A_down,0.7633333333333332,A_up,transition,"up=0.400,stable=0.600,down=0.000",0.4,0.0,0.6,1,0.9993221215959631,0.9995982097583743,0.00027608816241120326,3.054018736144674,False,10,-2.7862958290866198,0.3421502119292277,0.32756536144716913,0.957372960841318,0,0,-0.22288750253659373,-4.527485363931644,1,False,207,-0.04463797099000032,11.536072303260596,8.008571689910411,0.986743627814576,,0.3877470880979672,,,93.3890711194452,97.4579364798135
1734763680400,F:\agent\UAV\data\IR-image\1734763680400.jpg,116.17233936631774,38.8118209993091,439.719453723808,116.1733681,38.8121185,538.7,6.987854279693238,9.46828008663374,0.9903381642512077,0.96,-100.36780499736554,1717.9667079514923,lk,439.6266392145901,A_down,0.7633333333333332,A_up,transition,"up=0.400,stable=0.600,down=0.000",0.4,0.0,0.6,1,1.0012035806288813,1.0000584785240332,0.0011451021048480836,3.060969542626767,False,10,-3.341367306892428,0.3417164135054019,0.3267042478919401,0.9560683507723152,0,0,-0.19388592191359066,-4.579614143013855,1,False,205,-0.26801367470708115,7.174665896123088,9.700495729344198,0.9971726249903441,,0.3811704402323812,,,95.07430743228768,98.98054627619206
1734763680600,F:\agent\UAV\data\IR-image\1734763680600.jpg,116.17238030028786,38.81179876422269,438.72449145019834,116.1734181,38.8121188,539.24,5.464540697346706,8.91896177320217,0.9902439024390244,0.96,-100.18585980079804,3091.406608511472,lk,438.5430595810547,A_down,0.7783333333333333,A_up,stable,"up=0.350,stable=0.650,down=0.000",0.35,0.0,0.65,1,1.0028066533356357,1.000376824788145,0.002429828547490631,3.0679775998611234,False,10,-3.556528660137428,0.3412807398472889,0.3258989962587868,0.9549293534836308,0,0,-0.195039848224269,-4.627919632368738,1,False,203,-0.18194519656749286,4.11016973887979,9.388809753721716,0.976178140938282,,0.3679719693027437,,,96.70491475352765,100.51550854980167
1734763680800,F:\agent\UAV\data\IR-image\1734763680800.jpg,116.17242134035463,38.811796926017735,437.7989075237246,116.1734682,38.8121189,539.76,-1.0901094929525925,7.753528793735256,0.9753694581280788,0.2688,-100.06480971847775,2778.456538911909,lk,437.7050535353609,A_up,0.7783333333333333,A_up,stable,"up=0.350,stable=0.650,down=0.000",0.35,0.0,0.65,1,1.0022698336058735,1.0008565404324736,0.0014132931733998877,3.074733787120864,False,10,-4.047968243589751,0.34086886421418355,0.32527624024159824,0.9542562386607779,0,0,-0.1541815713473511,-4.627919632368738,2,False,198,-0.12105008232030134,-2.1251946560762462,7.679986773009517,0.9888178617693484,,0.3727651118533686,,,97.51417075225444,101.96109247627538
1734763681000,F:\agent\UAV\data\IR-image\1734763681000.jpg,116.17246906758923,38.811805290137464,436.8733235972509,116.1735183,38.812119,540.29,-4.659925073031047,8.839571354129191,0.918,0.2688,-99.99641725497425,2022.499641538551,lk,436.7887917064889,A_up,0.7783333333333333,A_up,stable,"up=0.350,stable=0.650,down=0.000",0.35,0.0,0.65,1,1.0015029769497346,1.000685408080807,0.0008175688689275873,3.0809848308883088,False,10,-3.637100035336823,0.34045565373945785,0.3245953292026118,0.9534144186984671,0,0,-0.1165398083963396,-4.627919632368738,2,False,459,-0.06839246350349686,-5.165395675576008,8.662909233819477,0.9842800352722406,,0.3865408764104359,,,97.37245658419485,103.41667640274909
1734763681200,F:\agent\UAV\data\IR-image\1734763681200.jpg,116.17252404169017,38.81184118105791,435.94773967077714,116.1735684,38.8121191,540.79,-13.851844491433837,9.072878891926791,0.869281045751634,0.08063999999999999,-100.02550885776031,2013.6381267207773,lk,435.8757187927646,A_up,0.7783333333333333,A_up,stable,"up=0.350,stable=0.650,down=0.000",0.35,0.0,0.65,1,1.0017910603865925,1.001791904565393,8.4417880041876e-07,3.087471764374614,False,10,-3.3103812948818807,0.3400407658816428,0.323916787974806,0.9525822209433294,0,3,-0.10860385487654867,-4.627919632368738,2,False,399,0.029091602786071664,-13.657766075026473,8.847330760087516,0.9781881414353848,,0.34338342607952654,,,95.61888308171227,104.84226032922282
1734763681400,F:\agent\UAV\data\IR-image\1734763681400.jpg,116.17256995578275,38.81185366169785,435.0221557443034,116.1736187,38.8121191,541.29,-5.885714882970319,8.100973160703347,0.9373433583959899,0.2688,-100.15054626717448,3825.642613314987,lk,434.96400010284117,A_up,0.7783333333333333,A_up,stable,"up=0.350,stable=0.650,down=0.000",0.35,0.0,0.65,1,1.0005544226111067,1.0014195847391327,0.0008651621280260091,3.093980837386976,False,10,-2.8130853540530105,0.33962499607743674,0.3232392531252059,0.9517534246846343,0,0,-0.09993212203693247,-4.627919632368738,2,False,374,0.12503740941416094,-5.305903728515204,7.973056541700373,0.962147624604404,,0.32807941565988585,,,95.540767561279,106.26784425569656
1734763681600,F:\agent\UAV\data\IR-image\1734763681600.jpg,116.17261405238786,38.811864702181275,434.09657181782967,116.173669,38.8121192,541.79,-5.339932936382866,7.711728165620968,0.9786096256684492,0.2688,-100.21218991281515,3672.9143858678553,lk,434.05157057201205,A_up,0.7633333333333332,A_up,transition,"up=0.400,stable=0.600,down=0.000",0.4,0.0,0.6,1,1.001051283057687,1.0014229992564194,0.00037171619873244133,3.100483382365643,False,10,-2.7172342526423927,0.33898415734677956,0.32256119002112177,0.9515524045306426,0,0,-0.08649671324621977,-4.627919632368738,2,False,366,0.06164364564066696,-5.415200116664948,7.472995393073319,1.0043193580582739,,0.36997250537388027,,,95.68528152617154,107.6934281821703
1734763681800,F:\agent\UAV\data\IR-image\1734763681800.jpg,116.17265407111232,38.811848817433884,433.17098789135594,116.1737194,38.8121192,542.27,3.514667850841761,8.270840675715306,0.9754098360655737,0.2688,-100.60081451910897,2469.6476651815233,lk,433.14448619071766,A_up,0.7783333333333333,A_up,stable,"up=0.350,stable=0.650,down=0.000",0.35,0.0,0.65,1,0.9968509681360667,1.0008864140412816,0.004035445905214985,3.1069537651896337,False,10,-2.55183729449608,0.3382663050533512,0.32188709911276653,0.951578961025984,0,0,-0.06475994628249282,-4.627919632368738,2,False,357,0.3886246062938167,3.9833084658463918,7.44130726117902,0.9955001821741462,,0.28125075227580965,,,97.07731786035643,109.09901210864405
1734763682000,F:\agent\UAV\data\IR-image\1734763682000.jpg,116.17268693171707,38.81181959882054,432.2454039648822,116.1737699,38.8121191,542.75,8.13209963794867,7.305135193333115,0.969187675070028,0.2688,-100.89999253058646,3348.4677107195457,lk,432.21918749244236,A_up,0.7783333333333333,A_up,stable,"up=0.350,stable=0.650,down=0.000",0.35,0.0,0.65,1,0.999361615864667,0.9997309728585096,0.0003693569938426622,3.113474472086429,False,10,-2.8856987532334624,0.3376418104789677,0.3211994724124476,0.9513024229931847,0,0,-0.04625227590986469,-4.627919632368738,2,False,346,0.2991780114774933,7.97198189363462,6.815488077946128,1.0009663130156696,,0.2977436368819326,,,99.5674041794233,110.5045960351178
1734763682200,F:\agent\UAV\data\IR-image\1734763682200.jpg,116.17272859386387,38.81179944290248,431.31982003840847,116.1738205,38.8121191,543.22,4.73441026712959,8.966373812074892,0.9479768786127167,0.2688,-101.03218875270339,2621.543717337689,lk,431.2928981063436,A_up,0.7783333333333333,A_up,stable,"up=0.350,stable=0.650,down=0.000",0.35,0.0,0.65,1,1.0009647789309164,1.000050271021226,0.0009145079096903874,3.120101553631938,False,10,-3.5826217580765123,0.33701345200150573,0.32051110949213796,0.951033579189907,0,0,-0.03865738694310039,-4.627919632368738,2,False,328,0.13219622211693802,4.310266371414912,8.606197395106875,0.9896115379408001,,0.3419232724409085,,,101.06385991285306,111.90017996159156
1734763682400,F:\agent\UAV\data\IR-image\1734763682400.jpg,116.17277753799488,38.811790155726946,430.39423611193473,116.1738711,38.8121192,543.68,0.8112863835747248,10.106782379478318,0.9664634146341463,0.2688,-101.1888659119516,3378.4077521976005,lk,430.3680280430391,A_up,0.7633333333333332,A_up,transition,"up=0.400,stable=0.600,down=0.000",0.4,0.0,0.6,1,0.9993780921581158,1.0010659920582825,0.0016878999001667117,3.126771931854707,False,10,-2.7952951087185425,0.3366088030357011,0.31982380132771576,0.9501349888754836,0,0,-0.03313048347530412,-4.627919632368738,2,False,317,0.1566771592482069,1.285131212851411,9.745797784852812,0.9783662078902126,,0.3239948817063123,,,101.56950653674753,113.28576388806522
1734763682600,F:\agent\UAV\data\IR-image\1734763682600.jpg,116.17282452049531,38.81176211238869,429.468652185461,116.1739219,38.8121193,544.13,7.009915113059776,10.800887782747964,0.9716088328075709,0.2688,-101.16135407353235,3267.255530308922,lk,429.4470556914828,A_up,0.7783333333333333,A_up,stable,"up=0.350,stable=0.650,down=0.000",0.35,0.0,0.65,1,1.0006142848626842,1.0004009782231815,0.00021330663950269724,3.1334760306005895,False,10,-1.8544195667371108,0.3359969133202047,0.3191393897097528,0.9498283378740843,0,0,-0.028307820322140742,-4.627919632368738,2,False,308,-0.027511838419240778,6.67235131715745,10.823777927591806,0.9893490470945835,,0.3646473530679941,,,103.04343021596218,114.661347814539
1734763682800,F:\agent\UAV\data\IR-image\1734763682800.jpg,116.17285562830274,38.81176045585826,428.54306825898726,116.1739727,38.8121194,544.58,-0.7636404702824962,5.070516251173331,1.0,0.04704,-100.79572690565399,3025.3007720775067,lk,428.5286380096142,A_up,0.7783333333333333,A_up,stable,"up=0.350,stable=0.650,down=0.000",0.35,0.0,0.65,2,1.0056198614569019,1.000534213166764,0.005085648290137801,3.140207625678897,False,10,-3.2718668792023355,0.33536153219123604,0.3184568765696447,0.949592740970805,0,3,-0.023305859485105884,-4.627919632368738,2,False,308,-0.3656271678783578,-1.176365425406857,5.514418955320963,0.9688036466017366,,0.38639850937761366,,,104.6941775883137,116.03693174101278
1734763683000,F:\agent\UAV\data\IR-image\1734763683000.jpg,116.17290706789296,38.81172995846557,427.6174843325135,116.1740237,38.8121195,545.04,7.8113305403906566,11.942313341323654,0.9902597402597403,0.1568,-100.11944672891542,2172.6969106068836,lk,427.6054367953102,A_up,0.7933333333333332,A_up,stable,"up=0.300,stable=0.700,down=0.000",0.3,0.0,0.7,2,1.01032498910278,1.0003901267369646,0.009934862365815311,3.1469761224630357,False,10,-6.9701866362991005,0.33483002641587856,0.3177708085940758,0.9490511110834062,0,0,-0.0193795881291976,-4.627919632368738,2,False,305,-0.6762801767385739,6.818948305464346,12.70325040741514,0.9502269628457725,,0.354099573683925,,,106.00315120805433,117.42251566748644
1734763683200,F:\agent\UAV\data\IR-image\1734763683200.jpg,116.1729550628357,38.811752106415994,426.6919004060398,116.1740748,38.8121197,545.51,-9.202643212983162,8.08809581693032,0.9606557377049181,0.04704,-99.38906109258438,2935.847180376938,lk,426.6820273994432,A_up,0.7933333333333332,A_up,stable,"up=0.300,stable=0.700,down=0.000",0.3,0.0,0.7,2,1.009439843300922,1.001986765079865,0.007453078221056897,3.1537813365595575,False,10,-10.13555226711947,0.3341301724630854,0.3170845859104094,0.9489851921273011,0,3,-0.016464781521221994,-4.627919632368738,2,False,293,-0.7303856363310377,-8.892731547226958,8.935674378259108,0.9336596100591124,,0.338189106550999,,,105.27739617004316,118.8180995939602
1734763683400,F:\agent\UAV\data\IR-image\1734763683400.jpg,116.17302027721641,38.81176407108224,425.76631647956606,116.174126,38.8121198,546.04,-6.435931473496794,13.12122003581419,0.9965870307167235,0.1568,-98.79886314548595,2541.7889809094277,lk,425.758307909112,A_up,0.7933333333333332,A_up,stable,"up=0.300,stable=0.700,down=0.000",0.3,0.0,0.7,2,1.0085761688921773,1.0009891752745805,0.007586993617596738,3.160617164713158,False,10,-13.419475007009348,0.33346641670156885,0.3163981327830672,0.9488155836280909,0,0,-0.013700609320551393,-4.627919632368738,2,False,292,-0.5901979470984345,-6.917254824041947,13.968750842280173,0.9590565133839846,,0.3424615323310718,,,103.64883266376573,120.2736835204339
1734763683600,F:\agent\UAV\data\IR-image\1734763683600.jpg,116.17307092707466,38.81179588739441,424.8407325530923,116.1741774,38.8121196,546.58,-12.388318325957982,8.379271636216401,0.9794520547945206,0.2688,-98.63042960861249,2418.710696475357,lk,424.8342283947685,A_up,0.7933333333333332,A_up,stable,"up=0.300,stable=0.700,down=0.000",0.3,0.0,0.7,1,1.0030991645616554,1.0014350767617926,0.0016640877998628234,3.1674840119660557,False,10,-14.230300511362381,0.33276291374193695,0.31571141210739273,0.9487578064430343,0,0,-0.01111366393905655,-4.627919632368738,2,False,286,-0.16843353687346443,-12.557820707198971,8.426984755897763,0.989681001007557,,0.3934486211219337,,,102.4039553746681,121.73926744690772
1734763683800,F:\agent\UAV\data\IR-image\1734763683800.jpg,116.17312354368221,38.8118014237898,423.9151486266186,116.1742289,38.8121193,547.13,-3.753960679503564,10.200786567271507,0.9790209790209791,0.2688,-98.67762355380172,3090.9378080362085,lk,423.90979938091954,A_up,0.7933333333333332,A_up,stable,"up=0.300,stable=0.700,down=0.000",0.3,0.0,0.7,1,1.0015213345431948,1.0007166221552672,0.0008047123879275642,3.174383199534625,False,10,-16.109913971611594,0.33201760868943836,0.31502443170457056,0.9488184465518429,0,0,-0.008852172459853591,-4.627919632368738,2,False,280,0.047193945189230396,-4.169846639217155,9.893252715651528,0.97895955205895,,0.3730492273316486,,,102.08687213368232,123.2148513733814
1734763684000,F:\agent\UAV\data\IR-image\1734763684000.jpg,116.17318230940207,38.811840309766,422.98956470014485,116.1742805,38.812119,547.68,-15.150686306722662,9.981103987591837,0.975,0.1568,-99.11287501746484,2919.0149245178327,lk,422.984850028094,A_up,0.7783333333333333,A_up,stable,"up=0.350,stable=0.650,down=0.000",0.35,0.0,0.65,2,0.997220550167101,1.002292568803054,0.005072018635952968,3.181316901636684,False,10,-15.20107962924965,0.33124004867843326,0.31433706461691435,0.9489705905763579,0,0,-0.007174939245146561,-4.627919632368738,2,False,273,0.4352514636631154,-14.655636423543854,9.139037893389059,0.9495569854974747,,0.23648723593214527,,,100.07069676472031,124.6904352998551
1734763684200,F:\agent\UAV\data\IR-image\1734763684200.jpg,116.17321499934015,38.81183020232772,422.0639807736711,116.1743323,38.8121185,548.19,2.175265300097749,5.8541390508361815,0.9743589743589743,0.2688,-99.72083552589633,3189.3045400258516,lk,422.05991115563194,A_up,0.7783333333333333,A_up,stable,"up=0.350,stable=0.650,down=0.000",0.35,0.0,0.65,1,0.9957978600236645,0.9997805835334885,0.003982723509823982,3.188284774345275,False,10,-13.056545351712671,0.33049868592745757,0.3136497053176381,0.9490195231411064,0,0,-0.0060026191451925115,-4.627919632368738,2,False,266,0.6079605084314877,2.7095418942255947,4.775641072713029,0.9550859263166785,,0.2181775999488309,,,101.97714605364663,126.12601922632894
1734763684400,F:\agent\UAV\data\IR-image\1734763684400.jpg,116.17324800920046,38.81182499999271,421.1383968471974,116.1743843,38.8121181,548.72,0.5059794064064818,5.656872811409755,0.9473684210526315,0.2688,-99.94034753994084,2085.3718560799125,lk,421.135012798579,A_up,0.7633333333333332,A_up,transition,"up=0.400,stable=0.600,down=0.000",0.4,0.0,0.6,1,0.9976465542067179,1.0013774407657032,0.003730886558985347,3.19528469869724,False,10,-12.319586622968488,0.3296889676715312,0.3129623761269928,0.9492655406012763,0,0,-0.005022976111263233,-4.627919632368738,2,False,252,0.21951201404450488,1.2741953832291415,4.742910071178983,0.9787948292680084,,0.32913416059454903,,,103.70698411103695,127.58160315280264
1734763684600,F:\agent\UAV\data\IR-image\1734763684600.jpg,116.17330501656059,38.811830580123,420.21281292072365,116.1744364,38.8121178,549.21,-4.165387325404652,11.257441324416959,0.9365079365079365,0.2688,-99.8693729536039,2830.2822372823584,lk,420.2101135927135,A_up,0.7633333333333332,A_up,transition,"up=0.400,stable=0.600,down=0.000",0.4,0.0,0.6,1,1.0010128484317218,1.0002731905374538,0.0007396578942679977,3.2023164671563658,False,10,-12.454928128353796,0.32907047599825173,0.31227504630556074,0.9489609949305199,0,0,-0.004179750890386913,-4.627919632368738,2,False,236,-0.07097458633695047,-5.265898433559471,11.235011045296403,0.9621122762560844,,0.3835316861514002,,,103.09900179518758,128.9971870792764
1734763684800,F:\agent\UAV\data\IR-image\1734763684800.jpg,116.17334094021257,38.81182948215479,419.2872289942499,116.1744888,38.8121176,549.64,-0.9571547036923107,6.149148806106211,0.9745762711864406,0.2688,-99.6882466629721,3070.4327940684175,lk,419.28509658121885,A_up,0.7633333333333332,A_up,transition,"up=0.400,stable=0.600,down=0.000",0.4,0.0,0.6,1,1.0032840517120434,0.9999749571146768,0.003309094597366613,3.2093801668942916,False,10,-11.480258055723569,0.32858146737311134,0.31158762893802466,0.9482812023120287,0,0,-0.0034559088074388455,-4.627919632368738,2,False,230,-0.18112629063180136,-1.1624836820578253,6.282186196084012,0.9875912427902221,,0.407354878843762,,,104.48786472870931,130.35277100575007
1734763685000,F:\agent\UAV\data\IR-image\1734763685000.jpg,116.17339306599217,38.81184005802349,418.3616450677762,116.1745412,38.8121174,550.12,-5.498426124004311,9.750730928089524,0.9217391304347826,0.1568,-99.18316525499237,2197.1706776613,lk,418.35988158983537,A_up,0.7483333333333333,A_up,transition,"up=0.450,stable=0.550,down=0.000",0.45,0.0,0.55,2,1.0097363242619837,1.0013742327793527,0.008362091482631007,3.216476084618861,False,10,-11.217693169407374,0.3279141359918053,0.31090006444366575,0.9481142479671424,0,0,-0.0028604102870986026,-4.627919632368738,2,False,212,-0.5050814079797292,-6.816309291027039,9.612646431407313,0.9662941241636872,,0.3578900706488639,,,104.14940754064321,131.75835493222382
1734763685200,F:\agent\UAV\data\IR-image\1734763685200.jpg,116.17344961574966,38.81183848676129,417.43606114130245,116.1745938,38.8121174,550.61,-1.5206452144157652,11.574783687534591,0.9528301886792453,0.1568,-98.77823214473273,2366.440842721462,lk,417.4346061851395,A_up,0.7633333333333332,A_up,transition,"up=0.400,stable=0.600,down=0.000",0.4,0.0,0.6,2,1.0064851750507016,1.000901406754497,0.00558376829620455,3.2236042215755205,False,10,-10.00029537322952,0.3271348046695546,0.3102124550537432,0.9482710204653858,0,0,-0.0023648349518339273,-4.627919632368738,2,False,202,-0.4049331102596479,-1.817739833963401,11.761026619106303,0.9550308860838413,,0.36399675451684743,,,103.87461320841412,133.17393885869757
1734763685400,F:\agent\UAV\data\IR-image\1734763685400.jpg,116.17349534282937,38.811849033529604,416.5104772148287,116.1746466,38.8121174,551.09,-5.137884693319677,8.115458219472487,0.995049504950495,0.2688,-98.57327129376696,2934.802674923986,lk,416.5092748001788,A_up,0.7633333333333332,A_up,transition,"up=0.400,stable=0.600,down=0.000",0.4,0.0,0.6,1,1.001844860144232,1.0013582456364016,0.0004866145078303852,3.2307645854578024,False,10,-7.246665999980459,0.32630162207536345,0.3095248040626329,0.9485849383584868,0,0,-0.0019418365547494432,-4.627919632368738,2,False,201,-0.20496085096575928,-4.453177792109216,8.022054020422502,0.9720499385148287,,0.37524417706299573,,,104.11747695279884,134.57952278517132
1734763685600,F:\agent\UAV\data\IR-image\1734763685600.jpg,116.17354586748793,38.8118376887983,415.584893288355,116.1746996,38.8121173,551.6,2.07640923633528,10.489797247923264,0.9601990049751243,0.2688,-98.5720215882738,2201.8383189469214,lk,415.5838950583792,A_up,0.7783333333333333,A_up,stable,"up=0.350,stable=0.650,down=0.000",0.35,0.0,0.65,1,1.0004280532764755,1.0006610418552824,0.00023298857880682533,3.237957377000206,False,10,-6.140269050692105,0.32558761825019256,0.3088371171356095,0.9485530156072723,0,0,-0.001589073371746963,-4.627919632368738,2,False,193,-0.0012497054931713025,2.862467376927441,10.110406087371729,0.9783224198035896,,0.39278275368269533,,,104.68749318967376,136.01510671164505
1734763685800,F:\agent\UAV\data\IR-image\1734763685800.jpg,116.17359389258117,38.81180816508105,414.65930936188124,116.1747527,38.8121173,552.1,8.317759281564122,10.761037335943172,0.982,0.08063999999999999,-98.65099426341547,2373.6227599691974,lk,414.6584763097559,A_up,0.7783333333333333,A_up,stable,"up=0.350,stable=0.650,down=0.000",0.35,0.0,0.65,1,1.0003982320253206,1.0006424971362806,0.0002442651109599847,3.245182791806306,False,10,-5.667952067115876,0.32493578472210505,0.3081494012210457,0.9483393818399671,0,3,-0.0013033356547680341,-4.627919632368738,2,False,491,0.07897267514166614,8.025364320407675,10.579319176992271,0.9887214435264469,,0.3748024858068675,,,106.12490677012936,137.44069063811878
1734763686000,F:\agent\UAV\data\IR-image\1734763686000.jpg,116.1736412522761,38.811788461684394,413.7337254354075,116.174806,38.8121173,552.57,4.9360001465615255,10.104219736865389,0.9877800407331976,0.2688,-99.04488142732056,2475.1990799970836,lk,413.73302786908937,A_up,0.7783333333333333,A_up,stable,"up=0.350,stable=0.650,down=0.000",0.35,0.0,0.65,1,1.0005332731161931,1.0004374530244031,9.582009178998874e-05,3.252440991323126,False,10,-7.00643056101297,0.3242560585887089,0.30746166324112967,0.9482063791786186,0,0,-0.0010768705506052356,-4.627919632368738,2,False,485,0.39388716390509737,5.3718560437264955,9.871875669578259,0.9784963821060956,,0.2669788803032134,,,107.33843803564163,138.83627456459254
1734763686200,F:\agent\UAV\data\IR-image\1734763686200.jpg,116.17367930972343,38.8117747409546,412.8081415089338,116.1748594,38.8121172,553.04,3.250470964061549,7.3291026097771805,0.9814432989690721,0.2688,-99.36839383432712,2629.5858222208826,lk,412.8075644557876,A_up,0.7783333333333333,A_up,stable,"up=0.350,stable=0.650,down=0.000",0.35,0.0,0.65,1,1.001603110581053,1.0006815111246232,0.000921599456429778,3.2597320747834004,False,10,-9.342857057739312,0.32357802055000595,0.3067739141344458,0.9480678372807982,0,0,-0.0008939284897451216,-4.627919632368738,2,False,476,0.32351240700655426,3.5376874550497064,7.005243612825581,0.9694719082675874,,0.29324734752299264,,,109.10853962248791,140.2318584910662
1734763686400,F:\agent\UAV\data\IR-image\1734763686400.jpg,116.17372499618834,38.81175669347827,411.88255758246004,116.174913,38.8121171,553.55,4.390072939792503,9.587035154594275,0.9705882352941176,0.2688,-99.34585843847219,2957.074500351213,lk,411.8820853062607,A_up,0.7933333333333332,A_up,stable,"up=0.300,stable=0.700,down=0.000",0.3,0.0,0.7,1,1.0002296709540057,1.0004187882154867,0.00018911726148096442,3.26705615635307,False,10,-10.361531214075859,0.32290022157316384,0.3060861533335398,0.9479279755284582,0,0,-0.0007406677701169428,-4.627919632368738,2,False,462,-0.02253539585493131,3.9422659872088275,9.480635751852958,0.9782832993660122,,0.3994219430605881,,,110.45964334644934,141.66744241753992
1734763686600,F:\agent\UAV\data\IR-image\1734763686600.jpg,116.17376779695438,38.81175685632451,410.9569736559863,116.1749667,38.8121171,554.05,-1.6772798975976002,7.795811865402527,0.9783549783549783,0.2688,-99.21827584321694,2911.9782035624607,lk,410.9565887329595,A_up,0.7933333333333332,A_up,stable,"up=0.300,stable=0.700,down=0.000",0.3,0.0,0.7,1,1.0012792129192942,1.0006667591252303,0.0006124537940639385,3.274413421582471,False,10,-10.44482101555041,0.32222414456694415,0.30539837958432586,0.9477824201993571,0,0,-0.0006121985198319635,-4.627919632368738,2,False,452,-0.12758259525524798,-1.8676977943448492,7.730007026969901,0.9914415935985744,,0.42476369673386216,,,111.33366373929054,143.09302634401365
1734763686800,F:\agent\UAV\data\IR-image\1734763686800.jpg,116.17382528096735,38.811787933931406,410.03138972951257,116.1750206,38.8121171,554.57,-12.820790792714092,10.05591879346224,0.8893805309734514,0.08063999999999999,-98.905836499625,2289.7512633255783,lk,410.03107423863526,A_up,0.7933333333333332,A_up,stable,"up=0.300,stable=0.700,down=0.000",0.3,0.0,0.7,1,1.0014747319161754,0.999570116326869,0.0019046155893064354,3.2818040696934685,False,10,-9.699338754687293,0.32154328576260705,0.3047105925172785,0.9476503040472256,0,3,-0.0005051719487596529,-4.627919632368738,2,False,402,-0.3124393435919505,-14.129579454264046,9.939140618963194,0.9751457378268242,,0.38861364632612094,,,109.84467558935819,144.53861027048748
1734763687000,F:\agent\UAV\data\IR-image\1734763687000.jpg,116.17388226871446,38.81179758493233,409.10580580303883,116.1750746,38.8121172,555.08,-5.392431649430193,11.094548345248825,0.9502487562189055,0.2688,-98.62199895775942,2224.293038344299,lk,409.10554481982615,A_up,0.7783333333333333,A_up,stable,"up=0.350,stable=0.650,down=0.000",0.35,0.0,0.65,1,1.0026371105132368,1.0012176939220176,0.0014194165912191359,3.289228304780726,False,10,-6.849274839059248,0.3208552909522928,0.3040227943592458,0.9475386659727865,0,0,-0.00041664984297540286,-4.627919632368738,2,False,382,-0.28383754186558224,-5.720600087629066,10.807322349503494,0.9756641443818808,,0.38444353683735244,,,109.25054482138967,145.9741941969612
1734763687200,F:\agent\UAV\data\IR-image\1734763687200.jpg,116.17393740934611,38.81179994405364,408.1802218765651,116.1751288,38.8121173,555.56,-2.7786188632644553,10.980069444147887,0.9712041884816754,0.2688,-98.47249015533683,2558.2259910500716,lk,408.1800059681943,A_up,0.7783333333333333,A_up,stable,"up=0.350,stable=0.650,down=0.000",0.35,0.0,0.65,1,1.0007714351840706,1.0014670353672435,0.0006956001831728287,3.296686329702775,False,10,-4.5423571656046065,0.32016745540992686,0.3033349891913029,0.9474260549153177,0,0,-0.00034333702967614954,-4.627919632368738,2,False,371,-0.14950880242259257,-2.4106907633445758,10.969581923584684,0.9502325695008039,,0.3788924655673327,,,109.09196261597192,147.37977812343485
1734763687400,F:\agent\UAV\data\IR-image\1734763687400.jpg,116.17398972619237,38.81180121143687,407.25463795009136,116.1751831,38.8121174,556.02,-2.2824168633944737,10.272027736074904,0.9595687331536388,0.2688,-98.44331109895379,3111.9483307282544,lk,407.2544592131543,A_up,0.7633333333333332,A_up,transition,"up=0.400,stable=0.600,down=0.000",0.4,0.0,0.6,1,1.0017584443753278,1.00109882562787,0.0006596187474579018,3.304178355044355,False,10,-4.497316485932,0.3194815955187343,0.3026471781500194,0.9473070824584394,0,0,-0.0002826920920142584,-4.627919632368738,2,False,356,-0.029179056383042228,-2.026806842053645,10.21792499295995,0.9856364774517715,,0.4052887731231749,,,109.212708493056,148.76536204990862
1734763687600,F:\agent\UAV\data\IR-image\1734763687600.jpg,116.17402266303395,38.81178340099282,406.32905402361763,116.1752375,38.8121174,556.52,5.061337297059424,6.045827533211877,0.9971910112359551,0.08063999999999999,-98.64757166653192,2925.5635938873047,lk,406.32890599701193,A_up,0.7633333333333332,A_up,transition,"up=0.400,stable=0.600,down=0.000",0.4,0.0,0.6,1,0.9997335099581841,1.001369407497922,0.0016358975397379183,3.3117045991931993,False,10,-4.207924210858932,0.31879813313969874,0.30195936230723064,0.9471804597265654,0,3,-0.00023291775812595006,-4.627919632368738,2,False,355,0.20426056757812652,5.688255656946637,5.834981321619608,0.9928278336301446,,0.35299457563087344,,,111.61822898683405,150.19094597638235
1734763687800,F:\agent\UAV\data\IR-image\1734763687800.jpg,116.17407269887349,38.81177082005736,405.4034700971439,116.1752921,38.8121174,557.05,2.5230406389472364,10.382567442980587,0.9887323943661972,0.2688,-98.78525204959972,2501.1153080209992,lk,405.4033475766393,A_up,0.7483333333333333,A_up,transition,"up=0.450,stable=0.550,down=0.000",0.45,0.0,0.55,1,0.9999962541923024,1.0011645738281039,0.0011683196358014403,3.319265282537419,False,10,-4.037062734732493,0.31811384258186026,0.301271542596969,0.9470557463070559,0,0,-0.000192233089705951,-4.627919632368738,2,False,351,0.13768038306779667,2.8570738006386023,10.21696348645105,0.9876711369492114,,0.37122076138621196,,,112.4629059967638,151.64652990285606
1734763688000,F:\agent\UAV\data\IR-image\1734763688000.jpg,116.17411486635714,38.81174647146604,404.47788617067016,116.1753468,38.8121175,557.62,6.893604413074627,8.908801678238888,0.9829059829059829,0.2688,-99.00942005692615,2198.2126667637285,lk,404.4777849661142,A_up,0.7483333333333333,A_up,transition,"up=0.450,stable=0.550,down=0.000",0.45,0.0,0.55,1,0.9992625250774428,1.001133567110792,0.0018710420333490907,3.326860627706668,False,10,-3.518598984210517,0.3174276972522426,0.3005837197728364,0.9469360184217912,0,0,-0.00015890001276375187,-4.627919632368738,2,False,345,0.22416800732643014,7.472112846100686,8.503252318404094,0.974337818287313,,0.3385099991573952,,,114.43542630944641,153.14211382932984
1734763688200,F:\agent\UAV\data\IR-image\1734763688200.jpg,116.17416764236012,38.8117433490451,403.55217369011814,116.1754015,38.8121175,558.24,-0.9904480855634574,10.599785015804002,0.9710144927536232,0.384,-99.31750325187303,3652.6187261290747,lk,403.5522189304933,A_up,0.7333333333333333,A_up,transition,"up=0.450,stable=0.500,down=0.050",0.45,0.05,0.5,1,1.0026882958807466,0.9989502496827152,0.0037380461980314195,3.3344908607372137,False,10,-3.943502743979836,0.3167413593467383,0.29989589440337727,0.9468163394319458,0,0,-0.00013136089660292782,-4.6279407267684025,1,False,335,0.3080831949468872,-1.901329103678222,10.846536247118848,0.9246253017801791,,0.29090857331175357,,,114.71639651490402,154.68782630988187
1734763688400,F:\agent\UAV\data\IR-image\1734763688400.jpg,116.1742175383282,38.81171920041994,402.62658554476445,116.1754564,38.8121174,558.88,6.410885046829208,11.03324671640894,0.9671641791044776,0.2688,-99.50142874995969,2723.9518901532883,lk,402.62651704324463,A_up,0.7483333333333333,A_up,transition,"up=0.400,stable=0.550,down=0.050",0.4,0.05,0.55,1,1.0029985168492572,1.0003397174053201,0.0026587994439370988,3.3421573152962387,False,10,-5.0350735105050415,0.31605477244522995,0.29920796807710637,0.9466965670608787,0,0,-0.00010848386881434635,-4.6279407267684025,2,False,324,0.18392549808665845,5.876973569145662,10.716188922913659,0.9594595545902849,,0.3453683839470614,,,116.11374262837221,156.25341445523554
1734763688600,F:\agent\UAV\data\IR-image\1734763688600.jpg,116.17426741823715,38.81174719462069,401.70099739941077,116.1755113,38.8121173,559.52,-11.774120751177804,7.94182923880021,1.0,0.08063999999999999,-99.70910800110549,3871.496720535448,lk,401.70094101113136,A_up,0.7483333333333333,A_up,transition,"up=0.400,stable=0.550,down=0.050",0.4,0.05,0.55,1,0.9974832103010864,1.000262814511915,0.002779604210828568,3.349858064148217,False,10,-3.513910366207277,0.3153679219059816,0.2985201352788514,0.9465773610540107,0,3,-8.951835178550027e-05,-4.6279407267684025,2,False,324,0.20767925114580463,-10.978646586306013,8.103752224428547,0.9505637547932565,,0.3090303640929051,,,115.36498585120162,157.81900260058922
1734763688800,F:\agent\UAV\data\IR-image\1734763688800.jpg,116.17431073617004,38.81176388533789,400.7754092540571,116.1755663,38.8121173,560.22,-7.5186268278193324,6.831813231075273,0.9814814814814815,0.2688,-99.68731171216719,3031.3775550741607,lk,400.7753627218201,A_up,0.7333333333333333,A_up,transition,"up=0.450,stable=0.500,down=0.050",0.45,0.05,0.5,1,1.0031154301213985,1.001598765128633,0.0015166649927653708,3.3575944094561003,False,10,-4.155588895942888,0.31468074816074243,0.29783230080318185,0.9464586014364177,0,0,-7.383794672932709e-05,-4.6279407267684025,2,False,318,-0.021796288938309517,-7.1924615610858496,6.3780216833242775,0.9855411767959594,,0.38901651464402676,,,115.66747420701003,159.44459074594295
1734763689000,F:\agent\UAV\data\IR-image\1734763689000.jpg,116.17438296976634,38.8117450168743,399.8498211087034,116.1756214,38.8121174,560.86,3.637908968665613,16.80886923508882,0.9559748427672956,0.08063999999999999,-99.45034115019493,2232.0429098434656,lk,399.8497826452256,A_up,0.7333333333333333,A_up,transition,"up=0.450,stable=0.500,down=0.050",0.45,0.05,0.5,1,0.9998464695419396,1.0015527913708409,0.0017063218289012916,3.3653665940219266,False,10,-3.041554707140907,0.31399338496727625,0.2971444649993102,0.9463398887536372,0,3,-6.089792668717564e-05,-4.6279407267684025,2,False,304,-0.2369705619722549,4.549754387535472,16.524202345421628,0.9452442891895771,,0.3591794380918145,,,115.01478439583488,161.01017889129662
1734763689200,F:\agent\UAV\data\IR-image\1734763689200.jpg,116.17442467657256,38.81171842096415,398.9241990762454,116.1756766,38.8121174,561.41,7.708853141756549,8.93430219306697,0.993421052631579,0.384,-99.6004275602605,3242.6752587354845,lk,398.92420117546396,A_up,0.7333333333333333,A_up,transition,"up=0.450,stable=0.500,down=0.050",0.45,0.05,0.5,1,0.999858202700865,0.999294112549708,0.0005640901511569929,3.3731748634673853,False,10,-2.672923372572924,0.31330604072231544,0.2964566281601199,0.9462205946513198,0,0,-5.0225369193412917e-05,-4.627952953850978,1,False,302,0.15008641006556664,6.4753179846129,8.935743477512204,0.9311736058443785,,0.3608458288363181,,,117.19352929644435,162.4858009237546
1734763689400,F:\agent\UAV\data\IR-image\1734763689400.jpg,116.17446399970414,38.81170976197796,397.99858996068565,116.1757319,38.8121173,562.03,1.4759167700852913,7.220968493681312,0.9668874172185431,0.384,-99.9297031600967,2979.235516756437,lk,397.998582221204,A_up,0.7483333333333333,A_up,transition,"up=0.400,stable=0.550,down=0.050",0.4,0.05,0.55,1,0.9984775778062349,0.9992397616718954,0.0007621838656605151,3.381019775029216,False,10,-1.3677125726535158,0.31261871121627677,0.2957687634646905,0.9461006422615277,0,0,-4.143201937267804e-05,-4.627960683928794,1,False,292,0.3292755998361999,0.7186310775884976,7.1280319304302395,0.9618799079209566,,0.30723549937829375,,,118.83562895125704,164.03141003931432
1734763689600,F:\agent\UAV\data\IR-image\1734763689600.jpg,116.17449587289288,38.811708257187355,397.07299782389987,116.1757872,38.8121173,562.66,-0.6865733960221405,4.735744201095088,0.9897260273972602,0.2688,-99.97873462020978,3359.1421202924475,lk,397.07297613380865,A_up,0.7483333333333333,A_up,transition,"up=0.400,stable=0.550,down=0.050",0.4,0.05,0.55,1,1.0000255463704362,1.0006603861092325,0.0006348397387963001,3.3889011564534384,False,10,-1.4800900626859044,0.3119313376217927,0.2950809083311459,0.9459803256091012,0,0,-3.419421722128391e-05,-4.627960683928794,2,False,289,0.049031460113085824,-0.09670100282312433,4.363334073743658,0.9859630325809121,,0.37790112994844094,,,120.77744136972795,165.5870021761001
1734763689800,F:\agent\UAV\data\IR-image\1734763689800.jpg,116.17456719342272,38.811736242076,396.1474056871141,116.1758426,38.8121173,563.26,-12.953709128573564,13.757294687958279,0.9411764705882353,0.2688,-99.87263771192708,3566.394294304252,lk,396.1473877871183,A_up,0.7333333333333333,A_up,transition,"up=0.450,stable=0.500,down=0.050",0.45,0.05,0.5,1,1.0019314086975952,1.0010122772978465,0.0009191313997487516,3.3968192198753875,False,10,-2.2389165596657863,0.3112438466908452,0.2943930663814332,0.9458598764648039,0,0,-2.823251094241641e-05,-4.627960683928794,2,False,272,-0.10609690828268899,-12.694094039041033,13.620232450860414,0.9803704015910626,,0.4124956097221002,,,118.35128572044609,167.1125943128859
1734763690000,F:\agent\UAV\data\IR-image\1734763690000.jpg,116.17459893123153,38.811701568994835,395.2218135503283,116.175898,38.8121173,563.85,11.069639318447855,6.7194474576090215,0.9816176470588235,0.2688,-99.92402690432877,3966.1824095485267,lk,395.2217987889478,A_up,0.7333333333333333,A_up,transition,"up=0.450,stable=0.500,down=0.050",0.45,0.05,0.5,1,0.9995845869681854,0.9998927179033397,0.0003081309351542494,3.4047743795483854,False,10,-2.3603044654236336,0.3105562597487045,0.29370522394757936,0.9457391848589347,0,0,-2.3312493624416675e-05,-4.627960683928794,2,False,267,0.05138919240169301,10.908391120099395,6.7107779734919575,1.0041799968108536,,0.41835398238617927,,,121.67968323660456,168.62818644967172
1734763690200,F:\agent\UAV\data\IR-image\1734763690200.jpg,116.17464813648485,38.81169246045659,394.2962214135425,116.1759534,38.8121173,564.49,1.2316811096667948,9.943253139297326,0.9550561797752809,0.1568,-99.59822723087224,3587.903399633019,lk,394.2962092454573,A_up,0.7333333333333333,A_up,transition,"up=0.450,stable=0.500,down=0.050",0.45,0.05,0.5,2,1.0064574283739596,1.0005993785701381,0.00585804980382143,3.4127668951408743,False,10,-3.8225777506365772,0.30986862955818806,0.29301738110847625,0.9456180883049105,0,0,-1.924486804227854e-05,-4.627960683928794,2,False,255,-0.3257996734565363,0.9832600691938183,9.641331516645977,0.9749836243689061,,0.38021049613598734,,,122.56315857239248,170.19377858645748
1734763690400,F:\agent\UAV\data\IR-image\1734763690400.jpg,116.17471038922298,38.8116870014725,393.37062927675674,116.1760089,38.8121174,565.1,-0.45295875932055196,13.338380835338455,0.9490196078431372,0.1568,-98.64472479914267,3435.315995924836,lk,393.37061924304004,A_up,0.7333333333333333,A_up,transition,"up=0.450,stable=0.500,down=0.050",0.45,0.05,0.5,2,1.0141855106205901,1.0004888225288928,0.013696688091697329,3.420797029107374,False,10,-8.110621061689647,0.3091809605991212,0.2923295379283263,0.945496570558094,0,0,-1.5881387184890627e-05,-4.627960683928794,2,False,242,-0.9535024317295686,-1.1143516998604355,13.409275220734628,0.9072716511785984,,0.3426170729799196,,,122.26412392153796,171.72937072324328
1734763690600,F:\agent\UAV\data\IR-image\1734763690600.jpg,116.17476326407991,38.81169610851674,392.44503713997096,116.1760645,38.8121177,565.67,-5.098637973582413,10.01561559056671,0.9710743801652892,0.1568,-97.75861410500812,3539.239582354119,lk,392.44502886028835,A_up,0.7333333333333333,A_up,transition,"up=0.450,stable=0.500,down=0.050",0.45,0.05,0.5,2,1.0091283970926053,1.000575695923198,0.008552701169407317,3.4288650466245416,False,10,-12.526917345115868,0.3084932591783276,0.2916416944655344,0.9453746096181247,0,0,-1.3103312710427417e-05,-4.627960683928794,2,False,235,-0.8861106941345452,-4.918646727008934,9.913196844474726,0.9298473647329957,,0.3485744634526782,,,122.10210632500761,173.224962860029
1734763690800,F:\agent\UAV\data\IR-image\1734763690800.jpg,116.17482452856241,38.81169673167908,391.5194450031852,116.1761201,38.8121177,566.25,-2.3228366087329277,12.777881242340072,0.9446808510638298,0.2688,-97.52262103029065,3670.502622721632,lk,391.5194381667605,A_up,0.7333333333333333,A_up,transition,"up=0.450,stable=0.500,down=0.050",0.45,0.05,0.5,1,1.0011269555380737,1.0007501844493862,0.00037677108868749976,3.43697121553362,False,10,-11.744544919680665,0.3078055322310877,0.2909538507717923,0.945252181345968,0,0,-1.081086156773381e-05,-4.627960683928794,2,False,222,-0.23599307471746667,-2.717303271041885,12.462237157083223,0.9745702874846757,,0.39269664511084557,,,121.6223858622965,174.73055499681482
1734763691000,F:\agent\UAV\data\IR-image\1734763691000.jpg,116.17487788724262,38.81173636445708,390.5938528663994,116.1761758,38.8121175,566.77,-16.083459144259848,8.64146661553292,0.9864864864864865,0.08063999999999999,-97.75893916653095,3317.587987315618,lk,390.59384722084906,A_up,0.7483333333333333,A_up,transition,"up=0.400,stable=0.550,down=0.050",0.4,0.05,0.55,1,0.9985918412081491,1.0005303160632144,0.0019384748550652642,3.4451158063460277,False,10,-11.240759387340313,0.3071177886877877,0.29026600689049376,0.9451292552303922,0,3,-8.920048969685013e-06,-4.627960683928794,2,False,219,0.23631813624029546,-15.227601279639543,8.574533038216742,0.9676620968151838,,0.2779759003169602,,,120.17712587429216,176.17614713360058
1734763691200,F:\agent\UAV\data\IR-image\1734763691200.jpg,116.17492114284919,38.81174800573296,389.6682607296136,116.1762315,38.8121172,567.3,-5.692188347101194,7.116125092637219,0.9817351598173516,0.2688,-98.37685248294073,3709.8478249810637,lk,389.6682560686011,A_up,0.7633333333333332,A_up,transition,"up=0.350,stable=0.600,down=0.050",0.35,0.05,0.6,1,1.001151984591374,1.0004354598978131,0.0007165246935607605,3.453299092259128,False,10,-11.703195811178269,0.3064300337339928,0.2895781628558583,0.9450058120191855,0,0,-7.360712629633781e-06,-4.627960683928794,2,False,215,0.617913316409783,-5.6292103772711926,6.765968990310057,0.9378998789470643,,0.19998658876284026,,,120.72873389836913,177.63173927038633
1734763691400,F:\agent\UAV\data\IR-image\1734763691400.jpg,116.17496949203408,38.811764612752576,388.74266859282784,116.1762871,38.8121169,567.85,-7.745862313646171,8.226678179195403,0.9813953488372092,0.2688,-98.76997077282563,3728.573128132187,lk,388.74266474562154,A_up,0.7783333333333333,A_up,stable,"up=0.300,stable=0.650,down=0.050",0.3,0.05,0.65,1,1.0007875348478623,1.0006410473938463,0.00014648745401601992,3.461521349174091,False,10,-12.54572060550778,0.3057422664589328,0.2888903186943453,0.9448818511102027,0,0,-6.07477295488934e-06,-4.627960683928794,2,False,211,0.39311828988489966,-7.467660996737038,7.983589109642281,0.9408707600552588,,0.2576455898815766,,,120.6965256401919,179.10733140717218
1734763691600,F:\agent\UAV\data\IR-image\1734763691600.jpg,116.17501307911594,38.811785750222164,387.81707645604206,116.1763428,38.8121167,568.39,-9.183597404750287,6.614927877709647,0.981042654028436,0.2688,-98.88412646562011,3754.455125291935,lk,387.8170732813477,A_up,0.7933333333333332,A_up,stable,"up=0.250,stable=0.700,down=0.050",0.25,0.05,0.7,1,1.0007689186183406,1.0005591054446106,0.0002098131737300335,3.4697828557098984,False,10,-12.794623541077398,0.3050544860508022,0.2882024744278308,0.944757371572746,0,0,-5.014055545871088e-06,-4.627960683928794,2,False,207,0.11415569279448935,-9.07878272164129,6.38803835337194,0.9774311661720276,,0.3662180594401434,,,120.94678674343517,180.57292354395793
1734763691800,F:\agent\UAV\data\IR-image\1734763691800.jpg,116.17502876754769,38.81178488101032,386.8914843192563,116.1763985,38.8121167,568.92,30.91957442594486,11.837443240257102,0.466,0.05376,-98.66372706936623,2815.9610070753006,orb+phase,386.8914817000238,A_up,0.7933333333333332,A_up,stable,"up=0.250,stable=0.700,down=0.050",0.25,0.05,0.7,1,1.0030514638713401,1.001936321578822,0.0011151422925181897,3.4780838932221103,False,10,-13.1818554934933,0.30436669343826217,0.2875146300743317,0.9446323670518544,0,1,-4.138650695040269e-06,-4.627960683928794,3,True,466,-0.22039939625388263,30.91957442594486,11.837443240257102,0.9188829110004008,,0.3553915868396871,,,124.28231800805965,182.02851568074368
1734763692000,F:\agent\UAV\data\IR-image\1734763692000.jpg,116.17507315565496,38.81177223011821,385.9658921824705,116.1764542,38.8121167,569.42,3.0269552833671014,8.757408432061936,0.9899193548387096,0.2688,-98.7144618146473,3049.7348112975715,lk,385.9658900216609,A_up,0.8083333333333332,A_up,stable,"up=0.200,stable=0.750,down=0.050",0.2,0.05,0.75,1,1.0010658444520986,1.0008593912815198,0.00020645317057876866,3.486424745826782,False,10,-13.701967348994206,0.30367889177527435,0.28682678564871905,0.9445068242048709,0,0,-3.415834896713932e-06,-4.627960683928794,2,False,491,0.05073474528105505,2.952818672912599,8.763574744779731,0.9626972451806068,,0.4067860924405977,,,125.64027810535059,183.45410781752946
1734763692200,F:\agent\UAV\data\IR-image\1734763692200.jpg,116.17512616276511,38.811786800448054,385.0403000456847,116.17651,38.8121167,569.93,-7.2187026199757724,9.689391765053585,0.9775967413441955,0.2688,-98.62548015900954,3746.994443812928,lk,385.0402982628923,A_up,0.8083333333333332,A_up,stable,"up=0.250,stable=0.750,down=0.000",0.25,0.0,0.75,1,1.0012466336411745,1.001482537979273,0.00023590433809839162,3.4948057004240782,False,10,-11.736378757311735,0.3029910836706612,0.28613894116335364,0.9443807312639433,0,0,-2.818935172399506e-06,-4.627960683928794,2,False,480,-0.08898165563775727,-6.950597052436933,9.78039191871295,0.9753949297592044,,0.37112204646109603,,,125.3872310152279,184.88969995431523
1734763692400,F:\agent\UAV\data\IR-image\1734763692400.jpg,116.17518683521071,38.811804319883414,384.11470790889894,116.1765658,38.8121166,570.43,-8.609457400456051,11.705565180424742,0.9770833333333333,0.2688,-98.57448260797327,3625.670087783189,lk,384.1147064376653,A_up,0.8083333333333332,A_up,stable,"up=0.250,stable=0.750,down=0.000",0.25,0.0,0.75,1,1.0002294162725054,1.0006273349752979,0.000397918702792488,3.503227046721757,False,10,-6.512017111126118,0.302303270228625,0.28545109662860035,0.9442540810515223,0,0,-2.326157186871569e-06,-4.627960683928794,2,False,469,-0.05099755103627941,-8.283543835401645,11.784724061152787,0.967835528543219,,0.3932218973641284,,,124.42264600774539,186.315292091101
1734763692600,F:\agent\UAV\data\IR-image\1734763692600.jpg,116.17523321976435,38.811806580049506,383.18911577211315,116.1766216,38.8121166,570.97,-2.451935253357533,8.470593794220179,1.0,0.2688,-98.7562006592479,2987.1028679564233,lk,383.189114557754,A_up,0.7933333333333332,A_up,stable,"up=0.300,stable=0.700,down=0.000",0.3,0.0,0.7,1,0.9997935254391789,1.0013603255712717,0.0015668001320928715,3.5116890772596516,False,10,-2.97922021239647,0.3016154524520998,0.28476325205320896,0.9441268666380176,0,0,-1.9195002778360504e-06,-4.627960683928794,2,False,469,0.18171805127462262,-2.123860731326886,8.274215179990279,0.974951901845634,,0.3595750230597332,,,125.13676310424125,187.78088422788687
1734763692800,F:\agent\UAV\data\IR-image\1734763692800.jpg,116.17528677415149,38.811806410357384,382.2635236353274,116.1766773,38.8121164,571.53,-1.9334685519665413,10.637386592798748,0.9786780383795309,0.2688,-99.05806369388804,2775.670015690838,lk,382.2635226329279,A_up,0.8083333333333332,A_up,stable,"up=0.250,stable=0.750,down=0.000",0.25,0.0,0.75,1,1.000502101580424,1.0009610302033682,0.0004589286229441658,3.520192087437246,False,10,-2.735141059641326,0.3009276311849027,0.28407540744443954,0.9439990815263208,0,0,-1.5839858633626136e-06,-4.627960683928794,2,False,459,0.3018630346401483,-1.6129878687718247,10.487096834480155,0.9754038381623105,,0.32128897646907717,,,125.31455807601587,189.2664763646726
1734763693000,F:\agent\UAV\data\IR-image\1734763693000.jpg,116.17533272724815,38.81179778591316,381.3379314985416,116.1767331,38.8121162,572.09,1.4825324372719706,8.963381930943626,0.9869281045751634,0.2688,-99.22447599186003,4123.386464188658,lk,381.3379306711629,A_up,0.8233333333333333,A_up,stable,"up=0.200,stable=0.800,down=0.000",0.2,0.0,0.8,1,1.0022446334796675,1.0009781911630948,0.0012664423165726912,3.5287363755442835,False,10,-4.1084025416509355,0.3002398070881068,0.28338756280821936,0.9438707197312377,0,0,-1.3071796161057136e-06,-4.627960683928794,2,False,453,0.16641229797198542,0.9340308693467136,8.826281040526794,0.9746603464242071,,0.34188798611285165,,,126.39425127036125,190.75206850145844
1734763693200,F:\agent\UAV\data\IR-image\1734763693200.jpg,116.17536997155494,38.81178548946515,380.4123393617558,116.1767887,38.812116,572.66,3.2150598713545264,6.699140013860131,0.9801324503311258,0.2688,-99.38082520248352,3579.7140936352216,lk,380.41233867892225,A_up,0.8233333333333333,A_up,stable,"up=0.200,stable=0.800,down=0.000",0.2,0.0,0.8,1,1.0014199162628843,1.000912739366149,0.0005071768967352952,3.537322242792496,False,10,-4.199113985702595,0.2995519312402418,0.2826997181493515,0.943741931420316,0,0,-1.0787935593725706e-06,-4.627960683928794,2,False,444,0.15634921062348403,2.9573733773607955,6.551375781767433,0.9783199647441506,,0.3657209211960435,,,128.30057094030627,192.24766063824416
1734763693400,F:\agent\UAV\data\IR-image\1734763693400.jpg,116.17541796325493,38.81178283482286,379.48674722497003,116.1768444,38.8121158,573.23,-0.817839711639408,9.19131345271444,0.972972972972973,0.2688,-99.25750359118156,3285.368556784243,lk,379.48674666148185,A_up,0.8233333333333333,A_up,stable,"up=0.200,stable=0.800,down=0.000",0.2,0.0,0.8,1,1.0022559895718501,1.0009580178514912,0.001297971720358948,3.5459499933482,False,10,-4.738764407364121,0.2988640516779789,0.2820118734717567,0.9436125619270526,0,0,-8.903359685064061e-07,-4.627960683928794,2,False,432,-0.12332161130195456,-0.9220795450935952,9.183175546824543,0.9937178825028241,,0.41440253134351224,,,129.01866768757566,193.74325277503
1734763693600,F:\agent\UAV\data\IR-image\1734763693600.jpg,116.17546002749799,38.81180631635814,378.56115508818425,116.1769001,38.8121158,573.77,-10.152672978620217,5.948335385131486,0.9675925925925926,0.08063999999999999,-99.08227904081056,3054.789867671393,lk,378.5611546232076,A_up,0.8083333333333332,A_up,stable,"up=0.250,stable=0.750,down=0.000",0.25,0.0,0.75,1,1.0022157382340176,1.0010260797949673,0.0011896584390502785,3.5546199343657148,False,10,-5.266880774491328,0.2981762180410166,0.2813240287786794,0.9434824501663676,0,3,-7.348028816522856e-07,-4.627960683928794,2,False,418,-0.17522455037100215,-10.402491695007711,5.944272550516729,0.9924807718023658,,0.39778673177352175,,,129.43230038399784,195.20884491181573
1734763693800,F:\agent\UAV\data\IR-image\1734763693800.jpg,116.17550756259557,38.81181176585664,377.63556295139847,116.1769557,38.8121157,574.31,-3.705995570047719,8.601414813026224,0.9521531100478469,0.2688,-98.86310886807563,3199.8936947391944,lk,377.63556256771335,A_up,0.8083333333333332,A_up,stable,"up=0.250,stable=0.750,down=0.000",0.25,0.0,0.75,1,1.001316182795753,1.0013559886592602,3.9805863507158534e-05,3.563332376021757,False,10,-4.608665818453325,0.297488382901246,0.2806361840728053,0.9433517414559512,0,0,-6.064252602300257e-07,-4.627960683928794,2,False,398,-0.2191701727349344,-3.396016343783913,8.527438260779405,0.9556781500577927,,0.3979482358554378,,,129.9441986700305,196.67443704860148
1734763694000,F:\agent\UAV\data\IR-image\1734763694000.jpg,116.17556118285349,38.81183295011682,376.7099708146127,116.1770114,38.8121157,574.84,-9.796046519566914,9.462024789985833,0.964824120603015,0.2688,-98.77678515165739,3646.4129100440455,lk,376.709970497994,A_up,0.7933333333333332,A_up,stable,"up=0.300,stable=0.700,down=0.000",0.3,0.0,0.7,1,1.000825226138549,1.0010513079540535,0.00022608181550443085,3.5720876315507106,False,10,-4.507906609515624,0.29680054657971505,0.2799483393563599,0.9432204306307469,0,0,-5.004584977541526e-07,-4.627960683928794,2,False,384,-0.08632371641823273,-9.59504974729964,9.544396632627922,0.9843626610934735,,0.3988307152176276,,,129.526337958021,198.13002918538734
1734763694200,F:\agent\UAV\data\IR-image\1734763694200.jpg,116.17560789980135,38.81181985431592,375.7843786778269,116.1770672,38.8121157,575.37,3.2681794703431706,9.421829319029655,0.9635416666666666,0.2688,-98.67334054018836,3487.5577261555845,lk,375.7843784165339,A_up,0.7933333333333332,A_up,stable,"up=0.300,stable=0.700,down=0.000",0.3,0.0,0.7,1,1.000767752133823,1.0009764291428638,0.0002086770090408141,3.580886017280635,False,10,-4.319164157615607,0.2961126958124052,0.27926049463118946,0.9430885557440198,0,0,-4.129972239752533e-07,-4.627960683928794,2,False,370,-0.10344461146903351,3.5398717007291225,9.339754086648128,0.9738896816968918,,0.3913176998612471,,,130.6489817186226,199.5856213221731
1734763694400,F:\agent\UAV\data\IR-image\1734763694400.jpg,116.1756740414764,38.81182910145108,374.8587865410411,116.1771229,38.8121157,575.89,-5.886939238549132,13.800646605212023,0.9486486486486486,0.08063999999999999,-98.55453574915589,2635.008614348769,lk,374.85878632539317,A_up,0.7783333333333333,A_up,stable,"up=0.350,stable=0.650,down=0.000",0.35,0.0,0.65,1,1.000439171034072,1.0010635841874667,0.0006244131533945652,3.589727852670053,False,10,-4.3862162137537855,0.29542483589791824,0.27857264989882496,0.942956095929198,0,3,-3.4081909916494624e-07,-4.627960683928794,2,False,351,-0.11880479103247055,-5.19333337112954,13.87569968532253,0.9572391986846924,,0.39528482453897595,,,129.51678390745258,201.03121345895886
1734763694600,F:\agent\UAV\data\IR-image\1734763694600.jpg,116.17570995927609,38.811810521419496,373.93319440425535,116.1771785,38.8121158,576.43,5.845707720329415,6.551791365336896,0.9772079772079773,0.2688,-98.42352643622569,2501.4701846733324,lk,373.9331942262749,A_up,0.7783333333333333,A_up,stable,"up=0.350,stable=0.650,down=0.000",0.35,0.0,0.65,1,0.9991306571747551,1.0003299839713413,0.0011993267965861865,3.598613460345564,False,10,-4.13020458634297,0.29473698735628956,0.27788480516053204,0.9428229814421427,0,0,-2.812589627865236e-07,-4.627960683928794,2,False,343,-0.13100931293019802,6.242004309841832,6.437230664760676,0.9701224182732403,,0.40585683280369267,,,131.69044689754057,202.4968055957446
1734763694800,F:\agent\UAV\data\IR-image\1734763694800.jpg,116.17576922309684,38.81179947134168,373.00760226746957,116.1772341,38.8121158,577.01,2.010614415724433,12.946345883454853,0.9416909620991254,0.2688,-98.4463647297657,2350.1515806328416,lk,373.0076021205805,A_up,0.7633333333333332,A_up,transition,"up=0.400,stable=0.600,down=0.000",0.4,0.0,0.6,1,1.0018354600367159,1.0011815037281178,0.0006539563085981026,3.607543166140273,False,10,-4.610939437554072,0.2940491451645063,0.2771969604173521,0.9426892238107809,0,0,-2.32111744935537e-07,-4.627960683928794,2,False,323,0.022838293540021738,2.04730282334242,12.673676645500649,0.9615210282616318,,0.4028782653622329,,,131.70657181855663,204.00239773253043
1734763695000,F:\agent\UAV\data\IR-image\1734763695000.jpg,116.17580965532596,38.81178014386843,372.0820101306838,116.1772897,38.8121159,577.59,5.905392107964246,7.9197255061952205,0.9659442724458205,0.2688,-98.66130373037232,3063.393862913464,lk,372.08201000946,A_up,0.7633333333333332,A_up,transition,"up=0.400,stable=0.600,down=0.000",0.4,0.0,0.6,1,1.0022892652752424,0.9997325199770877,0.00255674529815475,3.6165172991329766,False,10,-4.615861658525642,0.29336130252802783,0.27650911567013986,0.9425548403532947,0,0,-1.915555003506597e-07,-4.627960683928794,2,False,312,0.21493900060661875,4.92230190451852,7.935220406341301,0.927908879891038,,0.32844492062577046,,,133.56119036389978,205.50798986931625
1734763695200,F:\agent\UAV\data\IR-image\1734763695200.jpg,116.17585007026503,38.8117495619912,371.156417993898,116.1773453,38.8121159,578.2,10.103749502637868,8.597238292379643,0.9775641025641025,0.2688,-98.88374351386992,3412.681469372948,lk,371.15641789385893,A_up,0.7483333333333333,A_up,transition,"up=0.450,stable=0.550,down=0.000",0.45,0.0,0.55,1,1.0027338313380882,1.001196975533757,0.0015368558043311609,3.6255361916880497,False,10,-5.084684405783391,0.2926734595184013,0.2758212709195979,0.9424198264286283,0,0,-1.5808677744644228e-07,-4.627960683928794,2,False,305,0.22243978349759877,9.617560100406251,8.222739603527799,0.978502259682864,,0.2890728590427898,,,135.8059300006391,207.04358200610204
1734763695400,F:\agent\UAV\data\IR-image\1734763695400.jpg,116.17589934630556,38.811740421689805,370.2308258571122,116.1774008,38.812116,578.81,1.6126570885327283,9.935320866119469,0.9934426229508196,0.2688,-98.92002775994249,3636.1992808318146,lk,370.230825774557,A_up,0.7483333333333333,A_up,transition,"up=0.450,stable=0.550,down=0.000",0.45,0.0,0.55,1,1.0008593425708099,1.0003137832770683,0.0005455592937415599,3.634600179496009,False,10,-4.562444102317854,0.2919856161969303,0.2751334261663057,0.9422841773847564,0,0,-1.3046553704043617e-07,-4.627960683928794,2,False,303,0.03628424607256307,1.220747781155353,9.891123966573105,0.9816702408716083,,0.39452902527409606,,,136.6310186994053,208.57917414288772
1734763695600,F:\agent\UAV\data\IR-image\1734763695600.jpg,116.17593821618004,38.81174172456181,369.30523372032644,116.1774563,38.8121161,579.41,-1.8236805119521478,6.261418084238471,0.9900990099009901,0.2688,-98.68126713688238,2959.0137405513224,lk,369.30523365219915,A_up,0.7483333333333333,A_up,transition,"up=0.450,stable=0.550,down=0.000",0.45,0.0,0.55,1,1.0026291668761838,1.0005888807903993,0.0020402860857844374,3.6437096016147743,False,10,-4.701442200015427,0.29129777261866335,0.2744455814107425,0.9421478885457116,0,0,-1.0766945024442975e-07,-4.627960683928794,2,False,300,-0.23876062306009743,-2.290409268884275,6.0995949441114306,0.9504641802981496,,0.4010267889534589,,,137.96324425505557,210.10476627967353
1734763695800,F:\agent\UAV\data\IR-image\1734763695800.jpg,116.17598547524986,38.81173472915705,368.37964158354066,116.1775117,38.8121163,580.0,0.9632396607142937,9.213401168332723,0.9733333333333334,0.2688,-98.5425979126767,2999.1070759592944,lk,368.3796415273189,A_up,0.7633333333333332,A_up,transition,"up=0.400,stable=0.600,down=0.000",0.4,0.0,0.6,1,1.0007427127703934,1.000709195021298,3.3517749095324234e-05,3.65286480051162,False,10,-4.481248430084176,0.290609928831143,0.27375773665330483,0.9420109552154013,0,0,-8.885541546987952e-08,-4.627960683928794,2,False,292,-0.13866922420567826,1.3034133813630433,9.090383643264886,0.9987114981282502,,0.4135605093324557,,,138.8782443974052,211.62035841645934
1734763696000,F:\agent\UAV\data\IR-image\1734763696000.jpg,116.17602917807241,38.81173640362498,367.4540494467549,116.1775672,38.8121164,580.57,-2.1758451536273924,7.664129769002045,0.9863013698630136,0.2688,-98.5798565896407,3406.5211606178336,lk,367.454049400357,A_up,0.7633333333333332,A_up,transition,"up=0.400,stable=0.600,down=0.000",0.4,0.0,0.6,1,1.000211127321023,1.0004917548591823,0.00028062753815927266,3.6620661221058226,False,10,-4.247127797293247,0.28992208487317606,0.2730698918943202,0.9418733726813957,0,0,-7.33283513909555e-08,-4.627960683928794,2,False,288,0.03725867696400528,-1.779033572665469,7.66198128307056,0.9733629271853715,,0.39908582268981263,,,139.79886115773692,213.11595055324517
1734763696200,F:\agent\UAV\data\IR-image\1734763696200.jpg,116.17607558059946,38.81173747581601,366.5284573099691,116.1776227,38.8121165,581.15,-2.086097867070123,8.493800752241668,0.9861111111111112,0.2688,-98.70747002962499,3445.379536847435,lk,366.52845727167784,A_up,0.7783333333333333,A_up,stable,"up=0.350,stable=0.650,down=0.000",0.35,0.0,0.65,1,0.9990621225323033,1.0007029122503723,0.0016407897180690245,3.671313915811997,False,10,-3.6179134676378695,0.2892342407751018,0.2723820471340594,0.9417351362138826,0,0,-6.051442369425786e-08,-4.627960683928794,2,False,284,0.12761343998428923,-1.5709402815037379,8.399902207880075,0.9704576559364796,,0.3538824939751066,,,140.51797643405106,214.62154269003088
1734763696400,F:\agent\UAV\data\IR-image\1734763696400.jpg,116.17611762618593,38.811736585368386,365.6028651731833,116.1776782,38.8121165,581.74,-1.1168649190849465,7.316309789079355,0.9647887323943662,0.2688,-98.53300405179147,2911.174536710149,lk,365.60286514158213,A_up,0.7783333333333333,A_up,stable,"up=0.350,stable=0.650,down=0.000",0.35,0.0,0.65,1,0.9984683998874194,1.0003368804646051,0.0018684805771856938,3.6806085345841453,False,10,-2.894275337259269,0.28854639656108805,0.2716942023727459,0.9415962410579805,0,0,-4.9939956170419464e-08,-4.627960683928794,2,False,274,-0.17446597783351372,-0.537034082198943,7.313935025397711,0.9564232830889523,,0.41884259617654607,,,141.65997933918382,216.1371348268167
1734763696600,F:\agent\UAV\data\IR-image\1734763696600.jpg,116.17616371682618,38.8117312106899,364.67727303639754,116.1777337,38.8121165,582.35,0.4826358944977187,8.775034326600746,0.9781021897810219,0.2688,-98.10666289698418,2774.8676851775863,lk,364.6772730103177,A_up,0.7933333333333332,A_up,stable,"up=0.300,stable=0.700,down=0.000",0.3,0.0,0.7,1,0.9996225345305478,1.000587018549137,0.0009644840185891734,3.689950334960404,False,10,-3.064971603344296,0.28785855225108126,0.27100635761056385,0.9414566824270753,0,0,-4.121358188058366e-08,-4.627960683928794,2,False,268,-0.4263411548072827,0.5391796991687556,8.571277977905225,0.9733465686440468,,0.3896077804383822,,,142.61675259342607,217.67272696360249
1734763696800,F:\agent\UAV\data\IR-image\1734763696800.jpg,116.17621819695141,38.81174222332162,363.75168089961176,116.1777892,38.8121165,582.96,-6.091729094561401,10.42974695809744,0.9402985074626866,0.08063999999999999,-97.71001353985416,2703.3677740674834,lk,363.75168087808896,A_up,0.7933333333333332,A_up,stable,"up=0.300,stable=0.700,down=0.000",0.3,0.0,0.7,1,1.0011287675841931,1.0007484335371428,0.0003803340470502903,3.699339677108512,False,10,-2.8025796848103535,0.2871707078615254,0.27031851284766517,0.9413164555000979,0,3,-3.4012202831945615e-08,-4.627960683928794,2,False,252,-0.39664935713001775,-6.099904453202953,10.260267867095166,0.9709535347297787,,0.37668790604220703,,,142.3381830405273,219.20831910038828
1734763697000,F:\agent\UAV\data\IR-image\1734763697000.jpg,116.1762646013321,38.81173737094253,362.826088762826,116.1778448,38.8121165,583.56,0.3858438153934003,8.831331126945088,0.9642857142857143,0.2688,-97.45033161982144,2822.1808511776385,lk,362.82608874506417,A_up,0.7933333333333332,A_up,stable,"up=0.300,stable=0.700,down=0.000",0.3,0.0,0.7,1,1.0010434094725498,1.0004301509846116,0.0006132584879381398,3.7087769248719975,False,10,-2.347369587651022,0.28648286340603635,0.26963066808417496,0.9411755554189064,0,0,-2.8069223390048137e-08,-4.627960683928794,2,False,243,-0.25968192003272517,0.06902104694700029,8.71255831211812,0.974335934408009,,0.40899333666311577,,,143.25815525313786,220.73391123717397
1734763697200,F:\agent\UAV\data\IR-image\1734763697200.jpg,116.17630871000983,38.81172629857796,361.9004966260402,116.1779005,38.8121164,584.16,2.892858279941379,8.449177480673825,0.9753086419753086,0.2688,-97.35290644965454,3558.3980498886112,lk,361.90049661138227,A_up,0.7933333333333332,A_up,stable,"up=0.300,stable=0.700,down=0.000",0.3,0.0,0.7,1,1.001692335982916,1.0002724375233936,0.0014198984595223951,3.7182624458170848,False,10,-1.9675348257453011,0.285795018895977,0.2689428233201964,0.9410339772859567,0,0,-2.31646595238999e-08,-4.627960683928794,2,False,237,-0.09742517016690429,2.318712643445622,8.343134159565352,0.9660271236672997,,0.41412482265150174,,,144.57967168805152,222.25950337395977
1734763697400,F:\agent\UAV\data\IR-image\1734763697400.jpg,116.1763568474923,38.8117331839262,360.9749044892544,116.1779562,38.8121162,584.77,-4.268909451764955,8.742494603991474,0.9704641350210971,0.2688,-97.68515493758102,3541.373931320674,lk,360.9749044771579,A_up,0.7933333333333332,A_up,stable,"up=0.300,stable=0.700,down=0.000",0.3,0.0,0.7,1,1.0046181856127747,1.0006808534655822,0.003937332147192496,3.727796611280348,False,10,-3.3057704919783855,0.28510717434090466,0.26825497855581476,0.9408917161623593,0,0,-1.9116953353659483e-08,-4.627960683928794,2,False,230,0.33224848792647543,-4.749570251134344,8.40546361156538,0.9700468080118299,,0.3101117805344984,,,144.9714514803935,223.79509551074557
1734763697600,F:\agent\UAV\data\IR-image\1734763697600.jpg,116.17641032490276,38.81176684062673,360.04931235246863,116.1780119,38.8121158,585.36,-14.903394416987226,8.90035362283902,0.9608695652173913,0.08063999999999999,-97.89505654783163,3292.4284809484243,lk,360.0493123424859,A_up,0.8083333333333332,A_up,stable,"up=0.250,stable=0.750,down=0.000",0.25,0.0,0.75,1,1.002994549960976,1.0008145470425394,0.0021800029184366743,3.7373797964171063,False,10,-3.4272559911528564,0.2844193297488242,0.2675671337911004,0.9407487670665483,0,3,-1.577649300088524e-08,-4.627960683928794,2,False,221,0.20990161025060736,-15.058913979421845,8.857694096268887,0.9550815661437809,,0.31257918951450847,,,144.08988458585958,225.31068764753138
1734763697800,F:\agent\UAV\data\IR-image\1734763697800.jpg,116.17644931002472,38.81178515460456,359.12372021568285,116.1780678,38.8121156,585.94,-8.333723961423686,5.335496103852563,0.9728506787330317,0.08063999999999999,-97.9150842588869,3513.8880147397153,lk,359.1237202074444,A_up,0.8233333333333333,A_up,stable,"up=0.200,stable=0.800,down=0.000",0.2,0.0,0.8,1,1.0004528422679622,1.0004337478425904,1.9094425371735113e-05,3.7470123802505846,False,10,-3.315383620927957,0.28373148512632945,0.2668792890261115,0.9406051249733014,0,3,-1.3019757716392633e-08,-4.627960683928794,2,False,215,0.020027711055278178,-7.9512600337409935,5.232339756526528,0.9672547086142004,,0.3874661596782971,,,144.96640684431094,226.8162797843172
1734763698000,F:\agent\UAV\data\IR-image\1734763698000.jpg,116.17649756245333,38.81175959852779,358.19812807889707,116.1781236,38.8121156,586.53,8.355987275754558,10.531612298213702,0.9488372093023256,0.2688,-97.96417827202345,3871.150556492425,lk,358.19812807209814,A_up,0.8383333333333333,A_up,stable,"up=0.150,stable=0.850,down=0.000",0.15,0.0,0.85,1,1.0000106950590992,1.0001815893591108,0.00017089430001160366,3.7566947457218363,False,10,-3.235707771210473,0.28304364047878544,0.2661914442608961,0.9404607848126075,0,0,-1.0744656719907653e-08,-4.627960683928794,2,False,204,0.04909401313654221,8.361478957784584,10.284820895520653,0.9669672599062323,,0.3858112234302098,,,146.3421019496318,228.3318719211029
1734763698200,F:\agent\UAV\data\IR-image\1734763698200.jpg,116.17653839591046,38.811745988581784,357.2725359421113,116.1781797,38.8121155,587.11,3.979189190590148,7.6365773036035876,0.9754901960784313,0.2688,-98.17557809576405,3658.2475076483097,lk,357.27253593650033,A_up,0.8383333333333333,A_up,stable,"up=0.150,stable=0.850,down=0.000",0.15,0.0,0.85,1,1.0014845325715185,0.9998310282088507,0.001653504362667757,3.7664272797404634,False,10,-4.0837179383195945,0.28235579581055414,0.2655035994954938,0.9403157414683732,0,0,-8.867175438354025e-09,-4.627960683928794,2,False,199,0.2113998237406008,4.139786755217585,7.608351484987622,0.9789801110979169,,0.3521880194020923,,,148.02591555729012,229.83746405788872
1734763698400,F:\agent\UAV\data\IR-image\1734763698400.jpg,116.17657740361396,38.811710002598865,356.3469438053255,116.1782358,38.8121154,587.69,12.781461261587026,8.385691541277083,0.954,0.2688,-98.39032282248701,2660.5823164366093,lk,356.346943800695,A_up,0.8533333333333333,A_up,stable,"up=0.100,stable=0.900,down=0.000",0.1,0.0,0.9,1,0.999355569969735,1.0008783409432822,0.0015227709735472494,3.77621037323612,False,10,-4.3858664922921085,0.28166795112521803,0.2648157547299372,0.9401699897771151,0,0,-7.31773752704612e-09,-4.627960683928794,2,False,477,0.2147447267229623,12.920824163979034,8.253325304987698,0.9791703291004523,,0.3278254391916562,,,150.59520504140752,231.34305619467455
1734763698600,F:\agent\UAV\data\IR-image\1734763698600.jpg,116.17662223758488,38.81170241626574,355.4213516685397,116.1782921,38.8121153,588.27,1.3928044219156845,8.522726019928484,0.9811320754716981,0.2688,-98.35872133688866,3940.225586860031,lk,355.4213516647183,A_up,0.8533333333333333,A_up,stable,"up=0.100,stable=0.900,down=0.000",0.1,0.0,0.9,1,1.0006331871023608,1.000601590689497,3.159641286387682e-05,3.7860444212108373,False,10,-4.729036363801107,0.28098010642574234,0.26412790996425334,0.9400235245268415,0,0,-6.039101663191104e-09,-4.627960683928794,2,False,468,-0.03160148559834028,0.930672875629682,8.632399835636193,0.9882303083315491,,0.3845305701252073,,,151.79311557670033,232.84864833146025
1734763698800,F:\agent\UAV\data\IR-image\1734763698800.jpg,116.17667333835915,38.81170102424672,354.49575953175395,116.1783485,38.8121151,588.86,-1.4000814424539385,10.073782139755508,0.9893162393162394,0.2688,-98.79641918736114,3736.631038307548,lk,354.4957595286003,A_up,0.8683333333333332,A_up,stable,"up=0.050,stable=0.950,down=0.000",0.05,0.0,0.95,1,1.0015468952597921,1.0009373542405828,0.000609541019209292,3.795929822792163,False,10,-4.862747364853001,0.28029226171458255,0.26344006519846436,0.9398763404560967,0,0,-4.983860435459064e-09,-4.627960683928794,2,False,463,0.43769785047247634,-1.6394157827228923,10.133769251246889,0.9884087137877942,,0.2570150437313714,,,152.27084874673594,234.36424046824607
1734763699000,F:\agent\UAV\data\IR-image\1734763699000.jpg,116.1767245164537,38.81171070229935,353.57016739496817,116.178405,38.8121148,589.48,-5.864191505619033,9.35909382313082,0.978401727861771,0.2688,-99.43578905039783,3574.343503425931,lk,353.5701673923656,A_up,0.8683333333333332,A_up,stable,"up=0.050,stable=0.950,down=0.000",0.05,0.0,0.95,1,1.002743227995138,1.0006982937163358,0.0020449342788022573,3.8058669812871484,False,10,-5.441189964368499,0.2796044169937747,0.2627522204325888,0.939728432253053,0,0,-4.1130192585114855e-09,-4.627960683928794,2,False,453,0.639369863036689,-6.20964473876802,9.573819811647212,0.9770325753837824,-0.40173304082411043,0.3890351810841821,,,152.37957699710745,235.90983260503185
1734763699200,F:\agent\UAV\data\IR-image\1734763699200.jpg,116.17677333842774,38.81171253980222,352.6445752581824,116.1784617,38.8121144,590.12,-2.735291668980551,9.126842824082303,0.9757174392935982,0.2688,-99.92403494925364,3150.189237247071,lk,352.64457525603456,A_up,0.8833333333333333,A_up,stable,"up=0.000,stable=1.000,down=0.000",0.0,0.0,1.0,1,1.002493980352297,1.0008667035091718,0.001627276843125136,3.8158563042371796,False,10,-5.704598366210336,0.2789165722650072,0.26206437566664154,0.9395797945546459,0,0,-3.394291070435429e-09,-4.627960683928794,2,False,442,0.4882458988558033,-2.999495124369389,9.27250692521065,0.9556989280506969,,0.24047058465657756,,,152.95907226944013,237.47542474181762
1734763699400,F:\agent\UAV\data\IR-image\1734763699400.jpg,116.17682137154122,38.81171828600928,351.7189831213966,116.1785184,38.8121142,590.75,-4.256350611975847,8.604459943727136,0.9864253393665159,0.2688,-100.07549179559928,3448.7200285877198,lk,351.7189831196241,A_up,0.8833333333333333,A_up,stable,"up=0.000,stable=1.000,down=0.000",0.0,0.0,1.0,1,1.000392276236179,1.000888761455415,0.0004964852192359537,3.825898203473685,False,10,-4.227910099966549,0.27822872752967853,0.2613765309006353,0.939430421945751,0,0,-2.801186838041758e-09,-4.627960683928794,2,False,436,0.1514568463456374,-4.0595089872612675,8.686980284938699,0.9813140157610178,,0.3557916695717722,,,153.48644877804423,239.0310168786034
1734763699600,F:\agent\UAV\data\IR-image\1734763699600.jpg,116.17686754699076,38.81172974506301,350.7933909846108,116.1785753,38.812114,591.38,-6.385561432880991,7.6540942504761915,0.9747706422018348,0.2688,-99.88334738852717,4007.9301660977303,lk,350.793390983148,A_up,0.8833333333333333,A_up,stable,"up=0.000,stable=1.000,down=0.000",0.0,0.0,1.0,1,0.9999879500777369,1.000892217598703,0.0009042675209660622,3.8359930951747208,False,10,-3.1747540870609487,0.27754088278894207,0.2606886861345803,0.9392803089583845,0,0,-2.3117081582313403e-09,-4.627960683928794,2,False,425,-0.19214440707210162,-6.1756177866544135,7.585728018950164,0.9827860412653535,,0.3820674327434972,,,154.0121529995731,240.58660901538917
1734763699800,F:\agent\UAV\data\IR-image\1734763699800.jpg,116.17691127403685,38.81172333397617,349.86779884782504,116.1786322,38.8121139,592.04,0.8716761771146366,8.127457500096,0.9741176470588235,0.2688,-99.55000279925562,3440.172660444966,lk,349.86779884661786,A_up,0.8833333333333333,A_up,stable,"up=0.000,stable=1.000,down=0.000",0.0,0.0,1.0,1,0.9997885638598834,1.000519541868633,0.0007309780087496609,3.8461413999224594,False,10,-2.936022309474432,0.27685303804374595,0.26000084136848506,0.9391294500709143,0,0,-1.9077788238064386e-09,-4.627960683928794,2,False,414,-0.3333445892715456,1.046952122220489,8.103141665334363,0.9685598172247409,,0.38597667519934475,,,155.30381516440428,242.17220115217492
1734763700000,F:\agent\UAV\data\IR-image\1734763700000.jpg,116.17696283815526,38.81171100077622,348.94220671103926,116.1786892,38.8121138,592.71,2.8521418663947884,10.942849217076912,0.9879227053140096,0.2688,-99.3685067089275,2529.2982843491345,lk,348.942206710043,A_up,0.8833333333333333,A_up,stable,"up=0.000,stable=1.000,down=0.000",0.0,0.0,1.0,1,1.0003357320892652,1.0009243361735332,0.0005886040842679741,3.8563435427615924,False,10,-3.0406845219045144,0.2761651932948689,0.2593129966023567,0.9389778397072702,0,0,-1.5743921721877996e-09,-4.627960683928794,2,False,409,-0.18149609032812491,3.1419399631687384,10.883271647744607,0.9588293995708227,,0.35581055366492365,,,156.14082556302446,243.76779328896077
1734763700200,F:\agent\UAV\data\IR-image\1734763700200.jpg,116.17701829302621,38.811709899759784,348.0166145742535,116.1787463,38.8121137,593.34,-1.8161417942732783,11.415492307405316,0.9779951100244498,0.2688,-99.3221581266337,2640.994432842722,lk,348.0166145734313,A_up,0.8833333333333333,A_up,stable,"up=0.000,stable=1.000,down=0.000",0.0,0.0,1.0,1,1.0011703669557783,1.0006120615758394,0.0005583053799389504,3.8665999532586715,False,10,-2.9243634955039033,0.2754773485429518,0.25862515183620083,0.9388254722361559,0,0,-1.2993268683203496e-09,-4.627960683928794,2,False,400,-0.04634858229380559,-1.8523065491661441,11.574313933812277,0.9583386758808047,,0.39428665256127715,,,156.30931991610225,245.32338542574655
1734763700400,F:\agent\UAV\data\IR-image\1734763700400.jpg,116.17706451755872,38.81170697016093,347.0910224374677,116.1788036,38.8121135,593.97,-0.6164815985108589,8.661455706788331,0.9875,0.2688,-99.34262837927962,3424.3522748321293,lk,347.0910224367892,A_up,0.8833333333333333,A_up,stable,"up=0.000,stable=1.000,down=0.000",0.0,0.0,1.0,1,1.0002009841000308,1.0002215193277733,2.0535227742479734e-05,3.8769110655623913,False,10,-3.2074972617240305,0.27478950378852407,0.2579373070700225,0.9386723419702708,0,0,-1.0722942533902824e-09,-4.627960683928794,2,False,395,0.020470252645916027,-1.0437956479261743,8.666215157506144,0.9630806271918118,,0.39592041476862505,,,157.31569017792168,246.87897756253233
1734763700600,F:\agent\UAV\data\IR-image\1734763700600.jpg,116.17709787562534,38.81167667006529,346.1654303006819,116.1788608,38.8121133,594.66,11.004225747556347,6.464396091271965,0.9949367088607595,0.08063999999999999,-99.42031412328078,3235.98999883648,lk,346.16543030012195,A_up,0.8833333333333333,A_up,stable,"up=0.000,stable=1.000,down=0.000",0.0,0.0,1.0,1,1.000081525581723,0.999705644558279,0.0003758810234439913,3.8872773184648493,False,10,-3.009757797144261,0.27410165903202366,0.2572494623038254,0.9385184431655359,0,3,-8.848815014061984e-10,-4.627960683928794,2,False,393,0.07768574400115796,10.237403905946678,6.5806798332448295,0.9618444521445781,,0.35709943078109063,,,160.27739598977752,248.49456969931805
1734763700800,F:\agent\UAV\data\IR-image\1734763700800.jpg,116.1771168076225,38.81167563582099,345.23983816389614,116.1789181,38.812113,595.35,-25.371725490670485,14.491025616905631,0.359,0.05376,-99.68607465584151,2375.7143399242213,orb+phase,345.23983816343406,A_up,0.8833333333333333,A_up,stable,"up=0.000,stable=1.000,down=0.000",0.0,0.0,1.0,1,1.0026981177831107,1.0005140553360106,0.0021840624471001213,3.8976991554637856,False,10,-3.394642240534998,0.2734138142738125,0.256561617537613,0.9383637700203299,0,1,-7.302674021048006e-10,-4.627960683928794,3,True,359,0.2657605325607386,-25.371725490670485,14.491025616905631,0.9041307513602078,,0.2856551327276975,,,163.47293930473654,250.11016183610388
1734763701000,F:\agent\UAV\data\IR-image\1734763701000.jpg,116.17715338361454,38.81169457920954,344.31424602711036,116.1789755,38.8121128,595.96,-9.013838104760111,4.0911331561966335,0.9153225806451613,0.2688,-100.12331980723093,3183.7012574233026,lk,344.314246026729,A_up,0.8833333333333333,A_up,stable,"up=0.000,stable=1.000,down=0.000",0.0,0.0,1.0,1,0.9972783193276982,1.0007699590010757,0.0034916396733775112,3.9081770248258296,False,10,-1.517312207244153,0.2727259695141898,0.2558737727713878,0.9382083166747155,0,0,-6.026539267622866e-10,-4.627960683928794,2,False,454,0.4372451513894234,-8.716103306831371,4.345385355141019,0.8695296905934811,,0.2297445223084651,,,164.5822878103575,251.64575397288968
1734763701200,F:\agent\UAV\data\IR-image\1734763701200.jpg,116.17719865008114,38.811684547708445,343.3886538903246,116.1790329,38.8121126,596.6,2.170639006404599,8.903612009956476,0.9889867841409692,0.2688,-100.11774616071489,3427.965010327063,lk,343.38865389000983,A_up,0.8833333333333333,A_up,stable,"up=0.000,stable=1.000,down=0.000",0.0,0.0,1.0,1,1.0015639987030323,1.000915887868183,0.0006481108348492803,3.9187113796507704,False,10,-1.1957919500440184,0.2720381247534026,0.2551859280051521,0.938052077209668,0,0,-4.973799150320701e-10,-4.627960683928794,2,False,449,-0.005573646516039176,2.023818919870223,8.947090474569052,0.9805359274148941,,0.40867840198916383,,,165.90135662555124,253.21134610967545
1734763701400,F:\agent\UAV\data\IR-image\1734763701400.jpg,116.1772387350743,38.81166901362366,342.4630617535388,116.1790903,38.8121126,597.28,4.69784599567555,7.662943605902797,0.9866369710467706,0.2688,-100.01678359339797,3471.4849329951307,lk,342.4630617532791,A_up,0.8833333333333333,A_up,stable,"up=0.000,stable=1.000,down=0.000",0.0,0.0,1.0,1,0.9993760005019957,1.0005192186622989,0.001143218160303161,3.9293026779368665,False,10,-0.8455272600063913,0.27135027999165484,0.2544980832389079,0.9378950456462943,0,0,-4.104663275938947e-10,-4.627960683928794,2,False,443,-0.10096256731691867,4.791423236123535,7.840204885488106,0.985027646459639,,0.4229088700376451,,,167.83857988561016,254.81693824646118
1734763701600,F:\agent\UAV\data\IR-image\1734763701600.jpg,116.17729078940218,38.811658949619016,341.537469616753,116.1791477,38.8121127,598.01,1.7944284014189975,11.054138751809944,0.981941309255079,0.2688,-100.12884362746304,2422.223636140665,lk,341.53746961653866,A_up,0.8833333333333333,A_up,stable,"up=0.000,stable=1.000,down=0.000",0.0,0.0,1.0,1,1.0000783847024877,1.0009268754142076,0.0008484907117198848,3.939951382647224,False,10,-0.8740501507071883,0.2706624352291145,0.2538102384726564,0.9377372159450468,0,0,-3.3872993299155496e-10,-4.627960683928794,2,False,435,0.11206003406507276,2.244087716366437,11.146383106112665,0.95133948745206,,0.355816196417436,,,168.61609312463472,256.472530383247
1734763701800,F:\agent\UAV\data\IR-image\1734763701800.jpg,116.17733302076562,38.81162961006692,340.61187747996723,116.1792051,38.8121126,598.79,10.163520816284574,9.358706529635185,0.9379310344827586,0.2688,-100.1932683385444,2834.947634887695,lk,340.61187747979034,A_up,0.8833333333333333,A_up,stable,"up=0.000,stable=1.000,down=0.000",0.0,0.0,1.0,1,1.000273945049032,1.0003630192107922,8.90741617600721e-05,3.950657961777251,False,10,-1.036539747544064,0.2699745904659201,0.25312239370639905,0.9375785820049299,0,0,-2.795559339574538e-10,-4.627960683928794,2,False,408,0.0644247110813557,9.621462133961415,9.54348822761537,0.9668304932303726,,0.3839522930793464,,,170.86453814149854,258.17812252003273
1734763702000,F:\agent\UAV\data\IR-image\1734763702000.jpg,116.17738604529362,38.81162238857316,339.68628534318145,116.1792625,38.8121126,599.61,0.5787299396001231,11.163073280828712,0.9730392156862745,0.2688,-100.05270058604641,3136.6110348566535,lk,339.6862853430355,A_up,0.8833333333333333,A_up,stable,"up=0.000,stable=1.000,down=0.000",0.0,0.0,1.0,1,1.0024005627366586,1.0006584697135539,0.001742093023104685,3.961422888423219,False,10,-1.7313086051317377,0.2692867457021857,0.2524345489401369,0.937419137662697,0,0,-2.3072743715601973e-10,-4.627960683928794,2,False,397,-0.14056775249798145,0.07437604257535213,11.276278012359569,0.9495695673860609,,0.3995542792836204,,,171.47804365444188,259.92371465681856
1734763702200,F:\agent\UAV\data\IR-image\1734763702200.jpg,116.17743735337469,38.81160405552276,338.7606932063957,116.1793199,38.8121126,600.4,5.146115357189899,11.452662826458095,0.9571788413098237,0.2688,-100.37330640972867,3645.0780245315655,lk,338.7606932062752,A_up,0.8833333333333333,A_up,stable,"up=0.000,stable=1.000,down=0.000",0.0,0.0,1.0,1,0.9997090902073744,1.0007800388203616,0.001070948612987177,3.972246640851946,False,10,-1.23394764758595,0.2685989009380056,0.2517467041738707,0.9372588766920364,0,0,-1.9036860976484604e-10,-4.627960683928794,2,False,380,0.3206058236822509,5.43507583045357,11.438638355131161,0.9670435273554177,,0.29943502647802234,,,172.63554643183252,261.6393067936043
1734763702400,F:\agent\UAV\data\IR-image\1734763702400.jpg,116.17750256482927,38.81162666909953,337.8351010696099,116.1793776,38.8121126,601.04,-12.411915139700113,12.807426739960476,0.9236842105263158,0.08063999999999999,-100.4307446507845,3504.2455867476674,lk,337.8351010695105,A_up,0.8683333333333332,A_up,stable,"up=0.050,stable=0.950,down=0.000",0.05,0.0,0.95,1,1.0005981153504284,1.0011729166053935,0.0005748012549651182,3.983129702571629,False,10,-1.36417241581769,0.26791105617345756,0.25105885940760114,0.9370977928027518,0,3,-1.5711520973127335e-10,-4.627960683928794,2,False,351,0.0574382410558386,-12.221771428563613,12.76422165782401,0.9731668153777718,,0.36568941004225053,,,171.21061880377508,263.2048989303901
1734763702600,F:\agent\UAV\data\IR-image\1734763702600.jpg,116.17753423305274,38.8116087630101,336.9095089328241,116.1794354,38.8121127,601.61,6.168290357727358,5.144978448320728,0.9943019943019943,0.1152,-100.30729786305865,2589.186782964133,lk,336.9095089327421,A_up,0.8683333333333332,A_up,stable,"up=0.050,stable=0.950,down=0.000",0.05,0.0,0.95,1,0.9976885170254552,0.9997397037509915,0.0020511867255362803,3.994072562403838,False,10,-0.555602729378317,0.26722321140860594,0.25037101464132894,0.9369358796399291,0,3,-1.2965983842150308e-10,-4.627960683928794,2,False,349,-0.123446787725847,6.719581658654249,5.198630237857998,0.9633419584482908,,0.3784089421387762,,,173.99500785585585,264.7004910671759
1734763702800,F:\agent\UAV\data\IR-image\1734763702800.jpg,116.17758345344328,38.811574246478806,335.98391679603833,116.179493,38.8121129,602.28,11.95271714166472,12.028327464577046,0.9742120343839542,0.2688,-100.40590422143882,3343.551973961061,lk,335.98391679597063,A_up,0.8683333333333332,A_up,stable,"up=0.050,stable=0.950,down=0.000",0.05,0.0,0.95,1,1.0006549125629456,1.0009560244767668,0.00030111191382120595,4.005075714556706,False,10,0.13082712824487897,0.2665353666435038,0.2496831698750544,0.9367731307830921,0,0,-1.0697931429604068e-10,-4.627960683928794,2,False,340,0.09860635838016235,11.188949390190203,12.027032563600017,0.9754511578939855,,0.3704566376982257,,,175.95887935807838,266.29608320396164
1734763703000,F:\agent\UAV\data\IR-image\1734763703000.jpg,116.17761859052024,38.81156287581271,335.05832465925255,116.1795505,38.8121127,602.97,3.163628984187767,5.811150489477143,0.961764705882353,0.1568,-101.2938031516963,3733.3710556514466,lk,335.05832465919667,A_up,0.8683333333333332,A_up,stable,"up=0.050,stable=0.950,down=0.000",0.05,0.0,0.95,2,1.0053865638834303,1.0003047650133445,0.005081798870085752,4.016139658699331,False,10,-2.5727648468412467,0.26584752187819494,0.248995325108778,0.9366095397453499,0,0,-8.827782949083485e-11,-4.627960683928794,2,False,327,0.8878989302574777,2.6935259075531803,5.6956281060104175,0.9382285491097718,-0.5147689366396113,0.38550870429025963,,,178.20433687981372,267.9116753407475
1734763703200,F:\agent\UAV\data\IR-image\1734763703200.jpg,116.17766969474667,38.81156187188148,334.13273252246677,116.1796079,38.8121123,603.69,-2.238346110175087,10.05846502632653,0.9541284403669725,0.2688,-101.93088508888164,2567.4913944984883,lk,334.13273252242067,A_up,0.8533333333333333,A_up,stable,"up=0.100,stable=0.900,down=0.000",0.1,0.0,0.9,1,1.0059162692238712,1.0011798396213984,0.00473642960247278,4.027264900037411,False,10,-4.000239864764511,0.2651596771127155,0.2483074803425001,0.936445099972528,0,0,-7.287326297955588e-11,-4.627960683928794,2,False,312,0.6370819371853447,-3.077406604115822,9.93623083530099,0.9379043745808303,,0.21381219336763024,,,178.73980515896523,269.5572674775333
1734763703400,F:\agent\UAV\data\IR-image\1734763703400.jpg,116.17771922148486,38.81158461313384,333.207140385681,116.1796651,38.8121122,604.39,-11.96994015434177,7.394343190202449,0.9743589743589743,0.2688,-102.38517832424583,2584.724752877569,lk,333.2071403856429,A_up,0.8533333333333333,A_up,stable,"up=0.100,stable=0.900,down=0.000",0.1,0.0,0.9,1,1.0017099742271487,1.0004956730158223,0.001214301211326374,4.038451949390144,False,10,-4.756233109622807,0.26447183234709526,0.2476196355762209,0.9362798048422889,0,0,-6.014033715473488e-11,-4.627960683928794,2,False,304,0.45429323536419575,-11.873492236149502,7.383304315473538,0.9650257647037506,,0.2094084060518071,,,178.5138672154653,271.182859614319
1734763703600,F:\agent\UAV\data\IR-image\1734763703600.jpg,116.17776616452699,38.811590083881164,332.2815482488952,116.1797222,38.812112,605.12,-4.6979223780491,8.115435122775125,0.9703947368421053,0.2688,-102.56368855051974,2638.946161407596,lk,332.28154824886377,A_up,0.8533333333333333,A_up,stable,"up=0.100,stable=0.900,down=0.000",0.1,0.0,0.9,1,1.0014268118319207,1.0007647355111953,0.0006620763207254576,4.049701323268409,False,10,-5.1840536773825505,0.26378398758135885,0.24693179080994068,0.9361136476632402,0,0,-4.96243046654854e-11,-4.627960683928794,2,False,295,0.1785102262739095,-4.372678350776653,8.030545798180498,1.0119780395179987,,0.3366386969573796,,,179.13998744452363,272.8384517511048
1734763703800,F:\agent\UAV\data\IR-image\1734763703800.jpg,116.17781942389354,38.811593606843815,331.3559561121094,116.179779,38.8121118,605.85,-4.360735810090318,10.324585625742827,0.9728813559322034,0.2688,-102.6342433628845,3559.4088132725656,lk,331.3559561120835,A_up,0.8533333333333333,A_up,stable,"up=0.100,stable=0.900,down=0.000",0.1,0.0,0.9,1,0.99953037955488,1.000373272868754,0.0008428933138739936,4.061013543954267,False,10,-4.926958289468539,0.26309614281552657,0.24624394604365962,0.9359466216740278,0,0,-4.098410499864258e-11,-4.627960683928794,2,False,287,0.07055481236476582,-3.4113756361481933,10.322314100245194,0.9611222194507718,,0.3487200965755619,,,179.29677476307998,274.4940438878906
1734763704000,F:\agent\UAV\data\IR-image\1734763704000.jpg,116.17787129839911,38.81162331435442,330.43036397532364,116.1798355,38.8121116,606.59,-15.117608785680147,7.418599235481167,0.9407665505226481,0.2688,-102.75965843560327,3413.1876204430678,lk,330.43036397530227,A_up,0.8533333333333333,A_up,stable,"up=0.100,stable=0.900,down=0.000",0.1,0.0,0.9,1,1.0000523292457242,1.0008952168046417,0.0008428875589174822,4.072389139581782,False,10,-4.1488452669341545,0.2624082980496152,0.24555610127737784,0.9357787200424165,0,0,-3.382183422218077e-11,-4.627960683928794,2,False,270,0.1254150727187685,-14.71686114844988,7.396095918869321,0.9828087545931339,,0.3594534093281254,,,178.6375946695129,276.1596360246764
